1016,836640836,327436,1,B,CMPE  BS -----, , , ,Undergrad Other,Reinstate,Continuing UG,
1016,825236893,303648,1,A,CMSC  BS -----, , , ,Undergrad Transfers,Transfer,Continuing UG,
1016,826901642,325228,01,W,BIOL  BS -----, , , ,Undergrad Transfers,Transfer,Continuing UG,
1016,811043199,303648,1,B,CMSC  BS -----, , , ,Undergrad Other,Unknown,Continuing UG,
1016,811043199,303740,1,B,CMSC  BS -----, , , ,Undergrad Other,Unknown,Continuing UG,
1016,840977290,325228,01,C,FIEC  BS -----, , , ,Undergrad Transfers,Transfer,Continuing UG,
1016,840742855,301295,01,A,CMSC  BS -----, , , ,Undergrad Transfers,Transfer,Continuing UG,
1016,802906620,301295,01,A,ECON  BA -----, , , ,Undergrad Transfers,Transfer,Continuing UG,
1016,824997834,325228,01,AU,MATH  BS -----,CMPE  BS -----,MUSC  MINR -----, ,First Time Freshman,Freshman,New Freshman,
1016,814032241,303642,01,B,CMSC  BS -----, , , ,Undergrad Transfers,Transfer,Continuing UG,
1016,801228517,312768,02,P,CMSC  PHD -----, , , ,Graduate Student,Unknown,Continuing Grad,
1016,822308252,325228,01,W,MATH  BS -----, , , ,First Time Freshman,Freshman,New Freshman,
1016,811158044,325228,01,A,CHEM  BS -----, , , ,First Time Freshman,Freshman,Continuing UG,
1016,843242742,301295,01,A,UGST    BA -----,UGST    BA -----, , ,Undergrad Other,Readmit,Continuing UG,
1016,848708185,303648,1,B,UNDC  UGND -----,UNDC  UGND -----, , ,Undergrad Other,Special - Non Degree,New UG Other,
1016,848708185,303740,1,A,UNDC  UGND -----,UNDC  UGND -----, , ,Undergrad Other,Special - Non Degree,New UG Other,
1016,811363954,327436,1,C,CMSC  BS -----, , , ,First Time Freshman,Freshman,Continuing UG,
1016,833569252,327436,1,B,UNDC  UGND -----, , , ,Undergrad Other,Special - Non Degree,New UG Other,
1016,842993017,301295,01,B,UGST    BA -----,CMSC  MINR -----, , ,First Time Freshman,Freshman,Continuing UG,
1016,811882578,325228,01,A,UNDC  UGND -----, , , ,Undergrad Other,Special - Non Degree,New UG Other,
1016,810987765,301295,01,A,IFSM  BS SAND   SPC,NETC  ULC -----, , ,Undergrad Transfers,Transfer,Continuing UG,
1016,820302679,325228,01,W,POLI  BA -----,HIST  BA -----, , ,Undergrad Transfers,Transfer,Continuing UG,
1016,805059517,301295,01,B,CMSC  BS -----, , , ,Undergrad Transfers,Transfer,Continuing UG,
1016,821943116,327436,1,B,UNDC  UGND -----, , , ,Undergrad Other,Special - Non Degree,New UG Other,
1016,828693455,303642,01,B,CMSC  BS -----, , , ,Undergrad Transfers,Transfer,Continuing UG,
1016,828693455,303643,1,A,CMSC  BS -----, , , ,Undergrad Transfers,Transfer,Continuing UG,
1016,808569773,303642,01,A,CMSC  BS -----, , , ,Undergrad Transfers,Transfer,Continuing UG,
1016,808569773,303643,1,B,CMSC  BS -----, , , ,Undergrad Transfers,Transfer,Continuing UG,
1016,800561671,312768,01,NG,CMSC  PHD -----, , , ,Graduate Student,Unknown,Continuing Grad,
1016,824071978,303642,01,B,CMSC  BS -----, , , ,Undergrad Transfers,Transfer,Continuing UG,
1016,802481549,301295,01,A,CMSC  BS -----, , , ,Undergrad Transfers,Transfer,Continuing UG,
1016,811601224,303740,1,C,CMSC  BS -----,WEBC  ULC -----, , ,Undergrad Transfers,Transfer,Continuing UG,
1016,844581108,303648,1,A,CMSC  BS -----, , , ,Undergrad Other,Unknown,Continuing UG,
1016,836108171,301295,01,W,CMSC  BS -----,MATH  BS -----, , ,Undergrad Transfers,Transfer,Continuing UG,
1016,825283338,325228,01,C,INDS  BA -----, , , ,Undergrad Transfers,Transfer,Continuing UG,
1016,847670159,303642,01,B,CMSC  BS -----, , , ,Undergrad Transfers,Transfer,Continuing UG,
1016,847670159,303643,1,B,CMSC  BS -----, , , ,Undergrad Transfers,Transfer,Continuing UG,
1016,826467484,301295,01,A,INDS  BA -----, , , ,Undergrad Other,Unknown,Continuing UG,
1016,833005315,327436,1,B,CMSC  BS -----, , , ,First Time Freshman,Freshman,Continuing UG,
1016,833005315,301295,01,W,CMSC  BS -----, , , ,First Time Freshman,Freshman,Continuing UG,
1016,848108020,303648,1,A,CMSC  BS -----,MATH  MINR -----, , ,Undergrad Transfers,Transfer,Continuing UG,
1016,848108020,303740,1,A,CMSC  BS -----,MATH  MINR -----, , ,Undergrad Transfers,Transfer,Continuing UG,
1016,825247051,301433,1,A,CMSC  BS -----, , , ,Undergrad Transfers,Transfer,Continuing UG,
1016,823109162,310559,1,P,CMSC  MS -----, , , ,Graduate Student,Graduate,Continuing Grad,
1016,803361439,303648,1,A,CMSC  BS -----, , , ,First Time Freshman,Freshman,Continuing UG,
1016,809518278,301433,1,B,CMSC  BS -----, , , ,Undergrad Transfers,Transfer,Continuing UG,
1016,815075854,325228,01,F,UGST    BA -----, , , ,First Time Freshman,Freshman,Continuing UG,
1016,812906069,303642,01,A,CMSC  BS -----, , , ,Undergrad Transfers,Transfer,Continuing UG,
1016,812906069,303643,1,B,CMSC  BS -----, , , ,Undergrad Transfers,Transfer,Continuing UG,
1016,808721442,301433,1,C,CMSC  BS -----, , , ,Undergrad Transfers,Transfer,Continuing UG,
1016,808721442,303648,1,B,CMSC  BS -----, , , ,Undergrad Transfers,Transfer,Continuing UG,
1016,823076249,301295,01,A,CMSC  BS -----,ANCS  MINR -----,HONR   CTN -----, ,First Time Freshman,Freshman,Continuing UG,
1016,801079274,301295,01,B,MATH  BS -----,CMSC  MINR -----,MLL   MINR -----, ,Undergrad Transfers,Transfer,Continuing UG,
1016,842359643,301295,01,A,CMSC  BS -----, , , ,Undergrad Other,Reinstate,Continuing UG,
1016,849908275,308347,1,P,ENGM  MS -----,ENGM  MS -----, , ,Graduate Student,Graduate,Continuing Grad,
1016,848857133,303642,01,A,CMSC  BS -----,BIOL  MINR -----,HONR   CTN -----, ,Undergrad Other,Unknown,Continuing UG,
1016,817372071,301433,1,W,BINF  BS -----, , , ,Undergrad Transfers,Transfer,Continuing UG,
1016,817372071,303648,1,W,BINF  BS -----, , , ,Undergrad Transfers,Transfer,Continuing UG,
1016,835209875,301295,01,A,CMSC  BS -----, , , ,Undergrad Transfers,Transfer,Continuing UG,
1016,835209875,303740,1,A,CMSC  BS -----, , , ,Undergrad Transfers,Transfer,Continuing UG,
1016,847136455,301295,01,A,IFSM  BS -----,CMPE  BS -----, , ,Undergrad Transfers,Transfer,Continuing UG,
1016,809957902,301433,1,B,CMSC  BS -----, , , ,First Time Freshman,Freshman,Continuing UG,
1016,833203617,325228,01,C,CMSC  BS -----, , , ,Undergrad Transfers,Transfer,Continuing UG,
1016,846095303,301295,01,A,MATH  BS -----,CMSC  BS -----,HONR   CTN -----, ,First Time Freshman,Freshman,Continuing UG,
1016,841977395,327436,1,A,UNDC  UGND -----, , , ,Undergrad Other,Special - Non Degree,New UG Other,
1016,813172733,301295,01,A,CMPE  BS -----, , , ,First Time Freshman,Freshman,Continuing UG,
1016,838456980,325228,01,F,UNDC  UGND -----, , , ,Undergrad Other,Special - Non Degree,New UG Other,
1016,839353475,308350,1,P,CMSC  PHD -----, , , ,Graduate Student,Graduate,Continuing Grad,
1016,828549661,325228,01,C,UNDC  UGND -----, , , ,Undergrad Other,Special - Non Degree,New UG Other,
1016,837767945,301295,01,A,CENG  BS -----,HONR   CTN -----, , ,First Time Freshman,Freshman,Continuing UG,
1016,802748434,301433,1,B,CMSC  BS -----, , , ,Undergrad Transfers,Transfer,Continuing UG,
1016,802748434,303648,1,F,CMSC  BS -----, , , ,Undergrad Transfers,Transfer,Continuing UG,
1016,810615427,303648,1,A,CMSC  BS -----, , , ,First Time Freshman,Freshman,Continuing UG,
1016,810615427,303740,1,A,CMSC  BS -----, , , ,First Time Freshman,Freshman,Continuing UG,
1016,841342802,301433,1,A,MATH  BS -----,UNDC  UGND -----,CMSC  MINR -----, ,Undergrad Other,Unknown,Continuing UG,
1016,841342802,303643,1,B,MATH  BS -----,UNDC  UGND -----,CMSC  MINR -----, ,Undergrad Other,Unknown,Continuing UG,
1016,830845142,327436,1,C,CMSC  BS -----, , , ,Undergrad Other,Reinstate,Continuing UG,
1016,811095971,303648,1,A,BINF  BS -----,CMSC  MINR -----,HONR   CTN -----, ,First Time Freshman,Freshman,Continuing UG,
1016,845510696,303648,1,B,CMSC  BS -----, , , ,Undergrad Transfers,Transfer,Continuing UG,
1016,845510696,303740,1,C,CMSC  BS -----, , , ,Undergrad Transfers,Transfer,Continuing UG,
1016,835256024,301295,01,A,CMSC  BS -----,MATH  MINR -----,MUSC  MINR -----, ,First Time Freshman,Freshman,Continuing UG,
1016,806423651,327436,1,A,INDS  BS -----, , , ,Undergrad Other,Unknown,Continuing UG,
1016,802099825,303648,1,A,CMSC  BS -----, , , ,First Time Freshman,Freshman,Continuing UG,
1016,835021266,301295,01,A,CMSC  BS -----,MATH  MINR -----, , ,First Time Freshman,Freshman,Continuing UG,
1016,811449464,301433,1,F,UNDC  UGND -----, , , ,Undergrad Other,Special - Non Degree,New UG Other,
1016,846675915,301433,1,C,MATH  BA -----, , , ,Undergrad Other,Unknown,Continuing UG,
1016,810866491,327436,1,C,CMPE  BS -----, , , ,First Time Freshman,Freshman,Continuing UG,
1016,821173193,303740,1,A,CMSC  BS -----,HONR   CTN -----, , ,Undergrad Transfers,Transfer,Continuing UG,
1016,815706901,303642,01,F,CMSC  BS -----, , , ,Undergrad Transfers,Transfer,Continuing UG,
1016,815706901,303648,1,B,CMSC  BS -----, , , ,Undergrad Transfers,Transfer,Continuing UG,
1016,808514898,301433,1,B,UNDC  UGND -----, , , ,Undergrad Other,Special - Non Degree,New UG Other,
1016,815094374,327436,1,B,CMPE  BS -----,CMSC  BS -----, , ,Undergrad Transfers,Transfer,Continuing UG,
1016,808571069,308350,1,P,CMSC  MS -----, , , ,Graduate Student,Graduate,Continuing Grad,
1016,824321389,301295,01,A,IFSM  BS -----,NETC  ULC -----, , ,Undergrad Other,Unknown,Continuing UG,
1016,806884834,303648,1,A,CMSC  BS -----,CMSC  MINR -----,BIOL  MINR -----, ,Undergrad Transfers,Transfer,Continuing UG,
1016,806884834,303740,1,B,CMSC  BS -----,CMSC  MINR -----,BIOL  MINR -----, ,Undergrad Transfers,Transfer,Continuing UG,
1016,827840555,303648,1,A,CMSC  BS -----, , , ,First Time Freshman,Freshman,Continuing UG,
1016,809402634,303648,1,A,CMSC  BS -----, , , ,Undergrad Other,Unknown,Continuing UG,
1016,809402634,303740,1,A,CMSC  BS -----, , , ,Undergrad Other,Unknown,Continuing UG,
1016,827245143,310559,02,P,CMSC  MS -----, , , ,Graduate Student,Graduate,Continuing Grad,
1016,842068950,327436,1,B,CMSC  BS -----, , , ,Undergrad Transfers,Transfer,Continuing UG,
1016,815746453,303648,1,A,CMSC  BS -----, , , ,Undergrad Other,Unknown,Continuing UG,
1016,815746453,303740,1,A,CMSC  BS -----, , , ,Undergrad Other,Unknown,Continuing UG,
1016,844299939,327436,1,C,CMSC  BS -----, , , ,Undergrad Transfers,Transfer,Continuing UG,
1016,844420634,301433,1,B,PSYC  BA -----,UGST    BA -----, , ,Undergrad Other,Unknown,New UG Other,
1016,805965501,325228,01,A,BINF  BS -----,CMSC  BS -----,HONR   CTN -----, ,Undergrad Transfers,Transfer,Continuing UG,
1016,847714008,303642,01,C,CMSC  BS -----, , , ,Undergrad Other,Unknown,Continuing UG,
1016,820169215,303648,1,A,INDS  BS -----, , , ,First Time Freshman,Freshman,Continuing UG,
1016,836476592,303740,1,A,CMSC  BS -----, , , ,First Time Freshman,Freshman,Continuing UG,
1016,810529564,325228,01,C,BIOL  BS -----,CHEM  MINR -----, , ,First Time Freshman,Freshman,Continuing UG,
1016,803888750,301295,01,B,IFSM  BS SAND   SPC, , , ,Undergrad Transfers,Transfer,Continuing UG,
1016,844885040,303648,1,A,CMSC  BS -----,HONR   CTN -----, , ,Undergrad Transfers,Transfer,Continuing UG,
1016,844885040,303740,1,A,CMSC  BS -----,HONR   CTN -----, , ,Undergrad Transfers,Transfer,Continuing UG,
1016,802107525,303648,1,A,CMSC  BS -----, , , ,First Time Freshman,Freshman,Continuing UG,
1016,802107525,303740,1,A,CMSC  BS -----, , , ,First Time Freshman,Freshman,Continuing UG,
1016,834464391,312768,02,P,CMSC  PHD -----, , , ,Graduate Student,Graduate,Continuing Grad,
1016,838770232,303740,1,C,CMPE  BS -----, , , ,Undergrad Transfers,Transfer,Continuing UG,
1016,846224079,303648,1,A,CMSC  BS -----, , , ,First Time Freshman,Freshman,Continuing UG,
1016,846224079,303740,1,A,CMSC  BS -----, , , ,First Time Freshman,Freshman,Continuing UG,
1016,848003213,303642,01,A,CMSC  BS -----,ASTR  MINR -----,HONR   CTN -----, ,Undergrad Transfers,Transfer,Continuing UG,
1016,848003213,303648,1,A,CMSC  BS -----,ASTR  MINR -----,HONR   CTN -----, ,Undergrad Transfers,Transfer,Continuing UG,
1016,826472019,301295,01,B,CMSC  BS -----,CMPE  BS -----, , ,Undergrad Transfers,Transfer,Continuing UG,
1016,800862831,301295,01,A,IFSM  BS SAND   SPC, , , ,First Time Freshman,Freshman,Continuing UG,
1016,808771673,303648,1,A,CMSC  BS -----, , , ,Undergrad Transfers,Transfer,Continuing UG,
1016,808771673,303740,1,B,CMSC  BS -----, , , ,Undergrad Transfers,Transfer,Continuing UG,
1016,808042644,301295,01,A,CMPE  BS -----,MATH  BA -----, , ,First Time Freshman,Freshman,Continuing UG,
1016,815038005,327436,1,C,CMPE  BS -----, , , ,First Time Freshman,Freshman,Continuing UG,
1016,815488192,312767,1,P,CMSC  PHD -----, , , ,Graduate Student,Graduate,Continuing Grad,
1016,835103132,325228,01,P,UNDC  UGND -----, , , ,Undergrad Other,Special - Non Degree,Continuing UG,
1016,813396308,303648,1,B,CMSC  BS -----,ANTH  BA -----, , ,First Time Freshman,Freshman,Continuing UG,
1016,830694533,303648,1,B,BINF  BS -----,CMSC  BS -----, , ,Undergrad Transfers,Transfer,Continuing UG,
1016,830694533,303740,1,A,BINF  BS -----,CMSC  BS -----, , ,Undergrad Transfers,Transfer,Continuing UG,
1016,833338431,301295,01,A,CMSC  BS -----, , , ,Undergrad Transfers,Transfer,Continuing UG,
1016,833338431,301433,1,C,CMSC  BS -----, , , ,Undergrad Transfers,Transfer,Continuing UG,
1016,841799485,303740,1,A,CMSC  BS -----, , , ,First Time Freshman,Freshman,Continuing UG,
1016,820645215,301295,01,A,CMPE  BS -----,MATH  MINR -----, , ,First Time Freshman,Freshman,Continuing UG,
1016,829041402,327436,1,F,CMSC  BS -----, , , ,Undergrad Other,Readmit,Continuing UG,
1016,843749226,301433,1,C,UNDC  UGND -----, , , ,Undergrad Other,Special - Non Degree,New UG Other,
1016,843749226,303642,01,C,UNDC  UGND -----, , , ,Undergrad Other,Special - Non Degree,New UG Other,
1016,834287076,301295,01,B,IFSM  BS SAND   SPC, , , ,Undergrad Transfers,Transfer,Continuing UG,
1016,804332628,301433,1,A,CMSC  BS -----,MATH  BS -----,HONR   CTN -----, ,First Time Freshman,Freshman,Continuing UG,
1016,800919586,327436,1,A,CMSC  BS -----, , , ,Undergrad Other,Readmit,Continuing UG,
1016,800919586,301433,1,A,CMSC  BS -----, , , ,Undergrad Other,Readmit,Continuing UG,
1016,820181666,303643,1,C,CMSC  BS -----, , , ,Undergrad Transfers,Transfer,Continuing UG,
1016,830466880,308350,03,P,CMSC  PHD -----, , , ,Graduate Student,Graduate,Continuing Grad,
1016,833763828,312767,02,P,CMSC  PHD -----, , , ,Graduate Student,Graduate,Continuing Grad,
1016,811318924,303648,1,A,CMSC  BS -----, , , ,Undergrad Transfers,Transfer,Continuing UG,
1016,844477785,325228,01,B,UNDC  UGND -----, , , ,Undergrad Other,Special - Non Degree,New UG Other,
1016,832762648,303648,1,B,CMSC  BS -----, , , ,Undergrad Transfers,Transfer,Continuing UG,
1016,832762648,303740,1,A,CMSC  BS -----, , , ,Undergrad Transfers,Transfer,Continuing UG,
1016,822971360,303648,1,B,CMSC  BS -----, , , ,First Time Freshman,Freshman,Continuing UG,
1016,822971360,303740,1,A,CMSC  BS -----, , , ,First Time Freshman,Freshman,Continuing UG,
1016,827655920,301295,01,B,UNDC  UGND -----, , , ,Undergrad Other,Special - Non Degree,New UG Other,
1016,835661704,303642,01,B,CMSC  BS -----, , , ,First Time Freshman,Freshman,Continuing UG,
1016,835661704,303648,1,A,CMSC  BS -----, , , ,First Time Freshman,Freshman,Continuing UG,
1016,835661704,303740,1,B,CMSC  BS -----, , , ,First Time Freshman,Freshman,Continuing UG,
1016,833548429,327436,1,B,BIOL  BA -----,CMSC  MINR -----, , ,First Time Freshman,Freshman,Continuing UG,
