1026,842108422,327436,01,A,CMSC  BS -----, , , ,First Time Freshman,Freshman,Continuing UG,
1026,831095840,327436,01,A,UNDC  UGND -----, , , ,Undergrad Other,Special - Non Degree,New UG Other,
1026,825459395,308347,1,P,EMAN   PBC -----,ENGM  MS -----, , ,Graduate Student,Graduate,Continuing Grad,
1026,837257394,303740,1,A,BINF  BS -----,MATH  BS -----,CMSC  MINR -----, ,Undergrad Transfers,Transfer,Continuing UG,
1026,829684037,312767,02,P,CMSC  PHD -----, , , ,Graduate Student,Graduate,Continuing Grad,
1026,804650378,308347,1,P,CMSC  MS -----, , , ,Graduate Student,Graduate,Continuing Grad,
1026,833957331,327436,01,A,BINF  BS -----, , , ,Undergrad Transfers,Transfer,Continuing UG,
1026,836390553,327436,01,D,IFSM  BS -----,BIOL  MINR -----, , ,Undergrad Transfers,Transfer,Continuing UG,
1026,810187071,303740,1,A,CMPE  BS -----, , , ,Undergrad Transfers,Transfer,Continuing UG,
1026,823361931,327436,01,F,UNDC  UGND -----, , , ,Undergrad Other,Special - Non Degree,New UG Other,
1026,842993017,303694,1,C,CMSC  BS -----, , , ,First Time Freshman,Freshman,Continuing UG,
1026,821079663,308347,1,P,CMSC  MS -----, , , ,Graduate Student,Graduate,Continuing Grad,
1026,839071621,308349,01,P,CMSC  PHD -----,CMSC  PHD -----, , ,Graduate Student,Graduate,Continuing Grad,
1026,809897524,303740,1,A,CMSC  BS -----, , , ,First Time Freshman,Freshman,Continuing UG,
1026,807967920,303694,1,A,CMSC  BS -----, , , ,Undergrad Transfers,Transfer,Continuing UG,
1026,846391763,303694,1,B,CMSC  BS -----, , , ,Undergrad Transfers,Transfer,Continuing UG,
1026,846391763,303740,1,A,CMSC  BS -----, , , ,Undergrad Transfers,Transfer,Continuing UG,
1026,803605074,303694,1,B,CMSC  BS -----, , , ,Undergrad Transfers,Transfer,Continuing UG,
1026,803605074,303740,1,A,CMSC  BS -----, , , ,Undergrad Transfers,Transfer,Continuing UG,
1026,845004969,303694,1,W,CMSC  BS -----, , , ,Undergrad Transfers,Transfer,Continuing UG,
1026,845004969,303924,1,A,CMSC  BS -----, , , ,Undergrad Transfers,Transfer,Continuing UG,
1026,826870205,327436,01,C,CMSC  BS -----, , , ,Undergrad Transfers,Transfer,Continuing UG,
1026,841187346,303694,1,A,CMSC  BS -----, , , ,Undergrad Transfers,Transfer,Continuing UG,
1026,844780279,308347,1,NG,CMSC  MS -----, , , ,Graduate Student,Graduate,Continuing Grad,
1026,817101413,303694,1,B,CMSC  BS -----, , , ,First Time Freshman,Freshman,Continuing UG,
1026,817101413,303740,1,A,CMSC  BS -----, , , ,First Time Freshman,Freshman,Continuing UG,
1026,828037201,308347,1,P,CMSC  MS -----, , , ,Graduate Student,Graduate,Continuing Grad,
1026,847788658,327436,01,C,CMSC  BS -----, , , ,First Time Freshman,Freshman,Continuing UG,
1026,847670159,303694,1,B,CMSC  BS -----, , , ,Undergrad Transfers,Transfer,Continuing UG,
1026,847670159,303740,1,A,CMSC  BS -----, , , ,Undergrad Transfers,Transfer,Continuing UG,
1026,808245094,303694,1,A,CMSC  BS -----, , , ,Undergrad Transfers,Transfer,Continuing UG,
1026,803361439,303740,1,A,CMSC  BS -----,LING  MINR -----, , ,First Time Freshman,Freshman,Continuing UG,
1026,812906069,303694,1,A,CMSC  BS -----, , , ,Undergrad Transfers,Transfer,Continuing UG,
1026,812906069,303740,1,A,CMSC  BS -----, , , ,Undergrad Transfers,Transfer,Continuing UG,
1026,812906069,303924,1,A,CMSC  BS -----, , , ,Undergrad Transfers,Transfer,Continuing UG,
1026,808721442,303924,1,A,CMSC  BS -----, , , ,Undergrad Transfers,Transfer,Continuing UG,
1026,816562933,327436,01,A,BINF  BS -----,CMPE  BS -----, , ,Undergrad Transfers,Transfer,Continuing UG,
1026,825607797,312768,02,P,CMSC  PHD -----, , , ,Graduate Student,Graduate,Continuing Grad,
1026,832090254,327436,01,C,UGST    BA -----, , , ,Undergrad Transfers,Transfer,Continuing UG,
1026,813701975,303740,1,B,CMSC  BS -----, , , ,Undergrad Transfers,Transfer,Continuing UG,
1026,808400738,308347,1,NG,CMSC  MS -----, , , ,Graduate Student,Graduate,Continuing Grad,
1026,802180370,327436,01,A,MATH  BS -----,PHYS  MINR -----, , ,Undergrad Transfers,Transfer,Continuing UG,
1026,809957902,303740,1,A,CMSC  BS -----, , , ,First Time Freshman,Freshman,Continuing UG,
1026,809957902,303924,1,A,CMSC  BS -----, , , ,First Time Freshman,Freshman,Continuing UG,
1026,823602575,308347,1,NG,CMSC  PHD -----, , , ,Graduate Student,Graduate,Continuing Grad,
1026,833668377,303740,1,A,CMSC  BS -----, , , ,First Time Freshman,Freshman,Continuing UG,
1026,839353475,308350,01,P,CMSC  PHD -----, , , ,Graduate Student,Graduate,Continuing Grad,
1026,825147864,308347,1,P,CMSC  MS -----, , , ,Graduate Student,Graduate,Continuing Grad,
1026,836528555,303694,1,C,CMSC  BS -----,IFSM  BS -----, , ,Undergrad Transfers,Transfer,Continuing UG,
1026,836528555,303740,1,B,CMSC  BS -----,IFSM  BS -----, , ,Undergrad Transfers,Transfer,Continuing UG,
1026,836248139,303740,1,A,CMSC  BS -----, , , ,Undergrad Transfers,Transfer,Continuing UG,
1026,802748434,303694,1,A,CMSC  BS -----, , , ,Undergrad Transfers,Transfer,Continuing UG,
1026,837985704,303740,1,A,CMSC  BS -----, , , ,Undergrad Transfers,Transfer,Continuing UG,
1026,841128334,303694,1,B,CMSC  BS -----, , , ,Undergrad Other,Unknown,Continuing UG,
1026,845510696,303694,1,C,CMSC  BS -----, , , ,Undergrad Transfers,Transfer,Continuing UG,
1026,846675915,303740,1,A,CMSC  BS -----, , , ,Undergrad Other,Unknown,Continuing UG,
1026,811499190,327436,01,B,CMSC  BS -----, , , ,Undergrad Transfers,Transfer,Continuing UG,
1026,826086956,303740,1,A,BINF  BS -----,CMSC  MINR -----,STAT  MINR -----,HONR   CTN -----,First Time Freshman,Freshman,Continuing UG,
1026,833376213,310559,1,P,CMSC  MS -----, , , ,Graduate Student,Graduate,Continuing Grad,
1026,836890107,303694,1,A,CMSC  BS -----, , , ,Undergrad Transfers,Transfer,Continuing UG,
1026,811979833,310559,04,P,CMSC  MS -----, , , ,Graduate Student,Graduate,Continuing Grad,
1026,802565792,308347,1,P,CMSC  MS SYSE   TRK, , , ,Graduate Student,Graduate,Continuing Grad,
1026,835555014,303740,1,C,CMSC  BS -----,MATH  MINR -----, , ,Undergrad Transfers,Transfer,Continuing UG,
1026,835555014,303924,1,A,CMSC  BS -----,MATH  MINR -----, , ,Undergrad Transfers,Transfer,Continuing UG,
1026,827994677,308347,1,P,CMSC  PHD -----, , , ,Graduate Student,Graduate,Continuing Grad,
1026,842068950,303740,1,B,CMSC  BS -----, , , ,Undergrad Transfers,Transfer,Continuing UG,
1026,844420634,303740,1,A,CMSC  BS -----,UGST    BA -----, , ,Undergrad Other,Readmit,Continuing UG,
1026,844143292,327436,01,C,CMSC  BS -----,MATH  BS -----, , ,First Time Freshman,Freshman,Continuing UG,
1026,847714008,303740,1,C,CMSC  BS -----, , , ,Undergrad Other,Readmit,Continuing UG,
1026,836476592,303694,1,A,CMSC  BS -----, , , ,First Time Freshman,Freshman,Continuing UG,
1026,826487725,303740,1,A,CMSC  BS -----, , , ,First Time Freshman,Freshman,Continuing UG,
1026,832307228,327436,01,A,CMSC  BS -----,CMPE  BS -----, , ,Undergrad Transfers,Transfer,Continuing UG,
1026,849857913,308347,1,P,CMSC  MS -----, , , ,Graduate Student,Graduate,Continuing Grad,
1026,826472019,303740,1,B,CMSC  BS -----,CMPE  BS -----, , ,Undergrad Transfers,Transfer,Continuing UG,
1026,823676946,303740,1,A,CMSC  BS -----, , , ,Undergrad Other,Unknown,Continuing UG,
1026,840780028,308347,1,P,CMSC  PHD -----, , , ,Graduate Student,Graduate,Continuing Grad,
1026,821547784,308347,1,NG,CMSC  MS -----, , , ,Graduate Student,Graduate,Continuing Grad,
1026,804512309,327436,01,A,CMSC  BS -----,ENGR    BS -----, , ,First Time Freshman,Freshman,Continuing UG,
1026,803374537,303694,1,A,CMSC  BS -----, , , ,Undergrad Transfers,Transfer,Continuing UG,
1026,803374537,303740,1,A,CMSC  BS -----, , , ,Undergrad Transfers,Transfer,Continuing UG,
1026,811180635,303740,1,A,CMSC  BS -----, , , ,First Time Freshman,Freshman,Continuing UG,
1026,833338431,303924,1,A,CMSC  BS -----, , , ,Undergrad Transfers,Transfer,Continuing UG,
1026,839465508,303740,1,A,CMSC  BS -----,CMSC  BS -----, , ,Undergrad Transfers,Transfer,Continuing UG,
1026,835233082,308347,1,NG,CMSC  MS -----, , , ,Graduate Student,Graduate,Continuing Grad,
1026,846852187,310559,03,W,CMSC  MS SYSE   TRK,CMSC  MS SYSE   TRK, , ,Graduate Student,Graduate,Continuing Grad,
1026,825640977,303740,1,AUD,UNDC  UGND -----, , , ,Undergrad Other,Special - Non Degree,New UG Other,
1026,820193662,327436,01,A,CMSC  BS -----, , , ,Undergrad Transfers,Transfer,Continuing UG,
1026,806097349,327436,01,B,IFSM  BS -----, , , ,Undergrad Transfers,Transfer,Continuing UG,
1026,837950403,327436,01,D,FIEC  BS -----, , , ,First Time Freshman,Freshman,Continuing UG,
1026,845831744,308350,01,P,CMSC  PHD -----, , , ,Graduate Student,Unknown,Continuing Grad,
1026,828168079,327436,01,A,ECON  BA -----,CENG  BS -----, , ,Undergrad Transfers,Transfer,Continuing UG,
1026,849774284,308347,1,P,CMSC  PHD -----, , , ,Graduate Student,Graduate,Continuing Grad,
1026,833548429,303694,1,A,BIOL  BS -----,CMSC  BS -----, , ,First Time Freshman,Freshman,Continuing UG,
