1036,810916017,325228,01,F,CMSC  BS -----,MUSC  MINR -----, , ,First Time Freshman,Freshman,Continuing UG,
1036,838925281,327436,01,C,MATH  BA -----,GWST  MINR -----, , ,Undergrad Transfers,Transfer,Continuing UG,
1036,816386484,325228,01,D,BIOL  BS -----, , , ,First Time Freshman,Freshman,Continuing UG,
1036,814048024,303740,01,F,CMSC  BS -----, , , ,First Time Freshman,Freshman,Continuing UG,
1036,845730951,325228,01,W,PHYS  BS -----,STAT  BS APST   TRK, , ,Undergrad Transfers,Transfer,Continuing UG,
1036,838294097,325228,01,B,BIOL  BS -----, , , ,First Time Freshman,Freshman,Continuing UG,
1036,822892505,301433,01,A,CMSC  BS -----, , , ,Undergrad Transfers,Transfer,Continuing UG,
1036,802557060,301433,01,C,CMSC  BS -----, , , ,Undergrad Transfers,Transfer,Continuing UG,
1036,802557060,303736,01,A,CMSC  BS -----, , , ,Undergrad Transfers,Transfer,Continuing UG,
1036,847060211,325228,01,B,UNDC  UGND -----, , , ,Undergrad Other,Special - Non Degree,New UG Other,
1036,846200171,303740,01,B,CMSC  BS -----, , , ,Undergrad Transfers,Transfer,Continuing UG,
1036,814544053,303740,01,A,CMSC  BS -----,PSYC  BA -----, , ,First Time Freshman,Freshman,Continuing UG,
1036,825025613,303736,01,B,IFSM  BS -----,CMSC  MINR -----, , ,First Time Freshman,Freshman,Continuing UG,
1036,805059517,303736,01,A,CMSC  BS -----, , , ,Undergrad Transfers,Transfer,Continuing UG,
1036,834493188,327436,01,A,BIOL  BS -----,CMSC  BS -----, , ,Undergrad Transfers,Transfer,Continuing UG,
1036,813203966,303736,01,B,CMSC  BS -----, , , ,Undergrad Transfers,Transfer,Continuing UG,
1036,804835030,303736,01,A,CMSC  BS -----, , , ,First Time Freshman,Freshman,Continuing UG,
1036,804835030,303740,01,B,CMSC  BS -----, , , ,First Time Freshman,Freshman,Continuing UG,
1036,808267001,303740,01,A,UNDC  UGND -----, , , ,Undergrad Other,Special - Non Degree,New UG Other,
1036,809897524,303736,01,A,CMSC  BS -----, , , ,First Time Freshman,Freshman,Continuing UG,
1036,808741595,303736,01,A,CMSC  BS -----, , , ,Undergrad Transfers,Transfer,Continuing UG,
1036,808741595,303740,01,A,CMSC  BS -----, , , ,Undergrad Transfers,Transfer,Continuing UG,
1036,803605074,303736,01,B,CMSC  BS -----, , , ,Undergrad Transfers,Transfer,Continuing UG,
1036,814852204,301433,01,A,CMSC  BS -----, , , ,Undergrad Transfers,Transfer,Continuing UG,
1036,835564232,310559,04,P,CMSC  MS -----, , , ,Graduate Student,Graduate,Continuing Grad,
1036,812940729,301433,01,B,CMSC  BS -----,HONR   CTN -----, , ,First Time Freshman,Freshman,Continuing UG,
1036,813472713,325228,01,C,MATH  BS -----,CMSC  MINR -----, , ,Undergrad Other,Readmit,Continuing UG,
1036,814567373,301433,01,W,UGST    BA -----, , , ,Undergrad Other,Reinstate,Continuing UG,
1036,818763688,303736,01,A,CMSC  BS -----,MATH  BS -----, , ,First Time Freshman,Freshman,Continuing UG,
1036,818763688,303740,01,A,CMSC  BS -----,MATH  BS -----, , ,First Time Freshman,Freshman,Continuing UG,
1036,821036670,303740,01,B,CMSC  BS -----, , , ,First Time Freshman,Freshman,Continuing UG,
1036,805099417,303740,01,C,CMSC  BS -----, , , ,Undergrad Transfers,Transfer,Continuing UG,
1036,833005315,303740,01,B,CMSC  BS -----,PSYC  MINR -----, , ,First Time Freshman,Freshman,Continuing UG,
1036,834764437,312768,01,P,CMSC  PHD -----, , , ,Graduate Student,Graduate,Continuing Grad,
1036,847578929,310559,02,P,CMSC  MS -----, , , ,Graduate Student,Graduate,Continuing Grad,
1036,829814940,325228,01,W,BIOL  BS -----,GEOG  BS -----, , ,Undergrad Transfers,Transfer,Continuing UG,
1036,849146991,303740,01,B,CMSC  BS -----, , , ,Undergrad Other,Readmit,Continuing UG,
1036,836185989,303740,01,A,CMSC  BS -----, , , ,First Time Freshman,Freshman,Continuing UG,
1036,847155576,325228,01,C,CMSC  BS -----,PHYS  BS -----, , ,Undergrad Other,Readmit,Continuing UG,
1036,807683556,301433,01,A,UNDC  UGND -----, , , ,Undergrad Other,Special - Non Degree,Continuing UG,
1036,845072588,327436,01,C,IFSM  BS -----,WEBC  ULC -----, , ,Undergrad Transfers,Transfer,Continuing UG,
1036,813701975,303736,01,B,CMSC  BS -----, , , ,Undergrad Transfers,Transfer,Continuing UG,
1036,839883443,327436,01,B,CMSC  BS -----,MATH  BA -----, , ,First Time Freshman,Freshman,Continuing UG,
1036,847391569,325228,01,F,FIEC  BS -----,SOWK  BA -----, , ,Undergrad Transfers,Transfer,Continuing UG,
1036,834522085,301433,01,A,CMSC  BS -----, , , ,Undergrad Transfers,Transfer,Continuing UG,
1036,819401534,301433,01,B,MATH  BS -----,CMSC  MINR -----,WEBC  ULC -----, ,First Time Freshman,Freshman,Continuing UG,
1036,831117877,310559,03,P,CMSC  MS -----, , , ,Graduate Student,Graduate,Continuing Grad,
1036,836528555,303736,01,B,CMSC  BS -----, , , ,Undergrad Transfers,Transfer,Continuing UG,
1036,836248139,303736,01,A,CMSC  BS -----, , , ,Undergrad Transfers,Transfer,Continuing UG,
1036,813229879,325228,01,A,ENSC  BS -----,MLL   MINR FRENM  SPC,HONR   CTN -----, ,First Time Freshman,Freshman,Continuing UG,
1036,841742566,312767,02,P,CMSC  PHD -----, , , ,Graduate Student,Graduate,Continuing Grad,
1036,837508746,303740,01,A,CMSC  BS -----, , , ,First Time Freshman,Freshman,Continuing UG,
1036,812460358,303736,01,A,CMSC  BS -----, , , ,First Time Freshman,Freshman,Continuing UG,
1036,836920892,301433,01,F,CMPE  BS -----, , , ,Undergrad Transfers,Transfer,Continuing Other,
1036,836911596,327436,01,A,CMSC  BS -----,MATH  BS -----, , ,Undergrad Transfers,Transfer,New Transfer,
1036,846675915,303736,01,A,CMSC  BS -----, , , ,Undergrad Other,Unknown,Continuing UG,
1036,838176900,303740,01,A,CMPE  BS -----, , , ,Undergrad Transfers,Transfer,Continuing UG,
1036,808939077,325228,01,A,BIOL  BS -----, , , ,Undergrad Other,Reinstate,Continuing UG,
1036,803127128,301433,01,B,CMSC  BS -----, , , ,First Time Freshman,Freshman,Continuing UG,
1036,838645311,303736,01,A,CMSC  BS -----, , , ,Undergrad Transfers,Transfer,Continuing UG,
1036,836949203,301433,01,C,CMSC  BS -----, , , ,Undergrad Transfers,Transfer,Continuing UG,
1036,836890107,303736,01,A,CMSC  BS -----, , , ,Undergrad Transfers,Transfer,Continuing UG,
1036,836890107,303740,01,B,CMSC  BS -----, , , ,Undergrad Transfers,Transfer,Continuing UG,
1036,839740822,303740,01,A,CMSC  BS -----, , , ,First Time Freshman,Freshman,Continuing UG,
1036,845071876,303740,01,B,CMSC  BS -----, , , ,First Time Freshman,Freshman,Continuing UG,
1036,829876228,303740,01,B,CMSC  BS -----, , , ,First Time Freshman,Freshman,Continuing UG,
1036,844325312,303736,01,A,MATH  BS -----,CMSC  BS -----, , ,Undergrad Transfers,Transfer,Continuing UG,
1036,844325312,303740,01,A,MATH  BS -----,CMSC  BS -----, , ,Undergrad Transfers,Transfer,Continuing UG,
1036,844420634,303736,01,A,CMSC  BS -----,UGST    BA -----, , ,Undergrad Other,Readmit,Continuing UG,
1036,846642500,327436,01,A,CMSC  BS -----, , , ,Undergrad Transfers,Transfer,Continuing UG,
1036,816644977,327436,01,F,IFSM  BS -----, , , ,First Time Freshman,Freshman,Continuing UG,
1036,814845875,303736,01,A,VAAV    BA AI     SPC,CMSC  BS -----, , ,First Time Freshman,Freshman,Continuing UG,
1036,808181867,301433,01,A,CMSC  BS -----, , , ,First Time Freshman,Freshman,Continuing UG,
1036,826487725,303736,01,A,CMSC  BS -----, , , ,First Time Freshman,Freshman,Continuing UG,
1036,832307228,303736,01,A,CMSC  BS -----,CMPE  BS -----, , ,Undergrad Transfers,Transfer,Continuing UG,
1036,832307228,303740,01,B,CMSC  BS -----,CMPE  BS -----, , ,Undergrad Transfers,Transfer,Continuing UG,
1036,810817675,301433,01,W,CMSC  BS -----, , , ,Undergrad Transfers,Transfer,Continuing UG,
1036,838770232,301433,01,F,CMPE  BS -----, , , ,Undergrad Transfers,Transfer,Continuing UG,
1036,838770232,303736,01,C,CMPE  BS -----, , , ,Undergrad Transfers,Transfer,Continuing UG,
1036,821357016,301433,01,A,MATH  BS -----, , , ,Undergrad Other,Readmit,Continuing UG,
1036,821357016,303736,01,A,MATH  BS -----, , , ,Undergrad Other,Readmit,Continuing UG,
1036,825035374,325228,01,B,UNDC  UGND -----, , , ,Undergrad Other,Special - Non Degree,New UG Other,
1036,801408983,325228,01,F,UNDC  UGND -----, , , ,Undergrad Other,Special - Non Degree,Continuing UG,
1036,823676946,303736,01,A,CMSC  BS -----, , , ,Undergrad Other,Unknown,Continuing UG,
1036,807359853,303740,01,A,CMSC  BS -----, , , ,Undergrad Transfers,Transfer,Continuing UG,
1036,837739916,303740,01,B,CMSC  BS -----,NETC  ULC -----, , ,First Time Freshman,Freshman,Continuing UG,
1036,847889826,301433,01,A,CMSC  BS -----, , , ,Undergrad Other,Reinstate,Continuing UG,
1036,845546172,303736,01,C,CMSC  BS -----,MATH  BA -----, , ,Undergrad Transfers,Transfer,Continuing UG,
1036,845546172,303740,01,F,CMSC  BS -----,MATH  BA -----, , ,Undergrad Transfers,Transfer,Continuing UG,
1036,815524103,327436,01,B,CMSC  BS -----, , , ,First Time Freshman,Freshman,Continuing UG,
1036,838406338,303736,01,A,CMSC  BS -----,HONR   CTN -----, , ,First Time Freshman,Freshman,Continuing UG,
1036,838406338,303740,01,A,CMSC  BS -----,HONR   CTN -----, , ,First Time Freshman,Freshman,Continuing UG,
1036,833565448,327436,01,B,PHYS  BS -----, , , ,First Time Freshman,Freshman,Continuing UG,
1036,804142289,310559,01,P,CMSC  MS -----, , , ,Graduate Student,Graduate,Continuing Grad,
1036,804512309,301433,01,B,CMSC  BS -----,ENGR    BS -----, , ,First Time Freshman,Freshman,Continuing UG,
1036,818478607,327436,01,C,CMSC  BS -----, , , ,First Time Freshman,Freshman,Continuing UG,
1036,805664498,325228,01,W,PSCB   PBC -----,PRST   MPS CYBR TRK, , ,Graduate Student,Graduate,Continuing Grad,
1036,829066234,303740,01,C,CMSC  BS -----, , , ,Undergrad Transfers,Transfer,Continuing UG,
1036,818428507,308349,01,P,CMSC  MS -----, , , ,Graduate Student,Graduate,Continuing Grad,
1036,840401164,303736,01,A,CMSC  BS -----,MATH  MINR -----, , ,Undergrad Transfers,Transfer,Continuing UG,
1036,816784649,303740,01,C,CMPE  BS -----, , , ,Undergrad Other,Unknown,Continuing UG,
1036,819014892,327436,01,A,UNDC  UGND -----, , , ,Undergrad Other,Special - Non Degree,New UG Other,
1036,820193662,303736,01,A,CMSC  BS -----, , , ,Undergrad Transfers,Transfer,Continuing UG,
1036,820193662,303740,01,A,CMSC  BS -----, , , ,Undergrad Transfers,Transfer,Continuing UG,
1036,831608600,325228,01,A,BIOC  BS -----,MUSC  BA MURE   SPC, , ,First Time Freshman,Freshman,New Freshman,
1036,831417839,303736,01,A,CMSC  BS -----, , , ,Undergrad Transfers,Transfer,Continuing UG,
1036,809251577,327436,01,A,CMSC  BS -----, , , ,Undergrad Transfers,Transfer,Continuing UG,
1036,845835223,301433,01,B,ENGR    BS -----,CMSC  BS -----, , ,First Time Freshman,Freshman,Continuing UG,
1036,817281254,303736,01,B,CMSC  BS -----, , , ,Undergrad Transfers,Transfer,Continuing UG,
1036,817281254,303740,01,B,CMSC  BS -----, , , ,Undergrad Transfers,Transfer,Continuing UG,
1036,835734686,325228,01,D,MENG  BS -----, , , ,First Time Freshman,Freshman,Continuing UG,
1036,807772382,310559,03,P,CMSC  MS -----, , , ,Graduate Student,Graduate,Continuing Grad,
1036,828219398,325228,01,A,CMPE  BS -----, , , ,Undergrad Transfers,Transfer,Continuing UG,
1036,837212851,303736,01,A,CMSC  BS -----,HONR   CTN -----, , ,Undergrad Transfers,Transfer,Continuing UG,
1036,811186830,303736,01,A,CMSC  BS -----,HONR   CTN -----, , ,Undergrad Transfers,Transfer,Continuing UG,
