1046,813689978,327436,01,A,MATH  BS -----, , , ,First Time Freshman,Freshman,Continuing UG,
1046,836640836,303648,01,B,CMSC  BS -----, , , ,Undergrad Other,Reinstate,Continuing UG,
1046,836640836,303740,01,C,CMSC  BS -----, , , ,Undergrad Other,Reinstate,Continuing UG,
1046,814048024,303740,01,D,MATH  BA -----, , , ,First Time Freshman,Freshman,Continuing UG,
1046,803124521,327436,01,B,UGST    BA -----, , , ,Undergrad Transfers,Transfer,Continuing UG,
1046,840019130,327436,01,F,UNDC  UGND -----, , , ,Undergrad Other,Special - Non Degree,New UG Other,
1046,832621450,325228,01,A,BIOL  BS -----, , , ,First Time Freshman,Freshman,Continuing UG,
1046,800675313,303648,01,A,CMSC  BS -----, , , ,Undergrad Transfers,Transfer,Continuing UG,
1046,803181057,327436,01,B,CMPE  BS -----, , , ,First Time Freshman,Freshman,Continuing UG,
1046,832949705,325228,01,A,UGST    BA -----, , , ,Undergrad Transfers,Transfer,Continuing UG,
1046,832949705,327436,01,A,UGST    BA -----, , , ,Undergrad Transfers,Transfer,Continuing UG,
1046,822892505,303648,01,B,CMSC  BS -----, , , ,Undergrad Transfers,Transfer,Continuing UG,
1046,822892505,303740,01,B,CMSC  BS -----, , , ,Undergrad Transfers,Transfer,Continuing UG,
1046,832067625,301433,01,A,CMSC  BS -----,MATH  MINR -----, , ,Undergrad Transfers,Transfer,Continuing UG,
1046,809985319,303740,01,B,CMPE  BS -----, , , ,First Time Freshman,Freshman,Continuing UG,
1046,802557060,303648,01,B,CMSC  BS -----, , , ,Undergrad Transfers,Transfer,Continuing UG,
1046,802557060,303740,01,C,CMSC  BS -----, , , ,Undergrad Transfers,Transfer,Continuing UG,
1046,841144953,301433,01,A,CMSC  BS -----, , , ,Undergrad Transfers,Transfer,Continuing UG,
1046,827335300,303740,01,A,CMSC  BS -----, , , ,Undergrad Transfers,Transfer,Continuing UG,
1046,823185610,308350,03,P,CMSC  MS -----, , , ,Graduate Student,Graduate,Continuing Grad,
1046,834132114,327436,01,B,CMSC  BS -----, , , ,First Time Freshman,Freshman,Continuing UG,
1046,807655220,303648,01,A,CMSC  BS -----,INDS  BA -----, , ,Undergrad Other,Readmit,Continuing UG,
1046,807655220,303740,01,A,CMSC  BS -----,INDS  BA -----, , ,Undergrad Other,Readmit,Continuing UG,
1046,835131976,301433,01,A,CMSC  BS -----,MATH  MINR -----, , ,Undergrad Transfers,Transfer,New Transfer,
1046,813894934,327436,01,C,MATH  BA -----, , , ,Undergrad Transfers,Transfer,Continuing UG,
1046,827256000,303740,01,A,CMSC  BS -----, , , ,Undergrad Transfers,Transfer,Continuing UG,
1046,801621326,327436,01,B,CMSC  BS -----, , , ,First Time Freshman,Freshman,Continuing UG,
1046,806510814,303740,01,A,CMSC  BS -----, , , ,Undergrad Transfers,Transfer,Continuing UG,
1046,845888644,327436,01,B,CMPE  BS -----, , , ,First Time Freshman,Freshman,Continuing UG,
1046,846100166,308350,02,P,CMSC  MS -----, , , ,Graduate Student,Graduate,Continuing Grad,
1046,843596670,303740,01,A,CMSC  BS -----, , , ,First Time Freshman,Freshman,Continuing UG,
1046,835503438,301433,01,W,MATH  BS -----,STAT  BS APST   TRK, , ,Undergrad Transfers,Transfer,Continuing UG,
1046,849285454,303740,01,A,CMPE  BS -----, , , ,Undergrad Transfers,Transfer,Continuing UG,
1046,842072746,327436,01,B,CMPE  BS -----,MATH  MINR -----, , ,First Time Freshman,Freshman,Continuing UG,
1046,833981401,327436,01,A,PHYS  BS -----,CMSC  MINR -----, , ,Undergrad Transfers,Transfer,Continuing UG,
1046,803593233,303648,01,A,CMSC  BS -----, , , ,Undergrad Transfers,Transfer,Continuing UG,
1046,803593233,303740,01,B,CMSC  BS -----, , , ,Undergrad Transfers,Transfer,Continuing UG,
1046,823689839,301433,01,A,CMSC  BS -----,CMSC  BS -----,HONR   CTN -----, ,Undergrad Transfers,Transfer,Continuing UG,
1046,848427720,303648,01,B,CMSC  BS -----, , , ,Undergrad Transfers,Transfer,Continuing UG,
1046,848427720,303740,01,A,CMSC  BS -----, , , ,Undergrad Transfers,Transfer,Continuing UG,
1046,813005023,303648,01,B,CMSC  BS -----, , , ,Undergrad Other,Reinstate,Continuing UG,
1046,813005023,303740,01,B,CMSC  BS -----, , , ,Undergrad Other,Reinstate,Continuing UG,
1046,805284965,325228,01,A,FIEC  BS -----, , , ,First Time Freshman,Freshman,Continuing UG,
1046,817784155,303648,01,A,CMSC  BS -----, , , ,Undergrad Other,Readmit,Continuing UG,
1046,808741595,303648,01,A,CMSC  BS -----, , , ,Undergrad Transfers,Transfer,Continuing UG,
1046,824291527,327436,01,A,CMPE  BS -----,HONR   CTN -----, , ,Undergrad Transfers,Transfer,Continuing UG,
1046,849754508,327436,01,A,CMPE  BS -----,ENGR    BS -----, , ,First Time Freshman,Freshman,Continuing UG,
1046,824704966,327436,01,B,CMSC  BS -----, , , ,Undergrad Transfers,Transfer,Continuing UG,
1046,827499370,303740,01,A,CMSC  BS -----, , , ,First Time Freshman,Freshman,Continuing UG,
1046,831700175,327436,01,A,CMSC  BS -----, , , ,First Time Freshman,Freshman,Continuing UG,
1046,803311580,301433,01,A,MATH  BS -----,CMSC  MINR -----, , ,First Time Freshman,Freshman,Continuing UG,
1046,818521634,301433,01,A,UNDC  UGND -----, , , ,Undergrad Other,Special - Non Degree,New UG Other,
1046,822534433,303648,01,B,CMSC  BS -----, , , ,First Time Freshman,Freshman,Continuing UG,
1046,818236079,327436,01,B,MATH  BA -----,EDUC  CRTN -----, , ,Undergrad Transfers,Transfer,Continuing UG,
1046,827440333,303740,01,B,CMSC  BS -----, , , ,Undergrad Transfers,Transfer,Continuing UG,
1046,833251672,303740,01,A,CMSC  BS -----,VAAV    BA AI     SPC,HONR   CTN -----, ,First Time Freshman,Freshman,Continuing UG,
1046,841401547,301433,01,B,CMSC  BS -----, , , ,First Time Freshman,Freshman,Continuing UG,
1046,807615285,327436,01,C,CMSC  BS -----,ECON  MINR -----, , ,First Time Freshman,Freshman,Continuing UG,
1046,835231126,327436,01,A,CMSC  BS -----, , , ,Undergrad Transfers,Transfer,Continuing UG,
1046,829162963,303740,01,A,CMSC  BS -----, , , ,First Time Freshman,Freshman,Continuing UG,
1046,846437692,301433,01,B,MATH  BS -----,CMSC  BS -----, , ,Undergrad Transfers,Transfer,Continuing UG,
1046,814797826,303648,01,B,CMSC  BS -----, , , ,Undergrad Transfers,Transfer,Continuing UG,
1046,814797826,303740,01,B,CMSC  BS -----, , , ,Undergrad Transfers,Transfer,Continuing UG,
1046,812888605,303648,01,B,CMSC  BS -----,PHIL  MINR -----, , ,First Time Freshman,Freshman,Continuing UG,
1046,835725108,303740,01,W,CMSC  BS -----, , , ,Undergrad Transfers,Transfer,Continuing UG,
1046,820805871,301433,01,B,CMSC  BS -----, , , ,First Time Freshman,Freshman,Continuing UG,
1046,841454166,325228,01,D,PHYS  BS -----,ECON  BA -----, , ,Undergrad Transfers,Transfer,Continuing UG,
1046,820247081,301433,01,A,CMSC  BS -----,MATH  MINR -----, , ,Undergrad Transfers,Transfer,Continuing UG,
1046,820247081,303648,01,A,CMSC  BS -----,MATH  MINR -----, , ,Undergrad Transfers,Transfer,Continuing UG,
1046,823211171,303648,01,A,CMSC  BS -----, , , ,Undergrad Transfers,Transfer,Continuing UG,
1046,803824664,327436,01,C,CMSC  BS -----, , , ,Undergrad Transfers,Transfer,Continuing UG,
1046,828884214,303740,01,A,CMSC  BS -----, , , ,First Time Freshman,Freshman,Continuing UG,
1046,800093769,301433,01,W,CMSC  BS -----, , , ,Undergrad Transfers,Transfer,Continuing UG,
1046,811077532,303648,01,B,CMSC  BS -----, , , ,First Time Freshman,Freshman,Continuing UG,
1046,843013485,303648,01,A,CMSC  BS -----, , , ,First Time Freshman,Freshman,Continuing UG,
1046,843013485,303740,01,C,CMSC  BS -----, , , ,First Time Freshman,Freshman,Continuing UG,
1046,809982098,327436,01,A,CMPE  BS -----,PHYS  MINR -----, , ,First Time Freshman,Freshman,Continuing UG,
1046,843034899,327436,01,A,MATH  BA -----, , , ,Undergrad Transfers,Transfer,Continuing UG,
1046,839353475,312767,01,P,CMSC  PHD -----, , , ,Graduate Student,Graduate,Continuing Grad,
1046,819401534,303648,01,A,MATH  BS -----,CMSC  MINR -----, , ,First Time Freshman,Freshman,Continuing UG,
1046,839188438,303740,01,C,CMSC  BS -----, , , ,Undergrad Transfers,Transfer,Continuing UG,
1046,815216364,327436,01,A,BIOL  BS -----, , , ,Undergrad Other,Readmit,Continuing UG,
1046,830748940,301433,01,F,CMSC  BS -----, , , ,Undergrad Transfers,Transfer,Continuing Other,
1046,849462675,301433,01,A,CMSC  BS -----, , , ,Undergrad Other,Reinstate,Continuing UG,
1046,847883234,327436,01,A,CMSC  BS -----, , , ,Undergrad Transfers,Transfer,Continuing UG,
1046,818044808,303740,01,A,CMSC  BS -----,MLL   MINR CHINM  SPC, , ,First Time Freshman,Freshman,Continuing UG,
1046,837609574,325228,01,B,IFSM  BS -----, , , ,Undergrad Transfers,Transfer,Continuing UG,
1046,837609574,327436,01,C,IFSM  BS -----, , , ,Undergrad Transfers,Transfer,Continuing UG,
1046,819142483,301433,01,C,CMSC  BS -----, , , ,First Time Freshman,Freshman,Continuing UG,
1046,801273941,303648,01,B,CMSC  BS -----, , , ,Undergrad Transfers,Transfer,Continuing UG,
1046,801273941,303740,01,A,CMSC  BS -----, , , ,Undergrad Transfers,Transfer,Continuing UG,
1046,801976566,327436,01,B,CMSC  BS -----, , , ,Undergrad Transfers,Transfer,Continuing UG,
1046,844138079,325228,01,A,MATH  BS -----,ECON  BA -----, , ,First Time Freshman,Freshman,Continuing UG,
1046,818185036,327436,01,D,CMSC  BS -----, , , ,Undergrad Transfers,Transfer,Continuing UG,
1046,823357317,325228,01,A,ECON  BA -----,ECON  BA -----,STAT  BS -----, ,Undergrad Other,Special - Non Degree,New UG Other,
1046,830418187,303740,01,A,CMSC  BS -----, , , ,First Time Freshman,Freshman,Continuing UG,
1046,814481738,325228,01,C,BIOL  BS -----, , , ,First Time Freshman,Freshman,Continuing UG,
1046,812640473,301433,01,A,CMSC  BS -----, , , ,Undergrad Transfers,Transfer,Continuing UG,
1046,847876428,303740,01,A,CMSC  BS -----, , , ,First Time Freshman,Freshman,Continuing UG,
1046,814837974,327436,01,C,CMSC  BS -----,MATH  MINR -----, , ,Undergrad Transfers,Transfer,Continuing UG,
1046,815426652,308350,01,P,CMSC  MS -----, , , ,Graduate Student,Graduate,Continuing Grad,
1046,836949203,303648,01,B,CMSC  BS -----, , , ,Undergrad Transfers,Transfer,Continuing UG,
1046,811225072,327436,01,A,SPEC  UGND -----, , , ,Undergrad Other,Special - Non Degree,Continuing UG,
1046,832707324,303648,01,B,CMSC  BS -----, , , ,First Time Freshman,Freshman,Continuing UG,
1046,803306841,301433,01,B,CMSC  BS -----, , , ,Undergrad Transfers,Transfer,Continuing UG,
1046,817549786,325228,01,F,UNDC  UGND -----,FIEC  BS -----, , ,Undergrad Other,Special - Non Degree,Continuing UG,
1046,839194627,303740,01,B,CMSC  BS -----, , , ,Undergrad Transfers,Transfer,Continuing UG,
1046,844299939,303740,01,C,CMSC  BS -----, , , ,Undergrad Transfers,Transfer,Continuing UG,
1046,846642500,303740,01,A,CMSC  BS -----,MATH  BA -----, , ,Undergrad Transfers,Transfer,Continuing UG,
1046,844143292,303740,01,C,CMSC  BS -----,MATH  BS -----, , ,First Time Freshman,Freshman,Continuing UG,
1046,804975771,325228,01,A,CMPE  BS -----, , , ,Undergrad Transfers,Transfer,Continuing UG,
1046,804975771,327436,01,B,CMPE  BS -----, , , ,Undergrad Transfers,Transfer,Continuing UG,
1046,837791739,325228,01,D,UGST    BA -----, , , ,First Time Freshman,Freshman,Continuing UG,
1046,835872070,301433,01,C,CMSC  BS -----, , , ,Undergrad Transfers,Transfer,Continuing UG,
1046,845424224,327436,01,A,CMSC  BS -----, , , ,First Time Freshman,Freshman,Continuing UG,
1046,817596964,303648,01,B,CMSC  BS -----, , , ,Undergrad Transfers,Transfer,Continuing UG,
1046,837834132,301433,01,C,CMSC  BS -----, , , ,Undergrad Transfers,Transfer,Continuing UG,
1046,825355638,301433,01,A,MATH  BS -----,CMSC  BS -----,ECON  MINR -----, ,Undergrad Transfers,Transfer,Continuing UG,
1046,801408983,325228,01,A,UNDC  UGND -----,FIEC  BS -----,ACCT  ULC -----,MGAC   ULC -----,Undergrad Other,Special - Non Degree,Continuing UG,
1046,808340223,303648,01,B,CMSC  BS -----, , , ,Undergrad Transfers,Transfer,Continuing UG,
1046,808340223,303740,01,A,CMSC  BS -----, , , ,Undergrad Transfers,Transfer,Continuing UG,
1046,806228505,303740,01,B,CMSC  BS -----, , , ,First Time Freshman,Freshman,Continuing UG,
1046,821874128,325228,01,A,BIOL  BS -----,PSYC  BA -----, , ,First Time Freshman,Freshman,Continuing UG,
1046,847889826,303648,01,A,CMSC  BS -----, , , ,Undergrad Other,Reinstate,Continuing UG,
1046,803241813,301433,01,C,CMSC  BS -----, , , ,First Time Freshman,Freshman,Continuing UG,
1046,846844745,301433,01,C,UNDC  UGND -----, , , ,Undergrad Other,Special - Non Degree,New UG Other,
1046,847176686,303648,01,A,CMSC  BS -----, , , ,Undergrad Transfers,Transfer,Continuing UG,
1046,847176686,303740,01,B,CMSC  BS -----, , , ,Undergrad Transfers,Transfer,Continuing UG,
1046,807063580,303740,01,A,VAAV    BA FV     SPC,CMSC  BS -----, , ,First Time Freshman,Freshman,Continuing UG,
1046,840355234,310559,01,P,CMSC  PHD -----, , , ,Graduate Student,Graduate,Continuing Grad,
1046,802976188,303648,01,A,CMSC  BS -----, , , ,Undergrad Transfers,Transfer,Continuing UG,
1046,802976188,303740,01,A,CMSC  BS -----, , , ,Undergrad Transfers,Transfer,Continuing UG,
1046,847257448,301433,01,W,CMSC  BS -----,MATH  BS -----, , ,Undergrad Transfers,Transfer,Continuing UG,
1046,833565448,301433,01,A,CMSC  BS -----, , , ,First Time Freshman,Freshman,Continuing UG,
1046,828607913,327436,01,B,CMSC  BS -----, , , ,Undergrad Transfers,Transfer,Continuing UG,
1046,817053404,312768,01,P,CMSC  PHD -----,CMSC  PHD -----, , ,Graduate Student,Graduate,Continuing Grad,
1046,810429272,301433,01,C,CMSC  BS -----, , , ,Undergrad Transfers,Transfer,Continuing UG,
1046,805090230,325228,01,W,IFSM  BS -----, , , ,Undergrad Transfers,Transfer,Continuing UG,
1046,821689219,301433,01,A,CMSC  BS -----, , , ,Undergrad Transfers,Transfer,Continuing UG,
1046,840724635,303740,01,A,CMSC  BS -----, , , ,Undergrad Transfers,Transfer,Continuing UG,
1046,813403062,303740,01,A,CMSC  BS -----, , , ,First Time Freshman,Freshman,Continuing UG,
1046,832545129,301433,01,A,IFSM  BS -----, , , ,First Time Freshman,Freshman,Continuing UG,
1046,829066234,303648,01,B,CMSC  BS -----, , , ,Undergrad Transfers,Transfer,Continuing UG,
1046,826744884,325228,01,D,BIOL  BS -----, , , ,Undergrad Other,Reinstate,Continuing UG,
1046,839867789,327436,01,A,CMPE  BS -----, , , ,Undergrad Other,Reinstate,Continuing UG,
1046,823729184,327436,01,B,CMPE  BS -----,ENGR    BS -----, , ,Undergrad Transfers,Transfer,Continuing UG,
1046,815674656,303648,01,B,CMSC  BS -----, , , ,Undergrad Transfers,Transfer,Continuing UG,
1046,818132285,325228,01,F,CMSC  BS -----,MATH  MINR -----, , ,Undergrad Transfers,Transfer,Continuing UG,
1046,818685449,303740,01,A,CMSC  BS -----, , , ,Undergrad Transfers,Transfer,Continuing UG,
1046,831417839,303648,01,A,CMSC  BS -----, , , ,Undergrad Transfers,Transfer,Continuing UG,
1046,831417839,303740,01,A,CMSC  BS -----, , , ,Undergrad Transfers,Transfer,Continuing UG,
1046,809251577,301433,01,A,CMSC  BS -----, , , ,Undergrad Transfers,Transfer,Continuing UG,
1046,835594345,327436,01,A,CMSC  BS -----, , , ,Undergrad Transfers,Transfer,Continuing UG,
1046,806199538,327436,01,A,MENG  BS -----, , , ,Undergrad Transfers,Transfer,Continuing UG,
1046,818096216,327436,01,B,EDU   MA SEMA   TRK,EDU   MA SEMA   TRK, , ,Graduate Student,Graduate,Continuing Grad,
1046,837925264,327436,01,B,MATH  BS -----,EDUC  CRTN -----, , ,Undergrad Transfers,Transfer,Continuing UG,
1046,819181202,325228,01,A,BIOL  BS -----, , , ,First Time Freshman,Freshman,Continuing UG,
1046,806183728,303648,01,A,CMSC  BS -----,MATH  BS -----, , ,First Time Freshman,Freshman,Continuing UG,
1046,841538100,303740,01,B,CMSC  BS -----, , , ,Undergrad Transfers,Transfer,Continuing UG,
