1056,804746615,327436,01,A,CMSC  BS -----,STAT  MINR -----, , ,Undergrad Transfers,Transfer,Continuing UG,
1056,846314972,327436,01,B,FIEC  BS -----, , , ,First Time Freshman,Freshman,Continuing UG,
1056,842555739,303740,01,B,CMSC  BS -----,BIOL  BA -----, , ,Undergrad Transfers,Transfer,Continuing UG,
1056,840019130,327436,01,C,UNDC  UGND -----, , , ,Undergrad Other,Special - Non Degree,Continuing UG,
1056,806841872,327436,01,B,MATH  BS -----, , , ,Undergrad Transfers,Transfer,Continuing UG,
1056,818108649,327436,01,A,CMPE  BS -----, , , ,First Time Freshman,Freshman,Continuing UG,
1056,816234449,303646,01,B,CMSC  BS -----, , , ,Undergrad Transfers,Transfer,Continuing UG,
1056,816234449,303740,01,B,CMSC  BS -----, , , ,Undergrad Transfers,Transfer,Continuing UG,
1056,840975839,303740,01,A,CMSC  BS -----,HONR   CTN -----, , ,First Time Freshman,Freshman,Continuing UG,
1056,805502737,308350,03,P,CMSC  MS -----, , , ,Graduate Student,Graduate,Continuing Grad,
1056,829402459,327436,01,C,UNDC  UGND -----,UNDC  UGND -----,MATH  MINR -----, ,Undergrad Transfers,Transfer,Continuing UG,
1056,836797313,327436,01,B,MATH  BS -----, , , ,Undergrad Transfers,Transfer,Continuing UG,
1056,825424430,312768,05,P,CMSC  PHD -----, , , ,Graduate Student,Graduate,Continuing Grad,
1056,800533743,327436,01,C,CMSC  BS -----, , , ,First Time Freshman,Freshman,Continuing UG,
1056,846325381,303646,01,A,CMSC  BS -----, , , ,Undergrad Other,Reinstate,Continuing UG,
1056,835131976,303740,01,A,CMSC  BS -----,MATH  MINR -----, , ,Undergrad Transfers,Transfer,Continuing UG,
1056,812956234,327436,01,A,UNDC  UGND -----, , , ,Undergrad Other,Visiting Student,New UG Other,
1056,829944935,303646,01,A,CMSC  BS -----, , , ,First Time Freshman,Freshman,Continuing UG,
1056,822308252,303740,01,B,SPEC  UGND -----, , , ,Undergrad Other,Unknown,New UG Other,
1056,816623127,327436,01,B,IFSM  BS -----,ECON  MINR -----, , ,First Time Freshman,Freshman,Continuing UG,
1056,826606179,327436,01,A,CMPE  BS -----, , , ,Undergrad Transfers,Transfer,Continuing UG,
1056,823791569,303740,01,A,CMSC  BS -----, , , ,First Time Freshman,Freshman,Continuing UG,
1056,849968458,327436,01,B,CMSC  BS -----, , , ,First Time Freshman,Freshman,Continuing UG,
1056,806858125,327436,01,B,UNDC  UGND -----,CMSC  BS -----, , ,Undergrad Other,Visiting Student,New UG Other,
1056,817073229,303740,01,A,CMSC  BS -----,MATH  MINR -----, , ,Undergrad Transfers,Transfer,Continuing UG,
1056,836953773,327436,01,D,FIEC  BS -----,ACCT  ULC -----, , ,Undergrad Transfers,Transfer,Continuing UG,
1056,813582217,327436,01,B,CMPE  BS -----, , , ,Undergrad Transfers,Transfer,Continuing UG,
1056,830279452,327436,01,A,CMSC  BS -----,PHYS  MINR -----,PSYC  MINR -----, ,First Time Freshman,Freshman,Continuing UG,
1056,804617487,310559,03,I,CMSC  MS -----, , , ,Graduate Student,Graduate,Continuing Grad,
1056,829429397,327436,01,B,UNDC  UGND -----, , , ,Undergrad Other,Visiting Student,New UG Other,
1056,824704966,303646,01,F,CMSC  BS -----, , , ,Undergrad Transfers,Transfer,Continuing UG,
1056,840495613,303740,01,A,CMSC  BS -----,MATH  BA -----, , ,Undergrad Transfers,Transfer,Continuing UG,
1056,847606545,303740,01,A,CMSC  BS -----, , , ,First Time Freshman,Freshman,Continuing UG,
1056,827846618,303740,01,A,CMSC  BS -----, , , ,First Time Freshman,Freshman,Continuing UG,
1056,822000111,303646,01,W,CMSC  BS -----, , , ,Undergrad Transfers,Transfer,Continuing UG,
1056,822000111,303740,01,B,CMSC  BS -----, , , ,Undergrad Transfers,Transfer,Continuing UG,
1056,822582265,303740,01,A,CMSC  BS -----, , , ,First Time Freshman,Freshman,Continuing UG,
1056,842556251,303740,01,B,CMSC  BS -----, , , ,First Time Freshman,Freshman,Continuing UG,
1056,814566621,303740,01,B,CMSC  BS -----, , , ,First Time Freshman,Freshman,Continuing UG,
1056,841401547,303646,01,D,CMSC  BS -----, , , ,First Time Freshman,Freshman,Continuing UG,
1056,804870204,303646,01,W,UNDC  UGND -----, , , ,Undergrad Other,Visiting Student,New UG Other,
1056,823710749,327436,01,A,CMPE  BS -----,ENGR    BS -----, , ,First Time Freshman,Freshman,Continuing UG,
1056,835139526,327436,01,A,MATH  BA -----,BIOL  BA -----, , ,First Time Freshman,Freshman,Continuing UG,
1056,809034192,303646,01,A,CMSC  BS -----, , , ,Undergrad Other,Readmit,Continuing UG,
1056,816113944,327436,01,A,UGST    BA NURS   OPT,CMSC  BS -----, , ,Undergrad Transfers,Transfer,Continuing UG,
1056,824803268,303740,01,A,CMSC  BS -----, , , ,First Time Freshman,Freshman,Continuing UG,
1056,834778042,327436,01,A,CMPE  BS -----, , , ,First Time Freshman,Freshman,Continuing UG,
1056,833848390,303646,01,B,CMPE  BS COMM   TRK,HONR   CTN -----, , ,First Time Freshman,Freshman,Continuing UG,
1056,820805871,303740,01,A,CMSC  BS -----, , , ,First Time Freshman,Freshman,Continuing UG,
1056,824563756,327436,01,A,CMSC  BS -----, , , ,First Time Freshman,Freshman,Continuing UG,
1056,826071367,303740,01,A,CMSC  BS -----, , , ,First Time Freshman,Freshman,Continuing UG,
1056,824561084,327436,01,A,MATH  BS -----, , , ,Undergrad Transfers,Transfer,Continuing UG,
1056,832894685,308350,02,I,CMSC  MS -----, , , ,Graduate Student,Graduate,Continuing Grad,
1056,827175524,327436,01,A,MENG  BS -----,CMSC  MINR -----, , ,First Time Freshman,Freshman,Continuing UG,
1056,839188438,303646,01,D,CMSC  BS -----, , , ,Undergrad Transfers,Transfer,Continuing UG,
1056,805560659,303740,01,A,CMSC  BS -----,ECON  MINR -----, , ,First Time Freshman,Freshman,Continuing UG,
1056,847883234,303740,01,A,CMSC  BS -----, , , ,Undergrad Transfers,Transfer,Continuing UG,
1056,800216409,310559,01,P,CMSC  MS -----, , , ,Graduate Student,Graduate,Continuing Grad,
1056,825284198,303740,01,B,CMSC  BS -----,IFSM  MINR -----, , ,First Time Freshman,Freshman,Continuing UG,
1056,827235517,310559,02,P,CMSC  MS -----, , , ,Graduate Student,Graduate,Continuing Grad,
1056,849676244,303740,01,B,CMSC  BS -----, , , ,First Time Freshman,Freshman,Continuing UG,
1056,803182081,327436,01,C,CMSC  BS -----, , , ,Undergrad Transfers,Transfer,Continuing UG,
1056,826918189,327436,01,A,CMPE  BS -----,CMSC  BS -----, , ,Undergrad Transfers,Transfer,New Transfer,
1056,804978829,310559,01,P,CMSC  MS -----, , , ,Graduate Student,Graduate,Continuing Grad,
1056,812640473,303740,01,A,CMSC  BS -----, , , ,Undergrad Transfers,Transfer,Continuing UG,
1056,847618018,303740,01,B,CMSC  BS -----, , , ,Undergrad Transfers,Transfer,Continuing UG,
1056,814837974,303740,01,A,CMSC  BS -----,MATH  MINR -----, , ,Undergrad Transfers,Transfer,Continuing UG,
1056,835927291,303740,01,A,MATH  BS -----,CMSC  BS -----, , ,Undergrad Transfers,Transfer,Continuing UG,
1056,835742243,303740,01,A,CMSC  BS -----, , , ,Undergrad Transfers,Transfer,Continuing UG,
1056,836949203,303740,01,C,CMSC  BS -----, , , ,Undergrad Transfers,Transfer,Continuing UG,
1056,824881093,327436,01,B,MATH  BA -----,EDUC  CRTN -----, , ,Undergrad Transfers,Transfer,Continuing UG,
1056,816228899,303646,01,D,CMSC  BS -----, , , ,First Time Freshman,Freshman,Continuing UG,
1056,801400106,327436,01,A,CMSC  BS -----, , , ,Undergrad Transfers,Transfer,Continuing UG,
1056,819969013,327436,01,A,MATH  BS -----, , , ,Undergrad Transfers,Transfer,Continuing UG,
1056,834004659,303740,01,A,CMSC  BS -----, , , ,Undergrad Transfers,Transfer,Continuing UG,
1056,808631790,303646,01,F,CMSC  BS -----,PHYS  MINR -----, , ,First Time Freshman,Freshman,Continuing UG,
1056,839352720,303740,01,B,CMSC  BS -----,IFSM  BS -----, , ,Undergrad Transfers,Transfer,Continuing UG,
1056,843377944,308350,01,P,CMSC  MS -----, , , ,Graduate Student,Graduate,Continuing Grad,
1056,811505069,303740,01,A,CMSC  BS -----, , , ,First Time Freshman,Freshman,Continuing UG,
1056,845424224,303740,01,B,CMSC  BS -----, , , ,First Time Freshman,Freshman,Continuing UG,
1056,808732575,303740,01,A,CMSC  BS -----, , , ,First Time Freshman,Freshman,Continuing UG,
1056,841481531,303740,01,C,CMSC  BS -----, , , ,First Time Freshman,Freshman,Continuing UG,
1056,840204273,327436,01,A,UNDC  UGND -----, , , ,Undergrad Other,Visiting Student,New UG Other,
1056,820986509,303646,01,W,CMSC  BS -----, , , ,Undergrad Transfers,Transfer,Continuing UG,
1056,840879833,327436,01,B,CMSC  BS -----, , , ,Undergrad Transfers,Transfer,Continuing UG,
1056,826436882,303740,01,A,CMSC  BS -----, , , ,Undergrad Other,Reinstate,Continuing UG,
1056,806228505,303646,01,C,CMSC  BS -----, , , ,First Time Freshman,Freshman,Continuing UG,
1056,847537164,308349,01,P,CMSC  MS -----, , , ,Graduate Student,Graduate,New Graduate,
1056,809477182,303740,01,A,CMSC  BS -----, , , ,Undergrad Transfers,Transfer,Continuing UG,
1056,804540967,327436,01,A,CMSC  BS -----, , , ,Undergrad Transfers,Transfer,New Transfer,
1056,818128176,327436,01,B,CMSC  BS -----, , , ,First Time Freshman,Freshman,Continuing UG,
1056,837144622,327436,01,D,CMPE  BS -----, , , ,Undergrad Transfers,Transfer,Continuing UG,
1056,845068592,312768,02,P,CMSC  PHD -----, , , ,Graduate Student,Unknown,Continuing Grad,
1056,827284240,327436,01,A,BIOC  BS -----,BINF  MINR -----, , ,Undergrad Other,Readmit,Continuing UG,
1056,824301219,308350,04,P,CMSC  PHD -----, , , ,Graduate Student,Graduate,Continuing Grad,
1056,844138611,303740,01,B,CMSC  BS -----, , , ,Undergrad Transfers,Transfer,Continuing UG,
1056,829061072,303740,01,A,CMSC  BS -----,MATH  MINR -----, , ,First Time Freshman,Freshman,Continuing UG,
1056,822237530,303740,01,A,BINF  BS -----,CMSC  MINR -----, , ,Undergrad Other,Readmit,Continuing UG,
1056,802642698,303740,01,B,CMSC  BS -----,MATH  MINR -----, , ,First Time Freshman,Freshman,Continuing UG,
1056,842583048,327436,01,B,CMSC  BS -----,ENGR    BS -----, , ,First Time Freshman,Freshman,Continuing UG,
1056,840401164,308350,02,P,CMSC  MS -----, , , ,Graduate Student,Graduate,Continuing Grad,
1056,805781895,308350,03,P,CMSC  MS -----, , , ,Graduate Student,Graduate,Continuing Grad,
1056,841833167,327436,01,C,UNDC  UGND -----, , , ,Undergrad Other,Visiting Student,New UG Other,
1056,827110022,327436,01,B,CMSC  BS -----, , , ,Undergrad Transfers,Transfer,Continuing UG,
1056,835594345,303740,01,A,CMSC  BS -----, , , ,Undergrad Transfers,Transfer,Continuing UG,
1056,849205081,303646,01,A,CMSC  BS -----, , , ,First Time Freshman,Freshman,Continuing UG,
1056,833763828,312768,04,P,CMSC  PHD -----, , , ,Graduate Student,Graduate,Continuing Grad,
1056,822589779,303740,01,A,CMSC  BS -----, , , ,Undergrad Transfers,Transfer,Continuing UG,
1056,842232730,303740,01,B,CMSC  BS -----, , , ,Undergrad Transfers,Transfer,Continuing UG,
