1066,841067196,327436,01,A,CMSC  BS -----, , , ,First Time Freshman,Freshman,Continuing UG,
1066,848051161,327436,01,B,CMPE  BS -----, , , ,First Time Freshman,Freshman,Continuing UG,
1066,813127852,303783,01,A,CMSC  BS -----, , , ,Undergrad Transfers,Transfer,Continuing UG,
1066,825025428,303740,01,A,CMSC  BS -----,MATH  BS -----, , ,First Time Freshman,High School Early Admit,Continuing UG,
1066,825460661,327436,01,C,CMSC  BS -----, , , ,First Time Freshman,Freshman,Continuing UG,
1066,818857783,327436,01,C,CMSC  BS -----,MATH  BA -----, , ,First Time Freshman,Freshman,Continuing UG,
1066,821678890,303740,01,A,CMSC  BS -----, , , ,Undergrad Transfers,Transfer,Continuing UG,
1066,820218656,303783,01,A,CMSC  BS -----, , , ,Undergrad Transfers,Transfer,Continuing UG,
1066,821407012,303783,01,A,CMSC  BS -----, , , ,First Time Freshman,Freshman,Continuing UG,
1066,834826960,303740,01,A,CMSC  BS -----, , , ,Undergrad Transfers,Transfer,Continuing UG,
1066,834826960,303783,01,A,CMSC  BS -----, , , ,Undergrad Transfers,Transfer,Continuing UG,
1066,830297019,303740,01,A,CMSC  BS -----, , , ,Undergrad Transfers,Transfer,Continuing UG,
1066,835719552,303783,01,A,CMSC  BS -----, , , ,First Time Freshman,Freshman,Continuing UG,
1066,818387234,303648,01,A,CMSC  BS -----, , , ,Undergrad Transfers,Transfer,Continuing UG,
1066,818387234,303740,01,A,CMSC  BS -----, , , ,Undergrad Transfers,Transfer,Continuing UG,
1066,829569352,327436,01,B,CMSC  BS -----, , , ,Undergrad Transfers,Transfer,Continuing UG,
1066,824368630,303740,01,B,CMSC  BS -----, , , ,Undergrad Transfers,Transfer,Continuing UG,
1066,841376627,303783,01,A,CMSC  BS -----,VAAV    BA AI     SPC, , ,First Time Freshman,Freshman,Continuing UG,
1066,823602517,303648,01,A,CMSC  BS -----, , , ,First Time Freshman,Freshman,Continuing UG,
1066,823602517,303740,01,A,CMSC  BS -----, , , ,First Time Freshman,Freshman,Continuing UG,
1066,818707811,303648,01,A,CMSC  BS -----, , , ,Undergrad Transfers,Transfer,Continuing UG,
1066,818707811,303740,01,A,CMSC  BS -----, , , ,Undergrad Transfers,Transfer,Continuing UG,
1066,823085155,303740,01,B,CMSC  BS -----, , , ,First Time Freshman,Freshman,Continuing UG,
1066,829810707,327436,01,A,CMSC  BS -----,BIOL  BS -----, , ,First Time Freshman,Freshman,Continuing UG,
1066,841719839,327436,01,B,CMSC  BS -----, , , ,First Time Freshman,Freshman,Continuing UG,
1066,817073229,303783,01,A,CMSC  BS -----,MATH  MINR -----, , ,Undergrad Transfers,Transfer,Continuing UG,
1066,833107595,303740,01,F,CMSC  BS -----, , , ,First Time Freshman,Freshman,Continuing UG,
1066,833107595,303783,01,F,CMSC  BS -----, , , ,First Time Freshman,Freshman,Continuing UG,
1066,804617487,310559,01,P,CMSC  MS -----, , , ,Graduate Student,Graduate,Continuing Grad,
1066,807725821,327436,01,B,CMSC  BS -----, , , ,First Time Freshman,Freshman,Continuing UG,
1066,827496585,303648,01,A,CMSC  BS -----, , , ,First Time Freshman,Freshman,Continuing UG,
1066,827496585,303740,01,A,CMSC  BS -----, , , ,First Time Freshman,Freshman,Continuing UG,
1066,822930494,303648,01,A,CMSC  BS -----, , , ,Undergrad Transfers,Transfer,Continuing UG,
1066,846815086,303648,01,B,CMSC  BS -----, , , ,First Time Freshman,Freshman,Continuing UG,
1066,811932503,303740,01,B,CMPE  BS -----, , , ,Undergrad Transfers,Transfer,Continuing UG,
1066,822582265,303648,01,A,CMSC  BS -----, , , ,First Time Freshman,Freshman,Continuing UG,
1066,814239764,303783,01,A,CMSC  BS -----, , , ,Undergrad Transfers,Transfer,Continuing UG,
1066,800252796,327436,01,A,CMSC  BS -----,PHYS  BS -----, , ,First Time Freshman,Freshman,Continuing UG,
1066,846078697,327436,01,A,CMSC  BS -----,CMPE  BS -----, , ,First Time Freshman,Freshman,Continuing UG,
1066,800236537,303740,01,A,CMSC  BS -----, , , ,First Time Freshman,Freshman,Continuing UG,
1066,839711847,303648,01,B,CMSC  BS -----,ENGR    BS -----, , ,First Time Freshman,Freshman,Continuing UG,
1066,839711847,303740,01,A,CMSC  BS -----,ENGR    BS -----, , ,First Time Freshman,Freshman,Continuing UG,
1066,823173820,303783,01,A,CMSC  BS -----, , , ,Undergrad Transfers,Transfer,Continuing UG,
1066,841401547,303783,01,A,CMSC  BS -----, , , ,First Time Freshman,Freshman,Continuing UG,
1066,809034192,303783,01,A,CMSC  BS -----, , , ,Undergrad Other,Readmit,Continuing UG,
1066,847576749,327436,01,B,CMSC  BS -----, , , ,Undergrad Transfers,Transfer,Continuing UG,
1066,811676418,327436,01,C,CMSC  BS -----, , , ,First Time Freshman,Freshman,Continuing UG,
1066,849812003,303740,01,C,CMSC  BS -----, , , ,Undergrad Transfers,Transfer,Continuing UG,
1066,849812003,303783,01,B,CMSC  BS -----, , , ,Undergrad Transfers,Transfer,Continuing UG,
1066,831366788,327436,01,B,UNDC  UGND -----, , , ,Undergrad Other,Visiting Student,New UG Other,
1066,835725108,303648,01,A,CMSC  BS -----, , , ,Undergrad Other,Readmit,Continuing UG,
1066,820805871,303783,01,A,CMSC  BS -----, , , ,First Time Freshman,Freshman,Continuing UG,
1066,824561084,303783,01,A,MATH  BS -----,CMSC  BS -----, , ,Undergrad Transfers,Transfer,Continuing UG,
1066,805078936,303740,01,A,CMSC  BS -----, , , ,Undergrad Transfers,Transfer,Continuing UG,
1066,805078936,303783,01,A,CMSC  BS -----, , , ,Undergrad Transfers,Transfer,Continuing UG,
1066,833767993,303648,01,A,CMSC  BS -----,BIOL  BS -----, , ,Undergrad Transfers,Transfer,Continuing UG,
1066,836671180,308350,03,P,CMSC  MS -----, , , ,Graduate Student,Graduate,Continuing Grad,
1066,847446180,327436,01,A,CMSC  BS -----, , , ,First Time Freshman,Freshman,Continuing UG,
1066,838313404,303648,01,A,CMSC  BS -----, , , ,Undergrad Transfers,Transfer,Continuing UG,
1066,801430680,303648,01,B,CMSC  BS -----, , , ,Undergrad Transfers,Transfer,Continuing UG,
1066,801430680,303740,01,B,CMSC  BS -----, , , ,Undergrad Transfers,Transfer,Continuing UG,
1066,830033671,327436,01,A,CMPE  BS -----, , , ,Undergrad Transfers,Transfer,Continuing UG,
1066,815216364,303648,01,A,BIOL  BS -----,CMSC  MINR -----, , ,Undergrad Other,Readmit,Continuing UG,
1066,809499295,303740,01,A,CMSC  BS -----, , , ,Undergrad Transfers,Transfer,Continuing UG,
1066,848430748,303783,01,B,CMSC  BS -----, , , ,Undergrad Transfers,Transfer,Continuing UG,
1066,848089080,327436,01,B,CMSC  BS -----, , , ,Undergrad Transfers,Transfer,Continuing UG,
1066,821668252,303648,01,W,CMSC  BS -----, , , ,First Time Freshman,Freshman,Continuing UG,
1066,819142483,303783,01,A,CMSC  BS -----, , , ,First Time Freshman,Freshman,Continuing UG,
1066,836439075,308349,02,P,CMSC  MS -----, , , ,Graduate Student,Graduate,Continuing Grad,
1066,836439075,308350,04,P,CMSC  MS -----, , , ,Graduate Student,Graduate,Continuing Grad,
1066,808430868,303783,01,B,CMSC  BS -----, , , ,Undergrad Transfers,Transfer,Continuing UG,
1066,825284198,303648,01,A,CMSC  BS -----,IFSM  MINR -----, , ,First Time Freshman,Freshman,Continuing UG,
1066,803182081,303783,01,A,CMSC  BS -----, , , ,Undergrad Transfers,Transfer,Continuing UG,
1066,803675294,327436,01,B,MATH  BS -----,GEOG  MINR -----, , ,First Time Freshman,Freshman,Continuing UG,
1066,847618018,303783,01,B,CMSC  BS -----, , , ,Undergrad Transfers,Transfer,Continuing UG,
1066,814837974,303648,01,A,CMSC  BS -----, , , ,Undergrad Transfers,Transfer,Continuing UG,
1066,827368568,303648,01,A,CMSC  BS -----,ENGR    BS -----, , ,First Time Freshman,Freshman,Continuing UG,
1066,842450294,303740,01,A,MATH  BS -----,CMSC  MINR -----, , ,Undergrad Other,Readmit,Continuing UG,
1066,818864459,303740,01,A,CMSC  BS -----,MATH  BS -----,PHIL  MINR -----, ,First Time Freshman,Freshman,Continuing UG,
1066,809512188,327436,01,A,CMSC  BS -----, , , ,First Time Freshman,Freshman,Continuing UG,
1066,821602370,303740,01,A,UNDC  UGND -----, , , ,Undergrad Other,Visiting Student,New UG Other,
1066,840455872,303648,01,A,CMSC  BS -----, , , ,Undergrad Transfers,Transfer,Continuing UG,
1066,840455872,303740,01,A,CMSC  BS -----, , , ,Undergrad Transfers,Transfer,Continuing UG,
1066,801829541,303740,01,A,BINF  BS -----, , , ,Undergrad Other,Readmit,Continuing UG,
1066,828281544,327436,01,A,CMSC  BS -----,PSYC  BS -----, , ,First Time Freshman,Freshman,Continuing UG,
1066,803306841,303648,01,A,CMSC  BS -----, , , ,Undergrad Transfers,Transfer,Continuing UG,
1066,803306841,303740,01,B,CMSC  BS -----, , , ,Undergrad Transfers,Transfer,Continuing UG,
1066,844561038,310559,01,P,CMSC  MS -----, , , ,Graduate Student,Graduate,Continuing Grad,
1066,834004659,303783,01,A,CMSC  BS -----, , , ,Undergrad Transfers,Transfer,Continuing UG,
1066,841934400,327436,01,A,INDS  BS -----,HONR   CTN -----, , ,First Time Freshman,Freshman,Continuing UG,
1066,824303289,303783,01,A,CMSC  BS -----, , , ,Undergrad Transfers,Transfer,Continuing UG,
1066,807326884,303783,01,A,IFSM  BS -----,MATH  MINR -----,CMSC  MINR -----, ,First Time Freshman,Freshman,Continuing UG,
1066,836752941,327436,01,B,CMPE  BS -----,ENGR    BS -----, , ,First Time Freshman,Freshman,Continuing UG,
1066,833114038,303648,01,A,CMSC  BS -----, , , ,Undergrad Transfers,Transfer,Continuing UG,
1066,812474552,303740,01,B,CMSC  BS -----, , , ,Undergrad Transfers,Transfer,Continuing UG,
1066,828668179,327436,01,B,CMSC  BS -----, , , ,Undergrad Transfers,Transfer,Continuing UG,
1066,838308431,303740,01,A,CMSC  BS -----, , , ,Undergrad Transfers,Transfer,Continuing UG,
1066,806091395,327436,01,A,CMPE  BS -----, , , ,First Time Freshman,Freshman,Continuing UG,
1066,820584762,303783,01,A,CMSC  BS -----, , , ,First Time Freshman,Freshman,Continuing UG,
1066,824053361,303740,01,A,CMSC  BS -----, , , ,First Time Freshman,Freshman,Continuing UG,
1066,824053361,303783,01,A,CMSC  BS -----, , , ,First Time Freshman,Freshman,Continuing UG,
1066,820986509,303648,01,A,CMSC  BS -----, , , ,Undergrad Transfers,Transfer,Continuing UG,
1066,824254134,303740,01,A,CMSC  BS -----, , , ,Undergrad Transfers,Transfer,Continuing UG,
1066,821588462,303648,01,A,CMSC  BS -----, , , ,First Time Freshman,Freshman,Continuing UG,
1066,808862896,303740,01,B,CMSC  BS -----,PHYS  MINR -----, , ,Undergrad Transfers,Transfer,Continuing UG,
1066,808862896,303783,01,A,CMSC  BS -----,PHYS  MINR -----, , ,Undergrad Transfers,Transfer,Continuing UG,
1066,812333156,303648,01,A,BIOL  BS -----,CMSC  MINR -----, , ,Undergrad Transfers,Transfer,Continuing UG,
1066,810168539,303783,01,B,CMSC  BS -----, , , ,First Time Freshman,Freshman,Continuing UG,
1066,828794305,303740,01,W,CMSC  BS -----, , , ,Undergrad Transfers,Transfer,Continuing UG,
1066,809832286,303740,01,A,CMSC  BS -----, , , ,Undergrad Transfers,Transfer,Continuing UG,
1066,812702169,303740,01,A,CMSC  BS -----, , , ,Undergrad Transfers,Transfer,Continuing UG,
1066,832134580,308349,01,P,CMSC  GRND -----,CMSC  MS -----, , ,Graduate Student,Graduate,Continuing Grad,
1066,815524103,303783,01,A,IFSM  BS -----,CMSC  MINR -----, , ,First Time Freshman,Freshman,Continuing UG,
1066,832337069,303740,01,A,CMPE  BS -----, , , ,Undergrad Transfers,Transfer,Continuing UG,
1066,829977150,303648,01,A,CMSC  BS -----, , , ,Undergrad Transfers,Transfer,Continuing UG,
1066,829977150,303740,01,A,CMSC  BS -----, , , ,Undergrad Transfers,Transfer,Continuing UG,
1066,815170540,303783,01,A,CMSC  BS -----, , , ,Undergrad Transfers,Transfer,Continuing UG,
1066,824301219,312767,01,P,CMSC  PHD -----, , , ,Graduate Student,Graduate,Continuing Grad,
1066,821689219,303783,01,A,CMSC  BS -----, , , ,Undergrad Transfers,Transfer,Continuing UG,
1066,807269050,303648,01,A,CMSC  BS -----, , , ,Undergrad Transfers,Transfer,Continuing UG,
1066,821750032,303783,01,A,CMSC  BS -----, , , ,First Time Freshman,Freshman,Continuing UG,
1066,833073856,303648,01,B,CMSC  BS -----,ENGR    BS -----, , ,Undergrad Transfers,Transfer,Continuing UG,
1066,833073856,303740,01,A,CMSC  BS -----,ENGR    BS -----, , ,Undergrad Transfers,Transfer,Continuing UG,
1066,825483984,303648,01,A,CMSC  BS -----,ASIA  MINR -----, , ,Undergrad Transfers,Transfer,Continuing UG,
1066,825483984,303740,01,A,CMSC  BS -----,ASIA  MINR -----, , ,Undergrad Transfers,Transfer,Continuing UG,
1066,838407809,303740,01,A,CMSC  BS -----, , , ,Undergrad Transfers,Transfer,Continuing UG,
1066,849749704,327436,01,A,MENG  BS -----,HONR   CTN -----,MATH  MINR -----,CMSC  MINR -----,First Time Freshman,Freshman,Continuing UG,
1066,814172554,303740,01,A,CMPE  BS -----, , , ,Undergrad Transfers,Transfer,Continuing UG,
1066,848366559,327436,01,B,FIEC  BS -----,MBAP  CRTN -----,BIOL  BA -----,ENTR  MINR -----,Undergrad Other,Readmit,Continuing UG,
1066,849266641,327436,01,B,CMSC  BS -----, , , ,Undergrad Transfers,Transfer,Continuing UG,
1066,804056282,303783,01,B,CMSC  BS -----,IFSM  MINR -----,AMST  MINR -----, ,First Time Freshman,Freshman,Continuing UG,
1066,848494422,303783,01,A,CMSC  BS -----, , , ,First Time Freshman,Freshman,Continuing UG,
1066,822339154,327436,01,A,CMSC  BS -----, , , ,First Time Freshman,Freshman,Continuing UG,
1066,831251371,303740,01,A,CMSC  BS -----, , , ,Undergrad Transfers,Transfer,Continuing UG,
1066,831251371,303783,01,A,CMSC  BS -----, , , ,Undergrad Transfers,Transfer,Continuing UG,
1066,822732437,327436,01,B,FIEC  BS -----,ACCT  ULC -----, , ,First Time Freshman,Freshman,Continuing UG,
1066,816057094,303783,01,A,CMSC  BS -----, , , ,First Time Freshman,Freshman,Continuing UG,
1066,837398975,308347,01,P,CMSC  PHD -----, , , ,Graduate Student,Unknown,Continuing Grad,
1066,819462622,303783,01,A,CMSC  BS -----, , , ,First Time Freshman,Freshman,Continuing UG,
1066,809251577,303648,01,A,CMSC  BS -----, , , ,Undergrad Transfers,Transfer,Continuing UG,
1066,831770801,327436,01,A,CMPE  BS -----,VAAV  BFA PHBFA  SPC, , ,First Time Freshman,Freshman,Continuing UG,
1066,806199538,303648,01,A,CMSC  BS -----,MATH  MINR -----, , ,Undergrad Transfers,Transfer,Continuing UG,
1066,833007744,303648,01,B,CMSC  BS -----, , , ,First Time Freshman,Freshman,Continuing UG,
1066,811143120,303740,01,A,CMSC  BS -----,ENGR    BS -----, , ,Undergrad Transfers,Transfer,Continuing UG,
1066,811143120,303783,01,A,CMSC  BS -----,ENGR    BS -----, , ,Undergrad Transfers,Transfer,Continuing UG,
