1076,845695483,327434,01,A,BIOL  BS -----, , , ,Undergrad Transfers,Transfer,Continuing UG,
1076,830508545,327436,01,C,PCMS    BS -----,BIOL  MINR -----, , ,First Time Freshman,Freshman,Continuing Other,
1076,812403650,303548,01,C,CMSC  BS -----,MATH  MINR -----, , ,Undergrad Transfers,Transfer,Continuing UG,
1076,812403650,303648,01,B,CMSC  BS -----,MATH  MINR -----, , ,Undergrad Transfers,Transfer,Continuing UG,
1076,801056245,303548,01,D,CMSC  BS -----,CMPE  BS -----, , ,Undergrad Transfers,Transfer,Continuing UG,
1076,801056245,303740,01,C,CMSC  BS -----,CMPE  BS -----, , ,Undergrad Transfers,Transfer,Continuing UG,
1076,847476506,327434,01,A,PCMS    BS -----, , , ,First Time Freshman,Freshman,Continuing UG,
1076,818961661,327434,01,A,PENG    BS -----,PMEE    BS -----, , ,First Time Freshman,Freshman,Continuing UG,
1076,829912335,327434,01,A,PCMS    BS -----, , , ,First Time Freshman,Freshman,Continuing UG,
1076,812371782,327434,01,B,PCMS    BS -----, , , ,First Time Freshman,Freshman,Continuing UG,
1076,810396752,327434,01,B,PCMS    BS -----, , , ,First Time Freshman,Freshman,Continuing UG,
1076,823528321,327434,01,W,PCMS    BS -----, , , ,Undergrad Transfers,Transfer,Continuing UG,
1076,811918125,327434,01,A,CENG  BS -----,HONR   CTN -----, , ,First Time Freshman,Freshman,New Freshman,
1076,844590386,303648,01,A,CMSC  BS -----, , , ,Undergrad Transfers,Transfer,Continuing UG,
1076,824992879,327436,01,B,PCMS    BS -----, , , ,Undergrad Transfers,Transfer,Continuing UG,
1076,845998804,303648,01,A,BIOL  BA -----,CMSC  BS -----, , ,First Time Freshman,Freshman,Continuing UG,
1076,845998804,303740,01,A,BIOL  BA -----,CMSC  BS -----, , ,First Time Freshman,Freshman,Continuing UG,
1076,811540315,327434,01,B,PCMS    BS -----,IFSM  BS -----, , ,Undergrad Transfers,Transfer,Continuing UG,
1076,825025428,303783,01,A,CMSC  BS -----,MATH  BS -----, , ,First Time Freshman,High School Early Admit,Continuing UG,
1076,832108540,308350,01,P,CMSC  MS -----, , , ,Graduate Student,Graduate,Continuing Grad,
1076,807012147,303740,01,A,CMSC  BS -----,MATH  MINR -----, , ,First Time Freshman,Freshman,Continuing UG,
1076,804020720,303740,01,A,CMPE  BS -----, , , ,Undergrad Transfers,Transfer,Continuing UG,
1076,813468989,303783,01,A,CMSC  BS -----, , , ,Undergrad Other,Readmit,Continuing UG,
1076,804269559,301295,01,A,CMSC  BS -----, , , ,Undergrad Transfers,Transfer,Continuing UG,
1076,815346063,303740,01,A,CMPE  BS -----,MUSC  MINR -----, , ,First Time Freshman,Freshman,Continuing UG,
1076,829569352,303783,01,A,CMSC  BS -----, , , ,Undergrad Transfers,Transfer,Continuing UG,
1076,839867789,303740,01,A,CMPE  BS -----, , , ,Undergrad Other,Reinstate,Continuing UG,
1076,815938225,303648,01,A,CMSC  BS -----, , , ,Undergrad Transfers,Transfer,Continuing UG,
1076,815938225,303740,01,B,CMSC  BS -----, , , ,Undergrad Transfers,Transfer,Continuing UG,
1076,824203062,303548,01,C,CMSC  BS -----,GWST    BA -----, , ,First Time Freshman,Freshman,Continuing UG,
1076,807171330,303740,01,A,PCMP   BS -----,PENG    BS -----, , ,Undergrad Transfers,Transfer,Continuing UG,
1076,815877008,327434,01,C,BIOL  BS -----,BINF  MINR -----, , ,Undergrad Transfers,Transfer,Continuing UG,
1076,803963952,303548,01,B,CMPE  BS -----,ENTR  MINR -----,HONR   CTN -----, ,First Time Freshman,Freshman,Continuing UG,
1076,838194055,327436,01,B,PCMS    BS -----, , , ,First Time Freshman,Freshman,Continuing UG,
1076,809068818,327436,01,B,CMSC  BS -----, , , ,First Time Freshman,Freshman,Continuing UG,
1076,837196782,303740,01,C,CMSC  BS -----, , , ,Undergrad Transfers,Transfer,Continuing UG,
1076,842142696,303548,01,A,CMSC  BS -----, , , ,Undergrad Transfers,Transfer,Continuing UG,
1076,819367656,303548,01,B,CMSC  BS -----, , , ,First Time Freshman,Freshman,Continuing UG,
1076,826416704,303548,01,A,MENG  BS -----,CMPE  BS -----, , ,Undergrad Transfers,Transfer,Continuing UG,
1076,832265846,303783,01,A,CMSC  BS -----,MATH  BS -----, , ,First Time Freshman,Freshman,Continuing UG,
1076,801468934,301295,01,B,PCMS    BS -----, , , ,First Time Freshman,Freshman,Continuing UG,
1076,829135542,327436,01,B,PCMS    BS -----,PCMP   BS -----, , ,First Time Freshman,Freshman,Continuing UG,
1076,819617971,303648,01,A,CMSC  BS -----, , , ,First Time Freshman,Freshman,Continuing UG,
1076,848470691,310559,02,NG,CMSC  MS -----, , , ,Graduate Student,Graduate,Continuing Grad,
1076,831693578,327436,01,C,IFSM  BS -----,POLI  BA -----,HONR   CTN -----, ,First Time Freshman,Freshman,Continuing UG,
1076,811536359,303548,01,C,CMPE  BS -----,CMSC  BS -----, , ,Undergrad Transfers,Transfer,Continuing UG,
1076,811536359,303648,01,A,CMPE  BS -----,CMSC  BS -----, , ,Undergrad Transfers,Transfer,Continuing UG,
1076,841719839,303648,01,A,CMSC  BS -----, , , ,First Time Freshman,Freshman,Continuing UG,
1076,835910625,301295,01,C,CMSC  BS -----,MATH  MINR -----, , ,Undergrad Transfers,Transfer,Continuing UG,
1076,830279452,303548,01,W,CMSC  BS -----,PHYS  MINR -----,PSYC  MINR -----, ,First Time Freshman,Freshman,Continuing UG,
1076,830279452,303648,01,W,CMSC  BS -----,PHYS  MINR -----,PSYC  MINR -----, ,First Time Freshman,Freshman,Continuing UG,
1076,830279452,303740,01,W,CMSC  BS -----,PHYS  MINR -----,PSYC  MINR -----, ,First Time Freshman,Freshman,Continuing UG,
1076,828295982,327436,01,W,MATH  BS -----,PHIL  MINR -----,CMSC  MINR -----,PHYS  MINR -----,Undergrad Transfers,Transfer,Continuing UG,
1076,801266460,303648,01,A,CMSC  BS -----, , , ,Undergrad Transfers,Transfer,Continuing UG,
1076,821084871,327434,01,C,PCMS    BS -----,ECON  MINR -----, , ,First Time Freshman,Freshman,Continuing UG,
1076,806291053,303648,01,A,CMSC  BS -----, , , ,First Time Freshman,Freshman,Continuing UG,
1076,844418718,301295,01,A,PCMS    BS -----, , , ,Undergrad Transfers,Transfer,Continuing UG,
1076,849754508,303548,01,A,CMPE  BS -----,ENGR    BS -----, , ,First Time Freshman,Freshman,Continuing UG,
1076,839627378,327436,01,W,PCMP   BS -----,MLL   MINR CHINM  SPC, , ,Undergrad Transfers,Transfer,Continuing UG,
1076,833997937,303924,01,A,CMSC  BS -----,MATH  MINR -----, , ,First Time Freshman,Freshman,Continuing UG,
1076,809538497,303548,01,F,CMSC  BS -----, , , ,Undergrad Transfers,Transfer,Continuing UG,
1076,808165447,327436,01,B,PCMP   BS -----, , , ,First Time Freshman,Freshman,Continuing UG,
1076,809059599,327436,01,B,UNDC  UGND -----, , , ,Undergrad Other,Visiting Student,New UG Other,
1076,806837896,303740,01,A,CMSC  BS -----,PHIL  MINR -----, , ,First Time Freshman,Freshman,Continuing UG,
1076,806837896,303924,01,A,CMSC  BS -----,PHIL  MINR -----, , ,First Time Freshman,Freshman,Continuing UG,
1076,824878823,303548,01,A,CMSC  BS -----, , , ,First Time Freshman,Freshman,Continuing UG,
1076,824878823,303648,01,A,CMSC  BS -----, , , ,First Time Freshman,Freshman,Continuing UG,
1076,815276420,303548,01,W,CMSC  BS -----,PENG    BS -----, , ,Undergrad Transfers,Transfer,Continuing UG,
1076,807143611,327436,01,C,PCMP   BS -----, , , ,First Time Freshman,Freshman,Continuing UG,
1076,840874940,327436,01,A,PCMP   BS -----, , , ,Undergrad Transfers,Transfer,Continuing UG,
1076,846078697,303740,01,A,CMSC  BS -----,CMPE  BS -----, , ,First Time Freshman,Freshman,Continuing UG,
1076,834615948,303740,01,A,CMSC  BS -----, , , ,First Time Freshman,Freshman,Continuing UG,
1076,823173820,303648,01,A,CMSC  BS -----, , , ,Undergrad Transfers,Transfer,Continuing UG,
1076,823173820,303740,01,A,CMSC  BS -----, , , ,Undergrad Transfers,Transfer,Continuing UG,
1076,806489445,301295,01,A,PCMS    BS -----, , , ,Undergrad Transfers,Transfer,Continuing UG,
1076,840246839,327436,01,A,PCMS    BS -----, , , ,First Time Freshman,Freshman,Continuing UG,
1076,846955328,303740,01,A,CMSC  BS -----, , , ,Undergrad Transfers,Transfer,Continuing UG,
1076,818501937,301295,01,A,CMSC  BS -----,ENTR  MINR -----, , ,Undergrad Transfers,Transfer,Continuing UG,
1076,836857079,327434,01,A,UGST    BA -----,HONR   CTN -----, , ,First Time Freshman,Freshman,Continuing UG,
1076,826156108,301295,01,A,CMSC  BS -----, , , ,First Time Freshman,Freshman,Continuing UG,
1076,826156108,303740,01,A,CMSC  BS -----, , , ,First Time Freshman,Freshman,Continuing UG,
1076,805203482,303740,01,A,CMSC  BS -----, , , ,First Time Freshman,Freshman,Continuing UG,
1076,828359407,303924,01,A,CMSC  BS -----, , , ,Undergrad Transfers,Transfer,Continuing UG,
1076,815221237,327434,01,B,PCMS    BS -----, , , ,First Time Freshman,Freshman,Continuing UG,
1076,813124861,303548,01,A,CMPE  BS -----, , , ,First Time Freshman,Freshman,Continuing UG,
1076,813124861,303740,01,A,CMPE  BS -----, , , ,First Time Freshman,Freshman,Continuing UG,
1076,816207189,301295,01,B,CMSC  BS -----, , , ,First Time Freshman,Freshman,Continuing UG,
1076,816207189,303648,01,A,CMSC  BS -----, , , ,First Time Freshman,Freshman,Continuing UG,
1076,842681150,303648,01,A,CMSC  BS -----, , , ,First Time Freshman,Freshman,Continuing UG,
1076,842681150,303740,01,A,CMSC  BS -----, , , ,First Time Freshman,Freshman,Continuing UG,
1076,800680751,303740,01,A,CMSC  BS -----, , , ,Undergrad Transfers,Transfer,Continuing UG,
1076,836633539,303548,01,W,CMPE  BS -----,MATH  MINR -----, , ,Undergrad Transfers,Transfer,Continuing UG,
1076,827141838,301295,01,B,CMSC  BS -----,MATH  MINR -----, , ,First Time Freshman,Freshman,Continuing UG,
1076,834102203,301295,01,B,PHYS  BS -----,CMSC  BS -----, , ,First Time Freshman,Freshman,Continuing UG,
1076,834102203,303548,01,B,PHYS  BS -----,CMSC  BS -----, , ,First Time Freshman,Freshman,Continuing UG,
1076,834102203,303783,01,A,PHYS  BS -----,CMSC  BS -----, , ,First Time Freshman,Freshman,Continuing UG,
1076,803138995,327436,01,C,CMPE  BS -----, , , ,First Time Freshman,Freshman,Continuing UG,
1076,809637005,303648,01,A,CMSC  BS -----, , , ,Undergrad Transfers,Transfer,Continuing UG,
1076,828442760,303548,01,C,CMSC  BS -----, , , ,Undergrad Transfers,Transfer,Continuing UG,
1076,828442760,303648,01,B,CMSC  BS -----, , , ,Undergrad Transfers,Transfer,Continuing UG,
1076,828442760,303783,01,B,CMSC  BS -----, , , ,Undergrad Transfers,Transfer,Continuing UG,
1076,805078936,303648,01,A,CMSC  BS -----, , , ,Undergrad Transfers,Transfer,Continuing UG,
1076,804762830,303648,01,A,CMSC  BS -----, , , ,Undergrad Transfers,Transfer,Continuing UG,
1076,848633331,303648,01,A,CMSC  BS -----, , , ,Undergrad Transfers,Transfer,Continuing UG,
1076,801695192,327436,01,D,UGST    BA -----,IFSM  MINR -----, , ,First Time Freshman,Freshman,Continuing UG,
1076,817465339,303924,01,A,CMSC  BS -----, , , ,Undergrad Transfers,Transfer,Continuing UG,
1076,838028941,301295,01,B,CMSC  BS -----, , , ,Undergrad Transfers,Transfer,Continuing UG,
1076,847464107,303648,01,A,CMSC  BS -----, , , ,Undergrad Transfers,Transfer,Continuing UG,
1076,846950590,303783,01,A,CMSC  BS -----,PHYS  MINR -----,MATH  MINR -----,HONR   CTN -----,First Time Freshman,Freshman,Continuing UG,
1076,826165534,303783,01,A,UNDC  UGND -----, , , ,Undergrad Other,Visiting Student,New UG Other,
1076,839353475,312768,02,NG,CMSC  PHD -----, , , ,Graduate Student,Graduate,Continuing Grad,
1076,840109437,327436,01,F,UNDC  UGND -----, , , ,Undergrad Other,Visiting Student,New UG Other,
1076,826339388,303648,01,A,CMSC  BS -----, , , ,Undergrad Transfers,Transfer,Continuing UG,
1076,844685524,327434,01,B,BIOL  BA -----, , , ,First Time Freshman,Freshman,Continuing UG,
1076,800143338,327434,01,B,UNDC  UGND -----,PMEE    BS -----, , ,Undergrad Other,Special - Non Degree,Continuing UG,
1076,832771006,327434,01,B,PCMS    BS -----,ECON  MINR -----,HONR   CTN -----, ,Undergrad Transfers,Transfer,Continuing UG,
1076,838172173,327434,01,C,PCMS    BS -----, , , ,Undergrad Transfers,Transfer,Continuing UG,
1076,833755472,303740,01,A,CMSC  BS -----, , , ,Undergrad Transfers,Transfer,Continuing UG,
1076,841460539,327436,01,B,PCMS    BS -----, , , ,First Time Freshman,Freshman,Continuing UG,
1076,824583401,303740,01,A,CMSC  BS -----, , , ,Undergrad Transfers,Transfer,Continuing UG,
1076,813707108,303648,01,A,CMSC  BS -----, , , ,First Time Freshman,Freshman,Continuing UG,
1076,813707108,303740,01,A,CMSC  BS -----, , , ,First Time Freshman,Freshman,Continuing UG,
1076,805041491,301295,01,A,CMSC  BS -----,ENTR  MINR -----, , ,Undergrad Transfers,Transfer,Continuing UG,
1076,808621493,327434,01,A,BIOC  BS -----,CMSC  MINR -----, , ,Undergrad Transfers,Transfer,Continuing UG,
1076,808621493,327436,01,B,BIOC  BS -----,CMSC  MINR -----, , ,Undergrad Transfers,Transfer,Continuing UG,
1076,836515569,301295,01,B,CMSC  BS -----, , , ,Undergrad Transfers,Transfer,Continuing UG,
1076,803259572,327434,01,A,PSYC  BS -----,GWST  MINR -----,HONR   CTN -----, ,First Time Freshman,Freshman,Continuing UG,
1076,803259572,327436,01,A,PSYC  BS -----,GWST  MINR -----,HONR   CTN -----, ,First Time Freshman,Freshman,Continuing UG,
1076,822058239,303740,01,A,CMSC  BS -----, , , ,Undergrad Transfers,Transfer,Continuing UG,
1076,814512374,327436,01,W,PCMS    BS -----, , , ,First Time Freshman,Freshman,Continuing UG,
1076,801829541,303648,01,A,UNDC  UGND -----, , , ,Undergrad Other,Visiting Student,New UG Other,
1076,838820098,303740,01,A,CMSC  BS -----, , , ,First Time Freshman,Freshman,Continuing UG,
1076,822161835,312768,01,P,CMPE  PHD -----, , , ,Graduate Student,Graduate,Continuing Grad,
1076,828560434,327434,01,B,CHEM  BA -----, , , ,Undergrad Transfers,Transfer,Continuing UG,
1076,805099956,303924,01,A,BIOC  BS -----,CMSC  BS -----, , ,Undergrad Transfers,Transfer,Continuing UG,
1076,802465971,301295,01,W,PCMS    BS -----, , , ,Undergrad Transfers,Transfer,Continuing UG,
1076,848230683,303548,01,B,CMSC  BS -----, , , ,Undergrad Transfers,Transfer,Continuing UG,
1076,801414363,303548,01,A,CMSC  BS -----,HONR   CTN -----, , ,Undergrad Transfers,Transfer,Continuing UG,
1076,818145370,303740,01,A,PCMS    BS -----, , , ,Undergrad Transfers,Transfer,Continuing UG,
1076,802256584,303548,01,A,CMSC  BS -----, , , ,First Time Freshman,Freshman,Continuing UG,
1076,842358220,303648,01,A,CMSC  BS -----, , , ,First Time Freshman,Freshman,Continuing UG,
1076,815864415,303548,01,A,CMSC  BS -----,MATH  MINR -----, , ,First Time Freshman,Freshman,Continuing UG,
1076,807436066,303548,01,C,CMPE  BS -----,STAT  MINR -----, , ,First Time Freshman,Freshman,Continuing UG,
1076,830119909,303740,01,C,CMSC  BS -----,CMPE  BS -----, , ,First Time Freshman,Freshman,Continuing UG,
1076,804175128,301295,01,A,PCMS    BS -----,PENG    BS -----, , ,First Time Freshman,Freshman,Continuing UG,
1076,828134178,301295,01,B,PCMS    BS -----,PCMP   BS -----, , ,Undergrad Transfers,Transfer,Continuing UG,
1076,836775558,303548,01,B,CMSC  BS -----, , , ,First Time Freshman,Freshman,Continuing UG,
1076,816894973,301295,01,B,CMSC  BS -----, , , ,First Time Freshman,Freshman,Continuing UG,
1076,814269518,303648,01,A,CMSC  BS -----, , , ,Undergrad Other,Unknown,Continuing UG,
1076,814269518,303783,01,A,CMSC  BS -----, , , ,Undergrad Other,Unknown,Continuing UG,
1076,827829981,327436,01,C,CMSC  BS -----,HONR   CTN -----, , ,First Time Freshman,Freshman,Continuing UG,
1076,844364774,327436,01,B,BINF  BS -----, , , ,Undergrad Transfers,Transfer,Continuing UG,
1076,807352239,327436,01,F,BIOC  BS -----, , , ,First Time Freshman,Freshman,Continuing UG,
1076,805131977,308350,02,P,CMSC  PHD -----, , , ,Graduate Student,Graduate,Continuing Grad,
1076,800441177,303648,01,A,CMSC  BS -----, , , ,Undergrad Transfers,Transfer,Continuing UG,
1076,835594774,301295,01,B,CMSC  BS -----, , , ,Undergrad Transfers,Transfer,Continuing UG,
1076,808862896,303648,01,A,CMSC  BS -----,PHYS  MINR -----, , ,Undergrad Transfers,Transfer,Continuing UG,
1076,827383310,303924,01,A,CMSC  BS -----, , , ,Undergrad Transfers,Transfer,Continuing UG,
1076,844641847,301295,01,A,CMSC  BS -----, , , ,First Time Freshman,Freshman,Continuing UG,
1076,836791977,303740,01,A,CMSC  BS -----,HONR   CTN -----, , ,Undergrad Transfers,Transfer,Continuing UG,
1076,817624515,327436,01,B,CMSC  BS -----,BIOL  MINR -----, , ,First Time Freshman,Freshman,Continuing UG,
1076,839153258,327434,01,B,ECON  BA -----, , , ,First Time Freshman,Freshman,Continuing UG,
1076,812702169,303648,01,A,CMSC  BS -----, , , ,Undergrad Transfers,Transfer,Continuing UG,
1076,821677830,301295,01,A,CMSC  BS -----, , , ,Undergrad Transfers,Transfer,Continuing UG,
1076,827345095,303783,01,A,CMSC  BS -----, , , ,Undergrad Transfers,Transfer,Continuing UG,
1076,819794522,303924,01,B,CMSC  BS -----,WRIC  MINR -----, , ,Undergrad Transfers,Transfer,Continuing UG,
1076,802581101,312767,01,NG,CMSC  PHD -----, , , ,Graduate Student,Graduate,Continuing Grad,
1076,829470724,327436,01,B,PENG    BS -----,PCMP   BS -----, , ,First Time Freshman,Freshman,Continuing UG,
1076,847705731,327436,01,D,CMSC  BS -----, , , ,First Time Freshman,Freshman,Continuing UG,
1076,809054766,327436,01,C,MATH  BS -----, , , ,Undergrad Other,Reinstate,Continuing UG,
1076,808784905,303648,01,A,PHYS  BS -----,MATH  BS -----,ASTR  MINR -----,CMSC  MINR -----,First Time Freshman,Freshman,Continuing UG,
1076,804215015,303648,01,A,CMSC  BS -----,MUSC  MINR -----, , ,First Time Freshman,Freshman,Continuing UG,
1076,804215015,303783,01,A,CMSC  BS -----,MUSC  MINR -----, , ,First Time Freshman,Freshman,Continuing UG,
1076,818128176,301295,01,B,CMSC  BS -----, , , ,First Time Freshman,Freshman,Continuing UG,
1076,817273357,327434,01,B,INDS  BA -----, , , ,Undergrad Transfers,Transfer,Continuing UG,
1076,817846899,301295,01,A,CMSC  BS -----, , , ,First Time Freshman,Freshman,Continuing UG,
1076,818781216,301295,01,A,PCMS    BS -----, , , ,First Time Freshman,Freshman,Continuing UG,
1076,831390498,327436,01,C,MUSC  BA INPE   SPC,MUSC  BA VOPE   SPC,CMSC  BS -----, ,First Time Freshman,Freshman,Continuing UG,
1076,841539979,301295,01,A,PCMS    BS -----, , , ,Undergrad Transfers,Transfer,Continuing UG,
1076,841568234,303740,01,A,CMSC  BS -----,IFSM  BS -----, , ,First Time Freshman,Freshman,Continuing UG,
1076,800515903,301295,01,B,CMSC  BS -----, , , ,First Time Freshman,Freshman,Continuing UG,
1076,821750032,303648,01,A,CMSC  BS -----, , , ,First Time Freshman,Freshman,Continuing UG,
1076,821750032,303740,01,A,CMSC  BS -----, , , ,First Time Freshman,Freshman,Continuing UG,
1076,833375275,303648,01,A,CMSC  BS -----, , , ,First Time Freshman,Freshman,Continuing UG,
1076,803445128,303648,01,B,CMSC  BS -----, , , ,First Time Freshman,Freshman,Continuing UG,
1076,803445128,303740,01,B,CMSC  BS -----, , , ,First Time Freshman,Freshman,Continuing UG,
1076,816072715,303740,01,B,CMPE  BS -----,EGEO  MINR -----, , ,First Time Freshman,Freshman,Continuing UG,
1076,823729184,303548,01,A,CMPE  BS -----,ENGR    BS -----, , ,Undergrad Transfers,Transfer,Continuing UG,
1076,806545831,308349,01,P,CMSC  MS -----, , , ,Graduate Student,Graduate,Continuing Grad,
1076,842583048,303648,01,A,CMSC  BS -----,ENGR    BS -----, , ,First Time Freshman,Freshman,Continuing UG,
1076,842583048,303740,01,B,CMSC  BS -----,ENGR    BS -----, , ,First Time Freshman,Freshman,Continuing UG,
1076,804833864,327436,01,C,UNDC  UGND -----, , , ,Undergrad Other,Visiting Student,New UG Other,
1076,823477879,303548,01,A,CMPE  BS -----,MATH  MINR -----, , ,First Time Freshman,Freshman,Continuing UG,
1076,817978200,303648,01,A,CMPE  GRND -----, , , ,Graduate Student,Graduate,New Graduate,
1076,825648552,303648,01,B,CMSC  BS -----, , , ,First Time Freshman,Freshman,Continuing UG,
1076,827110022,303548,01,B,CMSC  BS -----, , , ,Undergrad Transfers,Transfer,Continuing UG,
1076,849609845,310559,01,P,CMSC  GRND -----,CMSC  MS -----, , ,Graduate Student,Graduate,Continuing Grad,
1076,808120647,303783,01,A,IFSM  BS -----, , , ,First Time Freshman,Freshman,Continuing UG,
1076,839609520,327434,01,W,UNDC  UGND -----, , , ,Undergrad Other,Special - Non Degree,Continuing UG,
1076,800124210,301295,01,B,CMSC  BS -----, , , ,Undergrad Transfers,Transfer,Continuing UG,
1076,815123884,303924,01,A,CMSC  BS -----, , , ,Undergrad Transfers,Transfer,Continuing UG,
1076,848982409,327436,01,A,MUSC  BA MUTC   SPC,PCMS    BS -----, , ,First Time Freshman,Freshman,Continuing UG,
1076,833763828,308350,03,NG,CMSC  PHD -----, , , ,Graduate Student,Graduate,Continuing Grad,
1076,822569648,301295,01,W,PCMS    BS -----, , , ,Undergrad Transfers,Transfer,Continuing UG,
1076,822569648,303548,01,D,PCMS    BS -----, , , ,Undergrad Transfers,Transfer,Continuing UG,
1076,821135139,301295,01,C,CMSC  BS -----,ENGR    BS -----,MATH  MINR -----, ,First Time Freshman,Freshman,Continuing UG,
1076,821135139,303783,01,C,CMSC  BS -----,ENGR    BS -----,MATH  MINR -----, ,First Time Freshman,Freshman,Continuing UG,
1076,842925617,301295,01,A,PCMS    BS -----,IFSM  BS -----, , ,Undergrad Transfers,Transfer,Continuing UG,
1076,844886321,303648,01,A,CMSC  BS -----,FIEC  BS -----, , ,Undergrad Transfers,Transfer,Continuing UG,
1076,815669090,301295,01,C,PCMS    BS -----, , , ,Undergrad Transfers,Transfer,Continuing UG,
1076,835705632,327436,01,C,PCMP   BS -----, , , ,First Time Freshman,Freshman,Continuing UG,
1076,848305775,308350,02,P,PRST   MPS CYBR TRK, , , ,Graduate Student,Graduate,Continuing Grad,
1076,827292240,303648,01,A,CMSC  BS -----,BINF  MINR -----, , ,First Time Freshman,Freshman,Continuing UG,
1076,827292240,303740,01,A,CMSC  BS -----,BINF  MINR -----, , ,First Time Freshman,Freshman,Continuing UG,
