1080,811610764,327857,01,A,PCMP   BS -----,PSYC  MINR -----, , ,First Time Freshman,Freshman,Continuing UG,
1080,821514478,327857,01,A,PCMS    BS -----,PSYC  BS -----, , ,First Time Freshman,Freshman,Continuing UG,
1080,828948446,327857,01,A,PENG    BS -----, , , ,Undergrad Transfers,Transfer,Continuing UG,
1080,820155315,327857,01,B,PCMS    BS -----, , , ,Undergrad Transfers,Transfer,Continuing UG,
1080,806948997,308350,01,P,CMSC  PHD -----, , , ,Graduate Student,Graduate,Continuing Grad,
1080,807131630,327857,01,B,PCMS    BS -----, , , ,First Time Freshman,Freshman,Continuing UG,
1080,824393957,327857,01,B,PCMS    BS -----, , , ,Undergrad Transfers,Transfer,Continuing UG,
1080,841988154,327857,01,A,UGST    BA COEITB OPT, , , ,First Time Freshman,Freshman,Continuing UG,
1080,839395625,327857,01,A,PCMS    BS -----,PCMP   BS -----, , ,First Time Freshman,Freshman,Continuing UG,
1080,810147294,327857,01,A,PCMS    BS -----,HONR   CTN -----, , ,First Time Freshman,Freshman,Continuing UG,
1080,807347511,327857,01,B,UGST    BA COEITB OPT, , , ,Undergrad Transfers,Transfer,Continuing UG,
1080,833426758,327857,01,B,PCMS    BS -----, , , ,First Time Freshman,Freshman,Continuing UG,
1080,807744668,327857,01,B,PCMS    BS -----, , , ,First Time Freshman,Freshman,Continuing UG,
1080,843984404,327857,01,A,PCMS    BS -----, , , ,Undergrad Transfers,Transfer,Continuing UG,
1080,830470199,327857,01,B,IFSM  BA -----, , , ,First Time Freshman,Freshman,Continuing UG,
1080,843710645,327857,01,B,PCMS    BS -----, , , ,Undergrad Transfers,Transfer,Continuing UG,
