SANDOVAL COUNTY,64,35.6742,2191,NM,1535.48977,-106.948,2124," -106.947185,35.218217,0.0 -106.948285,35.347986,0.0 -107.207824,35.243511,0.0 -107.310099,35.305096,0.0 -107.30845,35.857716,0.0 -107.30845,35.992434,0.0 -106.8856,36.005631,0.0 -106.381919,36.000132,0.0 -106.329681,36.001232,0.0 -106.24775,35.96659,0.0 -106.399515,35.92425,0.0 -106.795421,35.935247,0.0 -106.796521,35.822524,0.0 -106.980177,35.816475,0.0 -106.955433,35.71145,0.0 -106.955433,35.553088,0.0 -106.773976,35.522845,0.0 -106.833362,35.411221,0.0 -106.853707,35.351285,0.0 -106.856457,35.218217,0.0 -106.947185,35.218217,0.0 -106.442404,35.601476,0.0 -106.539182,35.622371,0.0 -106.623862,35.617972,0.0 -106.637608,35.623471,0.0 -106.535333,35.794481,0.0 -106.41821,35.827473,0.0 -106.2483,35.75544,0.0 -106.2483,35.675709,0.0 -106.442404,35.601476,0.0"
WHITE SANDS MISSILE RNGE,66,32.7371,22,NM,650.16976,-106.524,23,"-106.37642,32.910412,0.0 -106.37697,32.516156,0.0 -106.581522,32.430926,0.0 -106.751431,32.88017,0.0 -106.694245,32.904364,0.0 -106.340679,33.052829,0.0 -106.37642,32.910412,0.0"
BELEN,87002,34.6073,21560,NM,362.53087,-106.672,21411,"-106.520486,34.461596,0.0 -106.772326,34.533079,0.0 -106.79817,34.544076,0.0 -106.8823,34.579268,0.0 -106.971379,34.78162,0.0 -106.466049,34.675495,0.0 -106.465499,34.644702,0.0 -106.41711,34.439601,0.0 -106.520486,34.461596,0.0"
BERNALILLO,87004,35.3933,12202,NM,393.56776,-106.534,11893,"-106.356075,35.316644,0.0 -106.50454,35.350186,0.0 -106.507839,35.217667,0.0 -106.574373,35.217117,0.0 -106.593619,35.217667,0.0 -106.605166,35.217667,0.0 -106.598018,35.283102,0.0 -106.853707,35.351285,0.0 -106.833362,35.411221,0.0 -106.690396,35.391976,0.0 -106.665652,35.537691,0.0 -106.539182,35.548689,0.0 -106.364873,35.471157,0.0 -106.323083,35.462909,0.0 -106.2483,35.445863,0.0 -106.2483,35.444763,0.0 -106.246101,35.250109,0.0 -106.356075,35.316644,0.0"
BLUEWATER,87005,35.1374,2172,NM,638.61879,-108.241,2116,"-108.502767,34.959228,0.0 -108.468675,35.299598,0.0 -108.205288,35.306196,0.0 -107.988089,35.305096,0.0 -107.919355,35.305096,0.0 -108.019432,35.135736,0.0 -108.008984,35.102194,0.0 -108.15415,34.934484,0.0 -108.520913,34.883896,0.0 -108.518714,34.959228,0.0 -108.502767,34.959228,0.0"
BOSQUE,87006,34.4663,399,NM,11.19891,-106.81,377,"-106.846559,34.408258,0.0 -106.79817,34.544076,0.0 -106.772326,34.533079,0.0 -106.79982,34.417606,0.0 -106.846559,34.408258,0.0"
CASA BLANCA,87007,35.0089,3189,NM,201.00042,-107.379,3179,"-107.13634,35.098345,0.0 -107.102798,34.985072,0.0 -107.51795,34.870699,0.0 -107.556441,35.074151,0.0 -107.515751,35.112642,0.0 -107.293603,35.026312,0.0 -107.13634,35.098345,0.0"
CEDAR CREST,87008,35.1322,2841,NM,21.65552,-106.384,2794,"-106.392366,35.088448,0.0 -106.428658,35.108243,0.0 -106.427558,35.123089,0.0 -106.414361,35.172028,0.0 -106.329131,35.131337,0.0 -106.392366,35.088448,0.0"
CEDARVALE,87009,34.4286,122,NM,732.83428,-105.644,123,"-105.888135,34.259793,0.0 -105.964018,34.599063,0.0 -105.833148,34.6546,0.0 -105.578009,34.609511,0.0 -105.547766,34.479741,0.0 -105.312971,34.498987,0.0 -105.312971,34.346673,0.0 -105.323969,34.259244,0.0 -105.888135,34.259793,0.0"
CUBA,87013,36.0733,2230,NM,356.36577,-107.344,2243,"-107.626275,36.000132,0.0 -107.624075,36.21953,0.0 -107.411275,36.217881,0.0 -107.407976,36.085912,0.0 -107.046162,36.085912,0.0 -106.980727,36.072165,0.0 -106.88615,36.067216,0.0 -106.8856,36.005631,0.0 -107.30845,35.992434,0.0 -107.626275,36.000132,0.0"
CUBERO,87014,34.897,9569,NM,1974.3064,-107.906,9476," -107.515751,35.112642,0.0 -107.554242,35.303447,0.0 -107.310099,35.305096,0.0 -107.207824,35.243511,0.0 -107.13634,35.098345,0.0 -107.293603,35.026312,0.0 -107.515751,35.112642,0.0 -107.919355,35.305096,0.0 -107.81378,35.182475,0.0 -108.019432,35.135736,0.0 -107.919355,35.305096,0.0 -107.51795,34.870699,0.0 -107.795085,34.579268,0.0 -108.010634,34.578718,0.0 -108.508816,34.579268,0.0 -108.520913,34.883896,0.0 -108.15415,34.934484,0.0 -108.008984,35.102194,0.0 -107.556441,35.074151,0.0 -107.51795,34.870699,0.0"
EDGEWOOD,87015,35.0769,12800,NM,134.00953,-106.189,12139,"-106.067943,35.040609,0.0 -106.182316,34.95318,0.0 -106.241702,34.897643,0.0 -106.260947,35.12089,0.0 -106.257648,35.214918,0.0 -106.155922,35.20447,0.0 -106.067943,35.040609,0.0"
ESTANCIA,87016,34.7481,4497,NM,590.42651,-106.157,4349,"-106.157572,34.608961,0.0 -106.465499,34.644702,0.0 -106.466049,34.675495,0.0 -106.464399,34.810763,0.0 -106.411062,34.870149,0.0 -106.149874,34.870149,0.0 -105.821601,34.838807,0.0 -105.833148,34.6546,0.0 -105.964018,34.599063,0.0 -105.960718,34.745329,0.0 -106.157572,34.608961,0.0"
GALLINA,87017,36.1322,963,NM,530.80091,-106.62,967,"-106.88615,36.067216,0.0 -106.913643,36.216781,0.0 -106.627711,36.331154,0.0 -106.426458,36.237676,0.0 -106.304937,36.037523,0.0 -106.381919,36.000132,0.0 -106.8856,36.005631,0.0 -106.88615,36.067216,0.0"
COUNSELOR,87018,36.1358,620,NM,64.32084,-106.937,619,"-106.88615,36.067216,0.0 -106.980727,36.072165,0.0 -106.992274,36.140349,0.0 -106.992274,36.216781,0.0 -106.913643,36.216781,0.0 -106.88615,36.067216,0.0"
GRANTS,87020,35.2594,11116,NM,462.97922,-107.753,11137,"-108.019432,35.135736,0.0 -107.81378,35.182475,0.0 -107.919355,35.305096,0.0 -107.988089,35.305096,0.0 -108.043626,35.364482,0.0 -107.780788,35.483254,0.0 -107.554242,35.303447,0.0 -107.515751,35.112642,0.0 -107.556441,35.074151,0.0 -108.008984,35.102194,0.0 -108.019432,35.135736,0.0"
JARALES,87023,34.7405,721,NM,357.87103,-107.075,648,"-106.8823,34.579268,0.0 -107.204524,34.578718,0.0 -107.202875,34.95208,0.0 -107.032415,34.887195,0.0 -107.025267,34.871249,0.0 -106.971379,34.78162,0.0 -106.8823,34.579268,0.0"
JEMEZ PUEBLO,87024,35.6575,2273,NM,124.06222,-106.757,2234,"-106.623862,35.617972,0.0 -106.858106,35.575632,0.0 -106.851508,35.712,0.0 -106.683248,35.859365,0.0 -106.679948,35.649865,0.0 -106.637608,35.623471,0.0 -106.623862,35.617972,0.0"
JEMEZ SPRINGS,87025,35.8276,1419,NM,323.3123,-106.697,1398,"-106.399515,35.92425,0.0 -106.41821,35.827473,0.0 -106.535333,35.794481,0.0 -106.679948,35.649865,0.0 -106.683248,35.859365,0.0 -106.851508,35.712,0.0 -106.955433,35.71145,0.0 -106.980177,35.816475,0.0 -106.796521,35.822524,0.0 -106.795421,35.935247,0.0 -106.399515,35.92425,0.0"
LAGUNA,87026,34.8673,1881,NM,913.81436,-107.301,1819,"-107.51795,34.870699,0.0 -107.102798,34.985072,0.0 -107.13634,35.098345,0.0 -107.207824,35.243511,0.0 -106.948285,35.347986,0.0 -106.947185,35.218217,0.0 -106.941137,35.033461,0.0 -106.941137,35.032911,0.0 -107.032415,34.887195,0.0 -107.202875,34.95208,0.0 -107.204524,34.578718,0.0 -107.724701,34.578168,0.0 -107.795085,34.579268,0.0 -107.51795,34.870699,0.0"
LA JARA,87027,36.1102,60,NM,15.13792,-107.009,60,"-106.980727,36.072165,0.0 -107.046162,36.085912,0.0 -107.033515,36.131551,0.0 -106.992274,36.140349,0.0 -106.980727,36.072165,0.0"
LA JOYA,87028,34.3641,162,NM,39.8217,-106.77,158,"-106.782224,34.305433,0.0 -106.781124,34.418706,0.0 -106.694795,34.346123,0.0 -106.782224,34.305433,0.0"
LINDRITH,87029,36.3745,552,NM,505.32567,-106.923,560,"-106.992274,36.216781,0.0 -107.200675,36.266819,0.0 -107.186379,36.436179,0.0 -106.778375,36.530757,0.0 -106.627711,36.331154,0.0 -106.913643,36.216781,0.0 -106.992274,36.216781,0.0"
LOS LUNAS,87031,34.7798,37870,NM,253.48934,-106.716,36269,"-106.466049,34.675495,0.0 -106.971379,34.78162,0.0 -107.025267,34.871249,0.0 -106.712941,34.830559,0.0 -106.464399,34.810763,0.0 -106.466049,34.675495,0.0"
MORIARTY,87035,34.9132,8335,NM,799.45236,-105.695,7937,"-105.290977,34.991121,0.0 -105.290977,34.73818,0.0 -105.393802,34.837707,0.0 -105.724824,34.814062,0.0 -105.662139,34.683193,0.0 -105.833148,34.6546,0.0 -105.821601,34.838807,0.0 -106.149874,34.870149,0.0 -106.182316,34.95318,0.0 -106.067943,35.040609,0.0 -105.714377,35.041709,0.0 -105.290977,35.042258,0.0 -105.290977,34.991121,0.0"
MOUNTAINAIR,87036,34.4408,1637,NM,440.53578,-106.275,1611,"-106.157572,34.608961,0.0 -106.102035,34.259793,0.0 -106.407763,34.259244,0.0 -106.41711,34.439601,0.0 -106.465499,34.644702,0.0 -106.157572,34.608961,0.0"
PENA BLANCA,87041,35.6134,1368,NM,77.04047,-106.328,1340,"-106.2483,35.675159,0.0 -106.24885,35.539341,0.0 -106.442404,35.601476,0.0 -106.2483,35.675709,0.0 -106.2483,35.675159,0.0"
PERALTA,87042,34.8596,3207,NM,84.77675,-106.562,3096,"-106.464399,34.810763,0.0 -106.712941,34.830559,0.0 -106.527634,34.904241,0.0 -106.46165,34.903691,0.0 -106.411062,34.870149,0.0 -106.464399,34.810763,0.0"
PLACITAS,87043,35.2894,3702,NM,74.93324,-106.442,3774,"-106.356075,35.316644,0.0 -106.453402,35.217117,0.0 -106.507839,35.217667,0.0 -106.50454,35.350186,0.0 -106.356075,35.316644,0.0"
PONDEROSA,87044,35.7278,450,NM,36.04151,-106.613,439,"-106.679948,35.649865,0.0 -106.535333,35.794481,0.0 -106.637608,35.623471,0.0 -106.679948,35.649865,0.0"
PREWITT,87045,35.3426,1489,NM,57.91379,-108.115,1447,"-107.988089,35.305096,0.0 -108.205288,35.306196,0.0 -108.206387,35.386477,0.0 -108.043626,35.364482,0.0 -107.988089,35.305096,0.0"
REGINA,87046,36.1759,6,NM,30.18922,-107.044,6,"-107.033515,36.131551,0.0 -107.109947,36.171142,0.0 -106.992274,36.216781,0.0 -106.992274,36.140349,0.0 -107.033515,36.131551,0.0"
SANDIA PARK,87047,35.2211,4864,NM,104.88224,-106.292,4501,"-106.414361,35.172028,0.0 -106.453402,35.217117,0.0 -106.356075,35.316644,0.0 -106.246101,35.250109,0.0 -106.175718,35.280902,0.0 -106.155922,35.20447,0.0 -106.257648,35.214918,0.0 -106.260947,35.12089,0.0 -106.329131,35.131337,0.0 -106.414361,35.172028,0.0"
CORRALES,87048,35.2356,7836,NM,11.34774,-106.62,7660,"-106.605166,35.217667,0.0 -106.662352,35.218217,0.0 -106.598018,35.283102,0.0 -106.605166,35.217667,0.0"
SANTO DOMINGO PUEBLO,87052,35.5354,3262,NM,103.40906,-106.393,3213,"-106.364873,35.471157,0.0 -106.539182,35.548689,0.0 -106.539182,35.622371,0.0 -106.442404,35.601476,0.0 -106.24885,35.539341,0.0 -106.2483,35.445863,0.0 -106.323083,35.462909,0.0 -106.364873,35.471157,0.0"
SAN YSIDRO,87053,35.5494,896,NM,187.07016,-106.776,892,"-106.539182,35.548689,0.0 -106.665652,35.537691,0.0 -106.690396,35.391976,0.0 -106.833362,35.411221,0.0 -106.773976,35.522845,0.0 -106.955433,35.553088,0.0 -106.955433,35.71145,0.0 -106.851508,35.712,0.0 -106.858106,35.575632,0.0 -106.623862,35.617972,0.0 -106.539182,35.622371,0.0 -106.539182,35.548689,0.0"
STANLEY,87056,35.1642,1085,NM,371.56504,-105.923,1031,"-105.715476,35.273754,0.0 -105.714377,35.041709,0.0 -106.067943,35.040609,0.0 -106.155922,35.20447,0.0 -106.175718,35.280902,0.0 -106.08224,35.278703,0.0 -105.715476,35.273754,0.0"
TIJERAS,87059,34.9775,8231,NM,202.6744,-106.328,7998,"-106.46165,34.903691,0.0 -106.471548,34.942732,0.0 -106.46275,35.019714,0.0 -106.392366,35.088448,0.0 -106.329131,35.131337,0.0 -106.260947,35.12089,0.0 -106.241702,34.897643,0.0 -106.182316,34.95318,0.0 -106.149874,34.870149,0.0 -106.411062,34.870149,0.0 -106.46165,34.903691,0.0"
VEGUITA,87062,34.4452,2037,NM,105.10009,-106.69,1923,"-106.781124,34.418706,0.0 -106.79982,34.417606,0.0 -106.772326,34.533079,0.0 -106.520486,34.461596,0.0 -106.694795,34.346123,0.0 -106.781124,34.418706,0.0"
WILLARD,87063,34.4506,346,NM,316.41815,-106.011,340,"-105.888135,34.259793,0.0 -105.923877,34.259793,0.0 -106.102035,34.259793,0.0 -106.157572,34.608961,0.0 -105.960718,34.745329,0.0 -105.964018,34.599063,0.0 -105.888135,34.259793,0.0"
BOSQUE FARMS,87068,34.9313,5060,NM,170.73895,-106.822,5151,"-107.032415,34.887195,0.0 -106.941137,35.032911,0.0 -106.814117,35.057105,0.0 -106.805319,34.957579,0.0 -106.710191,34.947131,0.0 -106.565575,34.942732,0.0 -106.533133,34.943282,0.0 -106.527634,34.904241,0.0 -106.712941,34.830559,0.0 -107.025267,34.871249,0.0 -107.032415,34.887195,0.0"
ALBUQUERQUE,87102,35.0825,21498,NM,6.36371,-106.647,21639,"-106.667301,35.075251,0.0 -106.657954,35.112092,0.0 -106.623862,35.109343,0.0 -106.627161,35.098895,0.0 -106.624961,35.090097,0.0 -106.639808,35.048857,0.0 -106.667301,35.075251,0.0"
ALBUQUERQUE,87104,35.1034,11518,NM,4.67987,-106.676,11630,"-106.667301,35.075251,0.0 -106.693145,35.106593,0.0 -106.689296,35.130238,0.0 -106.657954,35.112092,0.0 -106.667301,35.075251,0.0"
ALBUQUERQUE,87105,34.9937,54699,NM,62.17082,-106.658,54896,"-106.710191,34.947131,0.0 -106.703593,35.106593,0.0 -106.693145,35.106593,0.0 -106.667301,35.075251,0.0 -106.639808,35.048857,0.0 -106.638158,35.023563,0.0 -106.565575,34.942732,0.0 -106.710191,34.947131,0.0"
ALBUQUERQUE,87106,35.0678,23721,NM,7.87951,-106.622,23899,"-106.624961,35.090097,0.0 -106.627161,35.098895,0.0 -106.623862,35.109343,0.0 -106.604066,35.106593,0.0 -106.604066,35.087348,0.0 -106.604066,35.058205,0.0 -106.606816,35.058205,0.0 -106.638158,35.023563,0.0 -106.639808,35.048857,0.0 -106.624961,35.090097,0.0"
ALBUQUERQUE,87108,35.0724,38143,NM,6.04363,-106.578,38263,"-106.58867,35.058205,0.0 -106.604066,35.058205,0.0 -106.604066,35.087348,0.0 -106.550729,35.087348,0.0 -106.550729,35.065353,0.0 -106.568875,35.052706,0.0 -106.58867,35.058205,0.0"
ALBUQUERQUE,87109,35.1535,38854,NM,9.72846,-106.575,39196,"-106.533683,35.159931,0.0 -106.551279,35.128038,0.0 -106.604066,35.130788,0.0 -106.605166,35.153332,0.0 -106.560077,35.174227,0.0 -106.533683,35.159931,0.0"
ALBUQUERQUE,87110,35.1088,39798,NM,8.92426,-106.578,40199,"-106.550729,35.116491,0.0 -106.550729,35.087348,0.0 -106.550729,35.087348,0.0 -106.604066,35.087348,0.0 -106.604066,35.106593,0.0 -106.604066,35.130788,0.0 -106.551279,35.128038,0.0 -106.550729,35.116491,0.0"
ALBUQUERQUE,87111,35.1314,54699,NM,18.29149,-106.498,54514,"-106.428658,35.108243,0.0 -106.479796,35.098895,0.0 -106.550729,35.116491,0.0 -106.551279,35.128038,0.0 -106.533683,35.159931,0.0 -106.427558,35.123089,0.0 -106.428658,35.108243,0.0"
ALBUQUERQUE,87112,35.1014,43232,NM,8.0537,-106.515,43641,"-106.479796,35.098895,0.0 -106.550729,35.087348,0.0 -106.550729,35.116491,0.0 -106.479796,35.098895,0.0"
ALBUQUERQUE,87113,35.1845,7554,NM,8.33693,-106.592,7346,"-106.605166,35.153332,0.0 -106.620012,35.170378,0.0 -106.593619,35.217667,0.0 -106.574373,35.217117,0.0 -106.560077,35.174227,0.0 -106.605166,35.153332,0.0"
ALBUQUERQUE,87114,35.1502,33176,NM,123.34502,-106.844,31648,"-106.651905,35.179726,0.0 -106.941137,35.033461,0.0 -106.947185,35.218217,0.0 -106.856457,35.218217,0.0 -106.662352,35.218217,0.0 -106.605166,35.217667,0.0 -106.593619,35.217667,0.0 -106.620012,35.170378,0.0 -106.651905,35.179726,0.0"
ALBUQUERQUE,87115,34.9224,0,NM,9.5568,-106.499,0,"-106.46165,34.903691,0.0 -106.527634,34.904241,0.0 -106.533133,34.943282,0.0 -106.471548,34.942732,0.0 -106.46165,34.903691,0.0"
ALBUQUERQUE,87116,35.0587,3484,NM,1.31913,-106.553,3540,"-106.535333,35.065903,0.0 -106.568875,35.052706,0.0 -106.550729,35.065353,0.0 -106.535333,35.065903,0.0"
KIRTLAND AFB,87117,35.0022,708,NM,51.38009,-106.532,712,"-106.638158,35.023563,0.0 -106.606816,35.058205,0.0 -106.58867,35.058205,0.0 -106.568875,35.052706,0.0 -106.535333,35.065903,0.0 -106.46275,35.019714,0.0 -106.471548,34.942732,0.0 -106.533133,34.943282,0.0 -106.565575,34.942732,0.0 -106.638158,35.023563,0.0"
ALBUQUERQUE,87118,35.058,931,NM,0.36583,-106.598,941,"-106.606816,35.058205,0.0 -106.604066,35.058205,0.0 -106.58867,35.058205,0.0 -106.606816,35.058205,0.0"
ALBUQUERQUE,87120,35.1038,46607,NM,65.03912,-106.769,44921,"-106.941137,35.033461,0.0 -106.651905,35.179726,0.0 -106.689296,35.130238,0.0 -106.693145,35.106593,0.0 -106.703593,35.106593,0.0 -106.805319,34.957579,0.0 -106.814117,35.057105,0.0 -106.941137,35.032911,0.0 -106.941137,35.033461,0.0"
ALBUQUERQUE,87121,35.0187,39038,NM,42.64176,-106.751,37736,"-106.805319,34.957579,0.0 -106.703593,35.106593,0.0 -106.710191,34.947131,0.0 -106.805319,34.957579,0.0"
ALBUQUERQUE,87122,35.1799,13795,NM,37.00734,-106.484,13037,"-106.560077,35.174227,0.0 -106.574373,35.217117,0.0 -106.507839,35.217667,0.0 -106.453402,35.217117,0.0 -106.414361,35.172028,0.0 -106.427558,35.123089,0.0 -106.533683,35.159931,0.0 -106.560077,35.174227,0.0"
ALBUQUERQUE,87123,35.0675,36076,NM,29.41295,-106.468,36195,"-106.550729,35.065353,0.0 -106.550729,35.087348,0.0 -106.550729,35.087348,0.0 -106.479796,35.098895,0.0 -106.428658,35.108243,0.0 -106.392366,35.088448,0.0 -106.46275,35.019714,0.0 -106.535333,35.065903,0.0 -106.550729,35.065353,0.0"
RIO RANCHO,87124,35.276,54011,NM,97.55989,-106.728,52167,"-106.853707,35.351285,0.0 -106.598018,35.283102,0.0 -106.662352,35.218217,0.0 -106.856457,35.218217,0.0 -106.853707,35.351285,0.0"
GALLUP,87301,35.4301,40664,NM,1147.28564,-108.724,39997,"-108.468675,35.299598,0.0 -108.539059,35.291899,0.0 -108.672127,35.307296,0.0 -108.713368,35.158281,0.0 -108.850835,35.112092,0.0 -109.046039,35.174777,0.0 -109.046589,35.660862,0.0 -108.319111,35.658663,0.0 -108.44888,35.531643,0.0 -108.524212,35.431017,0.0 -108.361451,35.450262,0.0 -108.338906,35.435965,0.0 -108.206387,35.386477,0.0 -108.205288,35.306196,0.0 -108.468675,35.299598,0.0"
CONTINENTAL DIVIDE,87312,35.4687,1091,NM,49.6212,-108.452,1059,"-108.44888,35.531643,0.0 -108.361451,35.450262,0.0 -108.524212,35.431017,0.0 -108.44888,35.531643,0.0"
CROWNPOINT,87313,35.7999,7412,NM,1263.36534,-107.928,7220,"-108.44888,35.531643,0.0 -108.319111,35.658663,0.0 -108.271822,36.002332,0.0 -107.626275,36.000132,0.0 -107.30845,35.992434,0.0 -107.30845,35.857716,0.0 -107.671364,35.792831,0.0 -107.973243,35.570134,0.0 -108.232231,35.574533,0.0 -108.338906,35.435965,0.0 -108.361451,35.450262,0.0 -108.44888,35.531643,0.0"
FENCE LAKE,87315,34.766,166,NM,788.94048,-108.78,164,"-108.508816,34.579268,0.0 -109.046039,34.579268,0.0 -109.046039,34.870699,0.0 -109.046039,34.959778,0.0 -108.518714,34.959228,0.0 -108.520913,34.883896,0.0 -108.508816,34.579268,0.0"
MEXICAN SPRINGS,87320,35.7743,1133,NM,42.85837,-108.844,1088,"-108.876679,35.835721,0.0 -108.774953,35.740593,0.0 -108.91517,35.773586,0.0 -108.876679,35.835721,0.0"
RAMAH,87321,35.1361,597,NM,90.04473,-108.503,589,"-108.502767,34.959228,0.0 -108.539059,35.291899,0.0 -108.468675,35.299598,0.0 -108.502767,34.959228,0.0"
THOREAU,87323,35.5488,4778,NM,1174.26225,-107.659,4634,"-107.310099,35.305096,0.0 -107.554242,35.303447,0.0 -107.780788,35.483254,0.0 -108.043626,35.364482,0.0 -108.206387,35.386477,0.0 -108.338906,35.435965,0.0 -108.232231,35.574533,0.0 -107.973243,35.570134,0.0 -107.671364,35.792831,0.0 -107.30845,35.857716,0.0 -107.310099,35.305096,0.0"
TOHATCHI,87325,35.8164,7537,NM,752.59663,-108.571,7364,"-109.046589,35.660862,0.0 -109.046039,35.732345,0.0 -108.91517,35.773586,0.0 -108.774953,35.740593,0.0 -108.876679,35.835721,0.0 -108.752958,36.002332,0.0 -108.271822,36.002332,0.0 -108.319111,35.658663,0.0 -109.046589,35.660862,0.0"
ZUNI,87327,35.088,7777,NM,482.09694,-108.762,7748,"-108.502767,34.959228,0.0 -108.518714,34.959228,0.0 -109.046039,34.959778,0.0 -109.046039,35.167079,0.0 -109.046039,35.174777,0.0 -108.850835,35.112092,0.0 -108.713368,35.158281,0.0 -108.672127,35.307296,0.0 -108.539059,35.291899,0.0 -108.502767,34.959228,0.0"
NAVAJO,87328,35.8934,2974,NM,219.1677,-108.927,2935,"-109.046039,35.732345,0.0 -109.046039,36.002332,0.0 -108.752958,36.002332,0.0 -108.876679,35.835721,0.0 -108.91517,35.773586,0.0 -109.046039,35.732345,0.0"
FARMINGTON,87401,36.3759,49723,NM,2013.76114,-108.148,48748,"-108.021081,36.758953,0.0 -108.095864,36.68637,0.0 -107.98424,36.692968,0.0 -107.736249,36.244274,0.0 -107.624625,36.256921,0.0 -107.624075,36.21953,0.0 -107.626275,36.000132,0.0 -108.271822,36.002332,0.0 -108.292167,36.196436,0.0 -108.544008,36.17719,0.0 -108.524762,36.653378,0.0 -108.640785,36.77105,0.0 -108.537409,36.746306,0.0 -108.465926,36.745756,0.0 -108.415888,36.750705,0.0 -108.303714,36.784247,0.0 -108.251477,36.850231,0.0 -108.250377,36.910167,0.0 -108.099713,36.919515,0.0 -108.084316,36.905768,0.0 -108.169546,36.820538,0.0 -108.120608,36.77105,0.0 -108.021081,36.758953,0.0"
FARMINGTON,87402,36.7855,8664,NM,13.2662,-108.147,8489,"-108.169546,36.820538,0.0 -108.101912,36.783697,0.0 -108.120608,36.77105,0.0 -108.169546,36.820538,0.0"
AZTEC,87410,36.8973,15302,NM,213.60673,-107.957,14773,"-108.101912,36.783697,0.0 -108.084316,36.905768,0.0 -108.099713,36.919515,0.0 -108.047475,36.999796,0.0 -107.788486,36.999796,0.0 -107.882514,36.799643,0.0 -108.021081,36.758953,0.0 -108.120608,36.77105,0.0 -108.101912,36.783697,0.0"
BLANCO,87412,36.6133,1062,NM,291.76443,-107.733,1017,"-107.625725,36.420783,0.0 -107.855021,36.466972,0.0 -107.877015,36.695718,0.0 -107.758243,36.782047,0.0 -107.618576,36.767751,0.0 -107.625725,36.420783,0.0"
BLOOMFIELD,87413,36.6849,12631,NM,539.84873,-107.765,12246,"-107.625725,36.420783,0.0 -107.624625,36.256921,0.0 -107.736249,36.244274,0.0 -107.98424,36.692968,0.0 -108.095864,36.68637,0.0 -108.021081,36.758953,0.0 -107.882514,36.799643,0.0 -107.788486,36.999796,0.0 -107.780788,36.999796,0.0 -107.481659,36.999796,0.0 -107.421173,36.999796,0.0 -107.613078,36.800193,0.0 -107.672464,36.912916,0.0 -107.758243,36.782047,0.0 -107.877015,36.695718,0.0 -107.855021,36.466972,0.0 -107.625725,36.420783,0.0"
FLORA VISTA,87415,36.8417,2148,NM,28.05167,-108.099,2080,"-108.169546,36.820538,0.0 -108.084316,36.905768,0.0 -108.101912,36.783697,0.0 -108.169546,36.820538,0.0"
FRUITLAND,87416,36.7643,596,NM,6.44144,-108.446,574,"-108.465926,36.745756,0.0 -108.424686,36.777648,0.0 -108.415888,36.750705,0.0 -108.465926,36.745756,0.0"
KIRTLAND,87417,36.7625,6218,NM,28.52243,-108.363,5858,"-108.415888,36.750705,0.0 -108.424686,36.777648,0.0 -108.303714,36.784247,0.0 -108.415888,36.750705,0.0"
LA PLATA,87418,36.9619,444,NM,47.18851,-108.171,508,"-108.250377,36.910167,0.0 -108.249277,36.999246,0.0 -108.047475,36.999796,0.0 -108.099713,36.919515,0.0 -108.250377,36.910167,0.0"
NAVAJO DAM,87419,36.8317,153,NM,45.47508,-107.684,145,"-107.758243,36.782047,0.0 -107.672464,36.912916,0.0 -107.613078,36.800193,0.0 -107.618576,36.767751,0.0 -107.758243,36.782047,0.0"
SHIPROCK,87420,36.4985,19111,NM,2246.79277,-108.736,18680,"-109.046039,36.002332,0.0 -109.046039,36.140899,0.0 -109.046039,36.247024,0.0 -109.045489,36.999246,0.0 -108.379047,36.999246,0.0 -108.249277,36.999246,0.0 -108.250377,36.910167,0.0 -108.251477,36.850231,0.0 -108.53356,36.850231,0.0 -108.537409,36.746306,0.0 -108.640785,36.77105,0.0 -108.524762,36.653378,0.0 -108.544008,36.17719,0.0 -108.292167,36.196436,0.0 -108.271822,36.002332,0.0 -108.752958,36.002332,0.0 -109.046039,36.002332,0.0"
WATERFLOW,87421,36.8131,698,NM,68.33135,-108.42,683,"-108.465926,36.745756,0.0 -108.537409,36.746306,0.0 -108.53356,36.850231,0.0 -108.251477,36.850231,0.0 -108.303714,36.784247,0.0 -108.424686,36.777648,0.0 -108.465926,36.745756,0.0"
SANTA FE,87506,35.8106,0,NM,300.22735,-106.07,10796,"-106.2483,35.75544,0.0 -106.171868,35.828023,0.0 -106.245551,35.930848,0.0 -106.054196,35.930848,0.0 -106.017905,35.931948,0.0 -105.917828,35.9248,0.0 -105.811154,35.768637,0.0 -105.964567,35.706501,0.0 -106.2483,35.675159,0.0 -106.2483,35.675709,0.0 -106.2483,35.75544,0.0"
SANTA FE,87507,35.5978,0,NM,163.94362,-106.145,37036,"-106.24885,35.539341,0.0 -106.2483,35.675159,0.0 -105.964567,35.706501,0.0 -105.981613,35.675159,0.0 -105.971716,35.62897,0.0 -106.130078,35.504149,0.0 -106.2483,35.444763,0.0 -106.2483,35.445863,0.0 -106.24885,35.539341,0.0"
SANTA FE,87508,35.5382,0,NM,137.20291,-105.988,13952,"-105.831499,35.506899,0.0 -106.029452,35.442564,0.0 -106.130078,35.504149,0.0 -105.971716,35.62897,0.0 -105.775962,35.591029,0.0 -105.831499,35.506899,0.0"
ABIQUIU,87510,36.1555,2661,NM,169.54401,-106.238,2579,"-106.051997,36.238776,0.0 -106.153173,36.108456,0.0 -106.304937,36.037523,0.0 -106.426458,36.237676,0.0 -106.409962,36.254172,0.0 -106.202111,36.232727,0.0 -106.051997,36.238776,0.0"
ARROYO HONDO,87513,36.5506,2261,NM,29.60871,-105.637,2183,"-105.65884,36.51591,0.0 -105.709978,36.533506,0.0 -105.695681,36.584094,0.0 -105.606052,36.581345,0.0 -105.544467,36.519759,0.0 -105.57086,36.51536,0.0 -105.65884,36.51591,0.0"
CHAMA,87520,36.8988,1374,NM,31.87124,-106.596,1353,"-106.567775,36.830436,0.0 -106.685447,36.961305,0.0 -106.534783,36.904118,0.0 -106.567775,36.830436,0.0"
CHAMISAL,87521,36.1593,935,NM,185.19266,-105.63,929,"-105.706129,36.183789,0.0 -105.482881,36.104058,0.0 -105.711627,36.197535,0.0 -105.805105,36.17609,0.0 -105.856243,36.229428,0.0 -105.752318,36.321806,0.0 -105.513124,36.171142,0.0 -105.400951,36.230528,0.0 -105.433393,36.116155,0.0 -105.48948,36.037523,0.0 -105.53017,36.012779,0.0 -105.761665,36.129901,0.0 -105.706129,36.183789,0.0"
CHIMAYO,87522,36.0199,4981,NM,171.45841,-105.791,4962,"-106.017905,35.931948,0.0 -105.988212,36.002332,0.0 -105.875488,36.127702,0.0 -105.761665,36.129901,0.0 -105.53017,36.012779,0.0 -105.717126,35.978687,0.0 -105.917828,35.9248,0.0 -106.017905,35.931948,0.0"
COSTILLA,87524,36.9143,563,NM,306.5341,-105.459,547,"-105.220593,36.995397,0.0 -105.23379,36.784797,0.0 -105.696231,36.841983,0.0 -105.718226,36.995947,0.0 -105.470784,36.995947,0.0 -105.220593,36.995397,0.0"
DIXON,87527,36.165,1527,NM,67.19308,-105.864,1505,"-105.875488,36.127702,0.0 -105.979414,36.17939,0.0 -105.898583,36.244274,0.0 -105.856243,36.229428,0.0 -105.805105,36.17609,0.0 -105.761665,36.129901,0.0 -105.875488,36.127702,0.0"
DULCE,87528,36.5935,3224,NM,2096.62192,-107.252,3217,"-106.992274,36.216781,0.0 -107.109947,36.171142,0.0 -107.033515,36.131551,0.0 -107.046162,36.085912,0.0 -107.407976,36.085912,0.0 -107.411275,36.217881,0.0 -107.624075,36.21953,0.0 -107.624625,36.256921,0.0 -107.625725,36.420783,0.0 -107.618576,36.767751,0.0 -107.613078,36.800193,0.0 -107.421173,36.999796,0.0 -107.255112,36.999796,0.0 -106.906495,37.000346,0.0 -106.778375,36.530757,0.0 -107.186379,36.436179,0.0 -107.200675,36.266819,0.0 -106.992274,36.216781,0.0"
EL RITO,87530,36.3254,1005,NM,160.17821,-106.282,975,"-106.183966,36.349849,0.0 -106.202111,36.232727,0.0 -106.409962,36.254172,0.0 -106.265346,36.498864,0.0 -106.183966,36.349849,0.0"
EMBUDO,87531,36.1441,5195,NM,146.78249,-105.996,4999,"-105.988212,36.002332,0.0 -106.027802,36.001782,0.0 -106.044848,36.016628,0.0 -106.118531,36.083712,0.0 -106.153173,36.108456,0.0 -106.051997,36.238776,0.0 -106.052547,36.294862,0.0 -105.898583,36.244274,0.0 -105.979414,36.17939,0.0 -105.875488,36.127702,0.0 -105.988212,36.002332,0.0"
ESPANOLA,87532,35.9773,15238,NM,71.86253,-106.153,15112,"-106.245551,35.930848,0.0 -106.24775,35.96659,0.0 -106.329681,36.001232,0.0 -106.118531,36.026526,0.0 -106.044848,36.016628,0.0 -106.027802,36.001782,0.0 -106.054196,35.930848,0.0 -106.245551,35.930848,0.0"
GLORIETA,87535,35.614,960,NM,69.36761,-105.764,947,"-105.775962,35.591029,0.0 -105.860642,35.688906,0.0 -105.718226,35.687806,0.0 -105.717126,35.67076,0.0 -105.718226,35.552538,0.0 -105.717676,35.491502,0.0 -105.831499,35.506899,0.0 -105.775962,35.591029,0.0"
HERNANDEZ,87537,36.0463,1074,NM,46.37716,-106.203,1032,"-106.329681,36.001232,0.0 -106.381919,36.000132,0.0 -106.304937,36.037523,0.0 -106.153173,36.108456,0.0 -106.118531,36.083712,0.0 -106.118531,36.026526,0.0 -106.329681,36.001232,0.0"
LA MADERA,87539,36.294,312,NM,56.70126,-106.114,302,"-106.183966,36.349849,0.0 -106.033851,36.327305,0.0 -106.052547,36.294862,0.0 -106.051997,36.238776,0.0 -106.202111,36.232727,0.0 -106.183966,36.349849,0.0"
LAMY,87540,35.3796,850,NM,279.42678,-105.875,798,"-105.717676,35.491502,0.0 -105.715476,35.273754,0.0 -106.08224,35.278703,0.0 -106.029452,35.442564,0.0 -105.831499,35.506899,0.0 -105.717676,35.491502,0.0"
LOS ALAMOS,87544,35.8689,18191,NM,110.31784,-106.307,18343,"-106.2483,35.75544,0.0 -106.41821,35.827473,0.0 -106.399515,35.92425,0.0 -106.24775,35.96659,0.0 -106.245551,35.930848,0.0 -106.171868,35.828023,0.0 -106.2483,35.75544,0.0"
OJO CALIENTE,87549,36.636,1022,NM,740.60485,-105.845,977,"-106.033851,36.327305,0.0 -105.947521,36.365246,0.0 -106.006907,36.995397,0.0 -105.718226,36.995947,0.0 -105.696231,36.841983,0.0 -105.694031,36.647879,0.0 -105.695681,36.584094,0.0 -105.709978,36.533506,0.0 -105.723174,36.386141,0.0 -105.752318,36.321806,0.0 -105.856243,36.229428,0.0 -105.898583,36.244274,0.0 -106.052547,36.294862,0.0 -106.033851,36.327305,0.0"
PECOS,87552,35.5817,4001,NM,209.64514,-105.558,3907,"-105.673686,35.495351,0.0 -105.718226,35.552538,0.0 -105.717126,35.67076,0.0 -105.636845,35.583331,0.0 -105.639044,35.675709,0.0 -105.480132,35.688906,0.0 -105.40315,35.611924,0.0 -105.512024,35.427717,0.0 -105.673686,35.495351,0.0"
PENASCO,87553,36.1708,728,NM,13.52334,-105.757,727,"-105.761665,36.129901,0.0 -105.805105,36.17609,0.0 -105.711627,36.197535,0.0 -105.706129,36.183789,0.0 -105.761665,36.129901,0.0"
QUESTA,87556,36.7361,3529,NM,319.42433,-105.478,3444,"-105.253036,36.718812,0.0 -105.373457,36.680321,0.0 -105.377856,36.552202,0.0 -105.416347,36.548902,0.0 -105.543917,36.608838,0.0 -105.694031,36.647879,0.0 -105.696231,36.841983,0.0 -105.23379,36.784797,0.0 -105.253036,36.718812,0.0"
RANCHOS DE TAOS,87557,36.2768,2883,NM,174.62485,-105.553,3853,"-105.341015,36.26242,0.0 -105.366309,36.256921,0.0 -105.400951,36.230528,0.0 -105.513124,36.171142,0.0 -105.752318,36.321806,0.0 -105.723174,36.386141,0.0 -105.327818,36.276717,0.0 -105.341015,36.26242,0.0"
RIBERA,87560,35.2349,2174,NM,621.58068,-105.52,2144,"-105.290977,35.216567,0.0 -105.290977,35.042258,0.0 -105.714377,35.041709,0.0 -105.715476,35.273754,0.0 -105.717676,35.491502,0.0 -105.718226,35.552538,0.0 -105.673686,35.495351,0.0 -105.315721,35.401873,0.0 -105.290977,35.216567,0.0"
SAN CRISTOBAL,87564,36.6325,433,NM,46.18463,-105.625,421,"-105.543917,36.608838,0.0 -105.606052,36.581345,0.0 -105.695681,36.584094,0.0 -105.694031,36.647879,0.0 -105.543917,36.608838,0.0"
SAN JOSE,87565,35.4837,1610,NM,167.53075,-105.398,1547,"-105.384455,35.611924,0.0 -105.223343,35.54374,0.0 -105.315721,35.401873,0.0 -105.673686,35.495351,0.0 -105.512024,35.427717,0.0 -105.40315,35.611924,0.0 -105.384455,35.611924,0.0"
SAN JUAN PUEBLO,87566,36.0544,5871,NM,25.94651,-106.072,5763,"-106.118531,36.026526,0.0 -106.118531,36.083712,0.0 -106.044848,36.016628,0.0 -106.118531,36.026526,0.0"
SANTA CRUZ,87567,35.9689,2808,NM,10.72472,-106.026,2760,"-106.054196,35.930848,0.0 -106.027802,36.001782,0.0 -105.988212,36.002332,0.0 -106.017905,35.931948,0.0 -106.054196,35.930848,0.0"
TAOS,87571,36.4253,15503,NM,281.71338,-105.502,14028,"-105.709978,36.533506,0.0 -105.65884,36.51591,0.0 -105.57086,36.51536,0.0 -105.544467,36.519759,0.0 -105.416347,36.548902,0.0 -105.377856,36.552202,0.0 -105.336616,36.414734,0.0 -105.327818,36.276717,0.0 -105.723174,36.386141,0.0 -105.709978,36.533506,0.0"
TERERRO,87573,35.76,120,NM,155.53687,-105.629,118,"-105.48948,35.716949,0.0 -105.480132,35.688906,0.0 -105.639044,35.675709,0.0 -105.636845,35.583331,0.0 -105.717126,35.67076,0.0 -105.718226,35.687806,0.0 -105.720425,35.870913,0.0 -105.577459,35.870913,0.0 -105.524122,35.870913,0.0 -105.48948,35.716949,0.0"
TIERRA AMARILLA,87575,36.6606,1947,NM,1221.28296,-106.548,1933,"-106.409962,36.254172,0.0 -106.426458,36.237676,0.0 -106.627711,36.331154,0.0 -106.778375,36.530757,0.0 -106.906495,37.000346,0.0 -106.476496,36.993747,0.0 -106.262597,36.827137,0.0 -106.265346,36.498864,0.0 -106.409962,36.254172,0.0</coordinates></LinearRing></outerBoundaryIs><innerBoundaryIs><LinearRing><coordinates>-106.567775,36.830436,0.0 -106.534783,36.904118,0.0 -106.685447,36.961305,0.0 -106.567775,36.830436,0.0"
VADITO,87579,36.1401,1548,NM,45.19432,-105.607,1553,"-105.706129,36.183789,0.0 -105.711627,36.197535,0.0 -105.482881,36.104058,0.0 -105.706129,36.183789,0.0"
VALDEZ,87580,36.5737,280,NM,51.51226,-105.502,270,"-105.606052,36.581345,0.0 -105.543917,36.608838,0.0 -105.416347,36.548902,0.0 -105.544467,36.519759,0.0 -105.606052,36.581345,0.0"
VALLECITOS,87581,36.6959,640,NM,791.01962,-106.135,620,"-106.033851,36.327305,0.0 -106.183966,36.349849,0.0 -106.265346,36.498864,0.0 -106.262597,36.827137,0.0 -106.476496,36.993747,0.0 -106.006907,36.995397,0.0 -105.947521,36.365246,0.0 -106.033851,36.327305,0.0"
ANTON CHICO,87711,35.0826,305,NM,262.95599,-105.134,294,"-105.290977,35.042258,0.0 -105.290977,35.216567,0.0 -105.166706,35.217117,0.0 -105.049584,35.171478,0.0 -104.868127,34.970226,0.0 -104.991297,34.976274,0.0 -105.290977,34.991121,0.0 -105.290977,35.042258,0.0"
CHACON,87713,36.1719,240,NM,32.18397,-105.384,232,"-105.366309,36.256921,0.0 -105.433393,36.116155,0.0 -105.400951,36.230528,0.0 -105.366309,36.256921,0.0"
CIMARRON,87714,36.5754,2669,NM,1045.61912,-105.05,2609,"-105.327818,36.276717,0.0 -105.336616,36.414734,0.0 -105.135363,36.545603,0.0 -105.253036,36.718812,0.0 -105.23379,36.784797,0.0 -105.220593,36.995397,0.0 -105.155159,36.995397,0.0 -105.136463,36.995397,0.0 -104.737258,36.59949,0.0 -104.856029,36.350399,0.0 -104.889022,36.26132,0.0 -105.211795,36.26187,0.0 -105.341015,36.26242,0.0 -105.327818,36.276717,0.0"
CLEVELAND,87715,35.9554,350,NM,113.86653,-105.557,342,"-105.48948,36.037523,0.0 -105.374557,35.946795,0.0 -105.577459,35.870913,0.0 -105.720425,35.870913,0.0 -105.717126,35.978687,0.0 -105.53017,36.012779,0.0 -105.48948,36.037523,0.0"
EAGLE NEST,87718,36.5898,727,NM,147.76188,-105.278,635,"-105.377856,36.552202,0.0 -105.373457,36.680321,0.0 -105.253036,36.718812,0.0 -105.135363,36.545603,0.0 -105.336616,36.414734,0.0 -105.377856,36.552202,0.0"
GUADALUPITA,87722,36.1193,33,NM,43.56542,-105.137,33,"-105.195849,36.175541,0.0 -105.047934,36.17719,0.0 -105.174954,36.038623,0.0 -105.195849,36.175541,0.0"
LA LOMA,87724,35.1968,248,NM,21.0351,-105.077,239,"-105.166706,35.217117,0.0 -105.02319,35.216567,0.0 -105.049584,35.171478,0.0 -105.166706,35.217117,0.0"
MIAMI,87729,36.292,73,NM,139.15109,-104.764,72,"-104.856029,36.350399,0.0 -104.639381,36.364146,0.0 -104.659176,36.21843,0.0 -104.865377,36.227778,0.0 -104.889022,36.26132,0.0 -104.856029,36.350399,0.0"
MILLS,87730,36.1412,33,NM,169.08858,-104.272,34,"-104.13405,36.21843,0.0 -104.13405,36.073265,0.0 -104.371594,36.067216,0.0 -104.436479,36.21898,0.0 -104.13405,36.21843,0.0"
MONTEZUMA,87731,35.6712,53,NM,28.80294,-105.415,51,"-105.384455,35.611924,0.0 -105.40315,35.611924,0.0 -105.480132,35.688906,0.0 -105.48948,35.716949,0.0 -105.351462,35.691655,0.0 -105.384455,35.611924,0.0"
MORA,87732,36.0278,3516,NM,366.82516,-105.314,3445,"-105.48948,36.037523,0.0 -105.433393,36.116155,0.0 -105.366309,36.256921,0.0 -105.341015,36.26242,0.0 -105.211795,36.26187,0.0 -105.195849,36.175541,0.0 -105.174954,36.038623,0.0 -105.239289,35.83902,0.0 -105.434493,35.870913,0.0 -105.524122,35.870913,0.0 -105.577459,35.870913,0.0 -105.374557,35.946795,0.0 -105.48948,36.037523,0.0"
MOSQUERO,87733,35.7176,223,NM,1067.60836,-103.59,233,"-103.375229,35.740044,0.0 -103.379079,35.494802,0.0 -103.386777,35.389776,0.0 -103.636968,35.389776,0.0 -103.792581,35.524495,0.0 -103.979537,35.800529,0.0 -103.963041,35.84012,0.0 -103.687006,35.83792,0.0 -103.696354,35.950644,0.0 -103.566584,36.083162,0.0 -103.364782,36.072165,0.0 -103.375229,35.740044,0.0"
OCATE,87734,36.0244,411,NM,557.11173,-105.006,406,"-105.053433,35.776335,0.0 -105.239289,35.83902,0.0 -105.174954,36.038623,0.0 -105.047934,36.17719,0.0 -105.195849,36.175541,0.0 -105.211795,36.26187,0.0 -104.889022,36.26132,0.0 -104.865377,36.227778,0.0 -104.912666,36.041372,0.0 -104.719662,36.011129,0.0 -104.983049,35.79888,0.0 -105.006144,35.771386,0.0 -105.053433,35.776335,0.0"
RATON,87740,36.7886,8457,NM,1502.12232,-104.453,8453,"-104.00703,36.697367,0.0 -104.00868,36.567048,0.0 -104.531606,36.534056,0.0 -104.737258,36.59949,0.0 -105.136463,36.995397,0.0 -104.707015,36.993747,0.0 -104.366645,36.993197,0.0 -104.00813,36.996497,0.0 -104.00813,36.840883,0.0 -104.00813,36.788646,0.0 -104.00703,36.697367,0.0"
ROCIADA,87742,35.8213,851,NM,57.00186,-105.333,822,"-105.434493,35.870913,0.0 -105.239289,35.83902,0.0 -105.253036,35.773036,0.0 -105.434493,35.870913,0.0"
ROY,87743,36.0033,435,NM,638.21906,-103.99,454,"-104.349049,35.916002,0.0 -104.371594,36.067216,0.0 -104.13405,36.073265,0.0 -104.13405,36.21843,0.0 -104.00868,36.217881,0.0 -103.79423,36.147497,0.0 -103.696354,35.950644,0.0 -103.687006,35.83792,0.0 -103.963041,35.84012,0.0 -104.349049,35.916002,0.0"
SAPELLO,87745,35.7828,3,NM,45.86549,-105.167,3,"-105.253036,35.773036,0.0 -105.239289,35.83902,0.0 -105.053433,35.776335,0.0 -105.253036,35.773036,0.0"
SOLANO,87746,35.8455,70,NM,190.25336,-104.175,73,"-104.367195,35.781284,0.0 -104.349049,35.916002,0.0 -103.963041,35.84012,0.0 -103.979537,35.800529,0.0 -104.367195,35.781284,0.0"
SPRINGER,87747,36.3882,2023,NM,891.5126,-104.381,2013,"-104.436479,36.21898,0.0 -104.659176,36.21843,0.0 -104.639381,36.364146,0.0 -104.856029,36.350399,0.0 -104.737258,36.59949,0.0 -104.531606,36.534056,0.0 -104.00868,36.567048,0.0 -104.00813,36.418583,0.0 -104.00868,36.217881,0.0 -104.13405,36.21843,0.0 -104.436479,36.21898,0.0"
VALMORA,87750,35.7918,173,NM,23.21662,-104.918,171,"-105.006144,35.771386,0.0 -104.983049,35.79888,0.0 -104.830186,35.776335,0.0 -104.862628,35.775785,0.0 -105.006144,35.771386,0.0"
WAGON MOUND,87752,35.9931,560,NM,796.19596,-104.616,553,"-104.367195,35.781284,0.0 -104.830186,35.776335,0.0 -104.983049,35.79888,0.0 -104.719662,36.011129,0.0 -104.912666,36.041372,0.0 -104.865377,36.227778,0.0 -104.659176,36.21843,0.0 -104.436479,36.21898,0.0 -104.371594,36.067216,0.0 -104.349049,35.916002,0.0 -104.367195,35.781284,0.0"
SOCORRO,87801,33.9076,10817,NM,3056.25929,-106.512,10808,"-105.923877,34.259793,0.0 -105.925527,33.939219,0.0 -106.065194,33.649988,0.0 -106.373671,33.650537,0.0 -106.373121,33.480078,0.0 -107.220471,33.477878,0.0 -106.881201,33.908427,0.0 -107.062108,34.042595,0.0 -106.899346,34.098132,0.0 -106.784973,34.032147,0.0 -106.817416,34.14927,0.0 -106.782224,34.305433,0.0 -106.694795,34.346123,0.0 -106.520486,34.461596,0.0 -106.41711,34.439601,0.0 -106.407763,34.259244,0.0 -106.102035,34.259793,0.0 -105.923877,34.259793,0.0"
ARAGON,87820,33.9499,198,NM,220.06191,-108.678,191,"-108.474724,33.8111,0.0 -108.734263,33.974411,0.0 -108.905822,33.939769,0.0 -108.843137,34.096482,0.0 -108.675976,33.995856,0.0 -108.401591,33.921623,0.0 -108.474724,33.8111,0.0"
DATIL,87821,33.8597,691,NM,2950.80943,-108.077,637,"-108.496169,33.418492,0.0 -108.388394,33.590052,0.0 -108.474724,33.8111,0.0 -108.401591,33.921623,0.0 -108.675976,33.995856,0.0 -108.551706,34.160267,0.0 -108.438433,34.051393,0.0 -108.303714,34.143221,0.0 -108.063421,34.054692,0.0 -107.992488,34.269691,0.0 -108.144252,34.312581,0.0 -108.010634,34.578718,0.0 -107.795085,34.579268,0.0 -107.724701,34.578168,0.0 -107.712604,33.476779,0.0 -108.000736,33.474579,0.0 -108.000736,33.201294,0.0 -108.208037,33.200744,0.0 -108.496169,33.418492,0.0"
LEMITAR,87823,34.1636,633,NM,7.26863,-106.902,616,"-106.889449,34.120676,0.0 -106.918042,34.157518,0.0 -106.92629,34.19051,0.0 -106.889449,34.120676,0.0"
MAGDALENA,87825,34.0715,3399,NM,3294.82241,-107.332,3340,"-107.220471,33.477878,0.0 -107.533896,33.475679,0.0 -107.712604,33.476779,0.0 -107.724701,34.578168,0.0 -107.204524,34.578718,0.0 -106.8823,34.579268,0.0 -106.79817,34.544076,0.0 -106.846559,34.408258,0.0 -106.92629,34.19051,0.0 -106.918042,34.157518,0.0 -106.899346,34.098132,0.0 -107.062108,34.042595,0.0 -106.881201,33.908427,0.0 -107.220471,33.477878,0.0"
PIE TOWN,87827,34.3352,694,NM,842.51617,-108.271,639,"-108.551706,34.160267,0.0 -108.426336,34.449499,0.0 -108.508816,34.579268,0.0 -108.010634,34.578718,0.0 -108.144252,34.312581,0.0 -107.992488,34.269691,0.0 -108.063421,34.054692,0.0 -108.303714,34.143221,0.0 -108.438433,34.051393,0.0 -108.551706,34.160267,0.0"
POLVADERA,87828,34.0906,287,NM,41.13776,-106.835,281,"-106.918042,34.157518,0.0 -106.889449,34.120676,0.0 -106.817416,34.14927,0.0 -106.784973,34.032147,0.0 -106.899346,34.098132,0.0 -106.918042,34.157518,0.0"
QUEMADO,87829,34.3102,347,NM,1156.16152,-108.79,320,"-109.046589,33.955715,0.0 -109.046589,34.045344,0.0 -109.046589,34.166865,0.0 -109.046039,34.579268,0.0 -108.508816,34.579268,0.0 -108.426336,34.449499,0.0 -108.551706,34.160267,0.0 -108.675976,33.995856,0.0 -108.843137,34.096482,0.0 -108.905822,33.939769,0.0 -109.046589,33.955715,0.0"
RESERVE,87830,33.6603,1411,NM,1159.29465,-108.766,1361,"-108.496169,33.418492,0.0 -109.046589,33.365155,0.0 -109.046589,33.616995,0.0 -109.047139,33.717622,0.0 -109.047139,33.778107,0.0 -109.047139,33.81055,0.0 -109.046589,33.955715,0.0 -108.905822,33.939769,0.0 -108.734263,33.974411,0.0 -108.474724,33.8111,0.0 -108.388394,33.590052,0.0 -108.496169,33.418492,0.0"
SAN ACACIA,87831,34.2571,591,NM,91.05567,-106.848,575,"-106.817416,34.14927,0.0 -106.889449,34.120676,0.0 -106.92629,34.19051,0.0 -106.846559,34.408258,0.0 -106.79982,34.417606,0.0 -106.781124,34.418706,0.0 -106.782224,34.305433,0.0 -106.817416,34.14927,0.0"
TRUTH OR CONSEQUENCES,87901,33.2195,10398,NM,2304.3499,-106.903,10199,"-106.345627,33.390999,0.0 -106.340679,33.052829,0.0 -106.694245,32.904364,0.0 -107.293603,32.896666,0.0 -107.302951,33.101767,0.0 -107.271608,33.252432,0.0 -107.442618,33.196345,0.0 -107.531147,33.180948,0.0 -107.533896,33.475679,0.0 -107.220471,33.477878,0.0 -106.373121,33.480078,0.0 -106.345627,33.390999,0.0"
ARREY,87930,32.7521,901,NM,275.53757,-107.417,864,"-107.298002,32.780093,0.0 -107.299652,32.605784,0.0 -107.523999,32.605235,0.0 -107.556991,32.892817,0.0 -107.295253,32.851576,0.0 -107.273808,32.780093,0.0 -107.298002,32.780093,0.0"
CABALLO,87931,33.0541,1460,NM,267.61678,-107.456,1401,"-107.556991,32.892817,0.0 -107.324396,32.996742,0.0 -107.7291,33.113314,0.0 -107.721402,33.205693,0.0 -107.531147,33.180948,0.0 -107.442618,33.196345,0.0 -107.302951,33.101767,0.0 -107.293603,32.896666,0.0 -107.295253,32.851576,0.0 -107.556991,32.892817,0.0"
DERRY,87933,32.8494,176,NM,244.0527,-107.04,166,"-107.258961,32.780093,0.0 -107.273808,32.780093,0.0 -107.295253,32.851576,0.0 -107.293603,32.896666,0.0 -106.694245,32.904364,0.0 -106.751431,32.88017,0.0 -106.887799,32.785592,0.0 -107.089052,32.778993,0.0 -107.258961,32.780093,0.0"
GARFIELD,87936,32.7535,574,NM,9.12298,-107.263,562,"-107.251263,32.718508,0.0 -107.298002,32.780093,0.0 -107.273808,32.780093,0.0 -107.258961,32.780093,0.0 -107.230918,32.749301,0.0 -107.251263,32.718508,0.0"
HATCH,87937,32.6125,3501,NM,308.04323,-107.145,3405,"-106.955983,32.653623,0.0 -106.910344,32.524404,0.0 -107.298002,32.493611,0.0 -107.299652,32.605784,0.0 -107.298002,32.780093,0.0 -107.251263,32.718508,0.0 -107.183079,32.686065,0.0 -107.230918,32.749301,0.0 -107.258961,32.780093,0.0 -107.089052,32.778993,0.0 -107.120394,32.661871,0.0 -106.955983,32.653623,0.0"
RINCON,87940,32.7072,646,NM,96.02446,-107,619,"-107.089052,32.778993,0.0 -106.887799,32.785592,0.0 -106.955983,32.653623,0.0 -107.120394,32.661871,0.0 -107.089052,32.778993,0.0"
SALEM,87941,32.7134,1021,NM,9.50106,-107.221,1001,"-107.251263,32.718508,0.0 -107.230918,32.749301,0.0 -107.183079,32.686065,0.0 -107.251263,32.718508,0.0"
WILLIAMSBURG,87942,33.1843,122,NM,70.97571,-107.331,115,"-107.442618,33.196345,0.0 -107.271608,33.252432,0.0 -107.302951,33.101767,0.0 -107.442618,33.196345,0.0"
WINSTON,87943,33.3204,170,NM,563.6353,-107.767,163,"-107.845673,33.13091,0.0 -108.000736,33.201294,0.0 -108.000736,33.474579,0.0 -107.712604,33.476779,0.0 -107.533896,33.475679,0.0 -107.531147,33.180948,0.0 -107.721402,33.205693,0.0 -107.7291,33.113314,0.0 -107.845673,33.13091,0.0"
LAS CRUCES,88001,32.2941,35920,NM,10.11464,-106.755,36930,"-106.705792,32.223625,0.0 -106.753081,32.254417,0.0 -106.769577,32.347895,0.0 -106.705792,32.223625,0.0"
WHITE SANDS MISSILE RANGE,88002,32.2626,1293,NM,283.94526,-106.471,1359,"-106.581522,32.109252,0.0 -106.581522,32.151592,0.0 -106.581522,32.204929,0.0 -106.581522,32.430926,0.0 -106.37697,32.516156,0.0 -106.37697,32.081758,0.0 -106.581522,32.109252,0.0"
LAS CRUCES,88005,32.3158,47689,NM,685.60663,-107.037,47719,"-106.753081,32.254417,0.0 -106.706342,32.179635,0.0 -106.717889,32.162039,0.0 -106.911444,32.20218,0.0 -106.941137,32.07351,0.0 -107.298002,32.220326,0.0 -107.298002,32.493611,0.0 -106.910344,32.524404,0.0 -106.769577,32.347895,0.0 -106.753081,32.254417,0.0"
SANTA TERESA,88008,31.8554,5246,NM,17.97543,-106.652,5089,"-106.614514,31.846414,0.0 -106.605716,31.846414,0.0 -106.576573,31.810123,0.0 -106.615614,31.814521,0.0 -106.660703,31.9036,0.0 -106.614514,31.846414,0.0"
LAS CRUCES,88011,32.314,17942,NM,144.90868,-106.645,17341,"-106.681048,32.187883,0.0 -106.705792,32.223625,0.0 -106.769577,32.347895,0.0 -106.581522,32.430926,0.0 -106.581522,32.204929,0.0 -106.681048,32.187883,0.0"
LAS CRUCES,88012,32.5978,16544,NM,451.94909,-106.781,15904,"-106.581522,32.430926,0.0 -106.769577,32.347895,0.0 -106.910344,32.524404,0.0 -106.955983,32.653623,0.0 -106.887799,32.785592,0.0 -106.751431,32.88017,0.0 -106.581522,32.430926,0.0"
ANIMAS,88020,31.6282,592,NM,1982.89617,-108.644,626,"-108.217385,31.86401,0.0 -108.208587,31.783729,0.0 -108.225633,31.332835,0.0 -109.049888,31.332285,0.0 -109.049888,31.499996,0.0 -109.048788,31.810672,0.0 -109.048788,31.920646,0.0 -108.525312,31.980032,0.0 -108.512665,31.86346,0.0 -108.217385,31.86401,0.0"
ANTHONY,88021,32.0202,27310,NM,169.41835,-106.538,26428,"-106.660703,31.9036,0.0 -106.750332,31.999828,0.0 -106.668401,32.113651,0.0 -106.667851,32.114201,0.0 -106.581522,32.109252,0.0 -106.37697,32.081758,0.0 -106.324182,32.001477,0.0 -106.517187,32.000927,0.0 -106.564476,32.000927,0.0 -106.614514,31.955838,0.0 -106.620012,31.916797,0.0 -106.614514,31.846414,0.0 -106.660703,31.9036,0.0"
BAYARD,88023,32.7064,3094,NM,416.13911,-107.916,3170,"-107.765942,32.910962,0.0 -107.72965,32.62613,0.0 -107.608129,32.605235,0.0 -108.000736,32.517255,0.0 -108.165147,32.725656,0.0 -108.117858,32.808686,0.0 -108.060122,32.806487,0.0 -107.765942,32.910962,0.0"
BUCKHORN,88025,32.8684,2183,NM,1289.43803,-108.723,2163,"-108.536859,32.494161,0.0 -108.854134,32.615132,0.0 -108.867881,32.778444,0.0 -109.047139,32.777344,0.0 -109.047139,33.107266,0.0 -109.047139,33.208992,0.0 -108.65948,33.209542,0.0 -108.481872,32.780093,0.0 -108.297116,32.719058,0.0 -108.354852,32.555746,0.0 -108.536859,32.494161,0.0"
SANTA CLARA,88026,32.8,2189,NM,19.7689,-108.159,2218,"-108.165147,32.725656,0.0 -108.177794,32.761398,0.0 -108.206937,32.820234,0.0 -108.183293,32.842229,0.0 -108.117858,32.808686,0.0 -108.165147,32.725656,0.0"
DEMING,88030,32.1811,25481,NM,2949.64413,-107.748,25016,"-107.298002,32.220326,0.0 -107.296902,31.783729,0.0 -108.208587,31.783729,0.0 -108.217385,31.86401,0.0 -108.229482,32.506808,0.0 -108.000736,32.517255,0.0 -107.608129,32.605235,0.0 -107.523999,32.605235,0.0 -107.299652,32.605784,0.0 -107.298002,32.493611,0.0 -107.298002,32.220326,0.0"
GLENWOOD,88039,33.305,409,NM,594.10443,-108.671,395,"-108.208037,33.200744,0.0 -108.65948,33.209542,0.0 -109.047139,33.208992,0.0 -109.046589,33.365155,0.0 -108.496169,33.418492,0.0 -108.208037,33.200744,0.0"
HANOVER,88041,32.8855,412,NM,85.45543,-108.083,407,"-108.019432,32.948903,0.0 -108.060122,32.806487,0.0 -108.117858,32.808686,0.0 -108.183293,32.842229,0.0 -108.019432,32.948903,0.0"
HILLSBORO,88042,32.8963,377,NM,518.15834,-107.644,362,"-107.765942,32.910962,0.0 -107.847322,33.106716,0.0 -107.845673,33.13091,0.0 -107.7291,33.113314,0.0 -107.324396,32.996742,0.0 -107.556991,32.892817,0.0 -107.523999,32.605235,0.0 -107.608129,32.605235,0.0 -107.72965,32.62613,0.0 -107.765942,32.910962,0.0"
HURLEY,88043,32.2792,2483,NM,1026.7211,-108.341,2516,"-108.525312,31.980032,0.0 -108.536859,32.494161,0.0 -108.354852,32.555746,0.0 -108.297116,32.719058,0.0 -108.222884,32.653623,0.0 -108.177794,32.761398,0.0 -108.165147,32.725656,0.0 -108.000736,32.517255,0.0 -108.229482,32.506808,0.0 -108.217385,31.86401,0.0 -108.512665,31.86346,0.0 -108.525312,31.980032,0.0"
LA MESA,88044,31.9748,4015,NM,941.19078,-106.989,4009,"-106.615614,31.814521,0.0 -106.601867,31.783729,0.0 -107.296902,31.783729,0.0 -107.298002,32.220326,0.0 -106.941137,32.07351,0.0 -106.911444,32.20218,0.0 -106.717889,32.162039,0.0 -106.668401,32.113651,0.0 -106.750332,31.999828,0.0 -106.660703,31.9036,0.0 -106.615614,31.814521,0.0"
LORDSBURG,88045,32.3061,5447,NM,1452.39125,-108.814,5306,"-109.048788,31.920646,0.0 -109.047689,32.426527,0.0 -109.047139,32.777344,0.0 -108.867881,32.778444,0.0 -108.854134,32.615132,0.0 -108.536859,32.494161,0.0 -108.525312,31.980032,0.0 -109.048788,31.920646,0.0"
MESILLA PARK,88047,32.2165,2264,NM,7.0256,-106.717,1578,"-106.753081,32.254417,0.0 -106.705792,32.223625,0.0 -106.681048,32.187883,0.0 -106.706342,32.179635,0.0 -106.753081,32.254417,0.0"
MESQUITE,88048,32.1675,2999,NM,28.40037,-106.642,3217,"-106.581522,32.151592,0.0 -106.667851,32.114201,0.0 -106.668401,32.113651,0.0 -106.717889,32.162039,0.0 -106.706342,32.179635,0.0 -106.681048,32.187883,0.0 -106.581522,32.204929,0.0 -106.581522,32.151592,0.0"
MIMBRES,88049,32.943,1229,NM,177.98859,-107.918,1206,"-108.019432,32.948903,0.0 -107.847322,33.106716,0.0 -107.765942,32.910962,0.0 -108.060122,32.806487,0.0 -108.019432,32.948903,0.0"
SILVER CITY,88061,33.0182,18133,NM,956.95666,-108.283,18268,"-108.206937,32.820234,0.0 -108.177794,32.761398,0.0 -108.222884,32.653623,0.0 -108.297116,32.719058,0.0 -108.481872,32.780093,0.0 -108.65948,33.209542,0.0 -108.208037,33.200744,0.0 -108.000736,33.201294,0.0 -107.845673,33.13091,0.0 -107.847322,33.106716,0.0 -108.019432,32.948903,0.0 -108.183293,32.842229,0.0 -108.206937,32.820234,0.0"
SUNLAND PARK,88063,31.7981,11121,NM,6.56852,-106.571,10720,"-106.576573,31.810123,0.0 -106.528734,31.783729,0.0 -106.601867,31.783729,0.0 -106.615614,31.814521,0.0 -106.576573,31.810123,0.0"
VADO,88072,32.1165,3209,NM,17.44862,-106.625,2833,"-106.667851,32.114201,0.0 -106.581522,32.151592,0.0 -106.581522,32.109252,0.0 -106.667851,32.114201,0.0"
CLOVIS,88101,34.4964,40627,NM,488.99857,-103.294,41490,"-103.407122,34.303233,0.0 -103.478055,34.492938,0.0 -103.495651,34.715636,0.0 -103.214667,34.674945,0.0 -103.16133,34.667797,0.0 -103.090947,34.302683,0.0 -103.407122,34.303233,0.0"
BROADVIEW,88112,34.8323,86,NM,142.21445,-103.128,88,"-103.042558,34.745329,0.0 -103.16133,34.667797,0.0 -103.214667,34.674945,0.0 -103.194322,34.954279,0.0 -103.042558,34.954279,0.0 -103.042558,34.747528,0.0 -103.042558,34.745329,0.0"
CAUSEY,88113,33.8105,92,NM,79.4369,-103.129,93,"-103.046407,33.879283,0.0 -103.047507,33.824846,0.0 -103.049706,33.731918,0.0 -103.253708,33.773708,0.0 -103.253708,33.821547,0.0 -103.046407,33.879283,0.0"
CROSSROADS,88114,33.5284,19,NM,56.86553,-103.338,19,"-103.236112,33.570256,0.0 -103.33069,33.445436,0.0 -103.426367,33.570256,0.0 -103.357084,33.570806,0.0 -103.236112,33.570256,0.0"
ELIDA,88116,33.9473,474,NM,847.90793,-103.677,489,"-103.509948,33.613696,0.0 -103.709001,33.656036,0.0 -103.986135,34.082185,0.0 -103.945995,34.243847,0.0 -103.502249,34.083835,0.0 -103.423068,33.996406,0.0 -103.431316,33.627993,0.0 -103.509948,33.613696,0.0"
FLOYD,88118,34.3311,241,NM,380.98678,-103.772,249,"-103.618272,34.303233,0.0 -103.502249,34.083835,0.0 -103.945995,34.243847,0.0 -103.948744,34.605112,0.0 -103.87946,34.605112,0.0 -103.738144,34.477542,0.0 -103.740893,34.302683,0.0 -103.618272,34.303233,0.0"
FORT SUMNER,88119,34.3019,1932,NM,714.27285,-104.255,1923,"-104.129101,34.61391,0.0 -104.228628,34.477542,0.0 -103.998782,34.238898,0.0 -104.04937,34.082735,0.0 -104.567348,33.997505,0.0 -104.280316,34.279589,0.0 -104.248423,34.576519,0.0 -104.383141,34.692541,0.0 -104.339702,34.775572,0.0 -104.129651,34.779421,0.0 -104.129101,34.61391,0.0"
GRADY,88120,34.7923,273,NM,193.61867,-103.31,280,"-103.495651,34.715636,0.0 -103.495651,34.778871,0.0 -103.389526,34.836607,0.0 -103.389526,34.8652,0.0 -103.194322,34.954279,0.0 -103.214667,34.674945,0.0 -103.495651,34.715636,0.0"
HOUSE,88121,34.7359,142,NM,269.97091,-103.999,147,"-103.948744,34.605112,0.0 -104.129101,34.61391,0.0 -104.129651,34.779421,0.0 -104.129651,34.870699,0.0 -103.778834,34.820111,0.0 -103.971289,34.793717,0.0 -103.812376,34.619408,0.0 -103.87946,34.605112,0.0 -103.948744,34.605112,0.0"
LINGO,88123,33.6918,49,NM,139.6472,-103.181,49,"-103.049706,33.731918,0.0 -103.052456,33.570806,0.0 -103.114591,33.570806,0.0 -103.106343,33.658786,0.0 -103.340038,33.657686,0.0 -103.253708,33.773708,0.0 -103.049706,33.731918,0.0"
MELROSE,88124,34.5404,1146,NM,543.45039,-103.627,1167,"-103.478055,34.492938,0.0 -103.45936,34.303233,0.0 -103.618272,34.303233,0.0 -103.740893,34.302683,0.0 -103.738144,34.477542,0.0 -103.87946,34.605112,0.0 -103.812376,34.619408,0.0 -103.722197,34.77997,0.0 -103.495651,34.778871,0.0 -103.495651,34.715636,0.0 -103.478055,34.492938,0.0"
MILNESAND,88125,33.6094,18,NM,74.40943,-103.228,18,"-103.114591,33.570806,0.0 -103.236112,33.570256,0.0 -103.357084,33.570806,0.0 -103.340038,33.657686,0.0 -103.106343,33.658786,0.0 -103.114591,33.570806,0.0"
PEP,88126,33.7752,254,NM,237.49726,-103.378,256,"-103.426367,33.570256,0.0 -103.510498,33.570256,0.0 -103.509948,33.613696,0.0 -103.431316,33.627993,0.0 -103.423068,33.996406,0.0 -103.283401,33.952416,0.0 -103.336189,33.85069,0.0 -103.253708,33.821547,0.0 -103.253708,33.773708,0.0 -103.340038,33.657686,0.0 -103.357084,33.570806,0.0 -103.426367,33.570256,0.0"
PORTALES,88130,34.169,16315,NM,519.4671,-103.3,16553,"-103.502249,34.083835,0.0 -103.618272,34.303233,0.0 -103.45936,34.303233,0.0 -103.407122,34.303233,0.0 -103.090947,34.302683,0.0 -103.044208,34.302683,0.0 -103.043658,34.112978,0.0 -103.231164,34.083835,0.0 -103.283401,33.952416,0.0 -103.423068,33.996406,0.0 -103.502249,34.083835,0.0"
ROGERS,88132,33.9582,303,NM,196.51835,-103.164,305,"-103.253708,33.821547,0.0 -103.336189,33.85069,0.0 -103.283401,33.952416,0.0 -103.231164,34.083835,0.0 -103.043658,34.112978,0.0 -103.045857,33.901278,0.0 -103.046407,33.879283,0.0 -103.253708,33.821547,0.0"
SAINT VRAIN,88133,34.3927,26,NM,35.02186,-103.446,27,"-103.478055,34.492938,0.0 -103.407122,34.303233,0.0 -103.45936,34.303233,0.0 -103.478055,34.492938,0.0"
TAIBAN,88134,34.3866,115,NM,348.60514,-104.043,115,"-103.986135,34.082185,0.0 -104.04937,34.082735,0.0 -103.998782,34.238898,0.0 -104.228628,34.477542,0.0 -104.129101,34.61391,0.0 -103.948744,34.605112,0.0 -103.945995,34.243847,0.0 -103.986135,34.082185,0.0"
TEXICO,88135,34.5677,1518,NM,154.55696,-103.094,1528,"-103.042558,34.745329,0.0 -103.043108,34.651851,0.0 -103.043658,34.467094,0.0 -103.044208,34.312581,0.0 -103.044208,34.302683,0.0 -103.090947,34.302683,0.0 -103.16133,34.667797,0.0 -103.042558,34.745329,0.0"
YESO,88136,34.3512,204,NM,1265.49026,-104.599,205,"-104.567348,33.997505,0.0 -104.892871,34.088234,0.0 -104.891771,34.347223,0.0 -104.891771,34.583117,0.0 -104.456824,34.604012,0.0 -104.383141,34.692541,0.0 -104.248423,34.576519,0.0 -104.280316,34.279589,0.0 -104.567348,33.997505,0.0"
ROSWELL,88201,33.4274,23495,NM,4821.24167,-104.482,23838,"-104.570647,33.194695,0.0 -104.604189,33.096818,0.0 -104.840633,32.9632,0.0 -104.841733,32.842778,0.0 -105.202448,32.823533,0.0 -104.842283,32.767446,0.0 -104.842283,32.5409,0.0 -104.85163,32.520555,0.0 -105.353662,32.534301,0.0 -105.198049,32.671769,0.0 -105.238739,32.796039,0.0 -105.352012,32.753699,0.0 -105.352562,32.900515,0.0 -105.316271,33.002791,0.0 -105.316821,33.13201,0.0 -104.905518,33.143557,0.0 -104.885173,33.347559,0.0 -104.892321,33.480628,0.0 -104.893421,34.047544,0.0 -104.892871,34.088234,0.0 -104.567348,33.997505,0.0 -104.04937,34.082735,0.0 -103.986135,34.082185,0.0 -103.709001,33.656036,0.0 -103.509948,33.613696,0.0 -103.510498,33.570256,0.0 -103.656763,33.569157,0.0 -103.721648,33.395948,0.0 -103.766187,33.162803,0.0 -103.766187,33.139708,0.0 -104.154945,33.139708,0.0 -104.363896,33.284324,0.0 -104.422732,33.397047,0.0 -104.612437,33.393748,0.0 -104.733408,33.137509,0.0 -104.570647,33.194695,0.0"
ROSWELL,88203,33.2907,29724,NM,166.16128,-104.56,30111,"-104.363896,33.284324,0.0 -104.594841,33.291472,0.0 -104.570647,33.194695,0.0 -104.733408,33.137509,0.0 -104.612437,33.393748,0.0 -104.422732,33.397047,0.0 -104.363896,33.284324,0.0"
ARTESIA,88210,32.7498,16098,NM,1572.59538,-104.276,16233,"-104.842283,32.767446,0.0 -104.704815,32.760848,0.0 -104.719662,32.96375,0.0 -104.05157,32.965399,0.0 -103.814576,32.965399,0.0 -103.814576,32.914262,0.0 -103.815126,32.770196,0.0 -103.814026,32.529352,0.0 -104.112605,32.488662,0.0 -104.130201,32.572242,0.0 -104.230827,32.479864,0.0 -104.415584,32.62393,0.0 -104.842283,32.5409,0.0 -104.842283,32.767446,0.0"
CAPROCK,88213,33.4293,25,NM,103.93532,-103.657,25,"-103.656763,33.569157,0.0 -103.558886,33.333262,0.0 -103.70955,33.315117,0.0 -103.721648,33.395948,0.0 -103.656763,33.569157,0.0"
CARLSBAD,88220,32.3204,32639,NM,1797.41835,-104.434,33190,"-104.847781,32.000378,0.0 -104.85163,32.520555,0.0 -104.842283,32.5409,0.0 -104.415584,32.62393,0.0 -104.230827,32.479864,0.0 -104.130201,32.572242,0.0 -104.112605,32.488662,0.0 -103.814026,32.529352,0.0 -103.722747,32.405632,0.0 -104.161544,32.308855,0.0 -104.291313,31.999828,0.0 -104.847781,32.000378,0.0"
DEXTER,88230,33.1945,4848,NM,218.09479,-104.416,4772,"-104.570647,33.194695,0.0 -104.594841,33.291472,0.0 -104.363896,33.284324,0.0 -104.154945,33.139708,0.0 -104.441977,33.099018,0.0 -104.604189,33.096818,0.0 -104.570647,33.194695,0.0"
EUNICE,88231,32.4473,2875,NM,234.65795,-103.219,2889,"-103.064553,32.334699,0.0 -103.307046,32.399583,0.0 -103.419219,32.322601,0.0 -103.442314,32.418829,0.0 -103.064553,32.562345,0.0 -103.064553,32.522204,0.0 -103.064553,32.334699,0.0"
HAGERMAN,88232,33.0689,1883,NM,321.91245,-104.032,1865,"-103.766187,33.139708,0.0 -103.814576,32.965399,0.0 -104.05157,32.965399,0.0 -104.110956,33.069875,0.0 -104.441977,33.099018,0.0 -104.154945,33.139708,0.0 -103.766187,33.139708,0.0"
HOBBS,88240,32.6472,31570,NM,543.76414,-103.322,31746,"-103.725497,32.554647,0.0 -103.352135,32.700912,0.0 -103.220166,32.966499,0.0 -103.124489,32.899965,0.0 -103.231164,32.811986,0.0 -103.065103,32.754799,0.0 -103.064553,32.562345,0.0 -103.442314,32.418829,0.0 -103.725497,32.554647,0.0"
HOBBS,88242,32.8179,5027,NM,73.45812,-103.133,5007,"-103.124489,32.899965,0.0 -103.064553,32.899965,0.0 -103.065103,32.754799,0.0 -103.231164,32.811986,0.0 -103.124489,32.899965,0.0"
HOPE,88250,32.8522,215,NM,197.38033,-104.896,212,"-104.842283,32.767446,0.0 -105.202448,32.823533,0.0 -104.841733,32.842778,0.0 -104.840633,32.9632,0.0 -104.719662,32.96375,0.0 -104.704815,32.760848,0.0 -104.842283,32.767446,0.0"
JAL,88252,32.2211,2097,NM,1127.12204,-103.426,2116,"-103.064553,32.334699,0.0 -103.064553,32.087257,0.0 -103.073901,32.000378,0.0 -103.326291,32.000378,0.0 -103.722747,32.000378,0.0 -103.722747,32.405632,0.0 -103.814026,32.529352,0.0 -103.725497,32.554647,0.0 -103.442314,32.418829,0.0 -103.419219,32.322601,0.0 -103.307046,32.399583,0.0 -103.064553,32.334699,0.0"
LAKE ARTHUR,88253,33.018,762,NM,310.69027,-104.43,749,"-104.604189,33.096818,0.0 -104.441977,33.099018,0.0 -104.110956,33.069875,0.0 -104.05157,32.965399,0.0 -104.719662,32.96375,0.0 -104.840633,32.9632,0.0 -104.604189,33.096818,0.0"
LOVING,88256,32.1686,2025,NM,709.78094,-103.965,2026,"-103.722747,32.405632,0.0 -103.722747,32.000378,0.0 -103.980087,32.000378,0.0 -104.024626,31.999828,0.0 -104.291313,31.999828,0.0 -104.161544,32.308855,0.0 -103.722747,32.405632,0.0"
LOVINGTON,88260,32.9094,12167,NM,1157.92062,-103.492,12166,"-103.815126,32.770196,0.0 -103.636418,32.770196,0.0 -103.676558,32.893366,0.0 -103.814576,32.914262,0.0 -103.814576,32.965399,0.0 -103.766187,33.139708,0.0 -103.766187,33.162803,0.0 -103.061804,33.140808,0.0 -103.063453,33.066576,0.0 -103.064553,32.959351,0.0 -103.064553,32.899965,0.0 -103.124489,32.899965,0.0 -103.220166,32.966499,0.0 -103.352135,32.700912,0.0 -103.725497,32.554647,0.0 -103.814026,32.529352,0.0 -103.815126,32.770196,0.0"
MALJAMAR,88264,32.828,62,NM,77.73697,-103.737,62,"-103.815126,32.770196,0.0 -103.814576,32.914262,0.0 -103.676558,32.893366,0.0 -103.636418,32.770196,0.0 -103.815126,32.770196,0.0"
TATUM,88267,33.3374,1285,NM,1007.09513,-103.376,1296,"-103.721648,33.395948,0.0 -103.70955,33.315117,0.0 -103.558886,33.333262,0.0 -103.656763,33.569157,0.0 -103.510498,33.570256,0.0 -103.426367,33.570256,0.0 -103.33069,33.445436,0.0 -103.236112,33.570256,0.0 -103.114591,33.570806,0.0 -103.052456,33.570806,0.0 -103.056855,33.388249,0.0 -103.061804,33.140808,0.0 -103.766187,33.162803,0.0 -103.721648,33.395948,0.0"
CARRIZOZO,88301,33.6264,1480,NM,1012.48467,-105.978,1464,"-105.818302,33.399247,0.0 -105.811704,33.390449,0.0 -105.931575,33.389899,0.0 -106.345627,33.390999,0.0 -106.373121,33.480078,0.0 -106.373671,33.650537,0.0 -106.065194,33.649988,0.0 -105.925527,33.939219,0.0 -105.544467,33.823747,0.0 -105.738021,33.609297,0.0 -105.818302,33.399247,0.0"
ALAMOGORDO,88310,32.8017,41203,NM,489.29684,-106.11,41011,"-105.838647,32.947804,0.0 -105.826,32.718508,0.0 -106.092137,32.692664,0.0 -106.136677,32.796589,0.0 -106.064094,32.873571,0.0 -106.171319,32.778993,0.0 -106.37697,32.516156,0.0 -106.37642,32.910412,0.0 -106.138876,32.886218,0.0 -105.970616,33.008839,0.0 -105.838647,32.947804,0.0"
BENT,88314,33.1535,323,NM,45.33448,-105.882,316,"-105.8271,33.116614,0.0 -105.965667,33.106166,0.0 -105.857893,33.21779,0.0 -105.8271,33.116614,0.0"
CAPITAN,88316,33.7239,2513,NM,1418.00961,-105.25,2414,"-105.311322,33.476229,0.0 -105.494978,33.461932,0.0 -105.681934,33.448735,0.0 -105.623098,33.518019,0.0 -105.738021,33.609297,0.0 -105.544467,33.823747,0.0 -105.377306,33.971662,0.0 -104.893421,34.047544,0.0 -104.892321,33.480628,0.0 -105.125466,33.496024,0.0 -105.311322,33.476229,0.0"
CORONA,88318,34.1182,416,NM,1421.22909,-105.419,417,"-105.923877,34.259793,0.0 -105.888135,34.259793,0.0 -105.323969,34.259244,0.0 -105.312971,34.346673,0.0 -104.891771,34.347223,0.0 -104.892871,34.088234,0.0 -104.893421,34.047544,0.0 -105.377306,33.971662,0.0 -105.544467,33.823747,0.0 -105.925527,33.939219,0.0 -105.923877,34.259793,0.0"
ENCINO,88321,34.6676,122,NM,436.75663,-105.501,125,"-105.833148,34.6546,0.0 -105.662139,34.683193,0.0 -105.724824,34.814062,0.0 -105.393802,34.837707,0.0 -105.290977,34.73818,0.0 -105.312971,34.498987,0.0 -105.547766,34.479741,0.0 -105.578009,34.609511,0.0 -105.833148,34.6546,0.0"
GLENCOE,88324,33.4034,80,NM,20.58925,-105.518,74,"-105.443291,33.412444,0.0 -105.552715,33.356357,0.0 -105.477932,33.433889,0.0 -105.438892,33.415193,0.0 -105.443291,33.412444,0.0"
HOLLOMAN AIR FORCE BASE,88330,32.8388,1902,NM,22.10424,-106.121,2076,"-106.136677,32.796589,0.0 -106.171319,32.778993,0.0 -106.064094,32.873571,0.0 -106.136677,32.796589,0.0"
HONDO,88336,33.4439,254,NM,58.31091,-105.366,249,"-105.311322,33.476229,0.0 -105.254135,33.378902,0.0 -105.438892,33.415193,0.0 -105.477932,33.433889,0.0 -105.494978,33.461932,0.0 -105.311322,33.476229,0.0"
LA LUZ,88337,32.9857,2476,NM,51.42584,-105.868,2474,"-105.838647,32.947804,0.0 -105.970616,33.008839,0.0 -105.8271,33.079223,0.0 -105.746269,33.00444,0.0 -105.838647,32.947804,0.0"
MAYHILL,88339,32.9245,906,NM,147.20547,-105.479,883," -105.540618,33.00499,0.0 -105.316271,33.002791,0.0 -105.352562,32.900515,0.0 -105.501027,32.865323,0.0 -105.65554,32.929108,0.0 -105.540618,33.00499,0.0 -105.578009,32.79439,0.0 -105.601103,32.854876,0.0 -105.540068,32.853776,0.0 -105.578009,32.79439,0.0"
MESCALERO,88340,33.178,3180,NM,717.5675,-105.612,3156,"-105.746269,33.00444,0.0 -105.8271,33.079223,0.0 -105.8271,33.116614,0.0 -105.857893,33.21779,0.0 -105.931575,33.389899,0.0 -105.811704,33.390449,0.0 -105.52907,33.305769,0.0 -105.419646,33.304669,0.0 -105.31902,33.298621,0.0 -105.316821,33.13201,0.0 -105.316271,33.002791,0.0 -105.540618,33.00499,0.0 -105.746269,33.00444,0.0"
NOGAL,88341,33.4967,559,NM,80.17062,-105.74,545,"-105.738021,33.609297,0.0 -105.623098,33.518019,0.0 -105.681934,33.448735,0.0 -105.818302,33.399247,0.0 -105.738021,33.609297,0.0"
PICACHO,88343,33.4099,44,NM,156.52829,-105.021,43,"-104.885173,33.347559,0.0 -105.226642,33.370654,0.0 -105.02099,33.382751,0.0 -105.125466,33.496024,0.0 -104.892321,33.480628,0.0 -104.885173,33.347559,0.0"
PINON,88344,32.6752,111,NM,194.10669,-105.374,109,"-105.486181,32.738303,0.0 -105.352012,32.753699,0.0 -105.238739,32.796039,0.0 -105.198049,32.671769,0.0 -105.353662,32.534301,0.0 -105.53237,32.614582,0.0 -105.486181,32.738303,0.0"
RUIDOSO,88345,33.3889,13437,NM,126.64782,-105.645,12728,"-105.552715,33.356357,0.0 -105.52907,33.305769,0.0 -105.811704,33.390449,0.0 -105.818302,33.399247,0.0 -105.681934,33.448735,0.0 -105.494978,33.461932,0.0 -105.477932,33.433889,0.0 -105.552715,33.356357,0.0"
RUIDOSO DOWNS,88346,33.3484,859,NM,43.02122,-105.482,805,"-105.419096,33.315117,0.0 -105.419646,33.304669,0.0 -105.52907,33.305769,0.0 -105.552715,33.356357,0.0 -105.443291,33.412444,0.0 -105.419096,33.315117,0.0"
SACRAMENTO,88347,32.7731,65,NM,59.57858,-105.662,64,"-105.601103,32.854876,0.0 -105.578009,32.79439,0.0 -105.570311,32.739403,0.0 -105.746819,32.755899,0.0 -105.601103,32.854876,0.0"
SAN PATRICIO,88348,33.3739,484,NM,48.19125,-105.359,475,"-105.443291,33.412444,0.0 -105.438892,33.415193,0.0 -105.254135,33.378902,0.0 -105.419096,33.315117,0.0 -105.443291,33.412444,0.0"
TINNIE,88351,33.2834,188,NM,438.66438,-105.131,185,"-105.419096,33.315117,0.0 -105.254135,33.378902,0.0 -105.311322,33.476229,0.0 -105.125466,33.496024,0.0 -105.02099,33.382751,0.0 -105.226642,33.370654,0.0 -104.885173,33.347559,0.0 -104.905518,33.143557,0.0 -105.316821,33.13201,0.0 -105.31902,33.298621,0.0 -105.419646,33.304669,0.0 -105.419096,33.315117,0.0"
TULAROSA,88352,33.1515,5262,NM,803.96651,-106.138,5240,"-105.970616,33.008839,0.0 -106.138876,32.886218,0.0 -106.37642,32.910412,0.0 -106.340679,33.052829,0.0 -106.345627,33.390999,0.0 -105.931575,33.389899,0.0 -105.857893,33.21779,0.0 -105.965667,33.106166,0.0 -105.8271,33.116614,0.0 -105.8271,33.079223,0.0 -105.970616,33.008839,0.0"
VAUGHN,88353,34.6451,623,NM,924.37724,-105.113,616,"-104.891771,34.347223,0.0 -105.312971,34.346673,0.0 -105.312971,34.498987,0.0 -105.290977,34.73818,0.0 -105.290977,34.991121,0.0 -104.991297,34.976274,0.0 -104.891771,34.583117,0.0 -104.891771,34.347223,0.0"
WEED,88354,32.802,211,NM,99.48784,-105.461,209,"-105.578009,32.79439,0.0 -105.540068,32.853776,0.0 -105.501027,32.865323,0.0 -105.352562,32.900515,0.0 -105.352012,32.753699,0.0 -105.486181,32.738303,0.0 -105.570311,32.739403,0.0 -105.578009,32.79439,0.0"
TUCUMCARI,88401,35.0597,7686,NM,979.22291,-103.759,7841,"-103.389526,34.836607,0.0 -103.778834,34.820111,0.0 -104.129651,34.870699,0.0 -104.125252,35.0791,0.0 -104.124702,35.142335,0.0 -103.636968,35.240762,0.0 -103.636968,35.337539,0.0 -103.380728,35.365032,0.0 -103.559986,35.103294,0.0 -103.389526,34.8652,0.0 -103.389526,34.836607,0.0</coordinates></LinearRing></outerBoundaryIs><innerBoundaryIs><LinearRing><coordinates>-103.834921,34.898193,0.0 -103.740343,35.03786,0.0 -103.871762,34.987821,0.0 -103.834921,34.898193,0.0"
AMISTAD,88410,35.8945,155,NM,391.49982,-103.214,156,"-103.040909,35.964391,0.0 -103.041458,35.739494,0.0 -103.375229,35.740044,0.0 -103.364782,36.072165,0.0 -103.040909,35.964391,0.0"
BARD,88411,35.1904,315,NM,48.6015,-103.199,12,"-103.278452,35.114841,0.0 -103.198721,35.263856,0.0 -103.101944,35.215468,0.0 -103.278452,35.114841,0.0"
CAPULIN,88414,36.7281,59,NM,15.15103,-103.976,59,"-104.00813,36.788646,0.0 -103.936097,36.747405,0.0 -104.00703,36.697367,0.0 -104.00813,36.788646,0.0"
CLAYTON,88415,36.2548,3124,NM,1022.14842,-103.383,3142,"-103.041458,36.173891,0.0 -103.040909,36.055119,0.0 -103.040909,35.964391,0.0 -103.364782,36.072165,0.0 -103.566584,36.083162,0.0 -103.696354,35.950644,0.0 -103.79423,36.147497,0.0 -103.700753,36.366346,0.0 -103.37303,36.438928,0.0 -103.225115,36.576396,0.0 -103.127238,36.574746,0.0 -103.002418,36.563749,0.0 -103.002418,36.500514,0.0 -103.041458,36.289914,0.0 -103.253708,36.317407,0.0 -103.217417,36.172791,0.0 -103.041458,36.173891,0.0"
CONCHAS DAM,88416,35.3388,350,NM,616.22093,-103.98,344,"-104.354548,35.216017,0.0 -104.195086,35.402423,0.0 -104.209932,35.469508,0.0 -104.085112,35.514597,0.0 -104.014728,35.413971,0.0 -103.792581,35.524495,0.0 -103.636968,35.389776,0.0 -103.636968,35.337539,0.0 -103.636968,35.240762,0.0 -104.124702,35.142335,0.0 -104.354548,35.216017,0.0"
CUERVO,88417,34.9744,60,NM,562.55253,-104.354,58,"-104.129651,34.779421,0.0 -104.339702,34.775572,0.0 -104.597041,34.902592,0.0 -104.505212,35.042258,0.0 -104.5591,35.216017,0.0 -104.354548,35.216017,0.0 -104.350149,35.056555,0.0 -104.125252,35.0791,0.0 -104.129651,34.870699,0.0 -104.129651,34.779421,0.0"
DES MOINES,88418,36.6295,296,NM,266.13767,-103.905,297,"-103.810177,36.7705,0.0 -103.793131,36.452125,0.0 -104.00813,36.418583,0.0 -104.00868,36.567048,0.0 -104.00703,36.697367,0.0 -103.936097,36.747405,0.0 -104.00813,36.788646,0.0 -104.00813,36.840883,0.0 -103.810177,36.7705,0.0"
FOLSOM,88419,36.9041,146,NM,377.60854,-103.74,147,"-103.5017,36.999246,0.0 -103.450012,36.834835,0.0 -103.810177,36.7705,0.0 -104.00813,36.840883,0.0 -104.00813,36.996497,0.0 -103.997682,36.996497,0.0 -103.5017,36.999246,0.0"
GARITA,88421,35.3473,81,NM,367.4195,-104.517,80,"-104.5591,35.216017,0.0 -104.630583,35.216017,0.0 -104.826336,35.451912,0.0 -104.195086,35.402423,0.0 -104.354548,35.216017,0.0 -104.5591,35.216017,0.0"
GLADSTONE,88422,36.3129,42,NM,284.39038,-103.873,42,"-103.79423,36.147497,0.0 -104.00868,36.217881,0.0 -104.00813,36.418583,0.0 -103.793131,36.452125,0.0 -103.700753,36.366346,0.0 -103.79423,36.147497,0.0"
GRENVILLE,88424,36.7143,172,NM,1114.21517,-103.44,173,"-103.225115,36.576396,0.0 -103.617722,36.548352,0.0 -103.37303,36.438928,0.0 -103.700753,36.366346,0.0 -103.793131,36.452125,0.0 -103.810177,36.7705,0.0 -103.450012,36.834835,0.0 -103.5017,36.999246,0.0 -103.425818,36.999246,0.0 -103.085998,37.000346,0.0 -103.002418,37.000346,0.0 -103.002418,36.901369,0.0 -103.03596,36.714963,0.0 -103.307595,36.741907,0.0 -103.127238,36.574746,0.0 -103.225115,36.576396,0.0"
LOGAN,88426,35.4405,1195,NM,272.33084,-103.264,1205,"-103.042008,35.394725,0.0 -103.380728,35.365032,0.0 -103.636968,35.337539,0.0 -103.636968,35.389776,0.0 -103.386777,35.389776,0.0 -103.379079,35.494802,0.0 -103.041458,35.610274,0.0 -103.042008,35.394725,0.0"
MC ALISTER,88427,34.7698,138,NM,188.4794,-103.716,142,"-103.778834,34.820111,0.0 -103.389526,34.836607,0.0 -103.495651,34.778871,0.0 -103.722197,34.77997,0.0 -103.812376,34.619408,0.0 -103.971289,34.793717,0.0 -103.778834,34.820111,0.0"
MOUNT DORA,88429,36.5291,19,NM,149.08923,-103.404,19,"-103.37303,36.438928,0.0 -103.617722,36.548352,0.0 -103.225115,36.576396,0.0 -103.37303,36.438928,0.0"
NARA VISA,88430,35.6391,124,NM,256.74485,-103.217,125,"-103.375229,35.740044,0.0 -103.041458,35.739494,0.0 -103.041458,35.650965,0.0 -103.041458,35.622371,0.0 -103.041458,35.610274,0.0 -103.379079,35.494802,0.0 -103.375229,35.740044,0.0"
NEWKIRK,88431,35.5345,138,NM,675.83905,-104.124,135," -104.209932,35.469508,0.0 -104.419983,35.71255,0.0 -104.367195,35.781284,0.0 -103.979537,35.800529,0.0 -103.792581,35.524495,0.0 -104.014728,35.413971,0.0 -104.085112,35.514597,0.0 -104.209932,35.469508,0.0 -104.354548,35.216017,0.0 -104.124702,35.142335,0.0 -104.125252,35.0791,0.0 -104.350149,35.056555,0.0 -104.354548,35.216017,0.0"
QUAY,88433,34.9608,45,NM,49.86747,-103.813,47,"-103.834921,34.898193,0.0 -103.871762,34.987821,0.0 -103.740343,35.03786,0.0 -103.834921,34.898193,0.0"
SAN JON,88434,35.1327,272,NM,711.29028,-103.272,581,"-103.194322,34.954279,0.0 -103.389526,34.8652,0.0 -103.559986,35.103294,0.0 -103.380728,35.365032,0.0 -103.042008,35.394725,0.0 -103.042558,35.183025,0.0 -103.042558,34.954279,0.0 -103.194322,34.954279,0.0</coordinates></LinearRing></outerBoundaryIs><innerBoundaryIs><LinearRing><coordinates>-103.278452,35.114841,0.0 -103.101944,35.215468,0.0 -103.198721,35.263856,0.0 -103.278452,35.114841,0.0"
SANTA ROSA,88435,34.8941,3525,NM,1135.92857,-104.723,3440,"-104.383141,34.692541,0.0 -104.456824,34.604012,0.0 -104.891771,34.583117,0.0 -104.991297,34.976274,0.0 -104.868127,34.970226,0.0 -105.049584,35.171478,0.0 -105.02319,35.216567,0.0 -104.630583,35.216017,0.0 -104.5591,35.216017,0.0 -104.505212,35.042258,0.0 -104.597041,34.902592,0.0 -104.339702,34.775572,0.0 -104.383141,34.692541,0.0"
SEDAN,88436,36.2506,111,NM,106.06567,-103.146,111,"-103.041458,36.289914,0.0 -103.041458,36.228878,0.0 -103.041458,36.173891,0.0 -103.217417,36.172791,0.0 -103.253708,36.317407,0.0 -103.041458,36.289914,0.0"
SENECA,88437,36.6852,47,NM,166.57278,-103.128,47,"-103.127238,36.574746,0.0 -103.307595,36.741907,0.0 -103.03596,36.714963,0.0 -103.002418,36.901369,0.0 -103.002418,36.719362,0.0 -103.002418,36.662176,0.0 -103.002418,36.563749,0.0 -103.127238,36.574746,0.0"
TREMENTINA,88439,35.5976,145,NM,732.38782,-104.574,142,"-104.862628,35.775785,0.0 -104.830186,35.776335,0.0 -104.367195,35.781284,0.0 -104.419983,35.71255,0.0 -104.209932,35.469508,0.0 -104.195086,35.402423,0.0 -104.826336,35.451912,0.0 -104.862628,35.775785,0.0"
ALBUQUERQUE,87107,35.138,30830,NM,15.05222,-106.642,30967,"-106.657954,35.112092,0.0 -106.689296,35.130238,0.0 -106.651905,35.179726,0.0 -106.620012,35.170378,0.0 -106.605166,35.153332,0.0 -106.604066,35.130788,0.0 -106.604066,35.106593,0.0 -106.623862,35.109343,0.0 -106.657954,35.112092,0.0"
CERRILLOS,87010,35.3755,1113,NM,145.49164,-106.143,1057,"-106.08224,35.278703,0.0 -106.175718,35.280902,0.0 -106.246101,35.250109,0.0 -106.2483,35.444763,0.0 -106.130078,35.504149,0.0 -106.029452,35.442564,0.0 -106.08224,35.278703,0.0"
CLOUDCROFT,88317,32.3534,2818,NM,4056.30922,-105.657,2732,"-104.85163,32.520555,0.0 -104.847781,32.000378,0.0 -104.953356,32.000378,0.0 -105.998109,32.002577,0.0 -106.322533,32.001477,0.0 -106.324182,32.001477,0.0 -106.37697,32.081758,0.0 -106.37697,32.516156,0.0 -106.171319,32.778993,0.0 -106.136677,32.796589,0.0 -106.092137,32.692664,0.0 -105.826,32.718508,0.0 -105.838647,32.947804,0.0 -105.746269,33.00444,0.0 -105.540618,33.00499,0.0 -105.65554,32.929108,0.0 -105.501027,32.865323,0.0 -105.540068,32.853776,0.0 -105.601103,32.854876,0.0 -105.746819,32.755899,0.0 -105.570311,32.739403,0.0 -105.486181,32.738303,0.0 -105.53237,32.614582,0.0 -105.353662,32.534301,0.0 -104.85163,32.520555,0.0"
LAS VEGAS,87701,35.4936,20710,NM,1183.63836,-105.082,20864,"-105.02319,35.216567,0.0 -105.166706,35.217117,0.0 -105.290977,35.216567,0.0 -105.315721,35.401873,0.0 -105.223343,35.54374,0.0 -105.384455,35.611924,0.0 -105.351462,35.691655,0.0 -105.48948,35.716949,0.0 -105.524122,35.870913,0.0 -105.434493,35.870913,0.0 -105.253036,35.773036,0.0 -105.053433,35.776335,0.0 -105.006144,35.771386,0.0 -104.862628,35.775785,0.0 -104.826336,35.451912,0.0 -104.630583,35.216017,0.0 -105.02319,35.216567,0.0"
SANTA FE,87505,35.6227,65396,NM,69.4836,-105.867,31661,"-105.860642,35.688906,0.0 -105.775962,35.591029,0.0 -105.971716,35.62897,0.0 -105.981613,35.675159,0.0 -105.860642,35.688906,0.0"
SANTA FE,87501,35.8462,46605,NM,216.9031,-105.818,16490,"-105.718226,35.687806,0.0 -105.860642,35.688906,0.0 -105.981613,35.675159,0.0 -105.964567,35.706501,0.0 -105.811154,35.768637,0.0 -105.917828,35.9248,0.0 -105.717126,35.978687,0.0 -105.720425,35.870913,0.0 -105.718226,35.687806,0.0"
