ALCESTER,57001,42.9974,2127,SD,154.48579,-96.627,2066,"-96.454016,43.083558,0.0 -96.538146,42.908699,0.0 -96.765792,42.909799,0.0 -96.68716,43.097854,0.0 -96.454016,43.083558,0.0"
AURORA,57002,44.3024,1244,SD,72.6797,-96.6892,1240,"-96.709705,44.195395,0.0 -96.727301,44.412594,0.0 -96.628324,44.296571,0.0 -96.64647,44.195395,0.0 -96.709705,44.195395,0.0"
BALTIC,57003,43.7367,1715,SD,49.24826,-96.7545,1654,"-96.791086,43.703261,0.0 -96.870817,43.717558,0.0 -96.870817,43.731854,0.0 -96.831226,43.775294,0.0 -96.69101,43.746701,0.0 -96.69101,43.688965,0.0 -96.791086,43.703261,0.0"
BERESFORD,57004,43.0827,2987,SD,173.66391,-96.8023,3170,"-96.765792,42.909799,0.0 -96.786137,42.880656,0.0 -96.805382,42.938942,0.0 -96.904909,42.953239,0.0 -96.846073,43.214427,0.0 -96.806482,43.24302,0.0 -96.707506,43.19958,0.0 -96.68716,43.170987,0.0 -96.68716,43.097854,0.0 -96.765792,42.909799,0.0"
BRANDON,57005,43.5897,7057,SD,42.6863,-96.5809,6806,"-96.531547,43.644975,0.0 -96.531547,43.500359,0.0 -96.599181,43.500359,0.0 -96.651419,43.598236,0.0 -96.631624,43.659821,0.0 -96.531547,43.644975,0.0"
BROOKINGS,57006,44.334,18972,SD,124.72119,-96.8019,18687,"-96.865868,44.195945,0.0 -96.907658,44.370254,0.0 -96.766892,44.51377,0.0 -96.727301,44.412594,0.0 -96.709705,44.195395,0.0 -96.865868,44.195945,0.0"
BURBANK,57010,42.8181,418,SD,54.48523,-96.825,454,"-96.786137,42.880656,0.0 -96.805932,42.706897,0.0 -96.889513,42.73384,0.0 -96.805382,42.938942,0.0 -96.786137,42.880656,0.0"
CANTON,57013,43.2874,4472,SD,126.98006,-96.6207,4258,"-96.707506,43.19958,0.0 -96.707506,43.344746,0.0 -96.589284,43.432175,0.0 -96.522199,43.381037,0.0 -96.585434,43.268864,0.0 -96.494156,43.223225,0.0 -96.529348,43.170437,0.0 -96.68716,43.170987,0.0 -96.707506,43.19958,0.0"
CENTERVILLE,57014,43.1052,1450,SD,122.31746,-96.9569,1475,"-96.964295,42.953788,0.0 -97.080867,43.098404,0.0 -97.090215,43.112701,0.0 -96.982441,43.213327,0.0 -96.924704,43.24357,0.0 -96.846073,43.214427,0.0 -96.904909,42.953239,0.0 -96.964295,42.953788,0.0"
CHANCELLOR,57015,43.4219,885,SD,53.27909,-96.9799,873,"-96.924704,43.432175,0.0 -96.964295,43.329899,0.0 -96.98464,43.329899,0.0 -97.023681,43.344196,0.0 -97.029729,43.499809,0.0 -96.9445,43.499809,0.0 -96.924704,43.432175,0.0"
CHESTER,57016,43.8916,979,SD,72.00984,-97.0088,961,"-97.129256,43.847877,0.0 -97.128706,43.934756,0.0 -97.008834,43.934756,0.0 -96.888963,43.935306,0.0 -96.888413,43.848427,0.0 -96.910958,43.848427,0.0 -97.129256,43.847877,0.0"
COLMAN,57017,43.9353,1037,SD,71.91959,-96.8289,1046,"-96.769091,43.935306,0.0 -96.769091,43.848427,0.0 -96.888413,43.848427,0.0 -96.888963,43.935306,0.0 -96.888963,44.022186,0.0 -96.769091,44.022186,0.0 -96.769091,43.935306,0.0"
COLTON,57018,43.7968,1410,SD,83.23752,-96.9828,1384,"-97.02918,43.761547,0.0 -97.089665,43.775844,0.0 -97.129256,43.83358,0.0 -97.129256,43.847877,0.0 -96.910958,43.848427,0.0 -96.831226,43.775294,0.0 -96.870817,43.731854,0.0 -97.02918,43.761547,0.0"
CROOKS,57020,43.6792,1223,SD,23.30278,-96.8292,1222,"-96.761393,43.645525,0.0 -96.870817,43.644975,0.0 -96.870817,43.717558,0.0 -96.791086,43.703261,0.0 -96.761393,43.645525,0.0"
DAVIS,57021,43.2664,299,SD,31.20456,-96.9769,294,"-96.982441,43.213327,0.0 -97.024231,43.228723,0.0 -96.98464,43.329899,0.0 -96.964295,43.329899,0.0 -96.924704,43.24357,0.0 -96.982441,43.213327,0.0"
DELL RAPIDS,57022,43.8131,3943,SD,79.15024,-96.7193,3845,"-96.910958,43.848427,0.0 -96.888413,43.848427,0.0 -96.769091,43.848427,0.0 -96.551892,43.847877,0.0 -96.69101,43.746701,0.0 -96.831226,43.775294,0.0 -96.910958,43.848427,0.0"
EGAN,57024,43.9787,651,SD,72.7091,-96.6475,654,"-96.526598,43.934207,0.0 -96.769091,43.935306,0.0 -96.769091,44.022186,0.0 -96.526048,44.022186,0.0 -96.526598,43.934207,0.0"
ELK POINT,57025,42.7746,2950,SD,190.83163,-96.6794,2971,"-96.538146,42.908699,0.0 -96.590933,42.808623,0.0 -96.538146,42.64916,0.0 -96.703657,42.605171,0.0 -96.805932,42.706897,0.0 -96.786137,42.880656,0.0 -96.765792,42.909799,0.0 -96.538146,42.908699,0.0"
ELKTON,57026,44.2803,1230,SD,97.41315,-96.5314,1217,"-96.452916,44.197044,0.0 -96.64647,44.195395,0.0 -96.628324,44.296571,0.0 -96.452366,44.38345,0.0 -96.452366,44.371903,0.0 -96.452366,44.284474,0.0 -96.452916,44.197044,0.0"
FAIRVIEW,57027,43.1963,205,SD,9.60087,-96.5112,194,"-96.494156,43.223225,0.0 -96.487558,43.223775,0.0 -96.466113,43.170987,0.0 -96.529348,43.170437,0.0 -96.494156,43.223225,0.0"
FLANDREAU,57028,44.0983,4009,SD,280.21433,-96.6564,4032,"-96.888963,44.022186,0.0 -96.888963,44.109615,0.0 -96.889513,44.195945,0.0 -96.865868,44.195945,0.0 -96.709705,44.195395,0.0 -96.64647,44.195395,0.0 -96.452916,44.197044,0.0 -96.453466,43.936406,0.0 -96.453466,43.934756,0.0 -96.526598,43.934207,0.0 -96.526048,44.022186,0.0 -96.769091,44.022186,0.0 -96.888963,44.022186,0.0"
FREEMAN,57029,43.3525,2175,SD,171.46924,-97.473,2183,"-97.299166,43.256217,0.0 -97.299166,43.227624,0.0 -97.399242,43.212777,0.0 -97.592246,43.342546,0.0 -97.638985,43.360142,0.0 -97.62029,43.472866,0.0 -97.400892,43.45307,0.0 -97.299166,43.256217,0.0"
GARRETSON,57030,43.735,2718,SD,121.41965,-96.5497,2692,"-96.453466,43.849527,0.0 -96.453466,43.762097,0.0 -96.453466,43.675218,0.0 -96.453466,43.646075,0.0 -96.531547,43.644975,0.0 -96.631624,43.659821,0.0 -96.691559,43.659821,0.0 -96.69101,43.688965,0.0 -96.69101,43.746701,0.0 -96.551892,43.847877,0.0 -96.453466,43.849527,0.0"
GAYVILLE,57031,42.8665,674,SD,35.06071,-97.2005,672,"-97.141353,42.909249,0.0 -97.140803,42.822369,0.0 -97.160049,42.803124,0.0 -97.278821,42.865809,0.0 -97.278821,42.90595,0.0 -97.205138,42.909249,0.0 -97.141353,42.909249,0.0"
HARRISBURG,57032,43.4167,3178,SD,63.91911,-96.7003,2845,"-96.796585,43.359592,0.0 -96.806482,43.432175,0.0 -96.747096,43.460769,0.0 -96.593133,43.459669,0.0 -96.589284,43.432175,0.0 -96.707506,43.344746,0.0 -96.796585,43.359592,0.0"
HARTFORD,57033,43.6286,3949,SD,114.93147,-96.9584,3829,"-96.910408,43.500359,0.0 -96.9445,43.499809,0.0 -97.029729,43.499809,0.0 -97.029729,43.514106,0.0 -97.02918,43.761547,0.0 -96.870817,43.731854,0.0 -96.870817,43.717558,0.0 -96.870817,43.644975,0.0 -96.890612,43.543249,0.0 -96.910408,43.500359,0.0"
HUDSON,57034,43.1303,835,SD,68.07054,-96.5613,790,"-96.466113,43.170987,0.0 -96.454016,43.084108,0.0 -96.454016,43.083558,0.0 -96.68716,43.097854,0.0 -96.68716,43.170987,0.0 -96.529348,43.170437,0.0 -96.466113,43.170987,0.0"
HUMBOLDT,57035,43.6326,1120,SD,81.02763,-97.0716,1101,"-97.129256,43.586689,0.0 -97.089665,43.775844,0.0 -97.02918,43.761547,0.0 -97.029729,43.514106,0.0 -97.129256,43.514106,0.0 -97.129256,43.586689,0.0"
HURLEY,57036,43.2779,911,SD,95.59684,-97.1411,885,"-97.024231,43.228723,0.0 -97.299166,43.227624,0.0 -97.299166,43.256217,0.0 -97.259575,43.299657,0.0 -97.023681,43.344196,0.0 -96.98464,43.329899,0.0 -97.024231,43.228723,0.0"
IRENE,57037,43.1072,1197,SD,110.64855,-97.2512,1058,"-97.298616,43.082458,0.0 -97.399242,43.068161,0.0 -97.419037,43.125898,0.0 -97.377797,43.169337,0.0 -97.090215,43.112701,0.0 -97.080867,43.098404,0.0 -97.160049,43.039568,0.0 -97.298616,43.082458,0.0"
JEFFERSON,57038,42.5813,1339,SD,47.27471,-96.5949,1279,"-96.515601,42.626616,0.0 -96.547493,42.521041,0.0 -96.703657,42.605171,0.0 -96.538146,42.64916,0.0 -96.515601,42.626616,0.0"
LENNOX,57039,43.3302,3467,SD,89.48743,-96.8693,3193,"-96.796585,43.359592,0.0 -96.806482,43.24302,0.0 -96.846073,43.214427,0.0 -96.924704,43.24357,0.0 -96.964295,43.329899,0.0 -96.924704,43.432175,0.0 -96.806482,43.432175,0.0 -96.796585,43.359592,0.0"
LESTERVILLE,57040,43.0764,581,SD,61.40358,-97.5884,429,"-97.518564,43.140194,0.0 -97.595546,42.966985,0.0 -97.635136,42.996128,0.0 -97.637886,43.168788,0.0 -97.518564,43.140194,0.0"
MADISON,57042,43.985,8215,SD,162.8295,-97.1356,8254,"-97.129256,43.847877,0.0 -97.129256,43.83358,0.0 -97.249128,43.848427,0.0 -97.249128,44.066175,0.0 -97.129806,44.109065,0.0 -97.009384,44.109065,0.0 -97.009384,44.022186,0.0 -97.008834,43.934756,0.0 -97.128706,43.934756,0.0 -97.129256,43.847877,0.0"
MARION,57043,43.4025,1547,SD,106.47596,-97.3063,1543,"-97.221084,43.459119,0.0 -97.259575,43.299657,0.0 -97.299166,43.256217,0.0 -97.400892,43.45307,0.0 -97.359651,43.499809,0.0 -97.241429,43.499809,0.0 -97.221084,43.459119,0.0"
MECKLING,57044,42.8549,228,SD,37.3265,-97.094,228,"-97.141353,42.909249,0.0 -97.062722,42.909799,0.0 -97.042376,42.909799,0.0 -97.022581,42.822369,0.0 -97.140803,42.822369,0.0 -97.141353,42.909249,0.0"
MENNO,57045,43.2215,1256,SD,132.41592,-97.5236,1327,"-97.637886,43.168788,0.0 -97.592246,43.342546,0.0 -97.399242,43.212777,0.0 -97.377797,43.169337,0.0 -97.419037,43.125898,0.0 -97.518564,43.140194,0.0 -97.637886,43.168788,0.0"
MISSION HILL,57046,42.9843,638,SD,54.33091,-97.3229,617,"-97.278821,42.90595,0.0 -97.398692,43.021422,0.0 -97.399242,43.068161,0.0 -97.298616,43.082458,0.0 -97.205138,42.909249,0.0 -97.278821,42.90595,0.0"
MONROE,57047,43.4955,221,SD,10.52492,-97.2129,219,"-97.241429,43.499809,0.0 -97.182043,43.499809,0.0 -97.221084,43.459119,0.0 -97.241429,43.499809,0.0"
MONTROSE,57048,43.7165,1121,SD,120.7587,-97.1805,1105,"-97.129256,43.586689,0.0 -97.248578,43.673568,0.0 -97.249128,43.848427,0.0 -97.129256,43.83358,0.0 -97.089665,43.775844,0.0 -97.129256,43.586689,0.0"
NUNDA,57050,44.1525,364,SD,71.47732,-97.0095,368,"-96.888963,44.109615,0.0 -97.009384,44.109065,0.0 -97.129806,44.109065,0.0 -97.129806,44.195945,0.0 -97.06932,44.195945,0.0 -96.889513,44.195945,0.0 -96.888963,44.109615,0.0"
OLDHAM,57051,44.2252,396,SD,76.6096,-97.335,403,"-97.169946,44.195945,0.0 -97.370099,44.167901,0.0 -97.49162,44.194845,0.0 -97.461927,44.238285,0.0 -97.266723,44.282274,0.0 -97.169946,44.195945,0.0"
OLIVET,57052,43.2923,409,SD,120.30842,-97.7311,503,"-97.757207,43.212777,0.0 -97.87543,43.255667,0.0 -97.877079,43.341447,0.0 -97.739062,43.403582,0.0 -97.638985,43.360142,0.0 -97.592246,43.342546,0.0 -97.637886,43.168788,0.0 -97.757207,43.212777,0.0"
PARKER,57053,43.4078,1808,SD,123.71785,-97.1311,1789,"-97.023681,43.344196,0.0 -97.259575,43.299657,0.0 -97.221084,43.459119,0.0 -97.182043,43.499809,0.0 -97.129256,43.514106,0.0 -97.029729,43.514106,0.0 -97.029729,43.499809,0.0 -97.023681,43.344196,0.0"
RAMONA,57054,44.1307,573,SD,107.06265,-97.2496,577,"-97.249128,44.066175,0.0 -97.370099,44.066175,0.0 -97.370099,44.167901,0.0 -97.169946,44.195945,0.0 -97.129806,44.195945,0.0 -97.129806,44.109065,0.0 -97.249128,44.066175,0.0"
RENNER,57055,43.6693,994,SD,12.85629,-96.7369,933,"-96.752045,43.645525,0.0 -96.761393,43.645525,0.0 -96.791086,43.703261,0.0 -96.69101,43.688965,0.0 -96.691559,43.659821,0.0 -96.752045,43.645525,0.0"
RUTLAND,57057,44.0658,203,SD,36.02386,-96.949,205,"-96.888963,44.022186,0.0 -97.009384,44.022186,0.0 -97.009384,44.109065,0.0 -96.888963,44.109615,0.0 -96.888963,44.022186,0.0"
SALEM,57058,43.761,2077,SD,145.21055,-97.3689,2067,"-97.248578,43.673568,0.0 -97.488871,43.673568,0.0 -97.488871,43.848977,0.0 -97.369549,43.848427,0.0 -97.249128,43.848427,0.0 -97.248578,43.673568,0.0"
SCOTLAND,57059,43.1082,1503,SD,129.28693,-97.755,1508,"-97.635136,42.996128,0.0 -97.714318,42.996128,0.0 -97.930966,43.067611,0.0 -97.930417,43.111601,0.0 -97.834739,43.168788,0.0 -97.757207,43.212777,0.0 -97.637886,43.168788,0.0 -97.635136,42.996128,0.0"
SPRINGFIELD,57062,42.8527,2083,SD,109.56551,-97.9734,2071,"-98.153664,42.843264,0.0 -98.140467,42.86086,0.0 -98.030493,42.908699,0.0 -97.87158,42.908699,0.0 -97.766555,42.869658,0.0 -97.998051,42.765733,0.0 -98.153664,42.843264,0.0"
TABOR,57063,42.9253,953,SD,84.0636,-97.6936,927,"-97.87158,42.908699,0.0 -97.714318,42.996128,0.0 -97.635136,42.996128,0.0 -97.595546,42.966985,0.0 -97.57575,42.952139,0.0 -97.604344,42.869108,0.0 -97.766555,42.869658,0.0 -97.87158,42.908699,0.0"
TEA,57064,43.4609,3609,SD,31.60525,-96.8673,2847,"-96.9445,43.499809,0.0 -96.910408,43.500359,0.0 -96.797684,43.460769,0.0 -96.747096,43.460769,0.0 -96.806482,43.432175,0.0 -96.924704,43.432175,0.0 -96.9445,43.499809,0.0"
TRENT,57065,43.8916,843,SD,94.393,-96.6114,855,"-96.769091,43.935306,0.0 -96.526598,43.934207,0.0 -96.453466,43.934756,0.0 -96.453466,43.849527,0.0 -96.551892,43.847877,0.0 -96.769091,43.848427,0.0 -96.769091,43.935306,0.0"
TYNDALL,57066,42.9906,1611,SD,115.02449,-97.8617,1766,"-97.87158,42.908699,0.0 -98.030493,42.908699,0.0 -97.930966,43.067611,0.0 -97.714318,42.996128,0.0 -97.87158,42.908699,0.0"
UTICA,57067,43.0361,310,SD,77.52406,-97.4866,633,"-97.518564,43.140194,0.0 -97.419037,43.125898,0.0 -97.399242,43.068161,0.0 -97.398692,43.021422,0.0 -97.57575,42.952139,0.0 -97.595546,42.966985,0.0 -97.518564,43.140194,0.0"
VALLEY SPRINGS,57068,43.5739,1588,SD,41.06334,-96.4952,1524,"-96.453466,43.646075,0.0 -96.453466,43.587789,0.0 -96.452916,43.500359,0.0 -96.531547,43.500359,0.0 -96.531547,43.644975,0.0 -96.453466,43.646075,0.0"
VIBORG,57070,43.1865,1396,SD,90.86957,-97.1633,1426,"-97.399242,43.212777,0.0 -97.299166,43.227624,0.0 -97.024231,43.228723,0.0 -96.982441,43.213327,0.0 -97.090215,43.112701,0.0 -97.377797,43.169337,0.0 -97.399242,43.212777,0.0"
VOLGA,57071,44.2735,2425,SD,109.88999,-96.9606,2393,"-96.889513,44.195945,0.0 -97.06932,44.195945,0.0 -97.02698,44.369154,0.0 -96.907658,44.370254,0.0 -96.865868,44.195945,0.0 -96.889513,44.195945,0.0"
VOLIN,57072,42.9797,720,SD,78.74198,-97.201,663,"-97.298616,43.082458,0.0 -97.160049,43.039568,0.0 -97.062722,42.909799,0.0 -97.141353,42.909249,0.0 -97.205138,42.909249,0.0 -97.298616,43.082458,0.0"
WAKONDA,57073,43.0022,794,SD,67.86737,-97.0641,758,"-97.042376,42.909799,0.0 -97.062722,42.909799,0.0 -97.160049,43.039568,0.0 -97.080867,43.098404,0.0 -96.964295,42.953788,0.0 -97.042376,42.909799,0.0"
WENTWORTH,57075,43.9788,509,SD,35.88167,-96.9489,504,"-97.008834,43.934756,0.0 -97.009384,44.022186,0.0 -96.888963,44.022186,0.0 -96.888963,43.935306,0.0 -97.008834,43.934756,0.0"
WINFRED,57076,43.9573,408,SD,90.62923,-97.3093,411,"-97.249128,43.848427,0.0 -97.369549,43.848427,0.0 -97.369549,43.935306,0.0 -97.370099,44.066175,0.0 -97.249128,44.066175,0.0 -97.249128,43.848427,0.0"
WORTHING,57077,43.2884,1116,SD,50.37916,-96.7574,1008,"-96.707506,43.19958,0.0 -96.806482,43.24302,0.0 -96.796585,43.359592,0.0 -96.707506,43.344746,0.0 -96.707506,43.19958,0.0"
YANKTON,57078,42.9155,18120,SD,104.8733,-97.4479,18060,"-97.604344,42.869108,0.0 -97.57575,42.952139,0.0 -97.398692,43.021422,0.0 -97.278821,42.90595,0.0 -97.278821,42.865809,0.0 -97.604344,42.869108,0.0"
SIOUX FALLS,57104,43.6035,26543,SD,32.03508,-96.7052,26022,"-96.771291,43.544349,0.0 -96.752045,43.645525,0.0 -96.691559,43.659821,0.0 -96.631624,43.659821,0.0 -96.651419,43.598236,0.0 -96.664616,43.587239,0.0 -96.704756,43.53775,0.0 -96.771291,43.544349,0.0"
SIOUX FALLS,57105,43.5208,24475,SD,7.62552,-96.7364,24194,"-96.707506,43.500359,0.0 -96.761943,43.500359,0.0 -96.771291,43.544349,0.0 -96.704756,43.53775,0.0 -96.707506,43.500359,0.0"
SIOUX FALLS,57106,43.514,28058,SD,26.81284,-96.8372,27526,"-96.761943,43.500359,0.0 -96.797684,43.460769,0.0 -96.910408,43.500359,0.0 -96.890612,43.543249,0.0 -96.771291,43.544349,0.0 -96.761943,43.500359,0.0"
SIOUX FALLS,57107,43.5954,5293,SD,49.47805,-96.8213,5125,"-96.890612,43.543249,0.0 -96.870817,43.644975,0.0 -96.761393,43.645525,0.0 -96.752045,43.645525,0.0 -96.771291,43.544349,0.0 -96.890612,43.543249,0.0"
SIOUX FALLS,57108,43.4818,6681,SD,24.50193,-96.6947,5913,"-96.599181,43.500359,0.0 -96.593133,43.459669,0.0 -96.747096,43.460769,0.0 -96.797684,43.460769,0.0 -96.761943,43.500359,0.0 -96.707506,43.500359,0.0 -96.671214,43.500359,0.0 -96.599181,43.500359,0.0"
SIOUX FALLS,57110,43.5458,9073,SD,23.93639,-96.633,8625,"-96.664616,43.587239,0.0 -96.651419,43.598236,0.0 -96.599181,43.500359,0.0 -96.671214,43.500359,0.0 -96.664616,43.587239,0.0"
WATERTOWN,57201,44.9349,23504,SD,332.51892,-97.0925,23447,"-97.370099,44.847541,0.0 -97.289818,44.948717,0.0 -97.144102,45.093333,0.0 -96.882914,45.049343,0.0 -96.882364,44.97676,0.0 -96.923605,44.904727,0.0 -96.923605,44.889881,0.0 -96.925254,44.804101,0.0 -97.127056,44.788705,0.0 -97.370099,44.847541,0.0"
ARLINGTON,57212,44.3784,2045,SD,207.89059,-97.1315,2028,"-97.266723,44.282274,0.0 -97.234831,44.369154,0.0 -97.229332,44.485176,0.0 -97.189192,44.542913,0.0 -97.067121,44.543463,0.0 -97.047325,44.528066,0.0 -97.02698,44.369154,0.0 -97.06932,44.195945,0.0 -97.129806,44.195945,0.0 -97.169946,44.195945,0.0 -97.266723,44.282274,0.0"
ASTORIA,57213,44.5872,375,SD,56.2003,-96.5466,377,"-96.451816,44.630892,0.0 -96.451816,44.543463,0.0 -96.642071,44.544012,0.0 -96.642621,44.630342,0.0 -96.451816,44.630892,0.0"
BIG STONE CITY,57216,45.2679,875,SD,44.85,-96.5078,890,"-96.452366,45.165915,0.0 -96.616777,45.326478,0.0 -96.470512,45.326478,0.0 -96.452916,45.269291,0.0 -96.452366,45.165915,0.0"
BRADLEY,57217,45.0651,385,SD,143.25502,-97.6165,394,"-97.616441,44.97841,0.0 -97.738512,44.97841,0.0 -97.739062,45.065289,0.0 -97.738512,45.152169,0.0 -97.616991,45.151619,0.0 -97.49437,45.151619,0.0 -97.49382,45.035596,0.0 -97.49437,44.97841,0.0 -97.616441,44.97841,0.0"
BRANDT,57218,44.6742,678,SD,128.4848,-96.6681,679,"-96.885663,44.630892,0.0 -96.885114,44.717222,0.0 -96.601931,44.717771,0.0 -96.451266,44.718321,0.0 -96.451816,44.631442,0.0 -96.451816,44.630892,0.0 -96.642621,44.630342,0.0 -96.885663,44.630892,0.0"
BRISTOL,57219,45.2655,646,SD,181.0876,-97.7494,660,"-97.735213,45.413357,0.0 -97.735213,45.326478,0.0 -97.612042,45.326478,0.0 -97.616991,45.151619,0.0 -97.738512,45.152169,0.0 -97.861683,45.152169,0.0 -97.862233,45.239598,0.0 -97.857834,45.413907,0.0 -97.735213,45.413357,0.0"
BRUCE,57220,44.4657,873,SD,119.93208,-96.9255,854,"-96.907658,44.370254,0.0 -97.02698,44.369154,0.0 -97.047325,44.528066,0.0 -96.804283,44.544012,0.0 -96.766342,44.528616,0.0 -96.766892,44.51377,0.0 -96.907658,44.370254,0.0"
BRYANT,57221,44.6166,737,SD,91.50098,-97.4482,736,"-97.329958,44.630342,0.0 -97.370649,44.543463,0.0 -97.49107,44.527516,0.0 -97.633487,44.544012,0.0 -97.613691,44.558859,0.0 -97.49217,44.572606,0.0 -97.49162,44.717771,0.0 -97.370099,44.717222,0.0 -97.329958,44.630342,0.0"
CASTLEWOOD,57223,44.7288,1219,SD,99.37774,-97.0298,1202,"-96.885114,44.717222,0.0 -97.06767,44.629792,0.0 -97.127606,44.629792,0.0 -97.127606,44.716672,0.0 -97.127056,44.788705,0.0 -96.925254,44.804101,0.0 -96.884564,44.775508,0.0 -96.885114,44.717222,0.0"
CLAIRE CITY,57224,45.8774,318,SD,96.71061,-97.1034,324,"-96.979141,45.819711,0.0 -97.227683,45.818611,0.0 -97.228233,45.935184,0.0 -97.061072,45.935733,0.0 -96.977492,45.935733,0.0 -96.979141,45.819711,0.0"
CLARK,57225,44.87,2035,SD,287.17431,-97.7215,2060,"-97.856184,44.718321,0.0 -97.861683,45.065839,0.0 -97.739062,45.065289,0.0 -97.738512,44.97841,0.0 -97.616441,44.97841,0.0 -97.616441,44.89153,0.0 -97.49437,44.89153,0.0 -97.49107,44.804101,0.0 -97.613142,44.804651,0.0 -97.614241,44.717771,0.0 -97.856184,44.718321,0.0"
CLEAR LAKE,57226,44.7895,1884,SD,124.47129,-96.7202,1873,"-96.885114,44.717222,0.0 -96.884564,44.775508,0.0 -96.638772,44.889881,0.0 -96.601931,44.717771,0.0 -96.885114,44.717222,0.0"
CORONA,57227,45.3632,788,SD,82.44487,-96.6681,772,"-96.842224,45.325928,0.0 -96.686061,45.412807,0.0 -96.470512,45.326478,0.0 -96.616777,45.326478,0.0 -96.739948,45.326478,0.0 -96.842224,45.325928,0.0"
DE SMET,57231,44.3592,1825,SD,256.26791,-97.5896,1827,"-97.49162,44.194845,0.0 -97.609292,44.194845,0.0 -97.713218,44.194845,0.0 -97.652732,44.544012,0.0 -97.633487,44.544012,0.0 -97.49107,44.527516,0.0 -97.45093,44.441187,0.0 -97.531211,44.354307,0.0 -97.461927,44.238285,0.0 -97.49162,44.194845,0.0"
EDEN,57232,45.6133,293,SD,72.35361,-97.3545,296,"-97.227133,45.644852,0.0 -97.227133,45.557973,0.0 -97.3646,45.558523,0.0 -97.484472,45.587666,0.0 -97.483922,45.674545,0.0 -97.227133,45.644852,0.0"
ESTELLINE,57234,44.6171,1318,SD,101.46744,-96.957,1307,"-97.067121,44.543463,0.0 -97.06767,44.629792,0.0 -96.885114,44.717222,0.0 -96.885663,44.630892,0.0 -96.804283,44.544012,0.0 -97.047325,44.528066,0.0 -97.067121,44.543463,0.0"
FLORENCE,57235,45.0571,792,SD,127.84704,-97.2993,797,"-97.289818,44.948717,0.0 -97.432784,45.0213,0.0 -97.392094,45.151619,0.0 -97.226583,45.151619,0.0 -97.144102,45.093333,0.0 -97.289818,44.948717,0.0"
GARDEN CITY,57236,44.9349,154,SD,35.91163,-97.5553,156,"-97.616441,44.97841,0.0 -97.49437,44.97841,0.0 -97.49437,44.89153,0.0 -97.616441,44.89153,0.0 -97.616441,44.97841,0.0"
GARY,57237,44.8539,606,SD,143.00052,-96.534,608,"-96.601931,44.717771,0.0 -96.638772,44.889881,0.0 -96.638772,44.97676,0.0 -96.452366,44.97731,0.0 -96.451816,44.805201,0.0 -96.451266,44.718321,0.0 -96.601931,44.717771,0.0"
GOODWIN,57238,44.8963,642,SD,139.19714,-96.8042,642,"-96.923605,44.889881,0.0 -96.923605,44.904727,0.0 -96.882364,44.97676,0.0 -96.760293,44.97621,0.0 -96.662966,44.97676,0.0 -96.638772,44.97676,0.0 -96.638772,44.889881,0.0 -96.884564,44.775508,0.0 -96.925254,44.804101,0.0 -96.923605,44.889881,0.0"
GRENVILLE,57239,45.4995,248,SD,77.53677,-97.4225,254,"-97.3657,45.413357,0.0 -97.489421,45.413357,0.0 -97.489421,45.587666,0.0 -97.484472,45.587666,0.0 -97.3646,45.558523,0.0 -97.3657,45.413357,0.0"
HAYTI,57241,44.6752,750,SD,67.67681,-97.2429,746,"-97.127606,44.629792,0.0 -97.329958,44.630342,0.0 -97.370099,44.717222,0.0 -97.127606,44.716672,0.0 -97.127606,44.629792,0.0"
HAZEL,57242,44.767,566,SD,119.42103,-97.3116,565,"-97.49162,44.717771,0.0 -97.49107,44.804101,0.0 -97.370099,44.847541,0.0 -97.127056,44.788705,0.0 -97.127606,44.716672,0.0 -97.370099,44.717222,0.0 -97.49162,44.717771,0.0"
HENRY,57243,44.912,568,SD,108.40232,-97.4157,573,"-97.370099,44.847541,0.0 -97.49107,44.804101,0.0 -97.49437,44.89153,0.0 -97.49437,44.97841,0.0 -97.49382,45.035596,0.0 -97.432784,45.0213,0.0 -97.289818,44.948717,0.0 -97.370099,44.847541,0.0"
HETLAND,57244,44.4176,108,SD,25.23957,-97.2489,108,"-97.234831,44.369154,0.0 -97.269473,44.484627,0.0 -97.229332,44.485176,0.0 -97.234831,44.369154,0.0"
LABOLT,57246,45.0465,211,SD,39.81881,-96.6724,213,"-96.760293,44.97621,0.0 -96.741048,45.06309,0.0 -96.700357,45.06309,0.0 -96.599731,45.107079,0.0 -96.662966,44.97676,0.0 -96.760293,44.97621,0.0"
LAKE CITY,57247,45.6972,385,SD,72.06776,-97.354,390,"-97.227683,45.731732,0.0 -97.227133,45.644852,0.0 -97.483922,45.674545,0.0 -97.483922,45.761425,0.0 -97.227683,45.731732,0.0"
LAKE NORDEN,57248,44.5883,1038,SD,84.7541,-97.2225,1025,"-97.067121,44.543463,0.0 -97.189192,44.542913,0.0 -97.370649,44.543463,0.0 -97.329958,44.630342,0.0 -97.127606,44.629792,0.0 -97.06767,44.629792,0.0 -97.067121,44.543463,0.0"
LAKE PRESTON,57249,44.3671,1127,SD,157.27585,-97.3668,1128,"-97.45093,44.441187,0.0 -97.269473,44.484627,0.0 -97.234831,44.369154,0.0 -97.266723,44.282274,0.0 -97.461927,44.238285,0.0 -97.531211,44.354307,0.0 -97.45093,44.441187,0.0"
MARVIN,57251,45.2812,144,SD,44.06497,-96.9385,147,"-96.862569,45.326478,0.0 -96.863119,45.239598,0.0 -97.007735,45.296785,0.0 -96.992888,45.327027,0.0 -96.862569,45.326478,0.0"
MILBANK,57252,45.1992,4974,SD,162.58707,-96.6122,5051,"-96.452366,45.080686,0.0 -96.599731,45.107079,0.0 -96.700357,45.06309,0.0 -96.721802,45.135673,0.0 -96.739948,45.326478,0.0 -96.616777,45.326478,0.0 -96.452366,45.165915,0.0 -96.452366,45.153818,0.0 -96.452366,45.080686,0.0"
NEW EFFINGTON,57255,45.8778,399,SD,48.22276,-96.9161,398,"-96.854871,45.819711,0.0 -96.979141,45.819711,0.0 -96.977492,45.935733,0.0 -96.852121,45.935733,0.0 -96.854871,45.819711,0.0"
ORTLEY,57256,45.2681,120,SD,96.56654,-97.1648,298,"-97.226583,45.151619,0.0 -97.226033,45.239048,0.0 -97.227133,45.384214,0.0 -97.103412,45.384214,0.0 -97.102862,45.297334,0.0 -97.103962,45.151619,0.0 -97.226583,45.151619,0.0"
PEEVER,57257,45.4996,994,SD,159.88548,-97.0454,998,"-97.227133,45.384214,0.0 -97.227133,45.557973,0.0 -96.85762,45.605811,0.0 -96.835625,45.586016,0.0 -96.752595,45.502436,0.0 -96.751495,45.499687,0.0 -96.979691,45.471643,0.0 -97.103412,45.471643,0.0 -97.103412,45.384214,0.0 -97.227133,45.384214,0.0"
RAYMOND,57258,44.8996,339,SD,132.85208,-97.9167,345,"-97.856184,44.718321,0.0 -97.977155,44.718871,0.0 -97.982654,44.97951,0.0 -97.982104,45.065839,0.0 -97.861683,45.065839,0.0 -97.856184,44.718321,0.0"
REVILLO,57259,45.0339,409,SD,74.37625,-96.5472,414,"-96.638772,44.97676,0.0 -96.662966,44.97676,0.0 -96.599731,45.107079,0.0 -96.452366,45.080686,0.0 -96.452366,44.97731,0.0 -96.638772,44.97676,0.0"
ROSHOLT,57260,45.8782,854,SD,108.63269,-96.713,857,"-96.583785,45.819161,0.0 -96.854871,45.819711,0.0 -96.852121,45.935733,0.0 -96.763592,45.935733,0.0 -96.56344,45.935184,0.0 -96.583785,45.819161,0.0"
ROSLYN,57261,45.5151,416,SD,107.47112,-97.5912,429,"-97.489421,45.413357,0.0 -97.734113,45.500786,0.0 -97.733013,45.588216,0.0 -97.489421,45.587666,0.0 -97.489421,45.413357,0.0"
SISSETON,57262,45.7043,5022,SD,416.04686,-96.9787,5034,"-96.583785,45.819161,0.0 -96.642071,45.759775,0.0 -96.85762,45.605811,0.0 -97.227133,45.557973,0.0 -97.227133,45.644852,0.0 -97.227683,45.731732,0.0 -97.227683,45.818611,0.0 -96.979141,45.819711,0.0 -96.854871,45.819711,0.0 -96.583785,45.819161,0.0"
SOUTH SHORE,57263,45.115,506,SD,72.72171,-97.0329,506,"-96.883464,45.149969,0.0 -96.882914,45.06364,0.0 -96.882914,45.049343,0.0 -97.144102,45.093333,0.0 -97.226583,45.151619,0.0 -97.103962,45.151619,0.0 -96.883464,45.149969,0.0"
STOCKHOLM,57264,45.1053,209,SD,48.59966,-96.8076,212,"-96.741048,45.06309,0.0 -96.882914,45.06364,0.0 -96.883464,45.149969,0.0 -96.721802,45.135673,0.0 -96.700357,45.06309,0.0 -96.741048,45.06309,0.0"
STRANDBURG,57265,45.0202,178,SD,42.5365,-96.8095,179,"-96.760293,44.97621,0.0 -96.882364,44.97676,0.0 -96.882914,45.049343,0.0 -96.882914,45.06364,0.0 -96.741048,45.06309,0.0 -96.760293,44.97621,0.0"
SUMMIT,57266,45.3869,471,SD,69.76653,-97.0435,473,"-97.007735,45.296785,0.0 -97.102862,45.297334,0.0 -97.103412,45.384214,0.0 -97.103412,45.471643,0.0 -96.979691,45.471643,0.0 -96.992888,45.327027,0.0 -97.007735,45.296785,0.0"
TORONTO,57268,44.5895,432,SD,65.78844,-96.7538,433,"-96.804283,44.544012,0.0 -96.885663,44.630892,0.0 -96.642621,44.630342,0.0 -96.642071,44.544012,0.0 -96.766342,44.528616,0.0 -96.804283,44.544012,0.0"
TWIN BROOKS,57269,45.2176,725,SD,170.64929,-96.8972,561,"-97.103962,45.151619,0.0 -97.102862,45.297334,0.0 -97.007735,45.296785,0.0 -96.863119,45.239598,0.0 -96.862569,45.326478,0.0 -96.842224,45.325928,0.0 -96.739948,45.326478,0.0 -96.721802,45.135673,0.0 -96.883464,45.149969,0.0 -97.103962,45.151619,0.0"
VEBLEN,57270,45.836,621,SD,156.46794,-97.3444,632,"-97.227683,45.731732,0.0 -97.483922,45.761425,0.0 -97.480073,45.935184,0.0 -97.395943,45.935184,0.0 -97.312363,45.935184,0.0 -97.228233,45.935184,0.0 -97.227683,45.818611,0.0 -97.227683,45.731732,0.0"
VIENNA,57271,44.6838,369,SD,100.13415,-97.5536,378,"-97.613691,44.558859,0.0 -97.614241,44.717771,0.0 -97.613142,44.804651,0.0 -97.49107,44.804101,0.0 -97.49162,44.717771,0.0 -97.49217,44.572606,0.0 -97.613691,44.558859,0.0"
WALLACE,57272,45.0904,164,SD,39.89197,-97.444,165,"-97.432784,45.0213,0.0 -97.49382,45.035596,0.0 -97.49437,45.151619,0.0 -97.392094,45.151619,0.0 -97.432784,45.0213,0.0"
WAUBAY,57273,45.3949,1336,SD,143.52754,-97.294,1355,"-97.226033,45.239048,0.0 -97.36625,45.239598,0.0 -97.3657,45.413357,0.0 -97.3646,45.558523,0.0 -97.227133,45.557973,0.0 -97.227133,45.384214,0.0 -97.226033,45.239048,0.0"
WHITE,57276,44.4546,1457,SD,177.60339,-96.5996,1430,"-96.451816,44.543463,0.0 -96.452366,44.38345,0.0 -96.628324,44.296571,0.0 -96.727301,44.412594,0.0 -96.766892,44.51377,0.0 -96.766342,44.528616,0.0 -96.642071,44.544012,0.0 -96.451816,44.543463,0.0"
WILLOW LAKE,57278,44.6312,611,SD,142.88674,-97.7348,625,"-97.633487,44.544012,0.0 -97.652732,44.544012,0.0 -97.853435,44.544012,0.0 -97.856184,44.718321,0.0 -97.614241,44.717771,0.0 -97.613691,44.558859,0.0 -97.633487,44.544012,0.0"
WILMOT,57279,45.4175,1035,SD,118.86079,-96.865,1042,"-96.992888,45.327027,0.0 -96.979691,45.471643,0.0 -96.751495,45.499687,0.0 -96.686061,45.412807,0.0 -96.842224,45.325928,0.0 -96.862569,45.326478,0.0 -96.992888,45.327027,0.0"
MITCHELL,57301,43.7134,17578,SD,271.24375,-98.0514,17493,"-97.846836,43.673568,0.0 -97.846836,43.586689,0.0 -98.205352,43.585589,0.0 -98.205901,43.851176,0.0 -97.971657,43.850626,0.0 -97.948012,43.850626,0.0 -97.846836,43.673568,0.0"
ALEXANDRIA,57311,43.6678,1389,SD,159.56132,-97.7505,1360,"-97.800097,43.499259,0.0 -97.846836,43.586689,0.0 -97.846836,43.673568,0.0 -97.788,43.850077,0.0 -97.750609,43.850077,0.0 -97.727514,43.849527,0.0 -97.606543,43.673018,0.0 -97.726965,43.673568,0.0 -97.759957,43.486612,0.0 -97.800097,43.499259,0.0"
ALPENA,57312,44.1911,566,SD,128.77353,-98.3904,582,"-98.392307,44.111815,0.0 -98.392307,44.096968,0.0 -98.451693,44.082122,0.0 -98.571015,44.110715,0.0 -98.492934,44.196495,0.0 -98.397256,44.283924,0.0 -98.2136,44.269077,0.0 -98.233945,44.196495,0.0 -98.392307,44.111815,0.0"
ARMOUR,57313,43.3065,1268,SD,181.41505,-98.3698,1303,"-98.189955,43.383787,0.0 -98.247692,43.239171,0.0 -98.386809,43.204529,0.0 -98.545171,43.28591,0.0 -98.582013,43.343646,0.0 -98.209751,43.383787,0.0 -98.189955,43.383787,0.0"
ARTESIAN,57314,44.0443,630,SD,263.34179,-97.9708,642,"-97.971657,43.850626,0.0 -97.971107,43.9639,0.0 -98.091528,43.938056,0.0 -98.110224,44.184397,0.0 -98.114073,44.195945,0.0 -98.013997,44.194845,0.0 -97.849586,44.195395,0.0 -97.850685,44.110715,0.0 -97.851235,43.850077,0.0 -97.948012,43.850626,0.0 -97.971657,43.850626,0.0"
AVON,57315,43.0198,1163,SD,120.18547,-98.0369,1044,"-98.030493,42.908699,0.0 -98.140467,42.86086,0.0 -98.122321,42.910899,0.0 -98.108574,43.068161,0.0 -98.091528,43.139644,0.0 -98.088229,43.155041,0.0 -97.930417,43.111601,0.0 -97.930966,43.067611,0.0 -98.030493,42.908699,0.0"
BONESTEEL,57317,43.0609,636,SD,94.7089,-99.0327,655,"-98.942727,43.155041,0.0 -98.942727,42.998328,0.0 -99.178072,42.998328,0.0 -99.178072,43.082458,0.0 -99.001563,43.082458,0.0 -99.001563,43.168788,0.0 -98.942727,43.155041,0.0"
BRIDGEWATER,57319,43.5459,1187,SD,131.32884,-97.4972,1165,"-97.62029,43.472866,0.0 -97.606543,43.658722,0.0 -97.488871,43.673568,0.0 -97.359651,43.499809,0.0 -97.400892,43.45307,0.0 -97.62029,43.472866,0.0"
CANOVA,57321,43.8919,452,SD,110.23102,-97.5536,457,"-97.488871,43.848977,0.0 -97.727514,43.849527,0.0 -97.750609,43.850077,0.0 -97.750609,43.87867,0.0 -97.369549,43.935306,0.0 -97.369549,43.848427,0.0 -97.488871,43.848977,0.0"
CARPENTER,57322,44.6175,181,SD,113.86518,-97.9521,187,"-97.853435,44.544012,0.0 -97.853435,44.498923,0.0 -98.098677,44.573705,0.0 -98.139367,44.588552,0.0 -98.017846,44.660585,0.0 -97.977155,44.718871,0.0 -97.856184,44.718321,0.0 -97.853435,44.544012,0.0"
CARTHAGE,57323,44.1359,329,SD,95.62461,-97.7123,334,"-97.730814,44.023286,0.0 -97.730264,44.110715,0.0 -97.850685,44.110715,0.0 -97.849586,44.195395,0.0 -97.713218,44.194845,0.0 -97.609292,44.194845,0.0 -97.570802,44.109615,0.0 -97.730814,44.023286,0.0"
CAVOUR,57324,44.3084,405,SD,84.17984,-98.0431,414,"-97.933716,44.42634,0.0 -98.013997,44.194845,0.0 -98.114073,44.195945,0.0 -98.012347,44.441737,0.0 -97.933716,44.42634,0.0"
CHAMBERLAIN,57325,43.7508,3114,SD,244.12932,-99.2293,3142,"-99.350731,43.933657,0.0 -99.108238,43.934207,0.0 -99.048302,43.934756,0.0 -99.046653,43.848427,0.0 -99.273749,43.847327,0.0 -99.272099,43.673018,0.0 -99.151678,43.671919,0.0 -99.032356,43.585589,0.0 -99.332035,43.586139,0.0 -99.458505,43.675218,0.0 -99.298493,43.862174,0.0 -99.350731,43.933657,0.0"
CORSICA,57328,43.4337,1254,SD,153.49075,-98.4216,1259,"-98.644148,43.37004,0.0 -98.627652,43.41348,0.0 -98.588061,43.41348,0.0 -98.569365,43.499259,0.0 -98.320274,43.49871,0.0 -98.2136,43.49816,0.0 -98.2125,43.470666,0.0 -98.209751,43.383787,0.0 -98.582013,43.343646,0.0 -98.644148,43.37004,0.0"
DANTE,57329,42.9904,335,SD,55.99141,-98.1568,339,"-98.122321,42.910899,0.0 -98.231195,43.037369,0.0 -98.108574,43.068161,0.0 -98.122321,42.910899,0.0"
DELMONT,57330,43.2565,677,SD,104.60173,-98.1717,687,"-98.091528,43.139644,0.0 -98.247692,43.239171,0.0 -98.189955,43.383787,0.0 -98.110774,43.340897,0.0 -98.088229,43.155041,0.0 -98.091528,43.139644,0.0"
DIMOCK,57331,43.4672,457,SD,67.79835,-98.0239,454,"-98.202052,43.49816,0.0 -97.878179,43.441523,0.0 -98.2125,43.470666,0.0 -98.2136,43.49816,0.0 -98.202052,43.49816,0.0"
EMERY,57332,43.5348,990,SD,125.49777,-97.6678,882,"-97.739062,43.403582,0.0 -97.759957,43.486612,0.0 -97.726965,43.673568,0.0 -97.606543,43.673018,0.0 -97.606543,43.658722,0.0 -97.62029,43.472866,0.0 -97.638985,43.360142,0.0 -97.739062,43.403582,0.0"
ETHAN,57334,43.5383,970,SD,134.21346,-97.9949,961,"-98.202052,43.49816,0.0 -98.205352,43.585589,0.0 -97.846836,43.586689,0.0 -97.800097,43.499259,0.0 -97.878179,43.441523,0.0 -98.202052,43.49816,0.0"
FAIRFAX,57335,43.0551,332,SD,141.75805,-98.7707,342,"-98.942727,43.155041,0.0 -98.876743,43.154491,0.0 -98.562217,43.059913,0.0 -98.55177,43.055514,0.0 -98.50613,42.998328,0.0 -98.545171,42.998328,0.0 -98.663943,42.998328,0.0 -98.76237,42.998328,0.0 -98.860797,42.998328,0.0 -98.942727,42.998328,0.0 -98.942727,43.155041,0.0"
FEDORA,57337,43.986,201,SD,97.24978,-97.7964,204,"-97.850685,44.110715,0.0 -97.730264,44.110715,0.0 -97.730814,44.023286,0.0 -97.750609,43.87867,0.0 -97.750609,43.850077,0.0 -97.788,43.850077,0.0 -97.851235,43.850077,0.0 -97.850685,44.110715,0.0"
FORT THOMPSON,57339,44.0666,1847,SD,239.45229,-99.3195,1833,"-99.288595,44.194845,0.0 -99.245706,44.077173,0.0 -99.106589,44.077723,0.0 -99.108238,43.934207,0.0 -99.350731,43.933657,0.0 -99.445858,44.04748,0.0 -99.449707,44.04858,0.0 -99.558032,44.192646,0.0 -99.300143,44.194845,0.0 -99.288595,44.194845,0.0"
FULTON,57340,43.774,342,SD,73.03357,-97.8606,335,"-97.948012,43.850626,0.0 -97.851235,43.850077,0.0 -97.788,43.850077,0.0 -97.846836,43.673568,0.0 -97.948012,43.850626,0.0"
GANN VALLEY,57341,44.0879,191,SD,232.04493,-99.07,199,"-98.926781,44.021636,0.0 -99.048302,43.934756,0.0 -99.108238,43.934207,0.0 -99.106589,44.077723,0.0 -99.245706,44.077173,0.0 -99.288595,44.194845,0.0 -99.205565,44.196495,0.0 -98.926231,44.196495,0.0 -98.926781,44.021636,0.0"
GEDDES,57342,43.2591,625,SD,161.97146,-98.6998,629,"-98.825605,43.168788,0.0 -98.825055,43.340347,0.0 -98.680439,43.37114,0.0 -98.644148,43.37004,0.0 -98.582013,43.343646,0.0 -98.545171,43.28591,0.0 -98.72113,43.119299,0.0 -98.825605,43.168788,0.0"
HARRISON,57344,43.4483,267,SD,44.34023,-98.6344,222,"-98.680439,43.37114,0.0 -98.705733,43.499259,0.0 -98.569365,43.499259,0.0 -98.588061,43.41348,0.0 -98.627652,43.41348,0.0 -98.644148,43.37004,0.0 -98.680439,43.37114,0.0"
HIGHMORE,57345,44.5396,1612,SD,704.59701,-99.4607,1537,"-99.663607,44.223438,0.0 -99.663607,44.366954,0.0 -99.663607,44.483527,0.0 -99.643812,44.483527,0.0 -99.52284,44.382351,0.0 -99.532188,44.776607,0.0 -99.674604,44.76506,0.0 -99.674604,44.897579,0.0 -99.572878,44.897579,0.0 -99.31169,44.897029,0.0 -99.31169,44.736467,0.0 -99.31224,44.634741,0.0 -99.300143,44.194845,0.0 -99.558032,44.192646,0.0 -99.663607,44.223438,0.0"
HITCHCOCK,57348,44.6224,645,SD,254.49596,-98.3406,704,"-98.580363,44.546762,0.0 -98.642498,44.633641,0.0 -98.341169,44.748564,0.0 -98.099227,44.675431,0.0 -98.017846,44.660585,0.0 -98.139367,44.588552,0.0 -98.377461,44.501123,0.0 -98.580363,44.546762,0.0"
HOWARD,57349,44.0442,1876,SD,262.42259,-97.5328,1882,"-97.369549,43.935306,0.0 -97.750609,43.87867,0.0 -97.730814,44.023286,0.0 -97.570802,44.109615,0.0 -97.609292,44.194845,0.0 -97.49162,44.194845,0.0 -97.370099,44.167901,0.0 -97.370099,44.066175,0.0 -97.369549,43.935306,0.0"
HURON,57350,44.4009,13749,SD,312.57148,-98.196,13987,"-98.114073,44.195945,0.0 -98.110224,44.184397,0.0 -98.233945,44.196495,0.0 -98.2136,44.269077,0.0 -98.397256,44.283924,0.0 -98.397256,44.312517,0.0 -98.315875,44.38455,0.0 -98.377461,44.501123,0.0 -98.139367,44.588552,0.0 -98.098677,44.573705,0.0 -97.954061,44.498923,0.0 -98.012347,44.441737,0.0 -98.114073,44.195945,0.0"
IROQUOIS,57353,44.3535,886,SD,302.84497,-97.8335,895,"-97.933716,44.42634,0.0 -97.853435,44.498923,0.0 -97.853435,44.544012,0.0 -97.652732,44.544012,0.0 -97.713218,44.194845,0.0 -97.849586,44.195395,0.0 -98.013997,44.194845,0.0 -97.933716,44.42634,0.0"
KAYLOR,57354,43.2203,112,SD,28.62867,-97.8136,113,"-97.834739,43.168788,0.0 -97.87543,43.255667,0.0 -97.757207,43.212777,0.0 -97.834739,43.168788,0.0"
KIMBALL,57355,43.7329,1516,SD,419.41994,-98.9293,1533,"-99.151678,43.671919,0.0 -99.046653,43.848427,0.0 -99.048302,43.934756,0.0 -98.926781,44.021636,0.0 -98.808009,43.935306,0.0 -98.794262,43.513556,0.0 -99.031806,43.499809,0.0 -99.032356,43.585589,0.0 -99.151678,43.671919,0.0"
LAKE ANDES,57356,43.141,2357,SD,178.04773,-98.5235,2448,"-98.386809,43.204529,0.0 -98.407154,42.995029,0.0 -98.42475,42.993929,0.0 -98.534724,43.049466,0.0 -98.55177,43.055514,0.0 -98.562217,43.059913,0.0 -98.72113,43.119299,0.0 -98.545171,43.28591,0.0 -98.386809,43.204529,0.0"
LETCHER,57359,43.8958,831,SD,130.96089,-98.1842,838,"-98.331822,43.851176,0.0 -98.411553,43.922659,0.0 -98.091528,43.938056,0.0 -97.971107,43.9639,0.0 -97.971657,43.850626,0.0 -98.205901,43.851176,0.0 -98.331822,43.851176,0.0"
MILLER,57362,44.4889,2548,SD,544.43727,-99.0674,2292,"-98.863546,44.269077,0.0 -98.883341,44.196495,0.0 -98.926231,44.196495,0.0 -99.205565,44.196495,0.0 -99.123085,44.496174,0.0 -99.191268,44.678181,0.0 -99.31224,44.634741,0.0 -99.31169,44.736467,0.0 -98.947676,44.750764,0.0 -98.826155,44.780457,0.0 -98.826155,44.751313,0.0 -98.8465,44.707324,0.0 -98.963622,44.543463,0.0 -98.863546,44.269077,0.0"
MOUNT VERNON,57363,43.6803,993,SD,151.54899,-98.2652,985,"-98.202052,43.49816,0.0 -98.2136,43.49816,0.0 -98.320274,43.49871,0.0 -98.325773,43.673568,0.0 -98.331822,43.851176,0.0 -98.205901,43.851176,0.0 -98.205352,43.585589,0.0 -98.202052,43.49816,0.0"
PARKSTON,57366,43.3996,2406,SD,151.75314,-97.9624,2410,"-97.877079,43.341447,0.0 -98.110774,43.340897,0.0 -98.189955,43.383787,0.0 -98.209751,43.383787,0.0 -98.2125,43.470666,0.0 -97.878179,43.441523,0.0 -97.800097,43.499259,0.0 -97.759957,43.486612,0.0 -97.739062,43.403582,0.0 -97.877079,43.341447,0.0"
PLANKINTON,57368,43.7847,1191,SD,203.38698,-98.4591,1177,"-98.325773,43.673568,0.0 -98.553969,43.671919,0.0 -98.570465,43.936956,0.0 -98.451693,43.936956,0.0 -98.411553,43.922659,0.0 -98.331822,43.851176,0.0 -98.325773,43.673568,0.0"
PLATTE,57369,43.4259,2451,SD,414.34444,-98.9753,2468,"-98.680439,43.37114,0.0 -98.825055,43.340347,0.0 -98.825605,43.168788,0.0 -99.332035,43.586139,0.0 -99.032356,43.585589,0.0 -99.031806,43.499809,0.0 -98.794262,43.513556,0.0 -98.715631,43.499259,0.0 -98.705733,43.499259,0.0 -98.680439,43.37114,0.0"
PUKWANA,57370,43.7746,572,SD,109.06329,-99.1722,580,"-99.046653,43.848427,0.0 -99.151678,43.671919,0.0 -99.272099,43.673018,0.0 -99.273749,43.847327,0.0 -99.046653,43.848427,0.0"
REE HEIGHTS,57371,44.4297,259,SD,185.92302,-99.2406,278,"-99.288595,44.194845,0.0 -99.300143,44.194845,0.0 -99.31224,44.634741,0.0 -99.191268,44.678181,0.0 -99.123085,44.496174,0.0 -99.205565,44.196495,0.0 -99.288595,44.194845,0.0"
SAINT LAWRENCE,57373,44.5236,328,SD,194.82901,-98.8635,447,"-98.746424,44.634191,0.0 -98.863546,44.269077,0.0 -98.963622,44.543463,0.0 -98.8465,44.707324,0.0 -98.746424,44.634191,0.0"
SPENCER,57374,43.7741,468,SD,104.77212,-97.5825,474,"-97.606543,43.673018,0.0 -97.727514,43.849527,0.0 -97.488871,43.848977,0.0 -97.488871,43.673568,0.0 -97.606543,43.658722,0.0 -97.606543,43.673018,0.0"
STICKNEY,57375,43.5749,878,SD,193.71517,-98.4973,872,"-98.705733,43.499259,0.0 -98.715631,43.499259,0.0 -98.553969,43.671919,0.0 -98.325773,43.673568,0.0 -98.320274,43.49871,0.0 -98.569365,43.499259,0.0 -98.705733,43.499259,0.0"
TRIPP,57376,43.2331,1197,SD,176.31541,-97.9863,1250,"-98.110774,43.340897,0.0 -97.877079,43.341447,0.0 -97.87543,43.255667,0.0 -97.834739,43.168788,0.0 -97.930417,43.111601,0.0 -98.088229,43.155041,0.0 -98.110774,43.340897,0.0"
VIRGIL,57379,44.263,108,SD,60.53523,-98.5248,110,"-98.492934,44.196495,0.0 -98.680439,44.269627,0.0 -98.579263,44.312517,0.0 -98.397256,44.312517,0.0 -98.397256,44.283924,0.0 -98.492934,44.196495,0.0"
WAGNER,57380,43.0318,3350,SD,276.90893,-98.2911,3318,"-98.122321,42.910899,0.0 -98.140467,42.86086,0.0 -98.153664,42.843264,0.0 -98.534724,43.049466,0.0 -98.42475,42.993929,0.0 -98.407154,42.995029,0.0 -98.386809,43.204529,0.0 -98.247692,43.239171,0.0 -98.091528,43.139644,0.0 -98.108574,43.068161,0.0 -98.231195,43.037369,0.0 -98.122321,42.910899,0.0"
WESSINGTON,57381,44.3987,627,SD,302.19992,-98.7199,642,"-98.746424,44.634191,0.0 -98.642498,44.633641,0.0 -98.580363,44.546762,0.0 -98.660094,44.370803,0.0 -98.579263,44.312517,0.0 -98.680439,44.269627,0.0 -98.640299,44.197044,0.0 -98.883341,44.196495,0.0 -98.863546,44.269077,0.0 -98.746424,44.634191,0.0"
WESSINGTON SPRINGS,57382,44.0746,1630,SD,396.43284,-98.684,1664,"-98.570465,43.936956,0.0 -98.808009,43.935306,0.0 -98.926781,44.021636,0.0 -98.926231,44.196495,0.0 -98.883341,44.196495,0.0 -98.640299,44.197044,0.0 -98.680439,44.269627,0.0 -98.492934,44.196495,0.0 -98.571015,44.110715,0.0 -98.451693,44.082122,0.0 -98.451693,43.936956,0.0 -98.570465,43.936956,0.0"
WHITE LAKE,57383,43.7523,860,SD,288.85484,-98.6921,854,"-98.715631,43.499259,0.0 -98.794262,43.513556,0.0 -98.808009,43.935306,0.0 -98.570465,43.936956,0.0 -98.553969,43.671919,0.0 -98.715631,43.499259,0.0"
WOLSEY,57384,44.4221,861,SD,195.04005,-98.4822,878,"-98.397256,44.312517,0.0 -98.579263,44.312517,0.0 -98.660094,44.370803,0.0 -98.580363,44.546762,0.0 -98.377461,44.501123,0.0 -98.315875,44.38455,0.0 -98.397256,44.312517,0.0"
WOONSOCKET,57385,44.0524,1523,SD,258.70065,-98.2637,1551,"-98.451693,44.082122,0.0 -98.392307,44.096968,0.0 -98.392307,44.111815,0.0 -98.233945,44.196495,0.0 -98.110224,44.184397,0.0 -98.091528,43.938056,0.0 -98.411553,43.922659,0.0 -98.451693,43.936956,0.0 -98.451693,44.082122,0.0"
YALE,57386,44.5119,241,SD,65.59591,-97.9892,246,"-97.933716,44.42634,0.0 -98.012347,44.441737,0.0 -97.954061,44.498923,0.0 -98.098677,44.573705,0.0 -97.853435,44.498923,0.0 -97.933716,44.42634,0.0"
ABERDEEN,57401,45.4787,28670,SD,283.8963,-98.535,28940,"-98.329622,45.342974,0.0 -98.391757,45.343523,0.0 -98.474788,45.40126,0.0 -98.516028,45.31493,0.0 -98.660094,45.344623,0.0 -98.722779,45.504635,0.0 -98.725529,45.620108,0.0 -98.435197,45.618458,0.0 -98.371962,45.557973,0.0 -98.329622,45.386413,0.0 -98.329622,45.342974,0.0"
AMHERST,57421,45.7232,199,SD,25.07934,-97.9034,191,"-97.855084,45.675095,0.0 -97.938115,45.675645,0.0 -97.937565,45.762524,0.0 -97.855084,45.675095,0.0"
ANDOVER,57422,45.4108,324,SD,156.20759,-97.9256,332,"-98.00135,45.303933,0.0 -97.979905,45.588766,0.0 -97.95901,45.588766,0.0 -97.856184,45.588216,0.0 -97.857834,45.413907,0.0 -97.862233,45.239598,0.0 -98.00135,45.303933,0.0"
ASHTON,57424,45.0255,358,SD,147.76617,-98.4732,384,"-98.716731,44.983908,0.0 -98.717281,45.070788,0.0 -98.544071,45.071888,0.0 -98.288932,45.068588,0.0 -98.227346,45.068588,0.0 -98.227346,44.981709,0.0 -98.716731,44.983908,0.0"
BATH,57427,45.4837,526,SD,62.01515,-98.319,527,"-98.371962,45.557973,0.0 -98.247142,45.501886,0.0 -98.329622,45.386413,0.0 -98.371962,45.557973,0.0"
BOWDLE,57428,45.4187,856,SD,217.42343,-99.6202,843,"-99.544835,45.303383,0.0 -99.708696,45.347373,0.0 -99.770282,45.376516,0.0 -99.707596,45.593164,0.0 -99.644361,45.593164,0.0 -99.647111,45.506285,0.0 -99.461255,45.506285,0.0 -99.461805,45.375966,0.0 -99.56518,45.375966,0.0 -99.462904,45.245097,0.0 -99.544835,45.303383,0.0"
BRENTFORD,57429,45.1549,38,SD,34.94705,-98.2573,39,"-98.226247,45.241248,0.0 -98.227346,45.068588,0.0 -98.227346,45.068588,0.0 -98.288932,45.068588,0.0 -98.288382,45.241248,0.0 -98.226247,45.241248,0.0"
BRITTON,57430,45.814,2416,SD,404.65829,-97.7081,2429,"-97.937565,45.762524,0.0 -97.978805,45.820261,0.0 -97.978805,45.935733,0.0 -97.717067,45.935184,0.0 -97.634037,45.935184,0.0 -97.480073,45.935184,0.0 -97.483922,45.761425,0.0 -97.483922,45.674545,0.0 -97.855084,45.675095,0.0 -97.937565,45.762524,0.0"
CLAREMONT,57432,45.6795,406,SD,105.62482,-98.0267,426,"-97.938115,45.675645,0.0 -97.95901,45.588766,0.0 -97.979905,45.588766,0.0 -98.166311,45.625057,0.0 -98.134418,45.661348,0.0 -98.062385,45.762524,0.0 -97.978805,45.820261,0.0 -97.937565,45.762524,0.0 -97.938115,45.675645,0.0"
COLUMBIA,57433,45.6438,413,SD,126.43273,-98.3183,415,"-98.435197,45.618458,0.0 -98.455542,45.720184,0.0 -98.265837,45.763074,0.0 -98.290032,45.676195,0.0 -98.134418,45.661348,0.0 -98.166311,45.625057,0.0 -98.247142,45.501886,0.0 -98.371962,45.557973,0.0 -98.435197,45.618458,0.0"
CONDE,57434,45.1669,588,SD,295.20187,-98.0202,600,"-97.982104,45.065839,0.0 -98.227346,45.068588,0.0 -98.226247,45.241248,0.0 -98.144866,45.328127,0.0 -98.00135,45.303933,0.0 -97.862233,45.239598,0.0 -97.861683,45.152169,0.0 -97.738512,45.152169,0.0 -97.739062,45.065289,0.0 -97.861683,45.065839,0.0 -97.982104,45.065839,0.0"
CRESBARD,57435,45.1927,301,SD,139.307,-98.9334,300,"-98.820106,45.157667,0.0 -98.838252,45.070788,0.0 -99.082944,45.158217,0.0 -99.082394,45.245097,0.0 -98.84595,45.302833,0.0 -98.836602,45.23025,0.0 -98.820106,45.157667,0.0"
DOLAND,57436,44.8352,812,SD,245.76432,-98.0901,829,"-98.099227,44.675431,0.0 -98.220198,44.719421,0.0 -98.227346,44.89428,0.0 -98.227346,44.981709,0.0 -97.982654,44.97951,0.0 -97.977155,44.718871,0.0 -98.017846,44.660585,0.0 -98.099227,44.675431,0.0"
EUREKA,57437,45.7751,1569,SD,559.04462,-99.5908,1635,"-99.707596,45.593164,0.0 -99.717494,45.593164,0.0 -99.94459,45.767473,0.0 -99.821969,45.941232,0.0 -99.671855,45.941232,0.0 -99.505244,45.940682,0.0 -99.448608,45.940132,0.0 -99.200616,45.766374,0.0 -99.241857,45.722934,0.0 -99.644361,45.593164,0.0 -99.707596,45.593164,0.0"
FAULKTON,57438,45.0732,1646,SD,378.80352,-99.109,1610,"-99.205565,44.984458,0.0 -99.327636,44.984458,0.0 -99.328186,45.158767,0.0 -99.327636,45.245097,0.0 -99.216013,45.245097,0.0 -99.082394,45.245097,0.0 -99.082944,45.158217,0.0 -98.838252,45.070788,0.0 -98.968021,44.897029,0.0 -99.205565,44.984458,0.0"
FRANKFORT,57440,44.7907,374,SD,80.05302,-98.2527,382,"-98.341169,44.748564,0.0 -98.33787,44.89483,0.0 -98.227346,44.89428,0.0 -98.220198,44.719421,0.0 -98.099227,44.675431,0.0 -98.341169,44.748564,0.0"
FREDERICK,57441,45.8314,646,SD,271.92964,-98.5245,656,"-98.724979,45.750977,0.0 -98.724979,45.768023,0.0 -98.724429,45.939033,0.0 -98.715081,45.938483,0.0 -98.38241,45.936283,0.0 -98.352167,45.936283,0.0 -98.227896,45.776271,0.0 -98.265837,45.763074,0.0 -98.455542,45.720184,0.0 -98.642498,45.721284,0.0 -98.724979,45.750977,0.0"
GROTON,57445,45.456,1949,SD,254.91036,-98.1309,1949,"-98.144866,45.328127,0.0 -98.329622,45.342974,0.0 -98.329622,45.386413,0.0 -98.247142,45.501886,0.0 -98.166311,45.625057,0.0 -97.979905,45.588766,0.0 -98.00135,45.303933,0.0 -98.144866,45.328127,0.0"
HECLA,57446,45.8684,602,SD,162.82048,-98.1605,617,"-98.062385,45.762524,0.0 -98.186106,45.849404,0.0 -98.227896,45.776271,0.0 -98.352167,45.936283,0.0 -98.007948,45.936283,0.0 -97.978805,45.935733,0.0 -97.978805,45.820261,0.0 -98.062385,45.762524,0.0"
HOSMER,57448,45.5926,410,SD,172.32929,-99.4266,451,"-99.220961,45.592615,0.0 -99.461255,45.506285,0.0 -99.647111,45.506285,0.0 -99.644361,45.593164,0.0 -99.241857,45.722934,0.0 -99.220961,45.592615,0.0"
HOUGHTON,57449,45.7397,179,SD,94.2942,-98.1813,183,"-98.134418,45.661348,0.0 -98.290032,45.676195,0.0 -98.265837,45.763074,0.0 -98.227896,45.776271,0.0 -98.186106,45.849404,0.0 -98.062385,45.762524,0.0 -98.134418,45.661348,0.0"
HOVEN,57450,45.2176,752,SD,169.01281,-99.7855,773,"-99.976483,45.246196,0.0 -99.935243,45.31768,0.0 -99.770282,45.376516,0.0 -99.708696,45.347373,0.0 -99.675704,45.071338,0.0 -99.837916,45.071338,0.0 -99.837366,45.246196,0.0 -99.976483,45.246196,0.0"
IPSWICH,57451,45.4228,1717,SD,387.04786,-99.0274,1718,"-99.216013,45.245097,0.0 -99.215463,45.520582,0.0 -99.092292,45.592615,0.0 -98.842101,45.592065,0.0 -98.784365,45.505185,0.0 -98.884441,45.491439,0.0 -98.8454,45.331976,0.0 -98.84595,45.302833,0.0 -99.082394,45.245097,0.0 -99.216013,45.245097,0.0"
JAVA,57452,45.4798,294,SD,135.80312,-99.8326,297,"-99.935243,45.31768,0.0 -99.935793,45.593714,0.0 -99.717494,45.593164,0.0 -99.707596,45.593164,0.0 -99.770282,45.376516,0.0 -99.935243,45.31768,0.0"
LANGFORD,57454,45.631,565,SD,133.97349,-97.7149,561,"-97.733013,45.588216,0.0 -97.856184,45.588216,0.0 -97.95901,45.588766,0.0 -97.938115,45.675645,0.0 -97.855084,45.675095,0.0 -97.483922,45.674545,0.0 -97.484472,45.587666,0.0 -97.489421,45.587666,0.0 -97.733013,45.588216,0.0"
LEBANON,57455,44.9784,167,SD,144.06168,-99.7172,172,"-99.674604,44.897579,0.0 -99.858811,44.897579,0.0 -99.837916,45.071338,0.0 -99.675704,45.071338,0.0 -99.572878,44.983908,0.0 -99.572878,44.897579,0.0 -99.674604,44.897579,0.0"
LEOLA,57456,45.7603,882,SD,447.44264,-98.9774,938,"-99.092292,45.592615,0.0 -99.220961,45.592615,0.0 -99.241857,45.722934,0.0 -99.200616,45.766374,0.0 -98.97352,45.857102,0.0 -99.05655,45.940132,0.0 -99.005412,45.940132,0.0 -98.724429,45.939033,0.0 -98.724979,45.768023,0.0 -98.842101,45.592065,0.0 -99.092292,45.592615,0.0"
LONGLAKE,57457,45.8821,267,SD,141.73616,-99.2172,154,"-99.448608,45.940132,0.0 -99.05655,45.940132,0.0 -98.97352,45.857102,0.0 -99.200616,45.766374,0.0 -99.448608,45.940132,0.0"
MANSFIELD,57460,45.2672,405,SD,139.47164,-98.6642,407,"-98.84595,45.302833,0.0 -98.8454,45.331976,0.0 -98.660094,45.344623,0.0 -98.516028,45.31493,0.0 -98.454443,45.241798,0.0 -98.544621,45.202207,0.0 -98.836602,45.23025,0.0 -98.84595,45.302833,0.0"
MELLETTE,57461,45.1558,532,SD,148.33473,-98.4146,540,"-98.544071,45.071888,0.0 -98.544621,45.202207,0.0 -98.454443,45.241798,0.0 -98.351617,45.241798,0.0 -98.288382,45.241248,0.0 -98.288932,45.068588,0.0 -98.544071,45.071888,0.0"
MINA,57462,45.4123,736,SD,108.5423,-98.7638,736,"-98.784365,45.505185,0.0 -98.722779,45.504635,0.0 -98.660094,45.344623,0.0 -98.8454,45.331976,0.0 -98.884441,45.491439,0.0 -98.784365,45.505185,0.0"
NORTHVILLE,57465,45.1473,293,SD,94.16129,-98.668,295,"-98.717281,45.070788,0.0 -98.820106,45.157667,0.0 -98.836602,45.23025,0.0 -98.544621,45.202207,0.0 -98.544071,45.071888,0.0 -98.717281,45.070788,0.0"
ONAKA,57466,45.2091,125,SD,79.89415,-99.4623,124,"-99.573428,45.158217,0.0 -99.544835,45.303383,0.0 -99.462904,45.245097,0.0 -99.327636,45.245097,0.0 -99.328186,45.158767,0.0 -99.573428,45.158217,0.0"
ORIENT,57467,44.8446,324,SD,210.91384,-99.1336,359,"-99.31169,44.736467,0.0 -99.31169,44.897029,0.0 -99.205565,44.984458,0.0 -98.968021,44.897029,0.0 -98.947676,44.750764,0.0 -99.31169,44.736467,0.0"
PIERPONT,57468,45.5009,263,SD,71.84454,-97.7955,271,"-97.735213,45.413357,0.0 -97.857834,45.413907,0.0 -97.856184,45.588216,0.0 -97.733013,45.588216,0.0 -97.734113,45.500786,0.0 -97.735213,45.413357,0.0"
ROCKHAM,57470,44.9383,139,SD,185.26603,-98.8335,278,"-98.826155,44.780457,0.0 -98.947676,44.750764,0.0 -98.968021,44.897029,0.0 -98.838252,45.070788,0.0 -98.820106,45.157667,0.0 -98.717281,45.070788,0.0 -98.716731,44.983908,0.0 -98.826155,44.780457,0.0"
ROSCOE,57471,45.4112,626,SD,287.89717,-99.3249,634,"-99.462904,45.245097,0.0 -99.56518,45.375966,0.0 -99.461805,45.375966,0.0 -99.461255,45.506285,0.0 -99.220961,45.592615,0.0 -99.092292,45.592615,0.0 -99.215463,45.520582,0.0 -99.216013,45.245097,0.0 -99.327636,45.245097,0.0 -99.462904,45.245097,0.0"
SELBY,57472,45.4159,1231,SD,382.93533,-100.088,1225,"-100.300356,45.489239,0.0 -100.229973,45.493088,0.0 -100.182134,45.594264,0.0 -99.935793,45.593714,0.0 -99.935243,45.31768,0.0 -99.976483,45.246196,0.0 -100.245369,45.246746,0.0 -100.300356,45.489239,0.0"
SENECA,57473,45.0155,212,SD,252.55441,-99.4243,212,"-99.572878,44.983908,0.0 -99.573428,45.158217,0.0 -99.328186,45.158767,0.0 -99.327636,44.984458,0.0 -99.205565,44.984458,0.0 -99.31169,44.897029,0.0 -99.572878,44.897579,0.0 -99.572878,44.983908,0.0"
STRATFORD,57474,45.2927,334,SD,63.27253,-98.2608,338,"-98.351617,45.241798,0.0 -98.391757,45.343523,0.0 -98.329622,45.342974,0.0 -98.144866,45.328127,0.0 -98.226247,45.241248,0.0 -98.288382,45.241248,0.0 -98.351617,45.241798,0.0"
TOLSTOY,57475,45.1856,155,SD,109.91561,-99.6297,181,"-99.572878,44.983908,0.0 -99.675704,45.071338,0.0 -99.708696,45.347373,0.0 -99.544835,45.303383,0.0 -99.573428,45.158217,0.0 -99.572878,44.983908,0.0"
TULARE,57476,44.7102,553,SD,183.86647,-98.6025,539,"-98.746424,44.634191,0.0 -98.8465,44.707324,0.0 -98.826155,44.751313,0.0 -98.341169,44.748564,0.0 -98.642498,44.633641,0.0 -98.746424,44.634191,0.0"
TURTON,57477,45.0238,111,SD,71.95647,-98.1051,114,"-97.982654,44.97951,0.0 -98.227346,44.981709,0.0 -98.227346,45.068588,0.0 -98.227346,45.068588,0.0 -97.982104,45.065839,0.0 -97.982654,44.97951,0.0"
WARNER,57479,45.3054,600,SD,56.18952,-98.4356,603,"-98.351617,45.241798,0.0 -98.454443,45.241798,0.0 -98.516028,45.31493,0.0 -98.474788,45.40126,0.0 -98.391757,45.343523,0.0 -98.351617,45.241798,0.0"
WESTPORT,57481,45.6519,702,SD,197.84561,-98.6669,698,"-98.842101,45.592065,0.0 -98.724979,45.768023,0.0 -98.724979,45.750977,0.0 -98.642498,45.721284,0.0 -98.455542,45.720184,0.0 -98.435197,45.618458,0.0 -98.725529,45.620108,0.0 -98.722779,45.504635,0.0 -98.784365,45.505185,0.0 -98.842101,45.592065,0.0"
PIERRE,57501,44.4373,15943,SD,717.98739,-100.139,15873,"-100.026521,44.547862,0.0 -99.905,44.367504,0.0 -99.663607,44.366954,0.0 -99.663607,44.223438,0.0 -99.645461,44.103017,0.0 -99.874207,44.136009,0.0 -99.892903,44.267978,0.0 -100.353694,44.348809,0.0 -100.393834,44.447785,0.0 -100.399883,44.452734,0.0 -100.563744,44.487376,0.0 -100.447721,44.623744,0.0 -100.603335,44.594051,0.0 -100.601135,44.708424,0.0 -100.545598,44.732068,0.0 -100.437824,44.8063,0.0 -100.332249,44.707324,0.0 -100.360842,44.547862,0.0 -100.026521,44.547862,0.0"
AGAR,57520,44.8495,138,SD,65.32702,-100.129,138,"-100.020472,44.897579,0.0 -100.223375,44.794203,0.0 -100.224474,44.897579,0.0 -100.020472,44.897579,0.0"
BELVIDERE,57521,43.9012,177,SD,227.56688,-101.249,177,"-101.064126,43.841828,0.0 -101.227437,43.79124,0.0 -101.3847,43.79179,0.0 -101.422641,43.995242,0.0 -101.064126,43.994692,0.0 -101.064126,43.841828,0.0"
BLUNT,57522,44.4668,558,SD,173.33874,-99.8405,540,"-99.663607,44.366954,0.0 -99.905,44.367504,0.0 -100.026521,44.547862,0.0 -99.784578,44.547862,0.0 -99.663607,44.483527,0.0 -99.663607,44.366954,0.0"
BURKE,57523,43.2927,1136,SD,350.45142,-99.2072,1160,"-99.001563,43.168788,0.0 -99.178621,43.168788,0.0 -99.296844,43.168788,0.0 -99.415066,43.343646,0.0 -99.349631,43.499809,0.0 -99.31059,43.499809,0.0 -98.876743,43.154491,0.0 -98.942727,43.155041,0.0 -99.001563,43.168788,0.0"
CARTER,57526,43.3378,110,SD,101.51633,-100.171,112,"-100.126597,43.429976,0.0 -100.127147,43.172637,0.0 -100.214027,43.169337,0.0 -100.214027,43.390385,0.0 -100.231073,43.499809,0.0 -100.126048,43.499809,0.0 -100.126597,43.429976,0.0"
COLOME,57528,43.204,725,SD,200.31848,-99.6476,741,"-99.533838,43.212227,0.0 -99.533838,43.081908,0.0 -99.770831,43.081908,0.0 -99.771381,43.168788,0.0 -99.771931,43.294708,0.0 -99.533838,43.342546,0.0 -99.533838,43.255667,0.0 -99.533838,43.212227,0.0"
DRAPER,57531,43.9397,268,SD,359.04652,-100.481,275,"-100.339397,43.847327,0.0 -100.338847,43.717008,0.0 -100.586289,43.768696,0.0 -100.66657,43.995242,0.0 -100.565944,43.995242,0.0 -100.566493,44.168451,0.0 -100.36744,44.168451,0.0 -100.339397,43.847327,0.0"
FORT PIERRE,57532,44.2683,2419,SD,739.10388,-100.628,2444,"-101.04708,44.168451,0.0 -101.166951,44.167901,0.0 -101.155404,44.371903,0.0 -100.378438,44.382901,0.0 -99.919846,44.263029,0.0 -99.941841,44.194845,0.0 -100.006176,44.194845,0.0 -100.248119,44.194845,0.0 -100.36744,44.168451,0.0 -100.566493,44.168451,0.0 -100.780943,44.167901,0.0 -101.04708,44.168451,0.0"
GREGORY,57533,43.2136,2105,SD,295.10723,-99.4384,2150,"-99.296844,43.168788,0.0 -99.296844,42.998328,0.0 -99.533838,42.997778,0.0 -99.533838,43.081908,0.0 -99.533838,43.212227,0.0 -99.533838,43.255667,0.0 -99.533838,43.342546,0.0 -99.533838,43.499809,0.0 -99.349631,43.499809,0.0 -99.415066,43.343646,0.0 -99.296844,43.168788,0.0"
HAMILL,57534,43.6703,74,SD,77.08749,-99.7006,76,"-99.623466,43.743402,0.0 -99.623466,43.586689,0.0 -99.86156,43.679617,0.0 -99.796126,43.711509,0.0 -99.743338,43.748351,0.0 -99.623466,43.743402,0.0"
HARROLD,57536,44.5146,239,SD,30.75186,-99.7142,248,"-99.663607,44.483527,0.0 -99.784578,44.547862,0.0 -99.676254,44.547862,0.0 -99.643812,44.483527,0.0 -99.663607,44.483527,0.0"
HAYES,57537,44.4663,249,SD,405.84186,-100.823,250,"-100.378438,44.382901,0.0 -101.155404,44.371903,0.0 -101.154854,44.559959,0.0 -100.873871,44.502772,0.0 -100.70781,44.645189,0.0 -100.532951,44.540713,0.0 -100.686915,44.519818,0.0 -100.578041,44.441737,0.0 -100.399883,44.452734,0.0 -100.393834,44.447785,0.0 -100.378438,44.382901,0.0"
HERRICK,57538,43.0835,255,SD,70.71008,-99.2375,264,"-99.178072,42.998328,0.0 -99.254504,42.998328,0.0 -99.296844,42.998328,0.0 -99.296844,43.168788,0.0 -99.178621,43.168788,0.0 -99.178072,43.082458,0.0 -99.178072,42.998328,0.0"
HOLABIRD,57540,44.5887,53,SD,155.46034,-99.6011,122,"-99.643812,44.483527,0.0 -99.676254,44.547862,0.0 -99.674604,44.76506,0.0 -99.532188,44.776607,0.0 -99.52284,44.382351,0.0 -99.643812,44.483527,0.0"
IDEAL,57541,43.5898,408,SD,357.36534,-99.962,418,"-99.623466,43.586689,0.0 -99.623466,43.499809,0.0 -100.007825,43.499809,0.0 -100.126048,43.499809,0.0 -100.231073,43.499809,0.0 -100.231073,43.713709,0.0 -99.86156,43.679617,0.0 -99.623466,43.586689,0.0"
IONA,57542,43.6037,146,SD,200.97303,-99.4953,145,"-99.349631,43.499809,0.0 -99.533838,43.499809,0.0 -99.623466,43.499809,0.0 -99.623466,43.586689,0.0 -99.623466,43.743402,0.0 -99.509093,43.757698,0.0 -99.31059,43.499809,0.0 -99.349631,43.499809,0.0"
KADOKA,57543,43.875,991,SD,473.5214,-101.692,989,"-101.3847,43.79179,0.0 -101.524917,43.7522,0.0 -101.780057,43.706011,0.0 -101.783906,43.820933,0.0 -102.01925,43.820933,0.0 -101.939519,43.83523,0.0 -102.01925,43.994692,0.0 -102.007153,43.994692,0.0 -101.472129,43.995242,0.0 -101.422641,43.995242,0.0 -101.3847,43.79179,0.0"
KENNEBEC,57544,43.8841,513,SD,298.15372,-99.8334,509,"-99.796126,43.711509,0.0 -99.981432,43.765946,0.0 -99.986381,44.012838,0.0 -99.653709,44.014488,0.0 -99.646011,43.934207,0.0 -99.743338,43.748351,0.0 -99.796126,43.711509,0.0"
LONG VALLEY,57547,43.5879,221,SD,381.54441,-101.368,219,"-101.227987,43.563044,0.0 -101.228537,43.389285,0.0 -101.501822,43.389285,0.0 -101.524917,43.7522,0.0 -101.3847,43.79179,0.0 -101.227437,43.79124,0.0 -101.227987,43.563044,0.0"
LOWER BRULE,57548,44.0492,1376,SD,302.67512,-99.7209,1358,"-99.986381,44.012838,0.0 -100.059513,44.013938,0.0 -100.006176,44.194845,0.0 -99.941841,44.194845,0.0 -99.730691,44.081022,0.0 -99.600372,44.111265,0.0 -99.628415,44.199244,0.0 -99.449707,44.04858,0.0 -99.445858,44.04748,0.0 -99.374925,43.913861,0.0 -99.646011,43.934207,0.0 -99.653709,44.014488,0.0 -99.986381,44.012838,0.0"
MARTIN,57551,43.1887,2370,SD,683.75274,-101.673,2360,"-102.082485,42.999428,0.0 -102.109429,43.216626,0.0 -101.745965,43.197931,0.0 -101.734417,43.388736,0.0 -101.501822,43.389285,0.0 -101.228537,43.389285,0.0 -101.227987,43.229823,0.0 -101.227987,43.213877,0.0 -101.593101,43.210028,0.0 -101.571106,43.103903,0.0 -101.72342,43.099504,0.0 -101.478178,42.996678,0.0 -102.082485,42.999428,0.0"
MIDLAND,57552,44.3169,659,SD,1104.11863,-101.369,688,"-101.472129,43.995242,0.0 -101.667333,44.139308,0.0 -101.673382,44.284474,0.0 -101.67888,44.401046,0.0 -101.545812,44.446685,0.0 -101.688228,44.570406,0.0 -101.296171,44.689178,0.0 -101.137259,44.742516,0.0 -101.154854,44.559959,0.0 -101.155404,44.371903,0.0 -101.166951,44.167901,0.0 -101.04708,44.168451,0.0 -101.064126,43.994692,0.0 -101.422641,43.995242,0.0 -101.472129,43.995242,0.0"
MILESVILLE,57553,44.4206,140,SD,316.66001,-101.806,147,"-101.673382,44.284474,0.0 -102.007703,44.309768,0.0 -102.001104,44.51157,0.0 -102.000554,44.51157,0.0 -101.688228,44.570406,0.0 -101.545812,44.446685,0.0 -101.67888,44.401046,0.0 -101.673382,44.284474,0.0"
MISSION,57555,43.1913,3614,SD,727.13388,-100.477,3550,"-100.214027,43.169337,0.0 -100.19863,42.998328,0.0 -100.670969,42.998328,0.0 -100.74905,42.998328,0.0 -100.711109,43.325501,0.0 -100.721557,43.389835,0.0 -100.572542,43.390385,0.0 -100.214027,43.390385,0.0 -100.214027,43.169337,0.0"
MISSION RIDGE,57557,44.6512,78,SD,296.72241,-100.916,78,"-101.154854,44.559959,0.0 -101.137259,44.742516,0.0 -100.720457,44.762311,0.0 -100.70781,44.645189,0.0 -100.873871,44.502772,0.0 -101.154854,44.559959,0.0"
MURDO,57559,43.9579,730,SD,326.20006,-100.707,749,"-100.806237,43.763197,0.0 -100.780943,44.167901,0.0 -100.566493,44.168451,0.0 -100.565944,43.995242,0.0 -100.66657,43.995242,0.0 -100.586289,43.768696,0.0 -100.590688,43.769246,0.0 -100.806237,43.763197,0.0"
NORRIS,57560,43.475,375,SD,176.66838,-101.082,369,"-101.227987,43.563044,0.0 -100.946454,43.563044,0.0 -100.927758,43.389285,0.0 -101.228537,43.389285,0.0 -101.227987,43.563044,0.0"
OKATON,57562,43.9892,162,SD,287.2911,-100.931,166,"-100.806237,43.763197,0.0 -101.064126,43.841828,0.0 -101.064126,43.994692,0.0 -101.04708,44.168451,0.0 -100.780943,44.167901,0.0 -100.806237,43.763197,0.0"
ONIDA,57564,44.7184,1251,SD,767.43419,-100.03,1250," -99.676254,44.547862,0.0 -99.784578,44.547862,0.0 -100.026521,44.547862,0.0 -100.360842,44.547862,0.0 -100.332249,44.707324,0.0 -100.437824,44.8063,0.0 -100.380637,44.897579,0.0 -100.224474,44.897579,0.0 -100.223375,44.794203,0.0 -100.020472,44.897579,0.0 -99.858811,44.897579,0.0 -99.674604,44.897579,0.0 -99.674604,44.76506,0.0 -99.676254,44.547862,0.0 -100.545598,44.732068,0.0 -100.601135,44.708424,0.0 -100.700662,44.8085,0.0 -100.545598,44.732068,0.0"
PARMELEE,57566,43.3289,1448,SD,196.21422,-101.017,1426,"-100.711109,43.325501,0.0 -101.227987,43.229823,0.0 -101.228537,43.389285,0.0 -100.927758,43.389285,0.0 -100.721557,43.389835,0.0 -100.711109,43.325501,0.0"
PHILIP,57567,44.13,1315,SD,402.81395,-101.806,1361,"-102.007153,43.994692,0.0 -102.007703,44.168451,0.0 -102.007703,44.309768,0.0 -101.673382,44.284474,0.0 -101.667333,44.139308,0.0 -101.472129,43.995242,0.0 -102.007153,43.994692,0.0"
PRESHO,57568,43.9093,801,SD,479.45181,-100.129,801,"-100.231073,43.713709,0.0 -100.338847,43.717008,0.0 -100.339397,43.847327,0.0 -100.245919,43.847327,0.0 -100.248119,44.194845,0.0 -100.006176,44.194845,0.0 -100.059513,44.013938,0.0 -99.986381,44.012838,0.0 -99.981432,43.765946,0.0 -99.796126,43.711509,0.0 -99.86156,43.679617,0.0 -100.231073,43.713709,0.0"
RELIANCE,57569,43.8326,894,SD,217.03157,-99.5363,875,"-99.743338,43.748351,0.0 -99.646011,43.934207,0.0 -99.374925,43.913861,0.0 -99.407917,43.720857,0.0 -99.509093,43.757698,0.0 -99.623466,43.743402,0.0 -99.743338,43.748351,0.0"
SAINT CHARLES,57571,43.1257,55,SD,53.48362,-99.09,57,"-99.178621,43.168788,0.0 -99.001563,43.168788,0.0 -99.001563,43.082458,0.0 -99.178072,43.082458,0.0 -99.178621,43.168788,0.0"
SAINT FRANCIS,57572,43.1399,4118,SD,466.07266,-100.972,4074,"-100.74905,42.998328,0.0 -100.905763,42.997778,0.0 -101.140558,42.997778,0.0 -101.227987,42.997778,0.0 -101.227987,43.213877,0.0 -101.227987,43.229823,0.0 -100.711109,43.325501,0.0 -100.74905,42.998328,0.0"
TUTHILL,57574,43.109,256,SD,257.79645,-101.407,257,"-101.227987,43.213877,0.0 -101.227987,42.997778,0.0 -101.435838,42.997228,0.0 -101.478178,42.996678,0.0 -101.72342,43.099504,0.0 -101.571106,43.103903,0.0 -101.593101,43.210028,0.0 -101.227987,43.213877,0.0"
VIVIAN,57576,44.021,202,SD,143.02369,-100.307,202,"-100.36744,44.168451,0.0 -100.248119,44.194845,0.0 -100.245919,43.847327,0.0 -100.339397,43.847327,0.0 -100.36744,44.168451,0.0"
WANBLEE,57577,43.5481,1401,SD,686.16284,-101.814,1381,"-101.501822,43.389285,0.0 -101.734417,43.388736,0.0 -102.111078,43.389835,0.0 -102.139122,43.701062,0.0 -102.137472,43.701062,0.0 -102.01925,43.70766,0.0 -101.780057,43.706011,0.0 -101.524917,43.7522,0.0 -101.501822,43.389285,0.0"
WEWELA,57578,43.0614,194,SD,139.88839,-99.7417,199,"-99.533838,42.997778,0.0 -99.670205,42.997778,0.0 -99.889603,42.998328,0.0 -99.890153,43.165488,0.0 -99.771381,43.168788,0.0 -99.770831,43.081908,0.0 -99.533838,43.081908,0.0 -99.533838,42.997778,0.0"
WHITE RIVER,57579,43.6191,1435,SD,719.36235,-100.883,1412,"-100.721557,43.389835,0.0 -100.927758,43.389285,0.0 -100.946454,43.563044,0.0 -101.227987,43.563044,0.0 -101.227437,43.79124,0.0 -101.064126,43.841828,0.0 -100.806237,43.763197,0.0 -100.590688,43.769246,0.0 -100.572542,43.390385,0.0 -100.721557,43.389835,0.0"
WINNER,57580,43.2785,4696,SD,714.70411,-99.9115,4790,"-100.214027,43.169337,0.0 -100.127147,43.172637,0.0 -100.126597,43.429976,0.0 -100.007825,43.499809,0.0 -99.623466,43.499809,0.0 -99.533838,43.499809,0.0 -99.533838,43.342546,0.0 -99.771931,43.294708,0.0 -99.771381,43.168788,0.0 -99.890153,43.165488,0.0 -99.889603,42.998328,0.0 -100.19863,42.998328,0.0 -100.214027,43.169337,0.0"
WITTEN,57584,43.4648,92,SD,28.74524,-100.067,94,"-100.126048,43.499809,0.0 -100.007825,43.499809,0.0 -100.126597,43.429976,0.0 -100.126048,43.499809,0.0"
WOOD,57585,43.5599,307,SD,412.51469,-100.407,306,"-100.214027,43.390385,0.0 -100.572542,43.390385,0.0 -100.590688,43.769246,0.0 -100.586289,43.768696,0.0 -100.338847,43.717008,0.0 -100.231073,43.713709,0.0 -100.231073,43.499809,0.0 -100.214027,43.390385,0.0"
MOBRIDGE,57601,45.547,3986,SD,40.83887,-100.364,3992,"-100.421878,45.594814,0.0 -100.305855,45.594264,0.0 -100.229973,45.493088,0.0 -100.300356,45.489239,0.0 -100.421878,45.594814,0.0"
BISON,57620,45.4826,608,SD,367.65847,-102.534,627,"-102.668647,45.253895,0.0 -102.703838,45.646502,0.0 -102.456947,45.646502,0.0 -102.333776,45.645402,0.0 -102.333776,45.559622,0.0 -102.467944,45.303383,0.0 -102.668647,45.253895,0.0"
CHERRY CREEK,57622,44.6182,643,SD,234.23849,-101.748,652,"-101.688228,44.570406,0.0 -102.000554,44.51157,0.0 -102.000554,44.690278,0.0 -102.000554,44.710623,0.0 -101.295621,44.689728,0.0 -101.296171,44.689178,0.0 -101.688228,44.570406,0.0"
DUPREE,57623,44.9946,1844,SD,1596.88483,-101.651,1801,"-102.000554,44.710623,0.0 -102.000005,45.038346,0.0 -102.000005,45.4436,0.0 -101.486426,45.385863,0.0 -101.494124,44.993806,0.0 -101.181248,44.993806,0.0 -101.137259,44.755163,0.0 -101.295621,44.689728,0.0 -102.000554,44.710623,0.0"
FAITH,57626,44.854,606,SD,303.67324,-102.13,614,"-102.000554,44.690278,0.0 -102.241398,44.662235,0.0 -102.288686,44.704575,0.0 -102.241398,45.038895,0.0 -102.000005,45.038346,0.0 -102.000554,44.710623,0.0 -102.000554,44.690278,0.0"
FIRESTEEL,57628,45.4295,41,SD,29.92001,-101.234,42,"-101.223588,45.385863,0.0 -101.285174,45.472743,0.0 -101.182898,45.472743,0.0 -101.223588,45.385863,0.0"
GLAD VALLEY,57629,45.4333,66,SD,135.63623,-101.714,66,"-102.000005,45.4436,0.0 -102.000005,45.472743,0.0 -101.46993,45.472743,0.0 -101.486426,45.385863,0.0 -102.000005,45.4436,0.0"
GLENCROSS,57630,45.4379,44,SD,23.45825,-100.889,44,"-100.83373,45.420505,0.0 -100.936556,45.472193,0.0 -100.83373,45.472743,0.0 -100.83373,45.420505,0.0"
GLENHAM,57631,45.5841,260,SD,65.48539,-100.247,269,"-100.305855,45.594264,0.0 -100.213477,45.681144,0.0 -100.182134,45.594264,0.0 -100.229973,45.493088,0.0 -100.305855,45.594264,0.0"
HERREID,57632,45.8578,774,SD,224.11077,-100.033,773,"-99.94459,45.767473,0.0 -100.228873,45.768023,0.0 -100.212927,45.942882,0.0 -100.005626,45.941782,0.0 -99.880256,45.941782,0.0 -99.821969,45.941232,0.0 -99.94459,45.767473,0.0"
ISABEL,57633,45.2097,3871,SD,446.40753,-101.345,3852,"-101.223588,45.385863,0.0 -101.211491,45.197258,0.0 -101.181248,44.993806,0.0 -101.494124,44.993806,0.0 -101.486426,45.385863,0.0 -101.46993,45.472743,0.0 -101.346759,45.472743,0.0 -101.285174,45.472743,0.0 -101.223588,45.385863,0.0"
KELDRON,57634,45.8817,63,SD,73.80463,-101.913,64,"-101.824046,45.944531,0.0 -101.824596,45.818611,0.0 -102.000554,45.818611,0.0 -102.000554,45.944531,0.0 -101.998905,45.944531,0.0 -101.824046,45.944531,0.0"
LEMMON,57638,45.8161,1796,SD,465.2734,-102.333,1831,"-102.703838,45.646502,0.0 -102.703288,45.732831,0.0 -102.57022,45.732831,0.0 -102.56967,45.945081,0.0 -102.000554,45.944531,0.0 -102.000554,45.818611,0.0 -102.000554,45.732282,0.0 -102.321679,45.801015,0.0 -102.456947,45.646502,0.0 -102.703838,45.646502,0.0"
LODGEPOLE,57640,45.8389,142,SD,263.86799,-102.756,148,"-102.703288,45.732831,0.0 -102.943032,45.761975,0.0 -102.941932,45.945081,0.0 -102.870449,45.945081,0.0 -102.56967,45.945081,0.0 -102.57022,45.732831,0.0 -102.703288,45.732831,0.0"
MC INTOSH,57641,45.6863,585,SD,901.12543,-101.624,594,"-101.205442,45.943982,0.0 -101.42814,45.56952,0.0 -101.346759,45.472743,0.0 -101.46993,45.472743,0.0 -102.000005,45.472743,0.0 -102.000554,45.646502,0.0 -102.000554,45.732282,0.0 -102.000554,45.818611,0.0 -101.824596,45.818611,0.0 -101.576605,45.819161,0.0 -101.576605,45.905491,0.0 -101.451784,45.943982,0.0 -101.205442,45.943982,0.0"
MC LAUGHLIN,57642,45.6919,2604,SD,989.96682,-100.994,2591,"-101.346759,45.472743,0.0 -101.42814,45.56952,0.0 -101.205442,45.943982,0.0 -100.811186,45.943432,0.0 -100.70836,45.943982,0.0 -100.607184,45.676745,0.0 -100.75015,45.658599,0.0 -100.607184,45.660798,0.0 -100.730355,45.472743,0.0 -100.83373,45.472743,0.0 -100.936556,45.472193,0.0 -101.182898,45.472743,0.0 -101.285174,45.472743,0.0 -101.346759,45.472743,0.0"
MEADOW,57644,45.2776,409,SD,957.63102,-102.27,422,"-102.635104,45.038895,0.0 -102.713186,45.120826,0.0 -102.590015,45.212654,0.0 -102.712636,45.256644,0.0 -102.668647,45.253895,0.0 -102.467944,45.303383,0.0 -102.333776,45.559622,0.0 -102.000554,45.646502,0.0 -102.000005,45.472743,0.0 -102.000005,45.4436,0.0 -102.000005,45.038346,0.0 -102.241398,45.038895,0.0 -102.635104,45.038895,0.0"
MORRISTOWN,57645,45.8816,161,SD,103.61819,-101.701,164,"-101.824596,45.818611,0.0 -101.824046,45.944531,0.0 -101.576055,45.944531,0.0 -101.576605,45.905491,0.0 -101.576605,45.819161,0.0 -101.824596,45.818611,0.0"
MOUND CITY,57646,45.6713,414,SD,259.39128,-100.064,410,"-100.182134,45.594264,0.0 -100.213477,45.681144,0.0 -100.305855,45.594264,0.0 -100.421878,45.594814,0.0 -100.305855,45.73778,0.0 -100.228873,45.768023,0.0 -99.94459,45.767473,0.0 -99.717494,45.593164,0.0 -99.935793,45.593714,0.0 -100.182134,45.594264,0.0"
PARADE,57647,45.0854,1172,SD,1390.50606,-100.723,1140," -100.613232,45.35727,0.0 -100.604984,45.472743,0.0 -100.37074,45.472743,0.0 -100.364141,45.472743,0.0 -100.359192,45.472743,0.0 -100.3262,45.332526,0.0 -100.613232,45.35727,0.0 -101.181248,44.993806,0.0 -101.211491,45.197258,0.0 -100.70946,45.333076,0.0 -100.656122,45.340774,0.0 -100.391635,45.364419,0.0 -100.272863,45.257194,0.0 -100.391635,45.127974,0.0 -100.291009,45.026798,0.0 -100.483463,45.044394,0.0 -100.417479,44.860738,0.0 -100.551647,44.887131,0.0 -100.560995,44.771659,0.0 -100.7518,44.888781,0.0 -100.758398,44.782656,0.0 -100.951952,44.844791,0.0 -101.024535,44.728219,0.0 -101.137259,44.755163,0.0 -101.181248,44.993806,0.0"
POLLOCK,57648,45.8613,410,SD,89.59869,-100.305,422,"-100.464767,45.943432,0.0 -100.212927,45.942882,0.0 -100.228873,45.768023,0.0 -100.305855,45.73778,0.0 -100.292108,45.906041,0.0 -100.464767,45.943432,0.0"
PRAIRIE CITY,57649,45.5234,159,SD,333.77551,-102.805,165,"-102.712636,45.256644,0.0 -102.897392,45.299534,0.0 -102.807214,45.473293,0.0 -102.95073,45.472743,0.0 -102.983722,45.761975,0.0 -102.943032,45.761975,0.0 -102.703288,45.732831,0.0 -102.703838,45.646502,0.0 -102.668647,45.253895,0.0 -102.712636,45.256644,0.0"
RALPH,57650,45.8592,66,SD,106.74174,-103.034,68,"-102.943032,45.761975,0.0 -102.983722,45.761975,0.0 -103.128338,45.776821,0.0 -103.128888,45.945081,0.0 -102.995269,45.945081,0.0 -102.941932,45.945081,0.0 -102.943032,45.761975,0.0"
REVA,57651,45.534,242,SD,617.47291,-103.105,250,"-102.897392,45.299534,0.0 -102.957878,45.280288,0.0 -103.251509,45.347373,0.0 -103.334539,45.718535,0.0 -103.128338,45.776821,0.0 -102.983722,45.761975,0.0 -102.95073,45.472743,0.0 -102.807214,45.473293,0.0 -102.897392,45.299534,0.0"
SHADEHILL,57653,45.6712,97,SD,195.51868,-102.229,101,"-102.333776,45.559622,0.0 -102.333776,45.645402,0.0 -102.456947,45.646502,0.0 -102.321679,45.801015,0.0 -102.000554,45.732282,0.0 -102.000554,45.646502,0.0 -102.333776,45.559622,0.0"
TIMBER LAKE,57656,45.3355,808,SD,325.2727,-101.018,808,"-100.83373,45.420505,0.0 -100.70946,45.333076,0.0 -101.211491,45.197258,0.0 -101.223588,45.385863,0.0 -101.182898,45.472743,0.0 -100.936556,45.472193,0.0 -100.83373,45.420505,0.0"
TRAIL CITY,57657,45.4153,83,SD,86.14983,-100.704,81,"-100.656122,45.340774,0.0 -100.70946,45.333076,0.0 -100.83373,45.420505,0.0 -100.83373,45.472743,0.0 -100.730355,45.472743,0.0 -100.604984,45.472743,0.0 -100.613232,45.35727,0.0 -100.656122,45.340774,0.0"
WAKPALA,57658,45.7178,741,SD,389.17641,-100.544,723," -100.70836,45.943982,0.0 -100.528552,45.943432,0.0 -100.314103,45.693791,0.0 -100.534601,45.648701,0.0 -100.459269,45.57062,0.0 -100.607184,45.676745,0.0 -100.70836,45.943982,0.0 -100.604984,45.472743,0.0 -100.730355,45.472743,0.0 -100.607184,45.660798,0.0 -100.37074,45.472743,0.0 -100.604984,45.472743,0.0"
WATAUGA,57660,45.9249,29,SD,15.87199,-101.514,29,"-101.576055,45.944531,0.0 -101.451784,45.943982,0.0 -101.576605,45.905491,0.0 -101.576055,45.944531,0.0"
RAPID CITY,57701,44.1355,39937,SD,72.86179,-103.202,39843,"-103.110742,44.13271,0.0 -103.125588,44.110165,0.0 -103.191573,44.033183,0.0 -103.276803,44.154704,0.0 -103.285051,44.196495,0.0 -103.151432,44.21409,0.0 -103.115141,44.176149,0.0 -103.110742,44.13271,0.0"
RAPID CITY,57702,44.018,29804,SD,310.28348,-103.391,29502,"-103.506648,43.91991,0.0 -103.613873,44.083221,0.0 -103.589679,44.140408,0.0 -103.568784,44.140408,0.0 -103.452761,44.162953,0.0 -103.276803,44.154704,0.0 -103.191573,44.033183,0.0 -103.186624,43.955652,0.0 -103.272954,43.856675,0.0 -103.506648,43.91991,0.0"
RAPID CITY,57703,44.0265,10653,SD,81.20857,-103.1,10545,"-103.010116,44.052979,0.0 -102.989221,43.96115,0.0 -103.147033,43.940805,0.0 -103.186624,43.955652,0.0 -103.191573,44.033183,0.0 -103.125588,44.110165,0.0 -103.010116,44.052979,0.0"
ELLSWORTH AFB,57706,44.1517,4238,SD,8.42751,-103.091,4292,"-103.050806,44.140958,0.0 -103.110742,44.13271,0.0 -103.115141,44.176149,0.0 -103.050806,44.140958,0.0"
ALLEN,57714,43.3011,980,SD,248.45821,-101.905,957,"-102.109429,43.216626,0.0 -102.109429,43.230923,0.0 -102.110528,43.37114,0.0 -102.111078,43.389835,0.0 -101.734417,43.388736,0.0 -101.745965,43.197931,0.0 -102.109429,43.216626,0.0"
BATESLAND,57716,43.0858,547,SD,172.37175,-102.219,551,"-102.35852,42.999428,0.0 -102.436051,43.061013,0.0 -102.227651,43.186933,0.0 -102.109429,43.230923,0.0 -102.109429,43.216626,0.0 -102.082485,42.999428,0.0 -102.082485,42.999428,0.0 -102.35852,42.999428,0.0"
BLACK HAWK,57718,44.1827,6375,SD,82.62147,-103.184,6260," -103.452761,44.162953,0.0 -103.452211,44.211341,0.0 -103.285051,44.196495,0.0 -103.276803,44.154704,0.0 -103.452761,44.162953,0.0 -102.929835,44.212441,0.0 -102.938083,44.140408,0.0 -103.050806,44.140958,0.0 -103.115141,44.176149,0.0 -103.151432,44.21409,0.0 -102.929835,44.212441,0.0"
BOX ELDER,57719,44.0934,3780,SD,59.66135,-102.96,3765,"-103.125588,44.110165,0.0 -103.110742,44.13271,0.0 -103.050806,44.140958,0.0 -102.938083,44.140408,0.0 -102.929835,44.140408,0.0 -102.829209,44.080472,0.0 -102.910039,44.038132,0.0 -103.010116,44.052979,0.0 -103.125588,44.110165,0.0"
BUFFALO,57720,45.5009,705,SD,1410.52487,-103.61,728,"-104.040022,45.212654,0.0 -104.040022,45.336925,0.0 -104.040572,45.461196,0.0 -103.825573,45.436452,0.0 -103.774985,45.726233,0.0 -103.955342,45.78232,0.0 -103.981186,45.945081,0.0 -103.618272,45.945081,0.0 -103.577032,45.945081,0.0 -103.604525,45.777921,0.0 -103.334539,45.718535,0.0 -103.251509,45.347373,0.0 -102.957878,45.280288,0.0 -102.957878,45.212654,0.0 -103.426367,45.213204,0.0 -104.040022,45.212654,0.0"
BUFFALO GAP,57722,43.5178,349,SD,207.71021,-103.264,336,"-103.377429,43.430526,0.0 -103.464858,43.477815,0.0 -103.461559,43.639476,0.0 -103.000768,43.586139,0.0 -103.000768,43.476715,0.0 -103.377429,43.430526,0.0"
CAMP CROOK,57724,45.6509,46,SD,303.04448,-103.938,230,"-104.040572,45.461196,0.0 -104.042222,45.567321,0.0 -104.043871,45.881846,0.0 -104.045521,45.945081,0.0 -103.981186,45.945081,0.0 -103.955342,45.78232,0.0 -103.774985,45.726233,0.0 -103.825573,45.436452,0.0 -104.040572,45.461196,0.0"
CAPUTA,57725,43.9288,258,SD,199.86393,-102.881,250,"-102.687342,43.855575,0.0 -103.147033,43.940805,0.0 -102.989221,43.96115,0.0 -103.010116,44.052979,0.0 -102.910039,44.038132,0.0 -102.584516,43.908363,0.0 -102.542176,43.823133,0.0 -102.687342,43.855575,0.0"
CREIGHTON,57729,44.3033,126,SD,334.63111,-102.171,126,"-102.367318,44.165702,0.0 -102.387113,44.167901,0.0 -102.304633,44.434038,0.0 -102.001104,44.51157,0.0 -102.007703,44.309768,0.0 -102.007703,44.168451,0.0 -102.127574,44.110165,0.0 -102.167715,44.225638,0.0 -102.367318,44.165702,0.0"
CUSTER,57730,43.6727,5669,SD,773.92546,-103.764,5559,"-104.054869,43.477815,0.0 -104.054869,43.503109,0.0 -104.055419,43.853376,0.0 -103.694154,43.855025,0.0 -103.733195,43.938056,0.0 -103.578132,43.855575,0.0 -103.463209,43.762097,0.0 -103.461559,43.639476,0.0 -103.464858,43.477815,0.0 -103.693604,43.477815,0.0 -104.054869,43.477815,0.0"
DEADWOOD,57732,44.2677,2387,SD,160.12298,-103.672,2632,"-103.574282,44.255881,0.0 -103.568784,44.140408,0.0 -103.589679,44.140408,0.0 -103.742543,44.140958,0.0 -103.734295,44.3873,0.0 -103.716149,44.397197,0.0 -103.568784,44.405445,0.0 -103.574282,44.318016,0.0 -103.574282,44.255881,0.0"
EDGEMONT,57735,43.2002,1212,SD,848.55334,-103.755,1233,"-103.346636,43.216626,0.0 -103.346636,43.001077,0.0 -103.504999,43.000527,0.0 -104.053219,43.000527,0.0 -104.054869,43.477815,0.0 -103.693604,43.477815,0.0 -103.741443,43.325501,0.0 -103.346636,43.216626,0.0"
ELM SPRINGS,57736,44.2577,340,SD,451.71005,-102.658,324,"-102.938083,44.140408,0.0 -102.929835,44.212441,0.0 -103.152532,44.291622,0.0 -102.641703,44.361456,0.0 -102.52623,44.374653,0.0 -102.304633,44.434038,0.0 -102.387113,44.167901,0.0 -102.487739,44.140408,0.0 -102.628506,44.140408,0.0 -102.929835,44.140408,0.0 -102.938083,44.140408,0.0"
ENNING,57737,44.5202,184,SD,203.22831,-102.591,180,"-102.481691,44.517619,0.0 -102.52623,44.374653,0.0 -102.641703,44.361456,0.0 -102.751677,44.397747,0.0 -102.6549,44.690278,0.0 -102.532279,44.718871,0.0 -102.491588,44.718871,0.0 -102.481691,44.517619,0.0"
FAIRBURN,57738,43.6508,252,SD,257.04811,-103.216,242,"-102.910589,43.671919,0.0 -103.000768,43.586139,0.0 -103.461559,43.639476,0.0 -103.463209,43.762097,0.0 -102.910589,43.671919,0.0"
FRUITDALE,57742,44.6463,295,SD,51.92328,-103.678,291,"-103.588029,44.684229,0.0 -103.588029,44.604498,0.0 -103.688106,44.604498,0.0 -103.779384,44.604498,0.0 -103.769486,44.691378,0.0 -103.588029,44.684229,0.0"
HERMOSA,57744,43.7941,1395,SD,423.92091,-103.081,1340,"-102.687342,43.855575,0.0 -102.810513,43.687865,0.0 -102.910589,43.671919,0.0 -103.463209,43.762097,0.0 -103.578132,43.855575,0.0 -103.272954,43.856675,0.0 -103.186624,43.955652,0.0 -103.147033,43.940805,0.0 -102.687342,43.855575,0.0"
HILL CITY,57745,43.9469,1874,SD,256.86495,-103.786,1825,"-104.055419,43.853376,0.0 -104.054869,43.969398,0.0 -103.613873,44.083221,0.0 -103.506648,43.91991,0.0 -103.578132,43.855575,0.0 -103.733195,43.938056,0.0 -103.694154,43.855025,0.0 -104.055419,43.853376,0.0"
HOT SPRINGS,57747,43.3469,5553,SD,336.38957,-103.488,5617,"-103.693604,43.477815,0.0 -103.464858,43.477815,0.0 -103.377429,43.430526,0.0 -103.221816,43.303506,0.0 -103.228964,43.216626,0.0 -103.346636,43.216626,0.0 -103.741443,43.325501,0.0 -103.693604,43.477815,0.0"
HOWES,57748,44.5359,116,SD,315.46076,-102.224,117,"-102.304633,44.434038,0.0 -102.52623,44.374653,0.0 -102.481691,44.517619,0.0 -102.241398,44.662235,0.0 -102.000554,44.690278,0.0 -102.000554,44.51157,0.0 -102.001104,44.51157,0.0 -102.304633,44.434038,0.0"
INTERIOR,57750,43.7586,154,SD,101.85905,-101.899,154,"-102.01925,43.70766,0.0 -102.01925,43.820933,0.0 -101.783906,43.820933,0.0 -101.780057,43.706011,0.0 -102.01925,43.70766,0.0"
KEYSTONE,57751,43.8787,760,SD,42.67409,-103.437,651,"-103.578132,43.855575,0.0 -103.506648,43.91991,0.0 -103.272954,43.856675,0.0 -103.578132,43.855575,0.0"
KYLE,57752,43.536,1778,SD,391.63863,-102.319,1758,"-102.504235,43.377738,0.0 -102.52623,43.687315,0.0 -102.139122,43.701062,0.0 -102.111078,43.389835,0.0 -102.110528,43.37114,0.0 -102.298034,43.392035,0.0 -102.504235,43.377738,0.0"
LEAD,57754,44.2521,3686,SD,213.60743,-103.913,3590,"-103.742543,44.140958,0.0 -104.054319,44.140958,0.0 -104.054319,44.17395,0.0 -104.054319,44.180548,0.0 -104.055419,44.364755,0.0 -103.847018,44.288873,0.0 -103.734295,44.3873,0.0 -103.742543,44.140958,0.0"
LUDLOW,57755,45.8463,134,SD,295.69207,-103.367,139,"-103.334539,45.718535,0.0 -103.604525,45.777921,0.0 -103.577032,45.945081,0.0 -103.24491,45.945081,0.0 -103.128888,45.945081,0.0 -103.128338,45.776821,0.0 -103.334539,45.718535,0.0"
MANDERSON,57756,43.3086,1279,SD,99.15271,-102.388,1270,"-102.470693,43.235322,0.0 -102.504235,43.377738,0.0 -102.298034,43.392035,0.0 -102.31728,43.236422,0.0 -102.470693,43.235322,0.0"
MUD BUTTE,57758,45.088,100,SD,411.5365,-102.811,102,"-102.635104,45.038895,0.0 -102.6549,44.906927,0.0 -102.958428,44.861287,0.0 -102.957878,45.212654,0.0 -102.957878,45.280288,0.0 -102.897392,45.299534,0.0 -102.712636,45.256644,0.0 -102.590015,45.212654,0.0 -102.713186,45.120826,0.0 -102.635104,45.038895,0.0"
NEMO,57759,44.1995,428,SD,51.32393,-103.521,426,"-103.574282,44.255881,0.0 -103.452211,44.211341,0.0 -103.452761,44.162953,0.0 -103.568784,44.140408,0.0 -103.574282,44.255881,0.0"
NEWELL,57760,44.9105,1239,SD,953.42965,-103.194,1244,"-103.239961,44.604498,0.0 -103.463209,44.647938,0.0 -103.507748,44.690828,0.0 -103.423618,44.759012,0.0 -103.426367,45.213204,0.0 -102.957878,45.212654,0.0 -102.958428,44.861287,0.0 -103.006267,44.604498,0.0 -103.239961,44.604498,0.0"
NEW UNDERWOOD,57761,44.0205,953,SD,220.75421,-102.706,936,"-102.497637,43.994692,0.0 -102.497087,43.908363,0.0 -102.584516,43.908363,0.0 -102.910039,44.038132,0.0 -102.829209,44.080472,0.0 -102.929835,44.140408,0.0 -102.628506,44.140408,0.0 -102.608711,43.994692,0.0 -102.497637,43.994692,0.0"
NISLAND,57762,44.6441,359,SD,32.32074,-103.53,354,"-103.588029,44.684229,0.0 -103.507748,44.690828,0.0 -103.463209,44.647938,0.0 -103.467058,44.604498,0.0 -103.567684,44.603948,0.0 -103.588029,44.604498,0.0 -103.588029,44.684229,0.0"
OELRICHS,57763,43.109,252,SD,261.25023,-103.173,257,"-103.346636,43.216626,0.0 -103.228964,43.216626,0.0 -103.109642,43.216626,0.0 -103.000768,43.220475,0.0 -103.000768,43.000527,0.0 -103.324641,43.001077,0.0 -103.346636,43.001077,0.0 -103.346636,43.216626,0.0"
OPAL,57765,44.8838,196,SD,434.04062,-102.446,198,"-102.532279,44.718871,0.0 -102.6538,44.777157,0.0 -102.6549,44.906927,0.0 -102.635104,45.038895,0.0 -102.241398,45.038895,0.0 -102.288686,44.704575,0.0 -102.491588,44.718871,0.0 -102.532279,44.718871,0.0"
ORAL,57766,43.3651,258,SD,195.37562,-103.137,263,"-103.109642,43.216626,0.0 -103.221816,43.303506,0.0 -103.377429,43.430526,0.0 -103.000768,43.476715,0.0 -103.000768,43.220475,0.0 -103.109642,43.216626,0.0"
OWANKA,57767,44.0714,56,SD,62.10265,-102.551,56,"-102.487739,43.994692,0.0 -102.497637,43.994692,0.0 -102.608711,43.994692,0.0 -102.628506,44.140408,0.0 -102.487739,44.140408,0.0 -102.487739,43.994692,0.0"
PIEDMONT,57769,44.2548,2161,SD,144.86194,-103.259,2131,"-103.574282,44.255881,0.0 -103.574282,44.318016,0.0 -103.152532,44.291622,0.0 -102.929835,44.212441,0.0 -103.151432,44.21409,0.0 -103.285051,44.196495,0.0 -103.452211,44.211341,0.0 -103.574282,44.255881,0.0"
PINE RIDGE,57770,43.3265,7851,SD,1214.11147,-102.736,7619,"-102.470693,43.235322,0.0 -102.436051,43.061013,0.0 -102.35852,42.999428,0.0 -102.693941,42.999977,0.0 -102.792367,42.999977,0.0 -103.000768,43.000527,0.0 -103.000768,43.220475,0.0 -103.000768,43.476715,0.0 -103.000768,43.586139,0.0 -102.910589,43.671919,0.0 -102.810513,43.687865,0.0 -102.52623,43.687315,0.0 -102.504235,43.377738,0.0 -102.470693,43.235322,0.0"
PORCUPINE,57772,43.3007,468,SD,114.25557,-102.211,463,"-102.227651,43.186933,0.0 -102.31728,43.236422,0.0 -102.298034,43.392035,0.0 -102.110528,43.37114,0.0 -102.109429,43.230923,0.0 -102.227651,43.186933,0.0"
QUINN,57775,44.0745,101,SD,83.73019,-102.083,101,"-102.01925,43.994692,0.0 -102.227101,44.038682,0.0 -102.127574,44.110165,0.0 -102.007703,44.168451,0.0 -102.007153,43.994692,0.0 -102.01925,43.994692,0.0"
RED OWL,57777,44.7327,29,SD,38.11575,-102.64,29,"-102.6549,44.690278,0.0 -102.6538,44.777157,0.0 -102.532279,44.718871,0.0 -102.6549,44.690278,0.0"
ROCHFORD,57778,44.0685,107,SD,193.10614,-103.866,93,"-104.054869,43.969398,0.0 -104.054319,44.140958,0.0 -103.742543,44.140958,0.0 -103.589679,44.140408,0.0 -103.613873,44.083221,0.0 -104.054869,43.969398,0.0"
SAINT ONGE,57779,44.5613,349,SD,35.76656,-103.749,347,"-103.688106,44.604498,0.0 -103.719998,44.517619,0.0 -103.809627,44.605048,0.0 -103.779384,44.604498,0.0 -103.688106,44.604498,0.0"
SCENIC,57780,43.789,134,SD,418.64325,-102.423,134,"-102.687342,43.855575,0.0 -102.542176,43.823133,0.0 -102.584516,43.908363,0.0 -102.497087,43.908363,0.0 -102.138572,43.907263,0.0 -102.137472,43.701062,0.0 -102.139122,43.701062,0.0 -102.52623,43.687315,0.0 -102.810513,43.687865,0.0 -102.687342,43.855575,0.0"
SMITHWICK,57782,43.26,20,SD,35.9054,-103.169,20,"-103.221816,43.303506,0.0 -103.109642,43.216626,0.0 -103.228964,43.216626,0.0 -103.221816,43.303506,0.0"
SPEARFISH,57783,44.464,12052,SD,235.3407,-103.897,12180,"-103.734295,44.3873,0.0 -103.847018,44.288873,0.0 -104.055419,44.364755,0.0 -104.055419,44.376852,0.0 -104.055969,44.570956,0.0 -103.809627,44.605048,0.0 -103.719998,44.517619,0.0 -103.716149,44.397197,0.0 -103.734295,44.3873,0.0"
STURGIS,57785,44.4415,8853,SD,717.88881,-103.204,8837,"-102.641703,44.361456,0.0 -103.152532,44.291622,0.0 -103.574282,44.318016,0.0 -103.568784,44.405445,0.0 -103.567684,44.603948,0.0 -103.467058,44.604498,0.0 -103.239961,44.604498,0.0 -103.006267,44.604498,0.0 -102.751677,44.397747,0.0 -102.641703,44.361456,0.0"
UNION CENTER,57787,44.6559,147,SD,448.30953,-102.81,147,"-102.958428,44.861287,0.0 -102.6549,44.906927,0.0 -102.6538,44.777157,0.0 -102.6549,44.690278,0.0 -102.751677,44.397747,0.0 -103.006267,44.604498,0.0 -102.958428,44.861287,0.0"
VALE,57788,44.6257,358,SD,31.06189,-103.36,356,"-103.463209,44.647938,0.0 -103.239961,44.604498,0.0 -103.467058,44.604498,0.0 -103.463209,44.647938,0.0"
WALL,57790,43.9642,1141,SD,367.65392,-102.214,1147,"-102.01925,43.70766,0.0 -102.137472,43.701062,0.0 -102.138572,43.907263,0.0 -102.497087,43.908363,0.0 -102.497637,43.994692,0.0 -102.487739,43.994692,0.0 -102.388763,43.994142,0.0 -102.367318,44.165702,0.0 -102.167715,44.225638,0.0 -102.127574,44.110165,0.0 -102.227101,44.038682,0.0 -102.01925,43.994692,0.0 -101.939519,43.83523,0.0 -102.01925,43.820933,0.0 -102.01925,43.70766,0.0"
WASTA,57791,44.0737,118,SD,57.67685,-102.431,118,"-102.487739,44.140408,0.0 -102.387113,44.167901,0.0 -102.367318,44.165702,0.0 -102.388763,43.994142,0.0 -102.487739,43.994692,0.0 -102.487739,44.140408,0.0"
WHITE OWL,57792,44.6272,141,SD,129.96506,-102.395,143,"-102.491588,44.718871,0.0 -102.288686,44.704575,0.0 -102.241398,44.662235,0.0 -102.481691,44.517619,0.0 -102.491588,44.718871,0.0"
WHITEWOOD,57793,44.4923,1733,SD,101.80588,-103.64,1737,"-103.568784,44.405445,0.0 -103.716149,44.397197,0.0 -103.719998,44.517619,0.0 -103.688106,44.604498,0.0 -103.588029,44.604498,0.0 -103.567684,44.603948,0.0 -103.568784,44.405445,0.0"
WOUNDED KNEE,57794,43.1559,821,SD,102.73162,-102.365,805,"-102.470693,43.235322,0.0 -102.31728,43.236422,0.0 -102.227651,43.186933,0.0 -102.436051,43.061013,0.0 -102.470693,43.235322,0.0"
CANISTOTA,57012,43.5901,1344,SD,138.13662,-97.3137,1321,"-97.359651,43.499809,0.0 -97.488871,43.673568,0.0 -97.248578,43.673568,0.0 -97.129256,43.586689,0.0 -97.129256,43.514106,0.0 -97.182043,43.499809,0.0 -97.241429,43.499809,0.0 -97.359651,43.499809,0.0"
VERMILLION,57069,42.8447,11381,SD,141.95928,-96.9546,11349,"-97.042376,42.909799,0.0 -96.964295,42.953788,0.0 -96.904909,42.953239,0.0 -96.805382,42.938942,0.0 -96.889513,42.73384,0.0 -97.160049,42.803124,0.0 -97.140803,42.822369,0.0 -97.022581,42.822369,0.0 -97.042376,42.909799,0.0"
REDFIELD,57469,44.8798,3793,SD,353.36186,-98.5419,3843,"-98.826155,44.780457,0.0 -98.716731,44.983908,0.0 -98.227346,44.981709,0.0 -98.227346,44.89428,0.0 -98.33787,44.89483,0.0 -98.341169,44.748564,0.0 -98.826155,44.751313,0.0 -98.826155,44.780457,0.0"
ERWIN,57233,44.5079,260,SD,62.30968,-97.3601,261,"-97.229332,44.485176,0.0 -97.269473,44.484627,0.0 -97.45093,44.441187,0.0 -97.49107,44.527516,0.0 -97.370649,44.543463,0.0 -97.189192,44.542913,0.0 -97.229332,44.485176,0.0"
BELLE FOURCHE,57717,44.9275,6851,SD,1197.4478,-103.754,6849,"-103.779384,44.604498,0.0 -103.809627,44.605048,0.0 -104.055969,44.570956,0.0 -104.055969,44.641339,0.0 -104.057618,44.997655,0.0 -104.040022,45.212654,0.0 -103.426367,45.213204,0.0 -103.423618,44.759012,0.0 -103.507748,44.690828,0.0 -103.588029,44.684229,0.0 -103.769486,44.691378,0.0 -103.779384,44.604498,0.0"
NORTH SIOUX CITY,57049,42.5487,4682,SD,22.20652,-96.5126,4392,"-96.515601,42.626616,0.0 -96.450716,42.491348,0.0 -96.547493,42.521041,0.0 -96.515601,42.626616,0.0"
GETTYSBURG,57442,45.0612,1732,SD,553.97575,-100.079,1763,"-100.245369,45.246746,0.0 -99.976483,45.246196,0.0 -99.837366,45.246196,0.0 -99.837916,45.071338,0.0 -99.858811,44.897579,0.0 -100.020472,44.897579,0.0 -100.224474,44.897579,0.0 -100.380637,44.897579,0.0 -100.391085,45.005903,0.0 -100.230523,45.06144,0.0 -100.307505,45.072438,0.0 -100.245369,45.246746,0.0"
SIOUX FALLS,57103,43.5392,33623,SD,10.11225,-96.6915,32847,"-96.664616,43.587239,0.0 -96.671214,43.500359,0.0 -96.707506,43.500359,0.0 -96.704756,43.53775,0.0 -96.664616,43.587239,0.0"
WEBSTER,57274,45.2998,2908,SD,331.19422,-97.5057,2961,"-97.735213,45.413357,0.0 -97.734113,45.500786,0.0 -97.489421,45.413357,0.0 -97.3657,45.413357,0.0 -97.36625,45.239598,0.0 -97.226033,45.239048,0.0 -97.226583,45.151619,0.0 -97.392094,45.151619,0.0 -97.49437,45.151619,0.0 -97.616991,45.151619,0.0 -97.612042,45.326478,0.0 -97.735213,45.326478,0.0 -97.735213,45.413357,0.0"
