ASSATEAGUE ISLAND NTL SE,152,38.1508,0,MD,13.60722,-75.181,0,"-75.242209,38.027372,0.0 -75.250754,38.026688,0.0 -75.087365,38.322704,0.0 -75.242209,38.027372,0.0"
WALDORF,20601,38.6197,23304,MD,50.32763,-76.8598,22353,"-76.740059,38.56061,0.0 -76.740743,38.559242,0.0 -76.814234,38.550355,0.0 -76.852859,38.559584,0.0 -76.860379,38.565053,0.0 -76.910627,38.626581,0.0 -77.001209,38.654952,0.0 -76.981041,38.68845,0.0 -76.95643,38.704174,0.0 -76.740059,38.56061,0.0"
WALDORF,20602,38.5893,21706,MD,12.01433,-76.8952,21516,"-76.905499,38.547279,0.0 -76.937289,38.598893,0.0 -76.910627,38.626581,0.0 -76.860379,38.565053,0.0 -76.905499,38.547279,0.0"
WALDORF,20603,38.6309,21944,MD,14.50211,-76.9739,20734,"-76.937289,38.598893,0.0 -77.047354,38.617352,0.0 -77.001209,38.654952,0.0 -76.910627,38.626581,0.0 -76.937289,38.598893,0.0"
ACCOKEEK,20607,38.6689,7141,MD,16.81322,-77.0304,6926,"-77.047354,38.617352,0.0 -77.048038,38.616326,0.0 -77.076067,38.690501,0.0 -77.003943,38.694944,0.0 -76.985827,38.699388,0.0 -76.981041,38.68845,0.0 -77.001209,38.654952,0.0 -77.047354,38.617352,0.0"
AQUASCO,20608,38.5884,1019,MD,17.60658,-76.7096,1017,"-76.701775,38.54557,0.0 -76.740743,38.559242,0.0 -76.740059,38.56061,0.0 -76.750997,38.619061,0.0 -76.674088,38.618035,0.0 -76.701775,38.54557,0.0"
BEL ALTON,20611,38.4749,712,MD,2.85482,-76.9785,708,"-76.991296,38.458748,0.0 -77.001892,38.463533,0.0 -76.969761,38.469344,0.0 -76.991296,38.458748,0.0"
BRANDYWINE,20613,38.6741,9095,MD,80.08084,-76.8037,8442,"-76.674088,38.618035,0.0 -76.750997,38.619061,0.0 -76.740059,38.56061,0.0 -76.95643,38.704174,0.0 -76.857303,38.735279,0.0 -76.822096,38.738355,0.0 -76.701775,38.710326,0.0 -76.692888,38.684348,0.0 -76.686735,38.630341,0.0 -76.672721,38.618035,0.0 -76.674088,38.618035,0.0"
BRYANS ROAD,20616,38.6532,4865,MD,11.03662,-77.0858,4694,"-77.048038,38.616326,0.0 -77.108198,38.628973,0.0 -77.076067,38.690501,0.0 -77.048038,38.616326,0.0"
BRYANTOWN,20617,38.5407,595,MD,6.2546,-76.8536,885,"-76.814234,38.550355,0.0 -76.901739,38.527453,0.0 -76.852859,38.559584,0.0 -76.814234,38.550355,0.0"
BUSHWOOD,20618,38.2892,903,MD,9.19549,-76.7887,902,"-76.814234,38.30322,0.0 -76.759201,38.296042,0.0 -76.784837,38.259809,0.0 -76.814234,38.30322,0.0"
CALLAWAY,20620,38.2325,921,MD,4.73984,-76.5234,1736,"-76.500786,38.237591,0.0 -76.513091,38.210587,0.0 -76.515142,38.211271,0.0 -76.5336,38.252289,0.0 -76.500786,38.237591,0.0"
CHAPTICO,20621,38.334,1028,MD,13.80247,-76.7907,993,"-76.759201,38.296042,0.0 -76.814234,38.30322,0.0 -76.803296,38.358595,0.0 -76.756466,38.365431,0.0 -76.739375,38.309373,0.0 -76.759201,38.296042,0.0"
CHARLOTTE HALL,20622,38.4529,3596,MD,34.81097,-76.8459,3667,"-76.921907,38.385598,0.0 -76.938656,38.415337,0.0 -76.853543,38.4837,0.0 -76.707928,38.5025,0.0 -76.852518,38.455671,0.0 -76.872001,38.389016,0.0 -76.921907,38.385598,0.0"
CHELTENHAM,20623,38.7429,2222,MD,1.78771,-76.8379,2412,"-76.857303,38.735279,0.0 -76.842605,38.753395,0.0 -76.822096,38.738355,0.0 -76.857303,38.735279,0.0"
CLEMENTS,20624,38.337,741,MD,8.42594,-76.7362,715,"-76.739375,38.309373,0.0 -76.756466,38.365431,0.0 -76.709637,38.355518,0.0 -76.72707,38.312107,0.0 -76.728437,38.295016,0.0 -76.739375,38.309373,0.0"
DAMERON,20628,38.1506,326,MD,6.59554,-76.3503,326,"-76.353462,38.121372,0.0 -76.370553,38.154187,0.0 -76.378415,38.166151,0.0 -76.353462,38.178114,0.0 -76.353462,38.121372,0.0"
DRAYDEN,20630,38.1728,524,MD,8.44444,-76.4736,512,"-76.501469,38.165809,0.0 -76.491899,38.198623,0.0 -76.46592,38.206827,0.0 -76.463869,38.127867,0.0 -76.501469,38.165809,0.0"
FAULKNER,20632,38.439,474,MD,6.56776,-76.9648,459,"-76.938656,38.415337,0.0 -76.991296,38.458748,0.0 -76.969761,38.469344,0.0 -76.938656,38.415337,0.0"
GREAT MILLS,20634,38.2428,5926,MD,6.89836,-76.4948,5211,"-76.46592,38.206827,0.0 -76.491899,38.198623,0.0 -76.513091,38.210587,0.0 -76.500786,38.237591,0.0 -76.482328,38.282369,0.0 -76.478909,38.2205,0.0 -76.46592,38.206827,0.0"
HOLLYWOOD,20636,38.3473,7573,MD,32.65669,-76.5744,7595,"-76.511724,38.322704,0.0 -76.577011,38.29946,0.0 -76.664859,38.344238,0.0 -76.661783,38.349365,0.0 -76.654604,38.353809,0.0 -76.592051,38.401664,0.0 -76.511724,38.322704,0.0"
HUGHESVILLE,20637,38.5246,4757,MD,32.1637,-76.7806,4590,"-76.700066,38.498399,0.0 -76.707928,38.5025,0.0 -76.853543,38.4837,0.0 -76.901739,38.527453,0.0 -76.814234,38.550355,0.0 -76.740743,38.559242,0.0 -76.701775,38.54557,0.0 -76.700066,38.498399,0.0"
HUNTINGTOWN,20639,38.609,13036,MD,43.34779,-76.6045,12644,"-76.516851,38.573941,0.0 -76.649819,38.565737,0.0 -76.672721,38.618035,0.0 -76.686735,38.630341,0.0 -76.608459,38.662813,0.0 -76.564022,38.640253,0.0 -76.511382,38.615984,0.0 -76.516851,38.573941,0.0"
INDIAN HEAD,20640,38.5524,8672,MD,42.09326,-77.1729,8401,"-77.108198,38.628973,0.0 -77.048038,38.616326,0.0 -77.056242,38.596159,0.0 -77.118794,38.590006,0.0 -77.159471,38.491904,0.0 -77.27022,38.492588,0.0 -77.108198,38.628973,0.0</coordinates></LinearRing></outerBoundaryIs><innerBoundaryIs><LinearRing><coordinates>-77.152293,38.544886,0.0 -77.13486,38.596842,0.0 -77.192286,38.564028,0.0 -77.152293,38.544886,0.0"
LA PLATA,20646,38.5217,16275,MD,87.42019,-77.0022,16073,"-77.001892,38.464217,0.0 -77.039834,38.54933,0.0 -77.083245,38.487802,0.0 -77.128365,38.47242,0.0 -77.159471,38.491904,0.0 -77.118794,38.590006,0.0 -77.056242,38.596159,0.0 -77.043936,38.59445,0.0 -77.039834,38.550013,0.0 -76.9807,38.592057,0.0 -76.905499,38.547279,0.0 -76.860379,38.565053,0.0 -76.852859,38.559584,0.0 -76.901739,38.527453,0.0 -76.853543,38.4837,0.0 -76.938656,38.415337,0.0 -76.969761,38.469344,0.0 -77.001892,38.463533,0.0 -77.001892,38.464217,0.0"
LUSBY,20657,38.3847,19059,MD,30.70193,-76.4414,18062,"-76.449171,38.350391,0.0 -76.470022,38.349024,0.0 -76.481302,38.441657,0.0 -76.455666,38.450544,0.0 -76.380466,38.384915,0.0 -76.421484,38.318944,0.0 -76.449171,38.350391,0.0"
MARBURY,20658,38.5712,915,MD,5.09269,-77.16,913,"-77.152293,38.544886,0.0 -77.192286,38.564028,0.0 -77.13486,38.596842,0.0 -77.152293,38.544886,0.0"
MECHANICSVILLE,20659,38.4188,21262,MD,99.34549,-76.7346,20799,"-76.709637,38.355518,0.0 -76.756466,38.365431,0.0 -76.803296,38.358595,0.0 -76.872001,38.389016,0.0 -76.852518,38.455671,0.0 -76.707928,38.5025,0.0 -76.700066,38.498399,0.0 -76.592051,38.401664,0.0 -76.654604,38.353809,0.0 -76.709637,38.355518,0.0"
NANJEMOY,20662,38.4332,2439,MD,59.11693,-77.1962,2664,"-77.128365,38.47242,0.0 -77.113325,38.409526,0.0 -77.215871,38.361329,0.0 -77.27022,38.492588,0.0 -77.159471,38.491904,0.0 -77.128365,38.47242,0.0"
NEWBURG,20664,38.3595,2924,MD,43.55881,-76.9267,2890,"-77.016249,38.445417,0.0 -77.001892,38.464217,0.0 -77.001892,38.463533,0.0 -76.991296,38.458748,0.0 -76.938656,38.415337,0.0 -76.921907,38.385598,0.0 -76.834059,38.272798,0.0 -76.919856,38.291256,0.0 -76.898321,38.307322,0.0 -77.016249,38.445417,0.0"
PATUXENT RIVER,20670,38.2835,2813,MD,9.75715,-76.4195,2838,"-76.399266,38.263911,0.0 -76.46216,38.296384,0.0 -76.373971,38.299118,0.0 -76.399266,38.263911,0.0"
POMFRET,20675,38.5785,1550,MD,7.2083,-77.019,1513,"-77.043936,38.59445,0.0 -76.9807,38.592057,0.0 -77.039834,38.550013,0.0 -77.043936,38.59445,0.0"
PORT REPUBLIC,20676,38.4895,3517,MD,16.55725,-76.5439,3409,"-76.596837,38.478915,0.0 -76.517193,38.537024,0.0 -76.492924,38.483017,0.0 -76.588291,38.454988,0.0 -76.596837,38.478915,0.0"
PORT TOBACCO,20677,38.4971,2348,MD,18.53483,-77.0407,2330,"-77.040518,38.444733,0.0 -77.083245,38.487802,0.0 -77.039834,38.54933,0.0 -77.001892,38.464217,0.0 -77.016249,38.445417,0.0 -77.040518,38.444733,0.0"
PRINCE FREDERICK,20678,38.5264,8788,MD,43.82741,-76.5967,8587,"-76.649819,38.565737,0.0 -76.516851,38.573941,0.0 -76.517193,38.537024,0.0 -76.596837,38.478915,0.0 -76.645717,38.467977,0.0 -76.649819,38.565737,0.0"
RIDGE,20680,38.117,1164,MD,7.68627,-76.3722,1162,"-76.330902,38.093001,0.0 -76.384226,38.090609,0.0 -76.391404,38.138463,0.0 -76.370553,38.154187,0.0 -76.353462,38.121372,0.0 -76.330902,38.093001,0.0"
SAINT INIGOES,20684,38.1454,1024,MD,8.74177,-76.4085,1022,"-76.409862,38.173329,0.0 -76.378415,38.166151,0.0 -76.370553,38.154187,0.0 -76.391404,38.138463,0.0 -76.422509,38.107016,0.0 -76.409862,38.173329,0.0"
SAINT LEONARD,20685,38.4406,5527,MD,22.50243,-76.5235,5334,"-76.588291,38.454988,0.0 -76.492924,38.483017,0.0 -76.455666,38.450544,0.0 -76.481302,38.441657,0.0 -76.501469,38.390726,0.0 -76.54112,38.426275,0.0 -76.553084,38.421831,0.0 -76.588291,38.454988,0.0"
SCOTLAND,20687,38.0753,338,MD,6.90633,-76.3489,339,"-76.384226,38.090609,0.0 -76.330902,38.093001,0.0 -76.321673,38.036601,0.0 -76.384226,38.090609,0.0"
SUNDERLAND,20689,38.6617,975,MD,4.7486,-76.5856,978,"-76.608459,38.662813,0.0 -76.564364,38.667599,0.0 -76.564022,38.640253,0.0 -76.608459,38.662813,0.0"
TALL TIMBERS,20690,38.16,532,MD,2.73846,-76.5307,517,"-76.548299,38.176747,0.0 -76.536335,38.177431,0.0 -76.518219,38.165467,0.0 -76.511382,38.151794,0.0 -76.534284,38.146325,0.0 -76.548299,38.176747,0.0"
VALLEY LEE,20692,38.1826,537,MD,5.25366,-76.5054,526,"-76.536335,38.177431,0.0 -76.515142,38.211271,0.0 -76.513091,38.210587,0.0 -76.491899,38.198623,0.0 -76.501469,38.165809,0.0 -76.518219,38.165467,0.0 -76.536335,38.177431,0.0"
WELCOME,20693,38.4552,583,MD,20.37491,-77.0888,580,"-77.128365,38.47242,0.0 -77.083245,38.487802,0.0 -77.040518,38.444733,0.0 -77.113325,38.409526,0.0 -77.128365,38.47242,0.0"
WHITE PLAINS,20695,38.5894,5009,MD,17.69413,-76.967,4810,"-77.043936,38.59445,0.0 -77.056242,38.596159,0.0 -77.048038,38.616326,0.0 -77.047354,38.617352,0.0 -76.937289,38.598893,0.0 -76.905499,38.547279,0.0 -76.9807,38.592057,0.0 -77.043936,38.59445,0.0"
ANNAPOLIS JUNCTION,20701,39.1272,797,MD,1.99132,-76.7872,797,"-76.778343,39.114356,0.0 -76.816285,39.121534,0.0 -76.812183,39.138625,0.0 -76.778343,39.114356,0.0"
BELTSVILLE,20705,39.0391,20551,MD,19.54307,-76.8872,20390,"-76.810132,39.007025,0.0 -76.828932,38.998821,0.0 -76.842947,38.992327,0.0 -76.862772,39.003949,0.0 -76.906867,39.023091,0.0 -76.94139,39.029585,0.0 -76.951645,39.045651,0.0 -76.930452,39.074363,0.0 -76.878496,39.066843,0.0 -76.810132,39.007025,0.0"
LANHAM,20706,38.9673,39920,MD,10.06193,-76.8518,39685,"-76.813208,38.95712,0.0 -76.825514,38.947207,0.0 -76.838845,38.947207,0.0 -76.853543,38.940712,0.0 -76.871659,38.949941,0.0 -76.890118,38.956094,0.0 -76.894219,38.970109,0.0 -76.893536,38.97216,0.0 -76.899005,38.972501,0.0 -76.886016,38.991643,0.0 -76.859354,38.991643,0.0 -76.842947,38.992327,0.0 -76.828932,38.998821,0.0 -76.813208,38.95712,0.0"
LAUREL,20708,39.0484,25633,MD,13.898,-76.8273,25226,"-76.878496,39.066843,0.0 -76.835427,39.096923,0.0 -76.831325,39.069236,0.0 -76.788939,39.044967,0.0 -76.807397,39.005316,0.0 -76.810132,39.007025,0.0 -76.878496,39.066843,0.0"
BLADENSBURG,20710,38.9429,7434,MD,1.02087,-76.9251,7710,"-76.927718,38.936269,0.0 -76.916438,38.951992,0.0 -76.909259,38.95336,0.0 -76.927718,38.936269,0.0"
LOTHIAN,20711,38.8031,5899,MD,31.22684,-76.6526,6010,"-76.587266,38.788603,0.0 -76.597179,38.785526,0.0 -76.686052,38.748268,0.0 -76.697332,38.844661,0.0 -76.590001,38.829279,0.0 -76.578379,38.817999,0.0 -76.587266,38.788603,0.0"
MOUNT RAINIER,20712,38.9426,8824,MD,0.69601,-76.9651,8740,"-76.958823,38.931483,0.0 -76.977623,38.946181,0.0 -76.962241,38.953701,0.0 -76.958823,38.931483,0.0"
NORTH BEACH,20714,38.7164,3239,MD,1.07006,-76.5352,3052,"-76.532233,38.702806,0.0 -76.538386,38.702806,0.0 -76.539753,38.721264,0.0 -76.543171,38.728101,0.0 -76.532233,38.702806,0.0"
BOWIE,20716,38.9273,20214,MD,11.51903,-76.7148,19598,"-76.735615,38.902428,0.0 -76.750655,38.946523,0.0 -76.750655,38.950625,0.0 -76.693914,38.955752,0.0 -76.672721,38.907556,0.0 -76.735615,38.902428,0.0"
BOWIE,20720,38.9861,15110,MD,12.45388,-76.7814,14713,"-76.813208,38.95712,0.0 -76.807397,39.005316,0.0 -76.788939,39.044967,0.0 -76.750997,39.035054,0.0 -76.750655,38.950625,0.0 -76.750655,38.946523,0.0 -76.825514,38.947207,0.0 -76.813208,38.95712,0.0"
BOWIE,20721,38.9212,23670,MD,15.50086,-76.7862,22409,"-76.735615,38.902428,0.0 -76.831667,38.898327,0.0 -76.838845,38.947207,0.0 -76.825514,38.947207,0.0 -76.750655,38.946523,0.0 -76.735615,38.902428,0.0"
BRENTWOOD,20722,38.9353,5772,MD,1.60012,-76.9493,5741,"-76.95643,38.949258,0.0 -76.941732,38.918152,0.0 -76.942074,38.918494,0.0 -76.958823,38.931483,0.0 -76.962241,38.953701,0.0 -76.95643,38.949258,0.0"
LAUREL,20723,39.1362,25098,MD,12.61561,-76.8657,24193,"-76.825172,39.134865,0.0 -76.81731,39.120851,0.0 -76.840212,39.103076,0.0 -76.887725,39.131789,0.0 -76.919172,39.131789,0.0 -76.894219,39.155033,0.0 -76.894219,39.177251,0.0 -76.883965,39.168705,0.0 -76.842605,39.147171,0.0 -76.825172,39.134865,0.0"
LAUREL,20724,39.1012,13800,MD,8.01816,-76.8038,13013,"-76.840212,39.103076,0.0 -76.81731,39.120851,0.0 -76.816285,39.121534,0.0 -76.778343,39.114356,0.0 -76.775266,39.109571,0.0 -76.831325,39.069236,0.0 -76.835427,39.096923,0.0 -76.840212,39.103076,0.0"
CHESAPEAKE BEACH,20732,38.6572,7470,MD,10.39908,-76.5422,7214,"-76.511382,38.615984,0.0 -76.564022,38.640253,0.0 -76.564364,38.667599,0.0 -76.538386,38.702806,0.0 -76.532233,38.702806,0.0 -76.511382,38.615984,0.0"
CHURCHTON,20733,38.8083,3464,MD,5.04712,-76.5286,3404,"-76.538728,38.787236,0.0 -76.552401,38.814581,0.0 -76.532575,38.826887,0.0 -76.523688,38.825519,0.0 -76.502837,38.811846,0.0 -76.538728,38.787236,0.0"
CLINTON,20735,38.7482,32835,MD,25.7999,-76.9076,32284,"-76.985827,38.699388,0.0 -76.923958,38.780399,0.0 -76.897296,38.787577,0.0 -76.864823,38.788261,0.0 -76.842605,38.753395,0.0 -76.857303,38.735279,0.0 -76.95643,38.704174,0.0 -76.981041,38.68845,0.0 -76.985827,38.699388,0.0"
OWINGS,20736,38.6894,8213,MD,28.35995,-76.6236,7988,"-76.608459,38.662813,0.0 -76.686735,38.630341,0.0 -76.692888,38.684348,0.0 -76.621106,38.748268,0.0 -76.539753,38.721264,0.0 -76.538386,38.702806,0.0 -76.564364,38.667599,0.0 -76.608459,38.662813,0.0"
RIVERDALE,20737,38.9625,20151,MD,3.35634,-76.9156,19648,"-76.916438,38.951992,0.0 -76.942416,38.965665,0.0 -76.937972,38.97216,0.0 -76.899005,38.972501,0.0 -76.893536,38.97216,0.0 -76.894219,38.970109,0.0 -76.890118,38.956094,0.0 -76.909259,38.95336,0.0 -76.916438,38.951992,0.0"
COLLEGE PARK,20740,38.9981,21503,MD,8.86751,-76.9257,22010,"-76.899005,38.972501,0.0 -76.937972,38.97216,0.0 -76.955405,38.98549,0.0 -76.94139,39.029585,0.0 -76.906867,39.023091,0.0 -76.886016,38.991643,0.0 -76.899005,38.972501,0.0"
CAPITOL HEIGHTS,20743,38.8829,40678,MD,10.21223,-76.8924,40627,"-76.91883,38.860385,0.0 -76.94686,38.863803,0.0 -76.942416,38.867221,0.0 -76.94139,38.918152,0.0 -76.923616,38.916101,0.0 -76.846023,38.888756,0.0 -76.852859,38.856967,0.0 -76.91883,38.860385,0.0"
FORT WASHINGTON,20744,38.7542,48847,MD,26.21744,-76.9835,48133,"-77.026162,38.777665,0.0 -76.96395,38.814581,0.0 -76.923958,38.780399,0.0 -76.985827,38.699388,0.0 -77.003943,38.694944,0.0 -77.026162,38.777665,0.0"
OXON HILL,20745,38.8051,27884,MD,6.8681,-76.9955,27967,"-77.015565,38.809796,0.0 -76.982751,38.835774,0.0 -76.96395,38.814581,0.0 -77.026162,38.777665,0.0 -77.015565,38.809796,0.0"
SUITLAND,20746,38.8372,28621,MD,7.2822,-76.9197,28575,"-76.91883,38.860385,0.0 -76.874052,38.830305,0.0 -76.866532,38.829963,0.0 -76.905841,38.80501,0.0 -76.95814,38.854916,0.0 -76.94686,38.863803,0.0 -76.91883,38.860385,0.0"
DISTRICT HEIGHTS,20747,38.8533,40368,MD,7.50989,-76.8859,39934,"-76.864139,38.843294,0.0 -76.874052,38.830305,0.0 -76.91883,38.860385,0.0 -76.852859,38.856967,0.0 -76.864139,38.843294,0.0"
TEMPLE HILLS,20748,38.8175,40185,MD,9.00082,-76.9408,40038,"-76.905841,38.80501,0.0 -76.897296,38.787577,0.0 -76.923958,38.780399,0.0 -76.96395,38.814581,0.0 -76.982751,38.835774,0.0 -76.97318,38.843294,0.0 -76.95814,38.854916,0.0 -76.905841,38.80501,0.0"
DUNKIRK,20754,38.7395,6814,MD,17.81145,-76.6522,6587,"-76.701775,38.710326,0.0 -76.686052,38.748268,0.0 -76.597179,38.785526,0.0 -76.593761,38.752028,0.0 -76.621106,38.748268,0.0 -76.692888,38.684348,0.0 -76.701775,38.710326,0.0"
FORT GEORGE G MEADE,20755,39.0808,10422,MD,21.5402,-76.7612,9922,"-76.831325,39.069236,0.0 -76.775266,39.109571,0.0 -76.73835,39.130422,0.0 -76.721943,39.111622,0.0 -76.750997,39.035054,0.0 -76.788939,39.044967,0.0 -76.831325,39.069236,0.0"
FRIENDSHIP,20758,38.7353,993,MD,7.70293,-76.5864,956,"-76.539753,38.721264,0.0 -76.621106,38.748268,0.0 -76.593761,38.752028,0.0 -76.557186,38.748268,0.0 -76.543171,38.728101,0.0 -76.539753,38.721264,0.0"
FULTON,20759,39.1574,2123,MD,7.34301,-76.9321,1976,"-76.948569,39.129738,0.0 -76.962925,39.145804,0.0 -76.9431,39.203571,0.0 -76.894219,39.155033,0.0 -76.919172,39.131789,0.0 -76.948569,39.129738,0.0"
ANDREWS AIR FORCE BASE,20762,38.806,7775,MD,6.66396,-76.8755,7935,"-76.905841,38.80501,0.0 -76.866532,38.829963,0.0 -76.864823,38.788261,0.0 -76.897296,38.787577,0.0 -76.905841,38.80501,0.0"
SAVAGE,20763,39.1349,2245,MD,1.00506,-76.8166,2208,"-76.81731,39.120851,0.0 -76.825172,39.134865,0.0 -76.812183,39.138625,0.0 -76.816285,39.121534,0.0 -76.81731,39.120851,0.0"
GLENN DALE,20769,38.9806,4855,MD,4.56932,-76.8082,4722,"-76.828932,38.998821,0.0 -76.810132,39.007025,0.0 -76.807397,39.005316,0.0 -76.813208,38.95712,0.0 -76.828932,38.998821,0.0"
GREENBELT,20770,39.0052,21547,MD,5.97572,-76.8831,21177,"-76.862772,39.003949,0.0 -76.859354,38.991643,0.0 -76.886016,38.991643,0.0 -76.906867,39.023091,0.0 -76.862772,39.003949,0.0"
GREENBELT,20771,38.9969,0,MD,0.71499,-76.8541,0,"-76.859354,38.991643,0.0 -76.862772,39.003949,0.0 -76.842947,38.992327,0.0 -76.859354,38.991643,0.0"
UPPER MARLBORO,20772,38.7854,35625,MD,70.77789,-76.769,34497,"-76.686052,38.748268,0.0 -76.701775,38.710326,0.0 -76.822096,38.738355,0.0 -76.842605,38.753395,0.0 -76.864823,38.788261,0.0 -76.866532,38.829963,0.0 -76.874052,38.830305,0.0 -76.864139,38.843294,0.0 -76.690837,38.854574,0.0 -76.697332,38.844661,0.0 -76.686052,38.748268,0.0"
UPPER MARLBORO,20774,38.8793,35025,MD,34.94824,-76.7739,34188,"-76.846023,38.888756,0.0 -76.854227,38.928065,0.0 -76.854227,38.933534,0.0 -76.853543,38.940712,0.0 -76.838845,38.947207,0.0 -76.831667,38.898327,0.0 -76.735615,38.902428,0.0 -76.672721,38.907556,0.0 -76.676139,38.894908,0.0 -76.690837,38.854574,0.0 -76.864139,38.843294,0.0 -76.852859,38.856967,0.0 -76.846023,38.888756,0.0"
HARWOOD,20776,38.8683,3390,MD,26.04074,-76.6134,3146,"-76.553426,38.84261,0.0 -76.590001,38.829279,0.0 -76.697332,38.844661,0.0 -76.690837,38.854574,0.0 -76.676139,38.894908,0.0 -76.58043,38.91029,0.0 -76.557186,38.88397,0.0 -76.553426,38.84261,0.0"
HIGHLAND,20777,39.1776,3301,MD,7.93986,-76.9686,3227,"-76.962925,39.145804,0.0 -76.998132,39.167338,0.0 -76.99574,39.181353,0.0 -76.9431,39.203571,0.0 -76.962925,39.145804,0.0"
WEST RIVER,20778,38.8385,2067,MD,7.6255,-76.5706,2024,"-76.552401,38.814581,0.0 -76.578379,38.817999,0.0 -76.590001,38.829279,0.0 -76.553426,38.84261,0.0 -76.532575,38.826887,0.0 -76.552401,38.814581,0.0"
TRACYS LANDING,20779,38.7675,953,MD,4.64344,-76.5795,956,"-76.557186,38.748268,0.0 -76.593761,38.752028,0.0 -76.597179,38.785526,0.0 -76.587266,38.788603,0.0 -76.564022,38.778006,0.0 -76.557186,38.748268,0.0"
HYATTSVILLE,20781,38.9427,12622,MD,2.58116,-76.9357,12172,"-76.94139,38.918152,0.0 -76.941732,38.918152,0.0 -76.95643,38.949258,0.0 -76.942416,38.965665,0.0 -76.916438,38.951992,0.0 -76.927718,38.936269,0.0 -76.920198,38.933192,0.0 -76.923616,38.916101,0.0 -76.94139,38.918152,0.0"
HYATTSVILLE,20784,38.9515,24510,MD,3.9559,-76.8897,24303,"-76.927718,38.936269,0.0 -76.909259,38.95336,0.0 -76.890118,38.956094,0.0 -76.871659,38.949941,0.0 -76.920198,38.933192,0.0 -76.927718,38.936269,0.0"
HYATTSVILLE,20785,38.9183,40244,MD,10.14238,-76.8818,39944,"-76.920198,38.933192,0.0 -76.871659,38.949941,0.0 -76.853543,38.940712,0.0 -76.854227,38.933534,0.0 -76.854227,38.928065,0.0 -76.846023,38.888756,0.0 -76.923616,38.916101,0.0 -76.920198,38.933192,0.0"
JESSUP,20794,39.1488,14192,MD,11.50405,-76.7854,13934,"-76.812183,39.138625,0.0 -76.825172,39.134865,0.0 -76.842605,39.147171,0.0 -76.790648,39.177593,0.0 -76.767063,39.162553,0.0 -76.73835,39.130422,0.0 -76.775266,39.109571,0.0 -76.778343,39.114356,0.0 -76.812183,39.138625,0.0"
GLEN ECHO,20812,38.9682,241,MD,0.18868,-77.1427,242,"-77.143064,38.971476,0.0 -77.141355,38.965323,0.0 -77.148191,38.968741,0.0 -77.148533,38.972843,0.0 -77.143064,38.971476,0.0"
CHEVY CHASE,20815,38.9834,28270,MD,5.38275,-77.0787,27843,"-77.109907,38.969083,0.0 -77.105805,38.976945,0.0 -77.079143,39.007025,0.0 -77.06342,39.011811,0.0 -77.046329,38.99096,0.0 -77.052482,38.986516,0.0 -77.090423,38.95712,0.0 -77.091107,38.956436,0.0 -77.109907,38.969083,0.0"
BETHESDA,20816,38.9569,15143,MD,3.61017,-77.1171,15008,"-77.091107,38.956436,0.0 -77.119478,38.934901,0.0 -77.141355,38.965323,0.0 -77.143064,38.971476,0.0 -77.109907,38.969083,0.0 -77.091107,38.956436,0.0"
BETHESDA,20817,38.9966,33954,MD,14.16138,-77.1498,33500,"-77.109907,38.969083,0.0 -77.143064,38.971476,0.0 -77.148533,38.972843,0.0 -77.179296,38.969767,0.0 -77.196387,38.969767,0.0 -77.16118,39.023432,0.0 -77.126314,39.030611,0.0 -77.105805,38.976945,0.0 -77.109907,38.969083,0.0"
CABIN JOHN,20818,38.9742,1270,MD,0.77288,-77.1624,1253,"-77.179296,38.969767,0.0 -77.148533,38.972843,0.0 -77.148191,38.968741,0.0 -77.179296,38.969767,0.0"
OLNEY,20832,39.1514,25304,MD,9.35554,-77.0724,24027,"-77.072991,39.123927,0.0 -77.102387,39.151273,0.0 -77.105805,39.181011,0.0 -77.041885,39.166996,0.0 -77.043936,39.128713,0.0 -77.072991,39.123927,0.0"
BROOKEVILLE,20833,39.2149,6462,MD,23.95042,-77.0613,6331,"-76.998132,39.167338,0.0 -77.015223,39.166313,0.0 -77.041885,39.166996,0.0 -77.105805,39.181011,0.0 -77.110591,39.183062,0.0 -77.070256,39.226131,0.0 -77.114693,39.26544,0.0 -77.055558,39.266466,0.0 -77.045645,39.255527,0.0 -77.040518,39.235018,0.0 -77.011463,39.207673,0.0 -77.005311,39.192975,0.0 -76.99574,39.181353,0.0 -76.998132,39.167338,0.0"
POOLESVILLE,20837,39.113,5940,MD,39.02305,-77.3999,5833,"-77.335166,39.128029,0.0 -77.326279,39.075047,0.0 -77.341319,39.068211,0.0 -77.502315,39.117774,0.0 -77.452068,39.158793,0.0 -77.402162,39.17144,0.0 -77.376526,39.157425,0.0 -77.335166,39.128029,0.0"
BARNESVILLE,20838,39.2327,209,MD,2.49881,-77.3508,207,"-77.326279,39.242196,0.0 -77.3755,39.220662,0.0 -77.349864,39.246982,0.0 -77.326279,39.242196,0.0"
BEALLSVILLE,20839,39.1795,397,MD,6.02638,-77.4218,388,"-77.452068,39.158793,0.0 -77.424039,39.215193,0.0 -77.402162,39.17144,0.0 -77.452068,39.158793,0.0"
BOYDS,20841,39.1888,4130,MD,30.82345,-77.3281,4679,"-77.376526,39.157425,0.0 -77.3755,39.220662,0.0 -77.326279,39.242196,0.0 -77.259624,39.221346,0.0 -77.267828,39.201862,0.0 -77.335166,39.128029,0.0 -77.376526,39.157425,0.0"
DICKERSON,20842,39.2049,1580,MD,48.09257,-77.4332,1549,"-77.376526,39.157425,0.0 -77.402162,39.17144,0.0 -77.424039,39.215193,0.0 -77.452068,39.158793,0.0 -77.502315,39.117774,0.0 -77.475653,39.243564,0.0 -77.470526,39.256895,0.0 -77.36046,39.287658,0.0 -77.356359,39.283898,0.0 -77.313631,39.286633,0.0 -77.349864,39.246982,0.0 -77.3755,39.220662,0.0 -77.376526,39.157425,0.0"
ROCKVILLE,20850,39.09,30596,MD,12.94656,-77.181,31718,"-77.246293,39.071629,0.0 -77.187842,39.110938,0.0 -77.183398,39.117433,0.0 -77.124947,39.101709,0.0 -77.122554,39.092822,0.0 -77.142038,39.080858,0.0 -77.158104,39.067185,0.0 -77.246293,39.071629,0.0"
ROCKVILLE,20851,39.0783,13224,MD,2.27358,-77.122,13034,"-77.107856,39.071287,0.0 -77.142038,39.080858,0.0 -77.122554,39.092822,0.0 -77.107856,39.071287,0.0"
ROCKVILLE,20852,39.0512,40252,MD,9.00003,-77.1262,39158,"-77.16118,39.023432,0.0 -77.158104,39.067185,0.0 -77.142038,39.080858,0.0 -77.107856,39.071287,0.0 -77.091791,39.061374,0.0 -77.088714,39.039498,0.0 -77.095893,39.028901,0.0 -77.126314,39.030611,0.0 -77.16118,39.023432,0.0"
POTOMAC,20854,39.0361,48226,MD,33.42718,-77.2202,48164,"-77.16118,39.023432,0.0 -77.196387,38.969767,0.0 -77.341319,39.068211,0.0 -77.326279,39.075047,0.0 -77.292097,39.076072,0.0 -77.246293,39.071629,0.0 -77.158104,39.067185,0.0 -77.16118,39.023432,0.0"
DERWOOD,20855,39.1355,15867,MD,14.18521,-77.1334,15347,"-77.183398,39.117433,0.0 -77.143747,39.154691,0.0 -77.135202,39.179302,0.0 -77.110591,39.183062,0.0 -77.105805,39.181011,0.0 -77.102387,39.151273,0.0 -77.124947,39.101709,0.0 -77.183398,39.117433,0.0"
SANDY SPRING,20860,39.1497,2089,MD,4.4498,-77.0291,2451,"-77.015907,39.138625,0.0 -77.027529,39.125294,0.0 -77.043936,39.128713,0.0 -77.041885,39.166996,0.0 -77.015223,39.166313,0.0 -77.015907,39.138625,0.0"
ASHTON,20861,39.1523,1385,MD,3.5854,-76.9936,1343,"-77.015223,39.166313,0.0 -76.998132,39.167338,0.0 -76.962925,39.145804,0.0 -77.015907,39.138625,0.0 -77.015223,39.166313,0.0"
BURTONSVILLE,20866,39.1101,12407,MD,8.02703,-76.9325,11681,"-76.950961,39.084276,0.0 -76.962241,39.116065,0.0 -76.949252,39.128713,0.0 -76.948569,39.129738,0.0 -76.919172,39.131789,0.0 -76.887725,39.131789,0.0 -76.930452,39.074363,0.0 -76.950961,39.084276,0.0"
CLARKSBURG,20871,39.2613,2929,MD,22.12209,-77.2844,2911,"-77.349864,39.246982,0.0 -77.313631,39.286633,0.0 -77.269195,39.307484,0.0 -77.229544,39.253477,0.0 -77.259624,39.221346,0.0 -77.326279,39.242196,0.0 -77.349864,39.246982,0.0"
DAMASCUS,20872,39.2925,11695,MD,19.24359,-77.2182,11428,"-77.269195,39.307484,0.0 -77.263042,39.310218,0.0 -77.21758,39.331411,0.0 -77.173485,39.281847,0.0 -77.209376,39.23912,0.0 -77.229544,39.253477,0.0 -77.269195,39.307484,0.0"
GERMANTOWN,20876,39.2065,20861,MD,10.70806,-77.2333,20673,"-77.215187,39.188189,0.0 -77.221682,39.17896,0.0 -77.239115,39.164945,0.0 -77.267828,39.201862,0.0 -77.259624,39.221346,0.0 -77.229544,39.253477,0.0 -77.209376,39.23912,0.0 -77.203907,39.201178,0.0 -77.215187,39.188189,0.0"
GAITHERSBURG,20877,39.1416,34038,MD,6.3307,-77.1863,33208,"-77.183398,39.117433,0.0 -77.187842,39.110938,0.0 -77.216896,39.14888,0.0 -77.207326,39.155716,0.0 -77.191944,39.165287,0.0 -77.143747,39.154691,0.0 -77.183398,39.117433,0.0"
GAITHERSBURG,20879,39.17,24321,MD,7.95085,-77.1755,24220," -77.199806,39.19776,0.0 -77.215187,39.188189,0.0 -77.203907,39.201178,0.0 -77.199806,39.19776,0.0 -77.143747,39.154691,0.0 -77.191944,39.165287,0.0 -77.150925,39.18648,0.0 -77.135202,39.179302,0.0 -77.143747,39.154691,0.0 -77.232278,39.160844,0.0 -77.239115,39.164945,0.0 -77.221682,39.17896,0.0 -77.207326,39.155716,0.0 -77.216896,39.14888,0.0 -77.232278,39.160844,0.0"
GAITHERSBURG,20882,39.2328,13828,MD,38.3096,-77.1484,14099,"-77.150925,39.18648,0.0 -77.163573,39.193658,0.0 -77.167333,39.190924,0.0 -77.199806,39.19776,0.0 -77.203907,39.201178,0.0 -77.209376,39.23912,0.0 -77.173485,39.281847,0.0 -77.140329,39.285266,0.0 -77.114693,39.26544,0.0 -77.070256,39.226131,0.0 -77.110591,39.183062,0.0 -77.135202,39.179302,0.0 -77.150925,39.18648,0.0"
MONTGOMERY VILLAGE,20886,39.18,31102,MD,4.48648,-77.1944,29527,"-77.191944,39.165287,0.0 -77.207326,39.155716,0.0 -77.221682,39.17896,0.0 -77.215187,39.188189,0.0 -77.199806,39.19776,0.0 -77.167333,39.190924,0.0 -77.163573,39.193658,0.0 -77.150925,39.18648,0.0 -77.191944,39.165287,0.0"
KENSINGTON,20895,39.0282,19713,MD,4.63393,-77.0788,20258,"-77.060002,39.024458,0.0 -77.06342,39.011811,0.0 -77.079143,39.007025,0.0 -77.095893,39.028901,0.0 -77.088714,39.039498,0.0 -77.083245,39.043258,0.0 -77.060002,39.024458,0.0"
SILVER SPRING,20901,39.0213,36935,MD,5.57135,-77.0087,36455,"-76.995398,38.999505,0.0 -77.006336,38.995745,0.0 -77.032998,39.016254,0.0 -77.010096,39.054538,0.0 -76.989245,39.036763,0.0 -76.995398,38.999505,0.0"
SILVER SPRING,20903,39.0184,18039,MD,2.52364,-76.9835,17940,"-76.989929,38.991301,0.0 -76.995398,38.999505,0.0 -76.989245,39.036763,0.0 -76.965318,39.027192,0.0 -76.989929,38.991301,0.0"
SILVER SPRING,20904,39.0645,49666,MD,14.13333,-76.9796,48834,"-77.010096,39.054538,0.0 -77.029238,39.066502,0.0 -77.024111,39.082225,0.0 -76.950961,39.084276,0.0 -76.930452,39.074363,0.0 -76.951645,39.045651,0.0 -76.965318,39.027192,0.0 -76.989245,39.036763,0.0 -77.010096,39.054538,0.0"
SILVER SPRING,20905,39.1125,17295,MD,13.80572,-76.9926,17076,"-76.950961,39.084276,0.0 -77.024111,39.082225,0.0 -77.027529,39.125294,0.0 -77.015907,39.138625,0.0 -76.962925,39.145804,0.0 -76.948569,39.129738,0.0 -76.949252,39.128713,0.0 -76.962241,39.116065,0.0 -76.950961,39.084276,0.0"
SILVER SPRING,20906,39.0878,61515,MD,12.2977,-77.0563,60180,"-77.083245,39.043258,0.0 -77.088714,39.039498,0.0 -77.091791,39.061374,0.0 -77.072991,39.123927,0.0 -77.043936,39.128713,0.0 -77.027529,39.125294,0.0 -77.024111,39.082225,0.0 -77.029238,39.066502,0.0 -77.083245,39.043258,0.0"
SILVER SPRING,20910,39.0017,37144,MD,4.75301,-77.0363,36466,"-77.06342,39.011811,0.0 -77.060002,39.024458,0.0 -77.032998,39.016254,0.0 -77.006336,38.995745,0.0 -77.026503,38.984807,0.0 -77.046329,38.99096,0.0 -77.06342,39.011811,0.0"
TAKOMA PARK,20912,38.982,23160,MD,2.57809,-77.0003,24022,"-77.002576,38.965665,0.0 -77.004627,38.967374,0.0 -77.026503,38.984807,0.0 -77.006336,38.995745,0.0 -76.995398,38.999505,0.0 -76.989929,38.991301,0.0 -77.002576,38.965665,0.0"
ABERDEEN,21001,39.5117,19935,MD,31.69176,-76.2001,19849,"-76.219127,39.476342,0.0 -76.246814,39.48147,0.0 -76.257069,39.525223,0.0 -76.195542,39.56419,0.0 -76.137432,39.523513,0.0 -76.224254,39.426437,0.0 -76.219127,39.476342,0.0"
ABERDEEN PROVING GROUND,21005,39.4366,3565,MD,46.66554,-76.1627,3225,"-76.224254,39.426437,0.0 -76.137432,39.523513,0.0 -76.130596,39.512917,0.0 -76.072145,39.440451,0.0 -76.179476,39.379608,0.0 -76.227331,39.413448,0.0 -76.187338,39.375848,0.0 -76.22904,39.350211,0.0 -76.224254,39.426437,0.0"
ABINGDON,21009,39.4707,24704,MD,10.9164,-76.2956,23623,"-76.249549,39.450706,0.0 -76.320989,39.451048,0.0 -76.344233,39.486597,0.0 -76.260829,39.476342,0.0 -76.250233,39.461986,0.0 -76.249549,39.450706,0.0"
GUNPOWDER,21010,39.3741,866,MD,15.34208,-76.2878,864,"-76.344233,39.391913,0.0 -76.319964,39.40456,0.0 -76.247498,39.435324,0.0 -76.282022,39.300648,0.0 -76.344233,39.391913,0.0"
ARNOLD,21012,39.0443,21459,MD,9.76143,-76.4971,21012,"-76.534626,39.046334,0.0 -76.52403,39.062742,0.0 -76.465578,39.0436,0.0 -76.507622,39.020356,0.0 -76.534626,39.046334,0.0"
BALDWIN,21013,39.5112,5340,MD,15.52638,-76.49,5993,"-76.4208,39.478393,0.0 -76.430371,39.47771,0.0 -76.448829,39.476001,0.0 -76.457033,39.489673,0.0 -76.52232,39.488306,0.0 -76.5336,39.490015,0.0 -76.52232,39.536503,0.0 -76.529157,39.543681,0.0 -76.4208,39.478393,0.0"
BEL AIR,21014,39.5364,34314,MD,13.96931,-76.351,33643,"-76.345258,39.578546,0.0 -76.310393,39.514626,0.0 -76.352095,39.498903,0.0 -76.373287,39.511892,0.0 -76.39448,39.536503,0.0 -76.345258,39.578546,0.0"
BEL AIR,21015,39.5486,24479,MD,30.7559,-76.2954,23870,"-76.246814,39.48147,0.0 -76.260829,39.476342,0.0 -76.344233,39.486597,0.0 -76.352095,39.498903,0.0 -76.310393,39.514626,0.0 -76.345258,39.578546,0.0 -76.319622,39.614437,0.0 -76.259804,39.601448,0.0 -76.25912,39.592903,0.0 -76.257069,39.525223,0.0 -76.246814,39.48147,0.0"
BELCAMP,21017,39.4764,6309,MD,2.73183,-76.2368,6148,"-76.250233,39.461986,0.0 -76.260829,39.476342,0.0 -76.246814,39.48147,0.0 -76.219127,39.476342,0.0 -76.250233,39.461986,0.0"
CHURCHVILLE,21028,39.565,2493,MD,13.67279,-76.2402,2487,"-76.25912,39.592903,0.0 -76.224254,39.604183,0.0 -76.195542,39.56419,0.0 -76.257069,39.525223,0.0 -76.25912,39.592903,0.0"
COCKEYSVILLE,21030,39.4898,23086,MD,23.93365,-76.6599,22729,"-76.70827,39.463353,0.0 -76.708612,39.495826,0.0 -76.72707,39.533426,0.0 -76.624182,39.52283,0.0 -76.580771,39.46267,0.0 -76.70827,39.463353,0.0"
DARLINGTON,21034,39.6495,3210,MD,27.72644,-76.2203,3267,"-76.259804,39.601448,0.0 -76.280654,39.680067,0.0 -76.224938,39.70331,0.0 -76.163411,39.651012,0.0 -76.144269,39.617514,0.0 -76.224254,39.604183,0.0 -76.25912,39.592903,0.0 -76.259804,39.601448,0.0"
DAVIDSONVILLE,21035,38.9359,7838,MD,29.43755,-76.6378,7653,"-76.587608,38.934901,0.0 -76.58043,38.91029,0.0 -76.676139,38.894908,0.0 -76.672721,38.907556,0.0 -76.693914,38.955752,0.0 -76.701775,38.973869,0.0 -76.624866,38.988567,0.0 -76.608801,38.986174,0.0 -76.604699,38.981047,0.0 -76.596153,38.958145,0.0 -76.582481,38.937978,0.0 -76.587608,38.934901,0.0"
DAYTON,21036,39.2357,1620,MD,6.42097,-77.003,1567,"-77.011463,39.207673,0.0 -77.040518,39.235018,0.0 -76.984801,39.264073,0.0 -76.976598,39.242196,0.0 -77.011463,39.207673,0.0"
EDGEWATER,21037,38.916,16679,MD,15.7873,-76.5439,16403,"-76.58043,38.91029,0.0 -76.587608,38.934901,0.0 -76.489848,38.886705,0.0 -76.557186,38.88397,0.0 -76.58043,38.91029,0.0"
EDGEWOOD,21040,39.4337,22491,MD,9.06273,-76.2956,22350,"-76.319964,39.40456,0.0 -76.320989,39.451048,0.0 -76.249549,39.450706,0.0 -76.247498,39.435324,0.0 -76.319964,39.40456,0.0"
ELLICOTT CITY,21042,39.2712,36315,MD,36.72122,-76.8917,35259,"-76.837136,39.240146,0.0 -76.837477,39.239804,0.0 -76.915412,39.230575,0.0 -76.976598,39.242196,0.0 -76.984801,39.264073,0.0 -76.935921,39.3068,0.0 -76.899347,39.304066,0.0 -76.822779,39.318764,0.0 -76.814917,39.311928,0.0 -76.837136,39.240146,0.0"
COLUMBIA,21044,39.2101,41521,MD,11.93648,-76.8833,40285,"-76.859012,39.202887,0.0 -76.883965,39.168705,0.0 -76.894219,39.177251,0.0 -76.915412,39.230575,0.0 -76.837477,39.239804,0.0 -76.859012,39.202887,0.0"
COLUMBIA,21045,39.2062,37240,MD,9.82365,-76.827,36727,"-76.794408,39.197076,0.0 -76.797485,39.183745,0.0 -76.859012,39.202887,0.0 -76.837477,39.239804,0.0 -76.837136,39.240146,0.0 -76.794408,39.197076,0.0"
COLUMBIA,21046,39.1733,15291,MD,8.05219,-76.8422,14957,"-76.842605,39.147171,0.0 -76.883965,39.168705,0.0 -76.859012,39.202887,0.0 -76.797485,39.183745,0.0 -76.790648,39.177593,0.0 -76.842605,39.147171,0.0"
FALLSTON,21047,39.5303,10518,MD,24.16841,-76.4437,10533,"-76.373287,39.511892,0.0 -76.387644,39.483179,0.0 -76.4208,39.478393,0.0 -76.529157,39.543681,0.0 -76.508648,39.590168,0.0 -76.476517,39.565557,0.0 -76.39448,39.536503,0.0 -76.373287,39.511892,0.0"
FINKSBURG,21048,39.501,10462,MD,26.24126,-76.9107,10109,"-76.875078,39.521121,0.0 -76.887383,39.440451,0.0 -76.93934,39.468139,0.0 -76.892852,39.558037,0.0 -76.872685,39.554277,0.0 -76.875078,39.521121,0.0"
FOREST HILL,21050,39.5848,15436,MD,28.96339,-76.392,14820,"-76.39448,39.536503,0.0 -76.476517,39.565557,0.0 -76.398582,39.617514,0.0 -76.319622,39.614437,0.0 -76.345258,39.578546,0.0 -76.39448,39.536503,0.0"
FREELAND,21053,39.6935,2913,MD,22.23325,-76.7187,3006,"-76.657681,39.721085,0.0 -76.751339,39.659899,0.0 -76.775266,39.720743,0.0 -76.757834,39.720743,0.0 -76.657681,39.721085,0.0"
GAMBRILLS,21054,39.0231,9374,MD,16.38806,-76.6678,9288,"-76.705535,38.988909,0.0 -76.685026,39.029927,0.0 -76.685368,39.087694,0.0 -76.655288,39.08496,0.0 -76.649819,39.040523,0.0 -76.624866,38.988567,0.0 -76.701775,38.973869,0.0 -76.705535,38.988909,0.0"
GLEN ARM,21057,39.4466,4175,MD,15.16995,-76.5043,4164,"-76.461135,39.435666,0.0 -76.475833,39.420968,0.0 -76.498393,39.41379,0.0 -76.537702,39.422335,0.0 -76.554451,39.447971,0.0 -76.5336,39.490015,0.0 -76.52232,39.488306,0.0 -76.456349,39.460619,0.0 -76.461135,39.435666,0.0"
GLEN BURNIE,21060,39.1694,27593,MD,13.82277,-76.5845,27210,"-76.559921,39.143753,0.0 -76.598888,39.136233,0.0 -76.61427,39.206306,0.0 -76.590001,39.212116,0.0 -76.577695,39.200495,0.0 -76.598888,39.154349,0.0 -76.570175,39.191265,0.0 -76.547615,39.16392,0.0 -76.559921,39.143753,0.0"
GLEN BURNIE,21061,39.1612,49170,MD,11.89508,-76.6326,47560,"-76.598888,39.136233,0.0 -76.59923,39.132131,0.0 -76.642299,39.12632,0.0 -76.684343,39.153665,0.0 -76.673404,39.162211,0.0 -76.653921,39.19024,0.0 -76.641615,39.205964,0.0 -76.61427,39.206306,0.0 -76.598888,39.136233,0.0"
GLYNDON,21071,39.505,1548,MD,8.73875,-76.7495,355,"-76.708612,39.495826,0.0 -76.793725,39.48523,0.0 -76.728095,39.535477,0.0 -76.72707,39.533426,0.0 -76.708612,39.495826,0.0"
HAMPSTEAD,21074,39.6154,13485,MD,36.60913,-76.8507,13316,"-76.892852,39.558037,0.0 -76.895587,39.652037,0.0 -76.778343,39.641783,0.0 -76.790306,39.615463,0.0 -76.872685,39.554277,0.0 -76.892852,39.558037,0.0"
HANOVER,21076,39.1703,9674,MD,11.65258,-76.7218,8487," -76.767063,39.162553,0.0 -76.697674,39.213826,0.0 -76.693914,39.218953,0.0 -76.692546,39.183404,0.0 -76.693914,39.178276,0.0 -76.697332,39.147513,0.0 -76.73835,39.130422,0.0 -76.767063,39.162553,0.0 -76.696648,39.158451,0.0 -76.673404,39.162211,0.0 -76.684343,39.153665,0.0 -76.696648,39.158451,0.0"
HARMANS,21077,39.1587,261,MD,0.4725,-76.6996,263,"-76.693914,39.178276,0.0 -76.697332,39.158451,0.0 -76.697332,39.147513,0.0 -76.693914,39.178276,0.0"
HAVRE DE GRACE,21078,39.5707,15289,MD,29.44135,-76.1452,15097,"-76.195542,39.56419,0.0 -76.224254,39.604183,0.0 -76.144269,39.617514,0.0 -76.105985,39.580597,0.0 -76.075905,39.543339,0.0 -76.130596,39.512917,0.0 -76.137432,39.523513,0.0 -76.195542,39.56419,0.0"
HYDES,21082,39.4776,566,MD,5.76413,-76.4817,564,"-76.430371,39.47771,0.0 -76.456349,39.460619,0.0 -76.52232,39.488306,0.0 -76.457033,39.489673,0.0 -76.448829,39.476001,0.0 -76.430371,39.47771,0.0"
JOPPA,21085,39.4493,14761,MD,19.00421,-76.3553,14746,"-76.319964,39.40456,0.0 -76.344233,39.391913,0.0 -76.366109,39.404219,0.0 -76.393455,39.411739,0.0 -76.377731,39.424386,0.0 -76.382175,39.449339,0.0 -76.387644,39.483179,0.0 -76.373287,39.511892,0.0 -76.352095,39.498903,0.0 -76.344233,39.486597,0.0 -76.320989,39.451048,0.0 -76.319964,39.40456,0.0"
KINGSVILLE,21087,39.4479,5670,MD,14.71512,-76.4174,5622,"-76.40952,39.415841,0.0 -76.461135,39.435666,0.0 -76.456349,39.460619,0.0 -76.430371,39.47771,0.0 -76.4208,39.478393,0.0 -76.387644,39.483179,0.0 -76.382175,39.449339,0.0 -76.377731,39.424386,0.0 -76.393455,39.411739,0.0 -76.40952,39.415841,0.0"
LINTHICUM HEIGHTS,21090,39.2084,9796,MD,6.91499,-76.6686,9722,"-76.693914,39.218953,0.0 -76.639906,39.224422,0.0 -76.641615,39.205964,0.0 -76.653921,39.19024,0.0 -76.692546,39.183404,0.0 -76.693914,39.218953,0.0"
LUTHERVILLE TIMONIUM,21093,39.4379,35750,MD,22.83399,-76.6467,35068,"-76.557186,39.448313,0.0 -76.600255,39.413106,0.0 -76.667252,39.400117,0.0 -76.71579,39.416524,0.0 -76.713739,39.461302,0.0 -76.70827,39.463353,0.0 -76.580771,39.46267,0.0 -76.557186,39.448313,0.0"
MANCHESTER,21102,39.6875,9413,MD,40.86617,-76.8495,9307,"-76.895587,39.652037,0.0 -76.932161,39.67323,0.0 -76.957798,39.720401,0.0 -76.915754,39.720743,0.0 -76.866532,39.720401,0.0 -76.775266,39.720743,0.0 -76.751339,39.659899,0.0 -76.778343,39.641783,0.0 -76.895587,39.652037,0.0"
MARRIOTTSVILLE,21104,39.3509,4271,MD,17.20855,-76.9086,3690,"-76.935921,39.3068,0.0 -76.95267,39.308851,0.0 -76.885674,39.396699,0.0 -76.883623,39.396699,0.0 -76.863456,39.395673,0.0 -76.868241,39.369353,0.0 -76.899347,39.304066,0.0 -76.935921,39.3068,0.0"
MILLERSVILLE,21108,39.0913,18928,MD,13.35677,-76.622,18955,"-76.607092,39.075389,0.0 -76.649819,39.040523,0.0 -76.655288,39.08496,0.0 -76.642299,39.12632,0.0 -76.59923,39.132131,0.0 -76.570859,39.099658,0.0 -76.612219,39.084276,0.0 -76.607092,39.075389,0.0"
MONKTON,21111,39.5792,5052,MD,35.13601,-76.5844,5154,"-76.52232,39.536503,0.0 -76.616662,39.53411,0.0 -76.677164,39.577179,0.0 -76.65939,39.614779,0.0 -76.516168,39.613412,0.0 -76.508648,39.590168,0.0 -76.529157,39.543681,0.0 -76.52232,39.536503,0.0"
ODENTON,21113,39.0518,21605,MD,15.41178,-76.7141,21642,"-76.685026,39.029927,0.0 -76.706219,38.990276,0.0 -76.750997,39.035054,0.0 -76.721943,39.111622,0.0 -76.685368,39.087694,0.0 -76.685026,39.029927,0.0"
CROFTON,21114,39.0093,22001,MD,5.63669,-76.6843,21349,"-76.705535,38.988909,0.0 -76.706219,38.990276,0.0 -76.685026,39.029927,0.0 -76.705535,38.988909,0.0"
PARKTON,21120,39.6472,6398,MD,45.11974,-76.6805,6428,"-76.746212,39.592903,0.0 -76.790306,39.615463,0.0 -76.778343,39.641783,0.0 -76.751339,39.659899,0.0 -76.657681,39.721085,0.0 -76.610168,39.721427,0.0 -76.569491,39.721085,0.0 -76.65939,39.614779,0.0 -76.677164,39.577179,0.0 -76.746212,39.592903,0.0"
PASADENA,21122,39.1222,58056,MD,31.35494,-76.5059,56816,"-76.423193,39.086327,0.0 -76.42456,39.087011,0.0 -76.532575,39.102393,0.0 -76.570859,39.099658,0.0 -76.59923,39.132131,0.0 -76.598888,39.136233,0.0 -76.559921,39.143753,0.0 -76.476859,39.166313,0.0 -76.423193,39.086327,0.0"
PERRY HALL,21128,39.4052,6390,MD,6.81367,-76.4457,6295,"-76.40952,39.415841,0.0 -76.433789,39.375164,0.0 -76.449171,39.379608,0.0 -76.475833,39.420968,0.0 -76.461135,39.435666,0.0 -76.40952,39.415841,0.0"
PHOENIX,21131,39.5024,7029,MD,23.50059,-76.5706,6305,"-76.580771,39.46267,0.0 -76.624182,39.52283,0.0 -76.616662,39.53411,0.0 -76.52232,39.536503,0.0 -76.5336,39.490015,0.0 -76.554451,39.447971,0.0 -76.557186,39.448313,0.0 -76.580771,39.46267,0.0"
PYLESVILLE,21132,39.6957,2480,MD,22.6145,-76.4274,2465,"-76.493266,39.680408,0.0 -76.505229,39.721427,0.0 -76.491899,39.721427,0.0 -76.414647,39.721427,0.0 -76.33056,39.684852,0.0 -76.493266,39.680408,0.0"
RANDALLSTOWN,21133,39.3766,27508,MD,9.98183,-76.8142,27124,"-76.765354,39.367644,0.0 -76.815943,39.345768,0.0 -76.868241,39.369353,0.0 -76.863456,39.395673,0.0 -76.77971,39.38952,0.0 -76.765354,39.367644,0.0"
SEVERN,21144,39.1223,29583,MD,15.85189,-76.6788,29892,"-76.721943,39.111622,0.0 -76.73835,39.130422,0.0 -76.697332,39.147513,0.0 -76.697332,39.158451,0.0 -76.696648,39.158451,0.0 -76.684343,39.153665,0.0 -76.642299,39.12632,0.0 -76.655288,39.08496,0.0 -76.685368,39.087694,0.0 -76.721943,39.111622,0.0"
SEVERNA PARK,21146,39.081,25538,MD,10.33895,-76.5578,25033,"-76.612219,39.084276,0.0 -76.570859,39.099658,0.0 -76.532575,39.102393,0.0 -76.52403,39.062742,0.0 -76.534626,39.046334,0.0 -76.612219,39.084276,0.0"
SPARKS GLENCOE,21152,39.5495,5528,MD,22.98563,-76.6817,5044,"-76.728095,39.535477,0.0 -76.747921,39.562481,0.0 -76.746212,39.592903,0.0 -76.677164,39.577179,0.0 -76.616662,39.53411,0.0 -76.624182,39.52283,0.0 -76.72707,39.533426,0.0 -76.728095,39.535477,0.0"
UPPERCO,21155,39.5718,2578,MD,24.19029,-76.8033,2573,"-76.872685,39.554277,0.0 -76.790306,39.615463,0.0 -76.746212,39.592903,0.0 -76.747921,39.562481,0.0 -76.875078,39.521121,0.0 -76.872685,39.554277,0.0"
WESTMINSTER,21157,39.5502,33965,MD,75.94474,-76.9805,34220,"-77.070598,39.439426,0.0 -77.087005,39.457884,0.0 -77.03334,39.558037,0.0 -76.932161,39.67323,0.0 -76.895587,39.652037,0.0 -76.892852,39.558037,0.0 -76.93934,39.468139,0.0 -77.054532,39.436691,0.0 -77.070598,39.439426,0.0"
WESTMINSTER,21158,39.6443,20167,MD,74.70421,-77.036,18514,"-77.102387,39.569659,0.0 -77.109565,39.626401,0.0 -77.066838,39.720059,0.0 -77.018642,39.720059,0.0 -76.957798,39.720401,0.0 -76.932161,39.67323,0.0 -77.03334,39.558037,0.0 -77.102387,39.569659,0.0"
WHITEFORD,21160,39.7072,2264,MD,17.03059,-76.3101,2280,"-76.280654,39.680067,0.0 -76.33056,39.684852,0.0 -76.414647,39.721427,0.0 -76.396189,39.721427,0.0 -76.241687,39.721427,0.0 -76.233142,39.721427,0.0 -76.224938,39.70331,0.0 -76.280654,39.680067,0.0"
WHITE HALL,21161,39.6611,5236,MD,46.99628,-76.5657,5122,"-76.569491,39.721085,0.0 -76.543513,39.721427,0.0 -76.505229,39.721427,0.0 -76.493266,39.680408,0.0 -76.490531,39.654088,0.0 -76.516168,39.613412,0.0 -76.65939,39.614779,0.0 -76.569491,39.721085,0.0"
WHITE MARSH,21162,39.3932,2670,MD,8.05974,-76.399,2824,"-76.40952,39.415841,0.0 -76.393455,39.411739,0.0 -76.366109,39.404219,0.0 -76.408837,39.376873,0.0 -76.440968,39.36696,0.0 -76.433789,39.375164,0.0 -76.40952,39.415841,0.0"
WOODSTOCK,21163,39.3392,5360,MD,14.84376,-76.8588,5216,"-76.899347,39.304066,0.0 -76.868241,39.369353,0.0 -76.815943,39.345768,0.0 -76.822779,39.318764,0.0 -76.899347,39.304066,0.0"
BALTIMORE,21201,39.2947,13899,MD,1.23415,-76.6224,14113,"-76.632044,39.285949,0.0 -76.632386,39.29552,0.0 -76.623157,39.310902,0.0 -76.621448,39.310902,0.0 -76.616662,39.311244,0.0 -76.614612,39.282189,0.0 -76.632044,39.285949,0.0"
BALTIMORE,21202,39.2973,23081,MD,1.62737,-76.6077,23428,"-76.616662,39.311244,0.0 -76.600597,39.311928,0.0 -76.600255,39.30304,0.0 -76.599913,39.295178,0.0 -76.598888,39.282189,0.0 -76.606066,39.281506,0.0 -76.614612,39.282189,0.0 -76.616662,39.311244,0.0"
TOWSON,21204,39.4028,20382,MD,6.02172,-76.6326,20157,"-76.610852,39.383368,0.0 -76.624182,39.38747,0.0 -76.643324,39.383026,0.0 -76.665884,39.397382,0.0 -76.667252,39.400117,0.0 -76.600255,39.413106,0.0 -76.607092,39.384051,0.0 -76.610852,39.383368,0.0"
BALTIMORE,21205,39.3018,18283,MD,2.10788,-76.563,18739,"-76.584873,39.296546,0.0 -76.599913,39.295178,0.0 -76.600255,39.30304,0.0 -76.548982,39.315346,0.0 -76.538386,39.305433,0.0 -76.529499,39.297229,0.0 -76.584873,39.296546,0.0"
BALTIMORE,21206,39.3384,49376,MD,7.18139,-76.537,49911,"-76.548982,39.315346,0.0 -76.57667,39.333804,0.0 -76.574619,39.337222,0.0 -76.544197,39.360466,0.0 -76.536335,39.361491,0.0 -76.507622,39.358757,0.0 -76.538386,39.305433,0.0 -76.548982,39.315346,0.0"
BALTIMORE,21209,39.3715,23191,MD,6.66957,-76.6661,23050,"-76.639564,39.37995,0.0 -76.641957,39.348844,0.0 -76.656313,39.335513,0.0 -76.700066,39.37072,0.0 -76.665884,39.397382,0.0 -76.643324,39.383026,0.0 -76.639564,39.37995,0.0"
BALTIMORE,21210,39.3595,11252,MD,3.01786,-76.635,11382,"-76.623157,39.335855,0.0 -76.641957,39.348844,0.0 -76.639564,39.37995,0.0 -76.622132,39.345426,0.0 -76.623157,39.335855,0.0"
BALTIMORE,21211,39.3284,17012,MD,3.06372,-76.6377,17311,"-76.623157,39.335855,0.0 -76.621448,39.310902,0.0 -76.623157,39.310902,0.0 -76.652553,39.318422,0.0 -76.656313,39.335513,0.0 -76.641957,39.348844,0.0 -76.623157,39.335855,0.0"
BALTIMORE,21213,39.3151,37509,MD,3.44502,-76.5769,38264,"-76.600597,39.311928,0.0 -76.57667,39.333804,0.0 -76.548982,39.315346,0.0 -76.600255,39.30304,0.0 -76.600597,39.311928,0.0"
BALTIMORE,21214,39.3518,20704,MD,2.76403,-76.5644,20880,"-76.574619,39.337222,0.0 -76.577011,39.338589,0.0 -76.580771,39.345426,0.0 -76.573251,39.368669,0.0 -76.544197,39.360466,0.0 -76.574619,39.337222,0.0"
BALTIMORE,21215,39.3457,63480,MD,6.81787,-76.6835,64746,"-76.652553,39.318422,0.0 -76.656313,39.316029,0.0 -76.682634,39.327309,0.0 -76.717841,39.356364,0.0 -76.700066,39.37072,0.0 -76.656313,39.335513,0.0 -76.652553,39.318422,0.0"
BALTIMORE,21216,39.3109,35923,MD,3.29731,-76.6717,36339,"-76.652212,39.294837,0.0 -76.669644,39.294153,0.0 -76.686394,39.305433,0.0 -76.682634,39.327309,0.0 -76.656313,39.316029,0.0 -76.652212,39.294837,0.0"
BALTIMORE,21218,39.3294,52794,MD,4.15727,-76.6029,53757,"-76.600597,39.311928,0.0 -76.616662,39.311244,0.0 -76.621448,39.310902,0.0 -76.623157,39.335855,0.0 -76.622132,39.345426,0.0 -76.599913,39.342691,0.0 -76.585899,39.345768,0.0 -76.577011,39.338589,0.0 -76.574619,39.337222,0.0 -76.57667,39.333804,0.0 -76.600597,39.311928,0.0"
SPARROWS POINT,21219,39.2267,9544,MD,10.77108,-76.4575,9066,"-76.488139,39.248349,0.0 -76.452589,39.258946,0.0 -76.39824,39.236727,0.0 -76.441993,39.195367,0.0 -76.488139,39.248349,0.0"
MIDDLE RIVER,21220,39.3448,36510,MD,23.00902,-76.3969,36328,"-76.44336,39.326968,0.0 -76.474808,39.339615,0.0 -76.440968,39.36696,0.0 -76.408837,39.376873,0.0 -76.330218,39.335855,0.0 -76.44336,39.326968,0.0"
ESSEX,21221,39.2956,42643,MD,14.84098,-76.439,42530,"-76.485746,39.32184,0.0 -76.474808,39.339615,0.0 -76.44336,39.326968,0.0 -76.402342,39.248349,0.0 -76.485746,39.32184,0.0"
DUNDALK,21222,39.2645,54784,MD,11.75707,-76.4991,54595,"-76.539753,39.265098,0.0 -76.485746,39.288684,0.0 -76.452589,39.258946,0.0 -76.488139,39.248349,0.0 -76.539753,39.265098,0.0"
BALTIMORE,21223,39.2842,29774,MD,2.56782,-76.6527,30272,"-76.668961,39.269542,0.0 -76.669644,39.294153,0.0 -76.652212,39.294837,0.0 -76.632386,39.29552,0.0 -76.632044,39.285949,0.0 -76.664517,39.266807,0.0 -76.668961,39.269542,0.0"
BALTIMORE,21224,39.2833,48106,MD,9.09806,-76.5425,48468,"-76.586924,39.283215,0.0 -76.584873,39.296546,0.0 -76.529499,39.297229,0.0 -76.505229,39.306458,0.0 -76.485746,39.288684,0.0 -76.539753,39.265098,0.0 -76.586924,39.283215,0.0"
BROOKLYN,21225,39.2263,30763,MD,6.40394,-76.6164,31148,"-76.61427,39.206306,0.0 -76.641615,39.205964,0.0 -76.639906,39.224422,0.0 -76.629652,39.242196,0.0 -76.62555,39.255869,0.0 -76.605724,39.243906,0.0 -76.590001,39.212116,0.0 -76.61427,39.206306,0.0"
CURTIS BAY,21226,39.2054,7156,MD,9.57402,-76.5591,6978," -76.577695,39.200495,0.0 -76.590001,39.212116,0.0 -76.605724,39.243906,0.0 -76.577695,39.200495,0.0 -76.547615,39.16392,0.0 -76.570175,39.191265,0.0 -76.5336,39.2128,0.0 -76.547615,39.16392,0.0"
HALETHORPE,21227,39.2402,33353,MD,10.72169,-76.6757,33331,"-76.639906,39.224422,0.0 -76.693914,39.218953,0.0 -76.697674,39.213826,0.0 -76.722968,39.227156,0.0 -76.713739,39.241855,0.0 -76.705877,39.261338,0.0 -76.699724,39.264415,0.0 -76.668961,39.269542,0.0 -76.664517,39.266807,0.0 -76.629652,39.242196,0.0 -76.639906,39.224422,0.0"
CATONSVILLE,21228,39.2718,46732,MD,15.51895,-76.7455,47392,"-76.796117,39.304749,0.0 -76.743135,39.299622,0.0 -76.725019,39.289709,0.0 -76.699724,39.264415,0.0 -76.705877,39.261338,0.0 -76.713739,39.241855,0.0 -76.722968,39.227156,0.0 -76.746212,39.238436,0.0 -76.796117,39.304749,0.0"
BALTIMORE,21229,39.285,49266,MD,6.03963,-76.6901,50073,"-76.725019,39.289709,0.0 -76.686394,39.305433,0.0 -76.669644,39.294153,0.0 -76.668961,39.269542,0.0 -76.699724,39.264415,0.0 -76.725019,39.289709,0.0"
BALTIMORE,21231,39.2884,15422,MD,0.86546,-76.5923,15562,"-76.599913,39.295178,0.0 -76.584873,39.296546,0.0 -76.586924,39.283215,0.0 -76.598888,39.282189,0.0 -76.599913,39.295178,0.0"
PARKVILLE,21234,39.3924,66630,MD,12.01098,-76.535,66500,"-76.498393,39.41379,0.0 -76.536335,39.361491,0.0 -76.544197,39.360466,0.0 -76.573251,39.368669,0.0 -76.579062,39.382,0.0 -76.537702,39.422335,0.0 -76.498393,39.41379,0.0"
NOTTINGHAM,21236,39.3879,42236,MD,8.73233,-76.4878,41324,"-76.449171,39.379608,0.0 -76.507622,39.358757,0.0 -76.536335,39.361491,0.0 -76.498393,39.41379,0.0 -76.475833,39.420968,0.0 -76.449171,39.379608,0.0"
ROSEDALE,21237,39.3406,25702,MD,12.0151,-76.4936,25452,"-76.505229,39.306458,0.0 -76.529499,39.297229,0.0 -76.538386,39.305433,0.0 -76.507622,39.358757,0.0 -76.449171,39.379608,0.0 -76.433789,39.375164,0.0 -76.440968,39.36696,0.0 -76.474808,39.339615,0.0 -76.485746,39.32184,0.0 -76.505229,39.306458,0.0"
BALTIMORE,21239,39.3641,28747,MD,3.20143,-76.5872,28901,"-76.580771,39.345426,0.0 -76.585899,39.345768,0.0 -76.599913,39.342691,0.0 -76.604357,39.384051,0.0 -76.579062,39.382,0.0 -76.573251,39.368669,0.0 -76.580771,39.345426,0.0"
BALTIMORE,21240,39.1748,0,MD,4.60948,-76.6724,0,"-76.693914,39.178276,0.0 -76.692546,39.183404,0.0 -76.653921,39.19024,0.0 -76.673404,39.162211,0.0 -76.696648,39.158451,0.0 -76.697332,39.158451,0.0 -76.693914,39.178276,0.0"
WINDSOR MILL,21244,39.3335,32218,MD,13.59333,-76.7805,30532,"-76.814917,39.311928,0.0 -76.822779,39.318764,0.0 -76.815943,39.345768,0.0 -76.765354,39.367644,0.0 -76.746554,39.359782,0.0 -76.743135,39.299622,0.0 -76.796117,39.304749,0.0 -76.814917,39.311928,0.0"
BALTIMORE,21251,39.3425,0,MD,0.13848,-76.5834,0,"-76.585899,39.345768,0.0 -76.580771,39.345426,0.0 -76.577011,39.338589,0.0 -76.585899,39.345768,0.0"
ANNAPOLIS,21403,38.9463,29097,MD,9.24257,-76.4909,28490,"-76.525055,38.957803,0.0 -76.505913,38.97045,0.0 -76.460451,38.907556,0.0 -76.525055,38.957803,0.0"
CUMBERLAND,21502,39.6472,44222,MD,98.76234,-78.7537,44714,"-78.847373,39.562139,0.0 -78.897962,39.581623,0.0 -78.848056,39.659899,0.0 -78.795758,39.722794,0.0 -78.736282,39.723136,0.0 -78.654929,39.722794,0.0 -78.634078,39.722794,0.0 -78.650143,39.639048,0.0 -78.703467,39.568634,0.0 -78.659372,39.535819,0.0 -78.72466,39.563848,0.0 -78.775591,39.598714,0.0 -78.733205,39.614437,0.0 -78.776274,39.628794,0.0 -78.847373,39.562139,0.0"
ACCIDENT,21520,39.6341,2195,MD,51.78172,-79.2991,2101,"-79.232261,39.582306,0.0 -79.276697,39.578888,0.0 -79.351897,39.594612,0.0 -79.333097,39.687245,0.0 -79.269861,39.707754,0.0 -79.244224,39.632554,0.0 -79.232261,39.582306,0.0"
BARTON,21521,39.5585,643,MD,34.16915,-79.0787,648,"-79.097926,39.636314,0.0 -78.975897,39.513601,0.0 -79.042551,39.525564,0.0 -79.144413,39.523172,0.0 -79.174493,39.557695,0.0 -79.090064,39.579914,0.0 -79.097926,39.636314,0.0"
BITTINGER,21522,39.6003,280,MD,7.89881,-79.2179,277,"-79.231919,39.54539,0.0 -79.232261,39.582306,0.0 -79.244224,39.632554,0.0 -79.192952,39.624692,0.0 -79.231919,39.54539,0.0"
BLOOMINGTON,21523,39.5125,494,MD,18.82735,-79.0958,449,"-79.067162,39.479761,0.0 -79.075024,39.473266,0.0 -79.144413,39.523172,0.0 -79.042551,39.525564,0.0 -79.066479,39.48147,0.0 -79.067162,39.479761,0.0"
FLINTSTONE,21530,39.6911,1543,MD,57.14046,-78.5215,1550,"-78.634078,39.722794,0.0 -78.492907,39.722794,0.0 -78.38455,39.722794,0.0 -78.458383,39.659557,0.0 -78.650143,39.639048,0.0 -78.634078,39.722794,0.0"
FRIENDSVILLE,21531,39.6517,2264,MD,68.84278,-79.4152,2362,"-79.351897,39.594612,0.0 -79.462647,39.551543,0.0 -79.478712,39.556328,0.0 -79.478029,39.629819,0.0 -79.476661,39.721085,0.0 -79.392574,39.721427,0.0 -79.317716,39.72211,0.0 -79.333097,39.687245,0.0 -79.351897,39.594612,0.0"
FROSTBURG,21532,39.6513,15309,MD,69.85092,-78.9528,15408,"-78.897962,39.581623,0.0 -78.922915,39.558721,0.0 -79.043235,39.685194,0.0 -79.042893,39.722794,0.0 -78.979998,39.722452,0.0 -78.931118,39.722794,0.0 -78.848056,39.659899,0.0 -78.897962,39.581623,0.0"
GRANTSVILLE,21536,39.6606,3762,MD,89.0843,-79.1637,3722,"-79.174493,39.557695,0.0 -79.231919,39.54539,0.0 -79.192952,39.624692,0.0 -79.244224,39.632554,0.0 -79.269861,39.707754,0.0 -79.333097,39.687245,0.0 -79.317716,39.72211,0.0 -79.206624,39.72211,0.0 -79.166632,39.722452,0.0 -79.042893,39.722794,0.0 -79.043235,39.685194,0.0 -79.097926,39.636314,0.0 -79.090064,39.579914,0.0 -79.174493,39.557695,0.0"
KITZMILLER,21538,39.4026,703,MD,18.89839,-79.223,706,"-79.232261,39.360466,0.0 -79.281141,39.425411,0.0 -79.159795,39.408662,0.0 -79.232261,39.360466,0.0"
LONACONING,21539,39.5993,3815,MD,41.84795,-79.0174,3861,"-78.922915,39.558721,0.0 -78.967009,39.51155,0.0 -78.975897,39.513601,0.0 -79.097926,39.636314,0.0 -79.043235,39.685194,0.0 -78.922915,39.558721,0.0"
LUKE,21540,39.4768,78,MD,0.27542,-79.0593,80,"-79.053831,39.478735,0.0 -79.058275,39.471215,0.0 -79.067162,39.479761,0.0 -79.066479,39.48147,0.0 -79.053831,39.478735,0.0"
MC HENRY,21541,39.5543,1176,MD,28.2466,-79.3665,1174,"-79.276697,39.578888,0.0 -79.305068,39.499928,0.0 -79.462647,39.551543,0.0 -79.351897,39.594612,0.0 -79.276697,39.578888,0.0"
MOUNT SAVAGE,21545,39.7014,2690,MD,20.35263,-78.8645,2736,"-78.931118,39.722794,0.0 -78.808405,39.722794,0.0 -78.795758,39.722794,0.0 -78.848056,39.659899,0.0 -78.931118,39.722794,0.0"
OAKLAND,21550,39.3889,14501,MD,204.77151,-79.3911,14506,"-79.232261,39.360466,0.0 -79.271912,39.327993,0.0 -79.272254,39.327651,0.0 -79.486916,39.205964,0.0 -79.486916,39.296204,0.0 -79.484181,39.351579,0.0 -79.478712,39.556328,0.0 -79.462647,39.551543,0.0 -79.305068,39.499928,0.0 -79.281141,39.425411,0.0 -79.232261,39.360466,0.0"
OLDTOWN,21555,39.589,2004,MD,103.24008,-78.563,2024,"-78.650143,39.639048,0.0 -78.458383,39.659557,0.0 -78.495641,39.604183,0.0 -78.431721,39.587775,0.0 -78.427961,39.559404,0.0 -78.523328,39.524881,0.0 -78.588274,39.528641,0.0 -78.657663,39.535135,0.0 -78.659372,39.535819,0.0 -78.703467,39.568634,0.0 -78.650143,39.639048,0.0"
RAWLINGS,21557,39.5197,2092,MD,28.43093,-78.9231,2096,"-78.973162,39.444895,0.0 -78.967009,39.51155,0.0 -78.922915,39.558721,0.0 -78.897962,39.581623,0.0 -78.847373,39.562139,0.0 -78.908558,39.496852,0.0 -78.973162,39.444895,0.0"
SWANTON,21561,39.4913,2364,MD,88.94334,-79.2147,2375,"-79.305068,39.499928,0.0 -79.276697,39.578888,0.0 -79.232261,39.582306,0.0 -79.231919,39.54539,0.0 -79.174493,39.557695,0.0 -79.144413,39.523172,0.0 -79.075024,39.473266,0.0 -79.128348,39.417208,0.0 -79.159795,39.408662,0.0 -79.281141,39.425411,0.0 -79.305068,39.499928,0.0"
WESTERNPORT,21562,39.4879,3217,MD,13.40483,-79.0151,3292,"-79.066479,39.48147,0.0 -79.042551,39.525564,0.0 -78.975897,39.513601,0.0 -78.967009,39.51155,0.0 -78.973162,39.444895,0.0 -79.035715,39.471557,0.0 -79.053831,39.478735,0.0 -79.066479,39.48147,0.0"
EASTON,21601,38.7939,19684,MD,111.79105,-76.0775,19514,"-76.184945,38.716821,0.0 -76.186996,38.725024,0.0 -76.191098,38.747243,0.0 -76.175374,38.754079,0.0 -76.122734,38.786894,0.0 -76.179818,38.775614,0.0 -76.190414,38.858676,0.0 -76.062916,38.885338,0.0 -75.991817,38.804668,0.0 -75.913883,38.83133,0.0 -75.896792,38.814923,0.0 -75.997287,38.757155,0.0 -76.008908,38.71853,0.0 -76.086501,38.692893,0.0 -76.09197,38.713403,0.0 -76.140851,38.709301,0.0 -76.072145,38.732203,0.0 -76.114872,38.776981,0.0 -76.184945,38.716821,0.0"
BARCLAY,21607,39.1347,422,MD,12.60617,-75.8495,415,"-75.876283,39.09248,0.0 -75.89269,39.145804,0.0 -75.791512,39.132814,0.0 -75.80997,39.120167,0.0 -75.876283,39.09248,0.0"
BETTERTON,21610,39.36,484,MD,3.52138,-76.0656,477,"-76.055054,39.349528,0.0 -76.077956,39.342008,0.0 -76.109403,39.37243,0.0 -76.042748,39.360124,0.0 -76.055054,39.349528,0.0"
BOZMAN,21612,38.7521,782,MD,7.03825,-76.2752,782,"-76.268007,38.792705,0.0 -76.255018,38.795097,0.0 -76.271084,38.709301,0.0 -76.268007,38.792705,0.0"
CAMBRIDGE,21613,38.4882,16323,MD,171.50009,-76.0834,16545,"-76.110429,38.356885,0.0 -76.156916,38.499424,0.0 -76.157258,38.500449,0.0 -76.12752,38.545911,0.0 -76.213316,38.545911,0.0 -76.181869,38.588297,0.0 -76.235876,38.541126,0.0 -76.254334,38.593766,0.0 -76.277578,38.532239,0.0 -76.288516,38.62829,0.0 -76.008567,38.559242,0.0 -75.963788,38.552406,0.0 -75.950457,38.51754,0.0 -76.008908,38.471395,0.0 -75.902261,38.432769,0.0 -76.010959,38.375686,0.0 -76.041723,38.32202,0.0 -76.110429,38.356885,0.0"
CENTREVILLE,21617,39.0494,6348,MD,106.38231,-76.0329,6469,"-76.039672,39.155716,0.0 -76.013694,39.087011,0.0 -75.87765,39.09248,0.0 -75.876625,39.09248,0.0 -75.891323,39.021381,0.0 -76.078298,38.956094,0.0 -76.16512,39.012836,0.0 -76.150763,39.078465,0.0 -76.071803,39.055563,0.0 -76.145636,39.089403,0.0 -76.039672,39.155716,0.0"
CHESTER,21619,38.9553,5474,MD,9.57666,-76.2796,5331,"-76.301505,38.974552,0.0 -76.2892,38.997796,0.0 -76.249207,38.921229,0.0 -76.282364,38.963614,0.0 -76.299455,38.901745,0.0 -76.301505,38.974552,0.0"
CHESTERTOWN,21620,39.208,12259,MD,121.74376,-76.0923,12137,"-76.173323,39.17896,0.0 -76.268007,39.178618,0.0 -76.154865,39.276037,0.0 -76.067018,39.239804,0.0 -76.019163,39.283215,0.0 -75.946697,39.243564,0.0 -75.924821,39.244247,0.0 -75.913883,39.231942,0.0 -75.900894,39.199811,0.0 -75.953192,39.178276,0.0 -76.017112,39.16016,0.0 -76.061549,39.208698,0.0 -76.041381,39.172124,0.0 -76.170589,39.094873,0.0 -76.121709,39.174858,0.0 -76.162043,39.128371,0.0 -76.173323,39.17896,0.0"
CHURCH CREEK,21622,38.408,381,MD,61.63151,-76.1889,384,"-76.110429,38.356885,0.0 -76.131963,38.306638,0.0 -76.287491,38.41978,0.0 -76.273134,38.451911,0.0 -76.2892,38.469686,0.0 -76.220153,38.440631,0.0 -76.181185,38.504551,0.0 -76.156916,38.499424,0.0 -76.110429,38.356885,0.0"
CHURCH HILL,21623,39.1205,1574,MD,31.55254,-75.968,1557,"-75.918326,39.135549,0.0 -75.87765,39.09248,0.0 -76.013694,39.087011,0.0 -76.039672,39.155716,0.0 -76.017112,39.16016,0.0 -75.953192,39.178276,0.0 -75.977803,39.130422,0.0 -75.918326,39.135549,0.0"
CORDOVA,21625,38.8724,2709,MD,43.0926,-75.9938,2676,"-75.94909,38.918152,0.0 -75.913883,38.83133,0.0 -75.991817,38.804668,0.0 -76.062916,38.885338,0.0 -76.072487,38.891832,0.0 -75.94909,38.918152,0.0"
CRAPO,21626,38.3276,147,MD,16.93893,-76.0963,149,"-76.062574,38.305271,0.0 -76.105985,38.305613,0.0 -76.106669,38.30322,0.0 -76.131963,38.306638,0.0 -76.110429,38.356885,0.0 -76.041723,38.32202,0.0 -76.062574,38.305271,0.0"
DENTON,21629,38.8638,8022,MD,86.23152,-75.8304,8097,"-75.913883,38.83133,0.0 -75.94909,38.918152,0.0 -75.949774,38.923963,0.0 -75.837657,38.907556,0.0 -75.824326,38.950967,0.0 -75.729642,38.918494,0.0 -75.725541,38.868247,0.0 -75.722122,38.822101,0.0 -75.841759,38.76741,0.0 -75.845519,38.824836,0.0 -75.896792,38.814923,0.0 -75.913883,38.83133,0.0"
EAST NEW MARKET,21631,38.5844,2473,MD,21.07547,-75.9503,2514,"-75.946356,38.631024,0.0 -75.895766,38.594791,0.0 -75.917985,38.559242,0.0 -75.963788,38.552406,0.0 -76.008567,38.559242,0.0 -75.946356,38.631024,0.0"
FEDERALSBURG,21632,38.723,6327,MD,71.58588,-75.7691,6213,"-75.770661,38.63205,0.0 -75.864319,38.697679,0.0 -75.841759,38.76741,0.0 -75.722122,38.822101,0.0 -75.717679,38.766043,0.0 -75.711184,38.68469,0.0 -75.707424,38.635126,0.0 -75.770661,38.63205,0.0"
GALENA,21635,39.3318,2002,MD,42.44564,-75.838,1968,"-75.760406,39.301331,0.0 -75.824326,39.308851,0.0 -75.91525,39.276037,0.0 -75.915592,39.3444,0.0 -75.882435,39.364226,0.0 -75.810312,39.379266,0.0 -75.766559,39.377215,0.0 -75.760406,39.301331,0.0"
GOLDSBORO,21636,39.021,1085,MD,19.42894,-75.7964,1115,"-75.740581,39.055563,0.0 -75.736137,38.995403,0.0 -75.863635,39.01352,0.0 -75.875599,39.019672,0.0 -75.740581,39.055563,0.0"
GRASONVILLE,21638,38.9427,3998,MD,10.27504,-76.2,3921,"-76.198276,38.96464,0.0 -76.188705,38.897985,0.0 -76.246131,38.974552,0.0 -76.198276,38.96464,0.0"
GREENSBORO,21639,38.9631,3920,MD,33.9125,-75.7933,3914,"-75.736137,38.995403,0.0 -75.734428,38.976261,0.0 -75.729642,38.918494,0.0 -75.824326,38.950967,0.0 -75.863635,39.01352,0.0 -75.736137,38.995403,0.0"
HENDERSON,21640,39.0699,1925,MD,31.19521,-75.8195,1619,"-75.875599,39.019672,0.0 -75.890981,39.018305,0.0 -75.891323,39.021381,0.0 -75.876625,39.09248,0.0 -75.876283,39.09248,0.0 -75.80997,39.120167,0.0 -75.742973,39.082567,0.0 -75.74229,39.074022,0.0 -75.740581,39.055563,0.0 -75.875599,39.019672,0.0"
HURLOCK,21643,38.6432,5266,MD,53.90823,-75.8654,5229,"-75.93781,38.676828,0.0 -75.864319,38.697679,0.0 -75.770661,38.63205,0.0 -75.895766,38.594791,0.0 -75.946356,38.631024,0.0 -75.93781,38.676828,0.0"
INGLESIDE,21644,39.1258,120,MD,5.57667,-75.8858,118,"-75.876283,39.09248,0.0 -75.876625,39.09248,0.0 -75.87765,39.09248,0.0 -75.918326,39.135549,0.0 -75.89269,39.145804,0.0 -75.876283,39.09248,0.0"
KENNEDYVILLE,21645,39.3134,1245,MD,46.97749,-75.9701,1238,"-75.91525,39.276037,0.0 -75.946697,39.243564,0.0 -76.019163,39.283215,0.0 -76.045825,39.31432,0.0 -76.055054,39.349528,0.0 -76.042748,39.360124,0.0 -75.915592,39.3444,0.0 -75.91525,39.276037,0.0"
MCDANIEL,21647,38.8101,395,MD,4.06132,-76.286,394,"-76.288174,38.800566,0.0 -76.309709,38.801934,0.0 -76.290909,38.827228,0.0 -76.265956,38.800225,0.0 -76.288174,38.800566,0.0"
MADISON,21648,38.4846,328,MD,20.27129,-76.2297,329,"-76.203745,38.525744,0.0 -76.181185,38.504551,0.0 -76.220153,38.440631,0.0 -76.2892,38.469686,0.0 -76.203745,38.525744,0.0"
MARYDEL,21649,39.1344,1652,MD,16.67769,-75.7688,1626,"-75.751177,39.178276,0.0 -75.747759,39.143411,0.0 -75.742973,39.082567,0.0 -75.80997,39.120167,0.0 -75.791512,39.132814,0.0 -75.79869,39.188531,0.0 -75.751177,39.178276,0.0"
MASSEY,21650,39.2933,38,MD,4.67433,-75.7893,38,"-75.758697,39.27672,0.0 -75.824326,39.308851,0.0 -75.760406,39.301331,0.0 -75.758697,39.27672,0.0"
MILLINGTON,21651,39.2558,2369,MD,33.85645,-75.8536,2337,"-75.924821,39.244247,0.0 -75.946697,39.243564,0.0 -75.91525,39.276037,0.0 -75.824326,39.308851,0.0 -75.758697,39.27672,0.0 -75.755962,39.245957,0.0 -75.900894,39.199811,0.0 -75.913883,39.231942,0.0 -75.924821,39.244247,0.0"
OXFORD,21654,38.6871,1358,MD,9.04203,-76.1319,1370,"-76.09197,38.713403,0.0 -76.086501,38.692893,0.0 -76.098465,38.675461,0.0 -76.1764,38.691868,0.0 -76.09197,38.713403,0.0"
PRESTON,21655,38.747,4943,MD,60.37549,-75.9128,4922,"-75.997287,38.757155,0.0 -75.896792,38.814923,0.0 -75.845519,38.824836,0.0 -75.841759,38.76741,0.0 -75.864319,38.697679,0.0 -75.93781,38.676828,0.0 -75.997287,38.757155,0.0"
QUEEN ANNE,21657,38.9582,881,MD,31.85139,-75.9917,865,"-76.08069,38.902087,0.0 -76.081032,38.942421,0.0 -76.078298,38.956094,0.0 -75.891323,39.021381,0.0 -75.890981,39.018305,0.0 -75.949774,38.923963,0.0 -75.94909,38.918152,0.0 -76.072487,38.891832,0.0 -76.08069,38.902087,0.0"
QUEENSTOWN,21658,38.9526,3912,MD,38.52847,-76.1357,3727,"-76.081032,38.942421,0.0 -76.1012,38.941396,0.0 -76.104276,38.889781,0.0 -76.16512,38.907898,0.0 -76.162043,38.977287,0.0 -76.205112,38.852523,0.0 -76.188705,38.897985,0.0 -76.198276,38.96464,0.0 -76.16512,39.012836,0.0 -76.078298,38.956094,0.0 -76.081032,38.942421,0.0"
RHODESDALE,21659,38.5739,1776,MD,53.72897,-75.7953,1778,"-75.898501,38.540784,0.0 -75.917985,38.559242,0.0 -75.895766,38.594791,0.0 -75.770661,38.63205,0.0 -75.707424,38.635126,0.0 -75.701613,38.56061,0.0 -75.754253,38.525744,0.0 -75.898501,38.540784,0.0"
RIDGELY,21660,38.9596,3415,MD,31.4893,-75.8878,3366,"-75.890981,39.018305,0.0 -75.875599,39.019672,0.0 -75.863635,39.01352,0.0 -75.824326,38.950967,0.0 -75.837657,38.907556,0.0 -75.949774,38.923963,0.0 -75.890981,39.018305,0.0"
ROCK HALL,21661,39.1214,2741,MD,28.26646,-76.2194,2724,"-76.268007,39.178618,0.0 -76.173323,39.17896,0.0 -76.226989,39.053854,0.0 -76.268007,39.178618,0.0"
ROYAL OAK,21662,38.7094,367,MD,7.0429,-76.2081,366,"-76.186996,38.725024,0.0 -76.184945,38.716821,0.0 -76.198618,38.670333,0.0 -76.238611,38.711352,0.0 -76.186996,38.725024,0.0"
SAINT MICHAELS,21663,38.7923,3659,MD,13.80174,-76.2344,3628,"-76.175374,38.754079,0.0 -76.191098,38.747243,0.0 -76.255018,38.795097,0.0 -76.268007,38.792705,0.0 -76.265956,38.800225,0.0 -76.290909,38.827228,0.0 -76.253993,38.863119,0.0 -76.175374,38.754079,0.0"
SHERWOOD,21665,38.746,324,MD,3.79596,-76.3279,224,"-76.327825,38.720239,0.0 -76.334662,38.721264,0.0 -76.331244,38.776639,0.0 -76.317571,38.770486,0.0 -76.327825,38.720239,0.0"
STEVENSVILLE,21666,38.9398,11762,MD,22.20811,-76.3339,11478,"-76.2892,38.997796,0.0 -76.301505,38.974552,0.0 -76.375338,38.83885,0.0 -76.305265,39.038814,0.0 -76.2892,38.997796,0.0"
STILL POND,21667,39.3299,315,MD,3.45697,-76.0556,312,"-76.045825,39.31432,0.0 -76.077956,39.342008,0.0 -76.055054,39.349528,0.0 -76.045825,39.31432,0.0"
SUDLERSVILLE,21668,39.1836,1790,MD,53.87164,-75.8528,1768,"-75.791512,39.132814,0.0 -75.89269,39.145804,0.0 -75.918326,39.135549,0.0 -75.977803,39.130422,0.0 -75.953192,39.178276,0.0 -75.900894,39.199811,0.0 -75.755962,39.245957,0.0 -75.752544,39.199127,0.0 -75.751177,39.178276,0.0 -75.79869,39.188531,0.0 -75.791512,39.132814,0.0"
TAYLORS ISLAND,21669,38.4578,219,MD,12.5915,-76.2921,220,"-76.273134,38.451911,0.0 -76.287491,38.41978,0.0 -76.329876,38.499424,0.0 -76.273134,38.451911,0.0"
TILGHMAN,21671,38.6974,731,MD,2.46047,-76.3364,830,"-76.334662,38.721264,0.0 -76.327825,38.720239,0.0 -76.338764,38.66965,0.0 -76.334662,38.721264,0.0"
TODDVILLE,21672,38.2737,428,MD,13.92933,-76.0631,434,"-76.079665,38.278951,0.0 -76.105985,38.305613,0.0 -76.062574,38.305271,0.0 -76.032152,38.21674,0.0 -76.079665,38.278951,0.0"
TRAPPE,21673,38.6569,3287,MD,54.23168,-76.044,3246,"-76.098465,38.675461,0.0 -76.086501,38.692893,0.0 -76.008908,38.71853,0.0 -75.952508,38.674093,0.0 -76.026683,38.578042,0.0 -76.023948,38.621112,0.0 -76.111112,38.612224,0.0 -76.089578,38.659395,0.0 -76.145978,38.636493,0.0 -76.098465,38.675461,0.0"
WINGATE,21675,38.2894,44,MD,1.19904,-76.0967,45,"-76.106669,38.30322,0.0 -76.105985,38.305613,0.0 -76.079665,38.278951,0.0 -76.106669,38.30322,0.0"
WITTMAN,21676,38.7849,248,MD,3.69172,-76.3001,247,"-76.309709,38.801934,0.0 -76.288174,38.800566,0.0 -76.317571,38.770486,0.0 -76.331244,38.776639,0.0 -76.309709,38.801934,0.0"
WOOLFORD,21677,38.5141,307,MD,1.5988,-76.1854,306,"-76.156916,38.499424,0.0 -76.181185,38.504551,0.0 -76.203745,38.525744,0.0 -76.157258,38.500449,0.0 -76.156916,38.499424,0.0"
WORTON,21678,39.3045,2214,MD,41.0634,-76.1018,2174,"-76.109403,39.37243,0.0 -76.077956,39.342008,0.0 -76.045825,39.31432,0.0 -76.019163,39.283215,0.0 -76.067018,39.239804,0.0 -76.154865,39.276037,0.0 -76.186996,39.317738,0.0 -76.109403,39.37243,0.0"
WYE MILLS,21679,38.9183,326,MD,7.54206,-76.0877,320,"-76.1012,38.941396,0.0 -76.081032,38.942421,0.0 -76.08069,38.902087,0.0 -76.1012,38.941396,0.0"
FREDERICK,21701,39.4476,33332,MD,39.83198,-77.3371,32332,"-77.409341,39.400117,0.0 -77.434977,39.415499,0.0 -77.41857,39.524197,0.0 -77.37721,39.507106,0.0 -77.392591,39.465404,0.0 -77.318759,39.453782,0.0 -77.291755,39.51907,0.0 -77.240482,39.485913,0.0 -77.248344,39.446604,0.0 -77.250053,39.435324,0.0 -77.324569,39.39328,0.0 -77.328671,39.39328,0.0 -77.409341,39.400117,0.0"
FREDERICK,21702,39.4854,31913,MD,44.36301,-77.4583,31143,"-77.434977,39.415499,0.0 -77.504366,39.423019,0.0 -77.508126,39.487964,0.0 -77.497872,39.564874,0.0 -77.41857,39.524197,0.0 -77.434977,39.415499,0.0"
FREDERICK,21703,39.3676,28052,MD,34.17631,-77.4687,26846,"-77.409341,39.400117,0.0 -77.432242,39.332437,0.0 -77.521799,39.304066,0.0 -77.506759,39.418233,0.0 -77.504366,39.423019,0.0 -77.434977,39.415499,0.0 -77.409341,39.400117,0.0"
FREDERICK,21704,39.3506,4515,MD,28.53763,-77.3736,4503,"-77.328671,39.39328,0.0 -77.356359,39.283898,0.0 -77.36046,39.287658,0.0 -77.432242,39.332437,0.0 -77.409341,39.400117,0.0 -77.328671,39.39328,0.0"
ADAMSTOWN,21710,39.2921,2682,MD,28.81045,-77.4411,2597,"-77.524192,39.275353,0.0 -77.530686,39.286633,0.0 -77.521799,39.304066,0.0 -77.432242,39.332437,0.0 -77.36046,39.287658,0.0 -77.470526,39.256895,0.0 -77.524192,39.275353,0.0"
BIG POOL,21711,39.6708,1040,MD,27.77317,-78.0119,1035,"-77.956251,39.722452,0.0 -77.970265,39.607259,0.0 -78.098789,39.68075,0.0 -78.031109,39.722452,0.0 -77.956251,39.722452,0.0"
BOONSBORO,21713,39.5247,8229,MD,39.77353,-77.672,8183,"-77.657501,39.467455,0.0 -77.746716,39.508815,0.0 -77.771327,39.521463,0.0 -77.705014,39.557354,0.0 -77.61033,39.580939,0.0 -77.605203,39.536161,0.0 -77.620926,39.504713,0.0 -77.621268,39.465062,0.0 -77.657501,39.467455,0.0"
BURKITTSVILLE,21718,39.3926,175,MD,1.06508,-77.6297,173,"-77.636992,39.407637,0.0 -77.641436,39.390888,0.0 -77.639726,39.405928,0.0 -77.636992,39.407637,0.0"
CLEAR SPRING,21722,39.6656,4823,MD,49.96257,-77.9176,4784,"-77.956251,39.722452,0.0 -77.847552,39.72211,0.0 -77.804825,39.661266,0.0 -77.84892,39.657165,0.0 -77.876265,39.615805,0.0 -77.970265,39.607259,0.0 -77.956251,39.722452,0.0"
COOKSVILLE,21723,39.3207,604,MD,2.84108,-77.0086,385,"-76.991296,39.321157,0.0 -77.005994,39.30304,0.0 -77.021034,39.308168,0.0 -77.013856,39.335855,0.0 -76.991296,39.321157,0.0"
EMMITSBURG,21727,39.687,5680,MD,35.10899,-77.3314,5649,"-77.344395,39.645543,0.0 -77.407973,39.682459,0.0 -77.412759,39.720059,0.0 -77.268511,39.720059,0.0 -77.264751,39.720059,0.0 -77.266802,39.65443,0.0 -77.311239,39.63939,0.0 -77.344395,39.645543,0.0"
FAIRPLAY,21733,39.547,4915,MD,8.19525,-77.7626,4904,"-77.771327,39.521463,0.0 -77.812003,39.524881,0.0 -77.766541,39.568975,0.0 -77.705014,39.557354,0.0 -77.771327,39.521463,0.0"
GLENELG,21737,39.2548,1722,MD,4.77675,-77.0182,915,"-77.045645,39.255527,0.0 -76.998474,39.286975,0.0 -76.984801,39.264073,0.0 -77.040518,39.235018,0.0 -77.045645,39.255527,0.0"
GLENWOOD,21738,39.2767,2031,MD,5.73172,-77.0239,2233,"-77.045645,39.255527,0.0 -77.055558,39.266466,0.0 -77.021034,39.308168,0.0 -77.005994,39.30304,0.0 -76.998474,39.286975,0.0 -77.045645,39.255527,0.0"
HAGERSTOWN,21740,39.6356,57524,MD,73.03275,-77.7422,57100,"-77.766541,39.568975,0.0 -77.84892,39.657165,0.0 -77.804825,39.661266,0.0 -77.847552,39.72211,0.0 -77.732701,39.721085,0.0 -77.741247,39.702627,0.0 -77.74193,39.700234,0.0 -77.581959,39.589826,0.0 -77.605203,39.536161,0.0 -77.61033,39.580939,0.0 -77.705014,39.557354,0.0 -77.766541,39.568975,0.0"
HAGERSTOWN,21742,39.6708,23857,MD,49.69115,-77.6553,23634,"-77.544017,39.720059,0.0 -77.659552,39.62811,0.0 -77.581959,39.589826,0.0 -77.74193,39.700234,0.0 -77.741247,39.702627,0.0 -77.732701,39.721085,0.0 -77.724156,39.721427,0.0 -77.544017,39.720059,0.0"
HANCOCK,21750,39.688,3951,MD,60.60769,-78.2158,3968,"-78.333961,39.638706,0.0 -78.342506,39.722452,0.0 -78.113488,39.72211,0.0 -78.031109,39.722452,0.0 -78.098789,39.68075,0.0 -78.333961,39.638706,0.0"
IJAMSVILLE,21754,39.3354,5863,MD,21.66079,-77.3089,5590,"-77.313631,39.286633,0.0 -77.356359,39.283898,0.0 -77.328671,39.39328,0.0 -77.324569,39.39328,0.0 -77.292438,39.38576,0.0 -77.263042,39.310218,0.0 -77.269195,39.307484,0.0 -77.313631,39.286633,0.0"
JEFFERSON,21755,39.3627,6346,MD,36.50203,-77.5634,6138,"-77.530686,39.286633,0.0 -77.539915,39.273986,0.0 -77.543675,39.273644,0.0 -77.566235,39.309193,0.0 -77.647588,39.384051,0.0 -77.641436,39.390888,0.0 -77.636992,39.407637,0.0 -77.506759,39.418233,0.0 -77.521799,39.304066,0.0 -77.530686,39.286633,0.0"
KEEDYSVILLE,21756,39.4573,2716,MD,22.48098,-77.7024,2610,"-77.662628,39.414131,0.0 -77.691341,39.386444,0.0 -77.746716,39.508815,0.0 -77.657501,39.467455,0.0 -77.662628,39.414131,0.0"
KEYMAR,21757,39.5999,2785,MD,37.49752,-77.2568,2795,"-77.217922,39.594612,0.0 -77.239798,39.550175,0.0 -77.313289,39.56795,0.0 -77.311239,39.63939,0.0 -77.266802,39.65443,0.0 -77.184424,39.653063,0.0 -77.217922,39.594612,0.0"
KNOXVILLE,21758,39.349,4056,MD,34.76366,-77.6581,3813,"-77.605203,39.305091,0.0 -77.638701,39.310902,0.0 -77.740563,39.361149,0.0 -77.691341,39.386444,0.0 -77.662628,39.414131,0.0 -77.647588,39.384051,0.0 -77.566235,39.309193,0.0 -77.605203,39.305091,0.0"
LITTLE ORLEANS,21766,39.6526,650,MD,40.78941,-78.3988,650,"-78.458383,39.659557,0.0 -78.38455,39.722794,0.0 -78.380448,39.722794,0.0 -78.342506,39.722452,0.0 -78.333961,39.638706,0.0 -78.333619,39.636656,0.0 -78.431721,39.587775,0.0 -78.495641,39.604183,0.0 -78.458383,39.659557,0.0"
MIDDLETOWN,21769,39.4489,9604,MD,40.1502,-77.5665,9488,"-77.639726,39.405928,0.0 -77.621268,39.465062,0.0 -77.620926,39.504713,0.0 -77.508126,39.487964,0.0 -77.504366,39.423019,0.0 -77.506759,39.418233,0.0 -77.636992,39.407637,0.0 -77.639726,39.405928,0.0"
MONROVIA,21770,39.3536,5747,MD,11.43299,-77.2548,5744,"-77.263042,39.310218,0.0 -77.292438,39.38576,0.0 -77.242875,39.380291,0.0 -77.21758,39.331411,0.0 -77.263042,39.310218,0.0"
MOUNT AIRY,21771,39.3921,26217,MD,81.76792,-77.1562,25267,"-77.070598,39.439426,0.0 -77.105122,39.38952,0.0 -77.062053,39.360808,0.0 -77.140329,39.285266,0.0 -77.173485,39.281847,0.0 -77.21758,39.331411,0.0 -77.242875,39.380291,0.0 -77.250053,39.435324,0.0 -77.248344,39.446604,0.0 -77.178955,39.494459,0.0 -77.087005,39.457884,0.0 -77.070598,39.439426,0.0"
MYERSVILLE,21773,39.5389,4899,MD,35.16096,-77.548,4737,"-77.605203,39.536161,0.0 -77.581959,39.589826,0.0 -77.501973,39.611361,0.0 -77.497872,39.564874,0.0 -77.508126,39.487964,0.0 -77.620926,39.504713,0.0 -77.605203,39.536161,0.0"
NEW MARKET,21774,39.4103,8991,MD,16.22075,-77.2699,8500,"-77.242875,39.380291,0.0 -77.292438,39.38576,0.0 -77.324569,39.39328,0.0 -77.250053,39.435324,0.0 -77.242875,39.380291,0.0"
NEW WINDSOR,21776,39.5146,5482,MD,38.52055,-77.1054,5825,"-77.087005,39.457884,0.0 -77.178955,39.494459,0.0 -77.102387,39.569659,0.0 -77.03334,39.558037,0.0 -77.087005,39.457884,0.0"
POINT OF ROCKS,21777,39.2786,1093,MD,0.4945,-77.5324,1071,"-77.524192,39.275353,0.0 -77.539915,39.273986,0.0 -77.530686,39.286633,0.0 -77.524192,39.275353,0.0"
ROCKY RIDGE,21778,39.6081,986,MD,15.72397,-77.3308,914,"-77.313289,39.56795,0.0 -77.364904,39.577179,0.0 -77.344395,39.645543,0.0 -77.311239,39.63939,0.0 -77.313289,39.56795,0.0"
ROHRERSVILLE,21779,39.4273,948,MD,9.12177,-77.6519,944,"-77.641436,39.390888,0.0 -77.647588,39.384051,0.0 -77.662628,39.414131,0.0 -77.657501,39.467455,0.0 -77.621268,39.465062,0.0 -77.639726,39.405928,0.0 -77.641436,39.390888,0.0"
SABILLASVILLE,21780,39.678,1677,MD,20.65353,-77.4637,1632,"-77.494112,39.63563,0.0 -77.496163,39.682117,0.0 -77.469159,39.720059,0.0 -77.459588,39.720059,0.0 -77.412759,39.720059,0.0 -77.407973,39.682459,0.0 -77.494112,39.63563,0.0"
SHARPSBURG,21782,39.454,3660,MD,29.10657,-77.76,4076,"-77.691341,39.386444,0.0 -77.740563,39.361149,0.0 -77.824309,39.529666,0.0 -77.812003,39.524881,0.0 -77.771327,39.521463,0.0 -77.746716,39.508815,0.0 -77.691341,39.386444,0.0"
SMITHSBURG,21783,39.6484,9869,MD,45.3764,-77.561,9691,"-77.494112,39.63563,0.0 -77.501973,39.611361,0.0 -77.581959,39.589826,0.0 -77.659552,39.62811,0.0 -77.544017,39.720059,0.0 -77.506759,39.720059,0.0 -77.496163,39.682117,0.0 -77.494112,39.63563,0.0"
TANEYTOWN,21787,39.6708,9386,MD,60.45801,-77.1703,9242,"-77.266802,39.65443,0.0 -77.264751,39.720059,0.0 -77.21006,39.720059,0.0 -77.066838,39.720059,0.0 -77.109565,39.626401,0.0 -77.217922,39.594612,0.0 -77.184424,39.653063,0.0 -77.266802,39.65443,0.0"
THURMONT,21788,39.5972,10935,MD,64.93326,-77.4171,10611,"-77.497872,39.564874,0.0 -77.501973,39.611361,0.0 -77.494112,39.63563,0.0 -77.407973,39.682459,0.0 -77.344395,39.645543,0.0 -77.364904,39.577179,0.0 -77.35465,39.525564,0.0 -77.37721,39.507106,0.0 -77.41857,39.524197,0.0 -77.497872,39.564874,0.0"
TUSCARORA,21790,39.263,90,MD,3.16786,-77.5003,99,"-77.543675,39.273644,0.0 -77.539915,39.273986,0.0 -77.524192,39.275353,0.0 -77.470526,39.256895,0.0 -77.475653,39.243564,0.0 -77.543675,39.273644,0.0"
UNION BRIDGE,21791,39.5359,4922,MD,43.59672,-77.1887,5033,"-77.240482,39.485913,0.0 -77.239798,39.550175,0.0 -77.217922,39.594612,0.0 -77.109565,39.626401,0.0 -77.102387,39.569659,0.0 -77.178955,39.494459,0.0 -77.248344,39.446604,0.0 -77.240482,39.485913,0.0"
WALKERSVILLE,21793,39.4885,9540,MD,22.40702,-77.3417,9357,"-77.37721,39.507106,0.0 -77.35465,39.525564,0.0 -77.291755,39.51907,0.0 -77.318759,39.453782,0.0 -77.392591,39.465404,0.0 -77.37721,39.507106,0.0"
WEST FRIENDSHIP,21794,39.2969,1578,MD,8.40818,-76.9739,1876,"-77.005994,39.30304,0.0 -76.991296,39.321157,0.0 -76.95267,39.308851,0.0 -76.935921,39.3068,0.0 -76.984801,39.264073,0.0 -76.998474,39.286975,0.0 -77.005994,39.30304,0.0"
WILLIAMSPORT,21795,39.589,8024,MD,33.88985,-77.8283,7985,"-77.876265,39.615805,0.0 -77.84892,39.657165,0.0 -77.766541,39.568975,0.0 -77.812003,39.524881,0.0 -77.824309,39.529666,0.0 -77.864643,39.518386,0.0 -77.827727,39.601448,0.0 -77.876265,39.615805,0.0"
WOODSBORO,21798,39.5341,2074,MD,16.35847,-77.2975,2047,"-77.35465,39.525564,0.0 -77.364904,39.577179,0.0 -77.313289,39.56795,0.0 -77.239798,39.550175,0.0 -77.240482,39.485913,0.0 -77.291755,39.51907,0.0 -77.35465,39.525564,0.0"
SALISBURY,21801,38.3793,28123,MD,43.56712,-75.6374,27263,"-75.564544,38.423198,0.0 -75.614108,38.32954,0.0 -75.6353,38.318602,0.0 -75.711868,38.341162,0.0 -75.714602,38.354835,0.0 -75.647948,38.383206,0.0 -75.662988,38.458748,0.0 -75.630515,38.458064,0.0 -75.564544,38.423198,0.0"
BISHOPVILLE,21813,38.4279,2325,MD,24.26561,-75.1761,2293,"-75.252805,38.451228,0.0 -75.089757,38.451228,0.0 -75.133168,38.447809,0.0 -75.102063,38.388675,0.0 -75.196405,38.402347,0.0 -75.238107,38.411918,0.0 -75.252805,38.451228,0.0"
BIVALVE,21814,38.2955,324,MD,2.786,-75.8893,434,"-75.880726,38.287496,0.0 -75.90397,38.281002,0.0 -75.892348,38.31074,0.0 -75.880726,38.287496,0.0"
CRISFIELD,21817,37.9878,5390,MD,19.63712,-75.8435,5419,"-75.82125,38.024979,0.0 -75.814072,37.968921,0.0 -75.847912,37.923459,0.0 -75.851672,38.004128,0.0 -75.898843,37.97439,0.0 -75.82125,38.024979,0.0"
DEAL ISLAND,21821,38.1663,1121,MD,18.83562,-75.9037,1135,"-75.864661,38.197256,0.0 -75.856115,38.169911,0.0 -75.952166,38.175721,0.0 -75.864661,38.197256,0.0"
EDEN,21822,38.2751,2178,MD,44.38095,-75.6518,2554,"-75.552922,38.273823,0.0 -75.576507,38.220158,0.0 -75.760748,38.285787,0.0 -75.759381,38.310056,0.0 -75.711868,38.341162,0.0 -75.6353,38.318602,0.0 -75.61274,38.306638,0.0 -75.552922,38.273823,0.0"
FRUITLAND,21826,38.3183,3830,MD,4.04312,-75.6236,3631,"-75.6353,38.318602,0.0 -75.614108,38.32954,0.0 -75.61274,38.306638,0.0 -75.6353,38.318602,0.0"
GIRDLETREE,21829,38.0937,345,MD,14.63853,-75.3834,347,"-75.355351,38.063947,0.0 -75.430551,38.067365,0.0 -75.416194,38.108383,0.0 -75.334158,38.106332,0.0 -75.355351,38.063947,0.0"
LINKWOOD,21835,38.5385,545,MD,5.03856,-75.942,410,"-75.898501,38.540784,0.0 -75.950457,38.51754,0.0 -75.963788,38.552406,0.0 -75.917985,38.559242,0.0 -75.898501,38.540784,0.0"
MARDELA SPRINGS,21837,38.4635,3267,MD,51.05293,-75.7611,3232,"-75.695802,38.486093,0.0 -75.699562,38.459431,0.0 -75.833897,38.391067,0.0 -75.82125,38.4837,0.0 -75.754253,38.525744,0.0 -75.701613,38.56061,0.0 -75.701613,38.559584,0.0 -75.698879,38.521984,0.0 -75.695802,38.486093,0.0"
MARION STATION,21838,38.0164,1945,MD,57.48814,-75.7325,1962,"-75.756304,38.086507,0.0 -75.644871,38.019852,0.0 -75.624362,37.994216,0.0 -75.814072,37.968921,0.0 -75.82125,38.024979,0.0 -75.756304,38.086507,0.0"
NANTICOKE,21840,38.2609,454,MD,6.3344,-75.8907,408,"-75.90397,38.281002,0.0 -75.880726,38.287496,0.0 -75.874574,38.255707,0.0 -75.90397,38.281002,0.0"
NEWARK,21841,38.2529,775,MD,32.4359,-75.2992,721,"-75.255881,38.207511,0.0 -75.361503,38.263227,0.0 -75.251096,38.293991,0.0 -75.224776,38.242034,0.0 -75.255881,38.207511,0.0"
OCEAN CITY,21842,38.3701,10513,MD,9.2373,-75.0934,10138,"-75.064805,38.451228,0.0 -75.049081,38.451228,0.0 -75.085314,38.324071,0.0 -75.064805,38.451228,0.0"
PARSONSBURG,21849,38.3861,3003,MD,27.81886,-75.4682,2952,"-75.418587,38.452595,0.0 -75.438071,38.307664,0.0 -75.544035,38.398587,0.0 -75.506776,38.414311,0.0 -75.443882,38.452937,0.0 -75.428842,38.452595,0.0 -75.418587,38.452595,0.0"
PITTSVILLE,21850,38.3535,2553,MD,34.11775,-75.4022,2504,"-75.360478,38.298434,0.0 -75.449693,38.286471,0.0 -75.438071,38.307664,0.0 -75.418587,38.452595,0.0 -75.393634,38.452253,0.0 -75.338602,38.32578,0.0 -75.360478,38.298434,0.0"
POCOMOKE CITY,21851,38.0785,7325,MD,113.47761,-75.5414,7319,"-75.430551,38.067365,0.0 -75.459605,38.008572,0.0 -75.622995,37.994216,0.0 -75.624362,37.994216,0.0 -75.644871,38.019852,0.0 -75.670508,38.107016,0.0 -75.610689,38.089583,0.0 -75.588471,38.148718,0.0 -75.546769,38.181532,0.0 -75.416194,38.108383,0.0 -75.430551,38.067365,0.0"
PRINCESS ANNE,21853,38.2048,11809,MD,107.49262,-75.7179,11841,"-75.588471,38.148718,0.0 -75.754595,38.155212,0.0 -75.856115,38.169911,0.0 -75.864661,38.197256,0.0 -75.760748,38.285787,0.0 -75.576507,38.220158,0.0 -75.546769,38.181532,0.0 -75.588471,38.148718,0.0"
QUANTICO,21856,38.3361,783,MD,33.89465,-75.7929,816,"-75.799373,38.262885,0.0 -75.779548,38.312791,0.0 -75.881752,38.32954,0.0 -75.841075,38.380129,0.0 -75.714602,38.354835,0.0 -75.711868,38.341162,0.0 -75.759381,38.310056,0.0 -75.799373,38.262885,0.0"
SNOW HILL,21863,38.2007,5383,MD,139.73638,-75.4125,5380,"-75.546769,38.181532,0.0 -75.576507,38.220158,0.0 -75.552922,38.273823,0.0 -75.449693,38.286471,0.0 -75.360478,38.298434,0.0 -75.361503,38.263227,0.0 -75.255881,38.207511,0.0 -75.334158,38.106332,0.0 -75.416194,38.108383,0.0 -75.546769,38.181532,0.0"
STOCKTON,21864,38.0399,650,MD,17.93647,-75.4095,654,"-75.430551,38.067365,0.0 -75.355351,38.063947,0.0 -75.377569,38.015067,0.0 -75.438413,38.009939,0.0 -75.459605,38.008572,0.0 -75.430551,38.067365,0.0"
TYASKIN,21865,38.288,569,MD,18.44013,-75.8364,455,"-75.880726,38.287496,0.0 -75.892348,38.31074,0.0 -75.881752,38.32954,0.0 -75.779548,38.312791,0.0 -75.799373,38.262885,0.0 -75.874574,38.255707,0.0 -75.880726,38.287496,0.0"
VIENNA,21869,38.4291,1029,MD,116.52662,-75.9046,1038,"-75.950457,38.51754,0.0 -75.898501,38.540784,0.0 -75.754253,38.525744,0.0 -75.82125,38.4837,0.0 -75.952166,38.236565,0.0 -76.018138,38.309714,0.0 -75.947723,38.34834,0.0 -76.010959,38.375686,0.0 -75.902261,38.432769,0.0 -76.008908,38.471395,0.0 -75.950457,38.51754,0.0"
WESTOVER,21871,38.1082,2215,MD,69.97365,-75.7178,2224,"-75.644871,38.019852,0.0 -75.756304,38.086507,0.0 -75.880385,38.075569,0.0 -75.754595,38.155212,0.0 -75.588471,38.148718,0.0 -75.610689,38.089583,0.0 -75.670508,38.107016,0.0 -75.644871,38.019852,0.0"
WHALEYVILLE,21872,38.4223,512,MD,15.73905,-75.2967,508,"-75.316041,38.369191,0.0 -75.341336,38.451911,0.0 -75.339969,38.451911,0.0 -75.252805,38.451228,0.0 -75.238107,38.411918,0.0 -75.316041,38.369191,0.0"
WILLARDS,21874,38.3944,2416,MD,28.21334,-75.3557,2369,"-75.338602,38.32578,0.0 -75.393634,38.452253,0.0 -75.341336,38.451911,0.0 -75.316041,38.369191,0.0 -75.338602,38.32578,0.0"
DELMAR,21875,38.4411,5219,MD,21.80686,-75.5416,5114," -75.695802,38.486093,0.0 -75.691017,38.460115,0.0 -75.699562,38.459431,0.0 -75.695802,38.486093,0.0 -75.564544,38.423198,0.0 -75.630515,38.458064,0.0 -75.443882,38.452937,0.0 -75.506776,38.414311,0.0 -75.564544,38.423198,0.0"
NORTH EAST,21901,39.5893,12818,MD,45.35965,-75.9553,12544,"-75.992159,39.57547,0.0 -76.013352,39.584357,0.0 -75.992843,39.620932,0.0 -75.998996,39.691688,0.0 -75.931657,39.700234,0.0 -75.955585,39.648961,0.0 -75.88517,39.568634,0.0 -75.930974,39.515652,0.0 -76.012327,39.453099,0.0 -75.967548,39.576154,0.0 -75.992159,39.57547,0.0"
PERRYVILLE,21903,39.5713,5458,MD,15.0527,-76.0457,5322,"-76.105985,39.580597,0.0 -76.013352,39.584357,0.0 -75.992159,39.57547,0.0 -75.987032,39.565899,0.0 -76.075905,39.543339,0.0 -76.105985,39.580597,0.0"
PORT DEPOSIT,21904,39.621,6604,MD,30.0647,-76.0696,6466,"-76.013352,39.584357,0.0 -76.105985,39.580597,0.0 -76.144269,39.617514,0.0 -76.163411,39.651012,0.0 -76.107352,39.639732,0.0 -76.066676,39.669812,0.0 -75.992843,39.620932,0.0 -76.013352,39.584357,0.0"
RISING SUN,21911,39.6895,8899,MD,37.48336,-76.0374,8655,"-76.066676,39.669812,0.0 -76.138116,39.686219,0.0 -76.154523,39.721427,0.0 -76.135723,39.721768,0.0 -75.962079,39.721768,0.0 -75.937126,39.721768,0.0 -75.931657,39.700234,0.0 -75.998996,39.691688,0.0 -75.992843,39.620932,0.0 -76.066676,39.669812,0.0"
WARWICK,21912,39.423,1059,MD,30.1988,-75.8125,1031,"-75.77613,39.494459,0.0 -75.767926,39.39328,0.0 -75.766559,39.377215,0.0 -75.810312,39.379266,0.0 -75.872181,39.398066,0.0 -75.85885,39.403535,0.0 -75.86261,39.45515,0.0 -75.865686,39.461644,0.0 -75.77613,39.494459,0.0"
CHARLESTOWN,21914,39.5737,731,MD,0.63916,-75.9803,716,"-75.992159,39.57547,0.0 -75.967548,39.576154,0.0 -75.987032,39.565899,0.0 -75.992159,39.57547,0.0"
CHESAPEAKE CITY,21915,39.5004,3170,MD,26.09831,-75.8385,3081,"-75.881068,39.520779,0.0 -75.779548,39.536161,0.0 -75.779548,39.535477,0.0 -75.77613,39.494459,0.0 -75.865686,39.461644,0.0 -75.925163,39.486939,0.0 -75.881068,39.520779,0.0"
COLORA,21917,39.669,2679,MD,8.82209,-76.0976,2626,"-76.107352,39.639732,0.0 -76.138116,39.686219,0.0 -76.066676,39.669812,0.0 -76.107352,39.639732,0.0"
CONOWINGO,21918,39.6848,4012,MD,19.40632,-76.1694,3894,"-76.224938,39.70331,0.0 -76.233142,39.721427,0.0 -76.224254,39.721427,0.0 -76.154523,39.721427,0.0 -76.138116,39.686219,0.0 -76.107352,39.639732,0.0 -76.163411,39.651012,0.0 -76.224938,39.70331,0.0"
EARLEVILLE,21919,39.4183,2760,MD,48.9777,-75.9269,2679,"-75.86261,39.45515,0.0 -75.85885,39.403535,0.0 -75.872181,39.398066,0.0 -75.810312,39.379266,0.0 -75.882435,39.364226,0.0 -76.040356,39.398066,0.0 -75.948748,39.472582,0.0 -75.86261,39.45515,0.0"
HEBRON,21830,38.3991,3008,MD,33.46942,-75.728,2935,"-75.833897,38.391067,0.0 -75.699562,38.459431,0.0 -75.691017,38.460115,0.0 -75.662988,38.458748,0.0 -75.647948,38.383206,0.0 -75.714602,38.354835,0.0 -75.841075,38.380129,0.0 -75.833897,38.391067,0.0"
ROCKVILLE,20853,39.1024,26432,MD,8.985,-77.0949,26298,"-77.122554,39.092822,0.0 -77.124947,39.101709,0.0 -77.102387,39.151273,0.0 -77.072991,39.123927,0.0 -77.091791,39.061374,0.0 -77.107856,39.071287,0.0 -77.122554,39.092822,0.0"
LEONARDTOWN,20650,38.2744,12459,MD,64.68224,-76.6302,11292,"-76.515142,38.211271,0.0 -76.536335,38.177431,0.0 -76.548299,38.176747,0.0 -76.686394,38.233489,0.0 -76.636146,38.286813,0.0 -76.71955,38.233147,0.0 -76.72707,38.312107,0.0 -76.709637,38.355518,0.0 -76.654604,38.353809,0.0 -76.661783,38.349365,0.0 -76.664859,38.344238,0.0 -76.577011,38.29946,0.0 -76.5336,38.252289,0.0 -76.515142,38.211271,0.0"
CLARKSVILLE,21029,39.2067,7707,MD,17.11841,-76.9499,7892,"-76.915412,39.230575,0.0 -76.894219,39.177251,0.0 -76.894219,39.155033,0.0 -76.9431,39.203571,0.0 -76.99574,39.181353,0.0 -77.005311,39.192975,0.0 -77.011463,39.207673,0.0 -76.976598,39.242196,0.0 -76.915412,39.230575,0.0"
WOODBINE,21797,39.3367,8409,MD,43.11106,-77.0692,8052,"-77.055558,39.266466,0.0 -77.114693,39.26544,0.0 -77.140329,39.285266,0.0 -77.062053,39.360808,0.0 -77.105122,39.38952,0.0 -77.070598,39.439426,0.0 -77.054532,39.436691,0.0 -77.013856,39.335855,0.0 -77.021034,39.308168,0.0 -77.055558,39.266466,0.0"
BETHESDA,20814,39.0046,25916,MD,5.12396,-77.1021,25539,"-77.079143,39.007025,0.0 -77.105805,38.976945,0.0 -77.126314,39.030611,0.0 -77.095893,39.028901,0.0 -77.079143,39.007025,0.0"
TOWSON,21286,39.4147,19177,MD,9.72379,-76.5733,19179,"-76.600255,39.413106,0.0 -76.557186,39.448313,0.0 -76.554451,39.447971,0.0 -76.537702,39.422335,0.0 -76.579062,39.382,0.0 -76.604357,39.384051,0.0 -76.607092,39.384051,0.0 -76.600255,39.413106,0.0"
HYATTSVILLE,20783,39.0017,47892,MD,6.35485,-76.9674,45838,"-77.002576,38.965665,0.0 -76.989929,38.991301,0.0 -76.965318,39.027192,0.0 -76.951645,39.045651,0.0 -76.94139,39.029585,0.0 -76.955405,38.98549,0.0 -76.997107,38.961563,0.0 -77.002576,38.965665,0.0"
CASCADE,21719,39.7042,1538,MD,4.58012,-77.5013,1566,"-77.496163,39.682117,0.0 -77.506759,39.720059,0.0 -77.481806,39.720059,0.0 -77.469159,39.720059,0.0 -77.496163,39.682117,0.0"
LEXINGTON PARK,20653,38.2296,18683,MD,33.45418,-76.4323,18959,"-76.353462,38.178114,0.0 -76.378415,38.166151,0.0 -76.409862,38.173329,0.0 -76.447804,38.208194,0.0 -76.460109,38.213322,0.0 -76.478909,38.2205,0.0 -76.482328,38.282369,0.0 -76.48848,38.3145,0.0 -76.46216,38.296384,0.0 -76.399266,38.263911,0.0 -76.353462,38.178114,0.0"
GAITHERSBURG,20878,39.1129,58249,MD,21.98958,-77.2493,54920,"-77.246293,39.071629,0.0 -77.292097,39.076072,0.0 -77.232278,39.160844,0.0 -77.216896,39.14888,0.0 -77.187842,39.110938,0.0 -77.246293,39.071629,0.0"
SYKESVILLE,21784,39.4024,35572,MD,61.74456,-76.9709,35009,"-77.013856,39.335855,0.0 -77.054532,39.436691,0.0 -76.93934,39.468139,0.0 -76.887383,39.440451,0.0 -76.885674,39.396699,0.0 -76.95267,39.308851,0.0 -76.991296,39.321157,0.0 -77.013856,39.335855,0.0"
ELKRIDGE,21075,39.2028,19975,MD,13.59714,-76.7528,20512,"-76.797485,39.183745,0.0 -76.794408,39.197076,0.0 -76.746212,39.238436,0.0 -76.722968,39.227156,0.0 -76.697674,39.213826,0.0 -76.767063,39.162553,0.0 -76.790648,39.177593,0.0 -76.797485,39.183745,0.0"
HYATTSVILLE,20782,38.9645,29653,MD,4.29449,-76.9648,29381,"-76.962241,38.953701,0.0 -76.977623,38.946181,0.0 -76.987878,38.954385,0.0 -76.997107,38.961563,0.0 -76.955405,38.98549,0.0 -76.937972,38.97216,0.0 -76.942416,38.965665,0.0 -76.95643,38.949258,0.0 -76.962241,38.953701,0.0"
ANNAPOLIS,21401,39.0038,52604,MD,35.53299,-76.5115,51791," -76.460451,38.997454,0.0 -76.484379,38.99472,0.0 -76.507622,39.020356,0.0 -76.465578,39.0436,0.0 -76.39448,39.011811,0.0 -76.460451,38.997454,0.0 -76.604699,38.981047,0.0 -76.608801,38.986174,0.0 -76.632044,39.029243,0.0 -76.566415,39.030611,0.0 -76.497026,38.991985,0.0 -76.497026,38.98344,0.0 -76.493608,38.984807,0.0 -76.484379,38.976945,0.0 -76.505913,38.97045,0.0 -76.525055,38.957803,0.0 -76.535651,38.967374,0.0 -76.557186,38.964298,0.0 -76.604699,38.981047,0.0"
SILVER SPRING,20902,39.0438,44986,MD,7.56648,-77.042,43643,"-77.032998,39.016254,0.0 -77.060002,39.024458,0.0 -77.083245,39.043258,0.0 -77.029238,39.066502,0.0 -77.010096,39.054538,0.0 -77.032998,39.016254,0.0"
REISTERSTOWN,21136,39.4843,30620,MD,54.8333,-76.8142,31523,"-76.885674,39.396699,0.0 -76.887383,39.440451,0.0 -76.875078,39.521121,0.0 -76.747921,39.562481,0.0 -76.728095,39.535477,0.0 -76.793725,39.48523,0.0 -76.708612,39.495826,0.0 -76.70827,39.463353,0.0 -76.713739,39.461302,0.0 -76.883623,39.396699,0.0 -76.885674,39.396699,0.0"
BALTIMORE,21230,39.2676,32348,MD,6.12071,-76.6274,32993,"-76.62555,39.255869,0.0 -76.629652,39.242196,0.0 -76.664517,39.266807,0.0 -76.632044,39.285949,0.0 -76.614612,39.282189,0.0 -76.606066,39.281506,0.0 -76.62555,39.255869,0.0"
CALIFORNIA,20619,38.2885,6533,MD,17.86863,-76.5312,6429,"-76.5336,38.252289,0.0 -76.577011,38.29946,0.0 -76.511724,38.322704,0.0 -76.48848,38.3145,0.0 -76.482328,38.282369,0.0 -76.500786,38.237591,0.0 -76.5336,38.252289,0.0"
GWYNN OAK,21207,39.3242,48725,MD,10.3995,-76.7203,49419,"-76.743135,39.299622,0.0 -76.746554,39.359782,0.0 -76.717841,39.356364,0.0 -76.682634,39.327309,0.0 -76.686394,39.305433,0.0 -76.725019,39.289709,0.0 -76.743135,39.299622,0.0"
BALTIMORE,21217,39.3069,41582,MD,2.14766,-76.639,42684,"-76.632386,39.29552,0.0 -76.652212,39.294837,0.0 -76.656313,39.316029,0.0 -76.652553,39.318422,0.0 -76.623157,39.310902,0.0 -76.632386,39.29552,0.0"
BALTIMORE,21212,39.3672,34343,MD,4.69525,-76.6147,35740,"-76.639564,39.37995,0.0 -76.643324,39.383026,0.0 -76.624182,39.38747,0.0 -76.610852,39.383368,0.0 -76.607092,39.384051,0.0 -76.604357,39.384051,0.0 -76.599913,39.342691,0.0 -76.622132,39.345426,0.0 -76.639564,39.37995,0.0"
STREET,21154,39.652,6053,MD,39.4042,-76.3488,6032,"-76.398582,39.617514,0.0 -76.490531,39.654088,0.0 -76.493266,39.680408,0.0 -76.33056,39.684852,0.0 -76.280654,39.680067,0.0 -76.259804,39.601448,0.0 -76.319622,39.614437,0.0 -76.398582,39.617514,0.0"
CROWNSVILLE,21032,39.0331,8033,MD,17.11136,-76.607,8188,"-76.566415,39.030611,0.0 -76.632044,39.029243,0.0 -76.608801,38.986174,0.0 -76.624866,38.988567,0.0 -76.649819,39.040523,0.0 -76.607092,39.075389,0.0 -76.566415,39.030611,0.0"
AVENUE,20609,38.2763,823,MD,8.77239,-76.7482,820,"-76.760226,38.236565,0.0 -76.776634,38.249554,0.0 -76.784837,38.259809,0.0 -76.759201,38.296042,0.0 -76.739375,38.309373,0.0 -76.728437,38.295016,0.0 -76.747237,38.262202,0.0 -76.756466,38.242376,0.0 -76.760226,38.236565,0.0"
PIKESVILLE,21208,39.3852,32538,MD,13.32737,-76.7226,32192,"-76.746554,39.359782,0.0 -76.765354,39.367644,0.0 -76.77971,39.38952,0.0 -76.71579,39.416524,0.0 -76.667252,39.400117,0.0 -76.665884,39.397382,0.0 -76.700066,39.37072,0.0 -76.717841,39.356364,0.0 -76.746554,39.359782,0.0"
GERMANTOWN,20874,39.1392,50981,MD,20.77764,-77.2931,47052,"-77.232278,39.160844,0.0 -77.292097,39.076072,0.0 -77.326279,39.075047,0.0 -77.335166,39.128029,0.0 -77.267828,39.201862,0.0 -77.239115,39.164945,0.0 -77.232278,39.160844,0.0"
JARRETTSVILLE,21084,39.6185,7032,MD,26.17542,-76.4624,6993,"-76.476517,39.565557,0.0 -76.508648,39.590168,0.0 -76.516168,39.613412,0.0 -76.490531,39.654088,0.0 -76.398582,39.617514,0.0 -76.476517,39.565557,0.0"
ELKTON,21921,39.6288,39621,MD,96.69223,-75.8581,38363,"-75.931657,39.700234,0.0 -75.937126,39.721768,0.0 -75.874574,39.72211,0.0 -75.841759,39.721768,0.0 -75.788435,39.721768,0.0 -75.788435,39.65443,0.0 -75.787752,39.639048,0.0 -75.77989,39.540604,0.0 -75.779548,39.536161,0.0 -75.881068,39.520779,0.0 -75.840734,39.580255,0.0 -75.930974,39.515652,0.0 -75.88517,39.568634,0.0 -75.955585,39.648961,0.0 -75.931657,39.700234,0.0"
BERLIN,21811,38.3294,20532,MD,102.99613,-75.2226,19650,"-75.361503,38.263227,0.0 -75.360478,38.298434,0.0 -75.338602,38.32578,0.0 -75.316041,38.369191,0.0 -75.238107,38.411918,0.0 -75.196405,38.402347,0.0 -75.129067,38.341504,0.0 -75.10343,38.323387,0.0 -75.190936,38.207511,0.0 -75.224776,38.242034,0.0 -75.251096,38.293991,0.0 -75.361503,38.263227,0.0"
ELLICOTT CITY,21043,39.2571,34831,MD,17.95256,-76.7957,32140,"-76.794408,39.197076,0.0 -76.837136,39.240146,0.0 -76.814917,39.311928,0.0 -76.796117,39.304749,0.0 -76.746212,39.238436,0.0 -76.794408,39.197076,0.0"
SALISBURY,21804,38.3321,31468,MD,59.30295,-75.5373,31255,"-75.438071,38.307664,0.0 -75.449693,38.286471,0.0 -75.552922,38.273823,0.0 -75.61274,38.306638,0.0 -75.614108,38.32954,0.0 -75.564544,38.423198,0.0 -75.506776,38.414311,0.0 -75.544035,38.398587,0.0 -75.438071,38.307664,0.0"
BOWIE,20715,38.986,25238,MD,13.85659,-76.7391,25214,"-76.701775,38.973869,0.0 -76.693914,38.955752,0.0 -76.750655,38.950625,0.0 -76.750997,39.035054,0.0 -76.706219,38.990276,0.0 -76.705535,38.988909,0.0 -76.701775,38.973869,0.0"
LAUREL,20707,39.0954,25815,MD,11.58271,-76.8852,26057,"-76.835427,39.096923,0.0 -76.878496,39.066843,0.0 -76.930452,39.074363,0.0 -76.887725,39.131789,0.0 -76.840212,39.103076,0.0 -76.835427,39.096923,0.0"
OWINGS MILLS,21117,39.4252,41426,MD,28.32815,-76.7739,40422,"-76.71579,39.416524,0.0 -76.77971,39.38952,0.0 -76.863456,39.395673,0.0 -76.883623,39.396699,0.0 -76.713739,39.461302,0.0 -76.71579,39.416524,0.0"
DEALE,20751,38.7942,2182,MD,4.81734,-76.5627,2121,"-76.564022,38.778006,0.0 -76.587266,38.788603,0.0 -76.578379,38.817999,0.0 -76.552401,38.814581,0.0 -76.538728,38.787236,0.0 -76.564022,38.778006,0.0"
