AMENIA,58004,47.0225,278,ND,54.09981,-97.2594,279,"-97.3668,46.978287,0.0 -97.3668,47.05032,0.0 -97.303565,47.064617,0.0 -97.133105,47.04977,0.0 -97.133655,47.020627,0.0 -97.219984,46.977737,0.0 -97.3668,46.978287,0.0"
ARGUSVILLE,58005,47.0551,546,ND,93.8734,-96.9483,548,"-96.836725,46.976637,0.0 -97.06987,47.00633,0.0 -97.133655,47.020627,0.0 -97.133105,47.04977,0.0 -97.06932,47.079463,0.0 -96.831226,47.141598,0.0 -96.821879,47.064067,0.0 -96.820229,46.976637,0.0 -96.836725,46.976637,0.0"
ARTHUR,58006,47.0987,507,ND,54.33675,-97.1982,506,"-97.133105,47.04977,0.0 -97.303565,47.064617,0.0 -97.303565,47.137199,0.0 -97.090765,47.137199,0.0 -97.06932,47.079463,0.0 -97.133105,47.04977,0.0"
AYR,58007,47.023,156,ND,51.94028,-97.4597,142,"-97.430035,46.962891,0.0 -97.557605,47.05032,0.0 -97.472375,47.079463,0.0 -97.3668,47.05032,0.0 -97.3668,46.978287,0.0 -97.430035,46.962891,0.0"
BARNEY,58008,46.3026,290,ND,61.35803,-97.0037,293,"-96.948899,46.210119,0.0 -97.011034,46.196372,0.0 -97.050624,46.398724,0.0 -96.988489,46.398724,0.0 -96.925254,46.325591,0.0 -96.948899,46.210119,0.0"
BLANCHARD,58009,47.3675,89,ND,36.10109,-97.2824,90,"-97.218885,47.411035,0.0 -97.217785,47.324155,0.0 -97.346455,47.324155,0.0 -97.346455,47.411035,0.0 -97.218885,47.411035,0.0"
BUFFALO,58011,46.9268,420,ND,112.42363,-97.5386,429,"-97.597745,46.803978,0.0 -97.642285,47.05087,0.0 -97.557605,47.05032,0.0 -97.430035,46.962891,0.0 -97.472375,46.832572,0.0 -97.597745,46.803978,0.0"
CASSELTON,58012,46.9409,2084,ND,64.60626,-97.149,2038,"-97.263424,46.878211,0.0 -97.219984,46.977737,0.0 -97.133655,47.020627,0.0 -97.06987,47.00633,0.0 -97.073169,46.949144,0.0 -97.263424,46.878211,0.0"
CAYUGA,58013,46.0704,208,ND,84.63736,-97.3486,212,"-97.259575,46.195272,0.0 -97.374498,46.021513,0.0 -97.312363,45.935184,0.0 -97.395943,45.935184,0.0 -97.416838,46.022063,0.0 -97.426186,46.108943,0.0 -97.259575,46.195272,0.0"
CHRISTINE,58015,46.5741,375,ND,31.36026,-96.8006,374,"-96.798234,46.630219,0.0 -96.782838,46.630219,0.0 -96.712454,46.45646,0.0 -96.742697,46.470757,0.0 -96.757544,46.49935,0.0 -96.866418,46.630219,0.0 -96.798234,46.630219,0.0"
CLIFFORD,58016,47.3678,107,ND,35.93478,-97.4104,108,"-97.346455,47.324155,0.0 -97.45203,47.324705,0.0 -97.474024,47.411585,0.0 -97.346455,47.411035,0.0 -97.346455,47.324155,0.0"
COGSWELL,58017,46.0542,482,ND,216.79591,-97.8472,488,"-97.674727,46.167779,0.0 -97.717067,45.935184,0.0 -97.978805,45.935733,0.0 -98.007948,45.936283,0.0 -97.882578,46.196372,0.0 -97.778103,46.196372,0.0 -97.674727,46.167779,0.0"
COLFAX,58018,46.431,380,ND,78.34206,-96.8883,380,"-96.862019,46.326141,0.0 -96.925254,46.325591,0.0 -96.988489,46.398724,0.0 -96.757544,46.49935,0.0 -96.742697,46.470757,0.0 -96.862019,46.441614,0.0 -96.862019,46.326141,0.0"
DAVENPORT,58021,46.7338,462,ND,65.61989,-97.082,450,"-96.926354,46.702802,0.0 -97.178194,46.673109,0.0 -97.179294,46.745692,0.0 -96.989589,46.790232,0.0 -96.926354,46.702802,0.0"
ENDERLIN,58027,46.6304,1449,ND,169.22489,-97.6155,1449,"-97.40914,46.629669,0.0 -97.532311,46.629669,0.0 -97.552656,46.514747,0.0 -97.784151,46.54389,0.0 -97.737412,46.717099,0.0 -97.430035,46.716549,0.0 -97.40914,46.629669,0.0"
ERIE,58029,47.1145,163,ND,57.15623,-97.3878,163,"-97.303565,47.064617,0.0 -97.3668,47.05032,0.0 -97.472375,47.079463,0.0 -97.45093,47.181189,0.0 -97.345355,47.180639,0.0 -97.303565,47.137199,0.0 -97.303565,47.064617,0.0"
FAIRMOUNT,58030,46.0258,740,ND,123.60985,-96.674,748,"-96.568388,46.123239,0.0 -96.576637,46.022063,0.0 -96.56344,45.935184,0.0 -96.763592,45.935733,0.0 -96.762493,46.109492,0.0 -96.568388,46.123239,0.0"
FINGAL,58031,46.7619,496,ND,156.04354,-97.6619,502,"-97.737412,46.717099,0.0 -97.891926,46.717649,0.0 -97.981554,46.731945,0.0 -97.807796,46.818825,0.0 -97.723665,46.833121,0.0 -97.597745,46.803978,0.0 -97.472375,46.832572,0.0 -97.388245,46.730846,0.0 -97.430035,46.716549,0.0 -97.737412,46.717099,0.0"
FORMAN,58032,46.0725,749,ND,110.33557,-97.6406,756,"-97.674727,46.167779,0.0 -97.570252,46.196372,0.0 -97.529011,46.152932,0.0 -97.573551,46.022613,0.0 -97.634037,45.935184,0.0 -97.717067,45.935184,0.0 -97.674727,46.167779,0.0"
FORT RANSOM,58033,46.4392,470,ND,163.26819,-97.9268,470,"-97.951312,46.282701,0.0 -98.034342,46.485604,0.0 -98.033792,46.58678,0.0 -97.893025,46.577432,0.0 -97.857834,46.54334,0.0 -97.805046,46.311295,0.0 -97.923818,46.282701,0.0 -97.951312,46.282701,0.0"
GALESBURG,58035,47.2622,374,ND,99.60315,-97.3485,377,"-97.45093,47.181189,0.0 -97.515265,47.238925,0.0 -97.45203,47.324705,0.0 -97.346455,47.324155,0.0 -97.217785,47.324155,0.0 -97.19689,47.238925,0.0 -97.345355,47.180639,0.0 -97.45093,47.181189,0.0"
GARDNER,58036,47.1476,346,ND,77.65175,-96.9637,348,"-97.090765,47.137199,0.0 -97.091315,47.152046,0.0 -96.842224,47.232327,0.0 -96.840024,47.150396,0.0 -96.831226,47.141598,0.0 -97.06932,47.079463,0.0 -97.090765,47.137199,0.0"
GRANDIN,58038,47.2111,250,ND,36.52559,-96.9971,252,"-97.091315,47.152046,0.0 -97.091315,47.238925,0.0 -96.832876,47.237826,0.0 -96.842224,47.232327,0.0 -97.091315,47.152046,0.0"
GWINNER,58040,46.2229,881,ND,71.35247,-97.7688,888," -97.923818,46.282701,0.0 -97.903473,46.196372,0.0 -98.006299,46.282701,0.0 -97.951312,46.282701,0.0 -97.923818,46.282701,0.0 -97.674727,46.167779,0.0 -97.778103,46.196372,0.0 -97.715967,46.254658,0.0 -97.570252,46.196372,0.0 -97.674727,46.167779,0.0"
HANKINSON,58041,46.0463,1743,ND,194.19881,-96.9076,1761,"-96.763592,45.935733,0.0 -96.852121,45.935733,0.0 -96.977492,45.935733,0.0 -97.061072,45.935733,0.0 -97.010484,46.152932,0.0 -96.886213,46.196372,0.0 -96.844973,46.225515,0.0 -96.782288,46.181525,0.0 -96.804283,46.138636,0.0 -96.762493,46.109492,0.0 -96.763592,45.935733,0.0"
HARWOOD,58042,46.9657,1210,ND,53.44537,-96.9663,1207,"-96.903809,46.934297,0.0 -96.965945,46.905704,0.0 -97.073169,46.949144,0.0 -97.06987,47.00633,0.0 -96.836725,46.976637,0.0 -96.903809,46.934297,0.0"
HAVANA,58043,45.9773,227,ND,62.52832,-97.5247,232,"-97.395943,45.935184,0.0 -97.480073,45.935184,0.0 -97.634037,45.935184,0.0 -97.573551,46.022613,0.0 -97.416838,46.022063,0.0 -97.395943,45.935184,0.0"
HILLSBORO,58045,47.3591,2399,ND,277.09702,-97.0419,2401,"-97.091315,47.238925,0.0 -97.19689,47.238925,0.0 -97.217785,47.324155,0.0 -97.218885,47.411035,0.0 -97.219435,47.497914,0.0 -97.091865,47.497914,0.0 -96.963745,47.497914,0.0 -96.85817,47.410485,0.0 -96.842224,47.411585,0.0 -96.836725,47.324705,0.0 -96.832876,47.237826,0.0 -97.091315,47.238925,0.0"
HOPE,58046,47.3094,669,ND,223.9292,-97.6637,679,"-97.833639,47.196585,0.0 -97.919419,47.240575,0.0 -97.812744,47.269168,0.0 -97.823192,47.412684,0.0 -97.474024,47.411585,0.0 -97.45203,47.324705,0.0 -97.515265,47.238925,0.0 -97.833639,47.196585,0.0"
HORACE,58047,46.7114,2763,ND,68.49721,-96.8744,2625,"-96.905459,46.630219,0.0 -96.926354,46.702802,0.0 -96.989589,46.790232,0.0 -96.789986,46.756689,0.0 -96.798234,46.630219,0.0 -96.866418,46.630219,0.0 -96.905459,46.630219,0.0"
HUNTER,58048,47.1875,477,ND,79.71768,-97.2121,476,"-97.090765,47.137199,0.0 -97.303565,47.137199,0.0 -97.345355,47.180639,0.0 -97.19689,47.238925,0.0 -97.091315,47.238925,0.0 -97.091315,47.152046,0.0 -97.090765,47.137199,0.0"
KATHRYN,58049,46.6656,299,ND,109.09224,-97.9968,303,"-97.891926,46.717649,0.0 -97.893025,46.577432,0.0 -98.033792,46.58678,0.0 -98.144866,46.659912,0.0 -98.081081,46.762738,0.0 -97.981554,46.731945,0.0 -97.891926,46.717649,0.0"
KINDRED,58051,46.6378,1287,ND,94.21197,-97.0169,1270,"-97.156749,46.629669,0.0 -97.178194,46.673109,0.0 -96.926354,46.702802,0.0 -96.905459,46.630219,0.0 -97.052274,46.557636,0.0 -97.156749,46.629669,0.0"
LEONARD,58052,46.6214,670,ND,173.70133,-97.2659,679,"-97.28047,46.45646,0.0 -97.40914,46.629669,0.0 -97.430035,46.716549,0.0 -97.388245,46.730846,0.0 -97.284319,46.759989,0.0 -97.179294,46.745692,0.0 -97.178194,46.673109,0.0 -97.156749,46.629669,0.0 -97.134205,46.45646,0.0 -97.1551,46.45646,0.0 -97.28047,46.45646,0.0"
LIDGERWOOD,58053,46.0626,1333,ND,228.9402,-97.1701,1348,"-97.061072,45.935733,0.0 -97.228233,45.935184,0.0 -97.312363,45.935184,0.0 -97.374498,46.021513,0.0 -97.259575,46.195272,0.0 -97.031929,46.195822,0.0 -97.010484,46.152932,0.0 -97.061072,45.935733,0.0"
LISBON,58054,46.4261,3414,ND,292.41434,-97.6576,3393,"-97.857834,46.54334,0.0 -97.784151,46.54389,0.0 -97.552656,46.514747,0.0 -97.405841,46.45701,0.0 -97.40639,46.413571,0.0 -97.715967,46.282152,0.0 -97.805046,46.311295,0.0 -97.857834,46.54334,0.0"
LUVERNE,58056,47.2696,242,ND,141.55658,-97.9027,246,"-97.833639,47.196585,0.0 -97.83309,47.124003,0.0 -97.853985,47.109706,0.0 -98.026644,47.152046,0.0 -97.961209,47.240575,0.0 -97.986503,47.326355,0.0 -97.985953,47.412684,0.0 -97.823192,47.412684,0.0 -97.812744,47.269168,0.0 -97.919419,47.240575,0.0 -97.833639,47.196585,0.0"
MCLEOD,58057,46.4209,137,ND,65.99496,-97.2894,137,"-97.28047,46.369581,0.0 -97.40639,46.413571,0.0 -97.405841,46.45701,0.0 -97.28047,46.45646,0.0 -97.1551,46.45646,0.0 -97.28047,46.369581,0.0"
MANTADOR,58058,46.1772,132,ND,20.54982,-96.9618,134,"-97.010484,46.152932,0.0 -97.031929,46.195822,0.0 -97.011034,46.196372,0.0 -96.948899,46.210119,0.0 -96.886213,46.196372,0.0 -97.010484,46.152932,0.0"
MAPLETON,58059,46.8367,1055,ND,113.40939,-97.1232,1053,"-97.284319,46.759989,0.0 -97.263424,46.878211,0.0 -97.073169,46.949144,0.0 -96.965945,46.905704,0.0 -96.968694,46.833121,0.0 -96.989589,46.790232,0.0 -97.179294,46.745692,0.0 -97.284319,46.759989,0.0"
MILNOR,58060,46.2666,1481,ND,236.7677,-97.4365,1467,"-97.570252,46.196372,0.0 -97.715967,46.254658,0.0 -97.715967,46.282152,0.0 -97.40639,46.413571,0.0 -97.28047,46.369581,0.0 -97.259575,46.195272,0.0 -97.426186,46.108943,0.0 -97.529011,46.152932,0.0 -97.570252,46.196372,0.0"
MOORETON,58061,46.2715,424,ND,56.54074,-96.8916,427,"-96.886213,46.196372,0.0 -96.948899,46.210119,0.0 -96.925254,46.325591,0.0 -96.862019,46.326141,0.0 -96.778439,46.311295,0.0 -96.844973,46.225515,0.0 -96.886213,46.196372,0.0"
NOME,58062,46.6415,198,ND,65.73959,-97.8214,200,"-97.857834,46.54334,0.0 -97.893025,46.577432,0.0 -97.891926,46.717649,0.0 -97.737412,46.717099,0.0 -97.784151,46.54389,0.0 -97.857834,46.54334,0.0"
ORISKA,58063,46.9551,363,ND,126.04411,-97.8005,369,"-97.807796,46.818825,0.0 -97.913371,46.905704,0.0 -97.853985,47.109706,0.0 -97.83309,47.124003,0.0 -97.74786,47.09431,0.0 -97.723665,46.833121,0.0 -97.807796,46.818825,0.0"
PAGE,58064,47.1514,512,ND,173.70963,-97.6216,515,"-97.642285,47.05087,0.0 -97.74786,47.09431,0.0 -97.83309,47.124003,0.0 -97.833639,47.196585,0.0 -97.515265,47.238925,0.0 -97.45093,47.181189,0.0 -97.472375,47.079463,0.0 -97.557605,47.05032,0.0 -97.642285,47.05087,0.0"
RUTLAND,58067,46.0705,289,ND,51.98099,-97.4861,308,"-97.416838,46.022063,0.0 -97.573551,46.022613,0.0 -97.529011,46.152932,0.0 -97.426186,46.108943,0.0 -97.416838,46.022063,0.0"
SHELDON,58068,46.5494,373,ND,105.06988,-97.4065,372,"-97.28047,46.45646,0.0 -97.405841,46.45701,0.0 -97.552656,46.514747,0.0 -97.532311,46.629669,0.0 -97.40914,46.629669,0.0 -97.28047,46.45646,0.0"
STIRUM,58069,46.2453,140,ND,56.32271,-97.8298,141,"-97.778103,46.196372,0.0 -97.882578,46.196372,0.0 -97.903473,46.196372,0.0 -97.923818,46.282701,0.0 -97.805046,46.311295,0.0 -97.715967,46.282152,0.0 -97.715967,46.254658,0.0 -97.778103,46.196372,0.0"
TOWER CITY,58071,46.9413,409,ND,99.23333,-97.6763,413,"-97.597745,46.803978,0.0 -97.723665,46.833121,0.0 -97.74786,47.09431,0.0 -97.642285,47.05087,0.0 -97.597745,46.803978,0.0"
VALLEY CITY,58072,46.9292,8205,ND,332.21986,-98.0082,8315,"-98.081081,46.762738,0.0 -98.185556,46.805078,0.0 -98.17126,47.023376,0.0 -98.028843,47.145997,0.0 -98.026644,47.152046,0.0 -97.853985,47.109706,0.0 -97.913371,46.905704,0.0 -97.807796,46.818825,0.0 -97.981554,46.731945,0.0 -98.081081,46.762738,0.0"
WAHPETON,58075,46.2743,9791,ND,237.04982,-96.7186,9857,"-96.712454,46.45646,0.0 -96.712454,46.45646,0.0 -96.657467,46.370131,0.0 -96.590933,46.195822,0.0 -96.568388,46.123239,0.0 -96.762493,46.109492,0.0 -96.804283,46.138636,0.0 -96.782288,46.181525,0.0 -96.844973,46.225515,0.0 -96.778439,46.311295,0.0 -96.862019,46.326141,0.0 -96.862019,46.441614,0.0 -96.742697,46.470757,0.0 -96.712454,46.45646,0.0"
WALCOTT,58077,46.5238,730,ND,143.68458,-96.9977,728,"-97.050624,46.398724,0.0 -97.134205,46.45646,0.0 -97.156749,46.629669,0.0 -97.052274,46.557636,0.0 -96.905459,46.630219,0.0 -96.866418,46.630219,0.0 -96.757544,46.49935,0.0 -96.988489,46.398724,0.0 -97.050624,46.398724,0.0"
WHEATLAND,58079,46.8673,541,ND,140.23158,-97.3426,543,"-97.284319,46.759989,0.0 -97.388245,46.730846,0.0 -97.472375,46.832572,0.0 -97.430035,46.962891,0.0 -97.3668,46.978287,0.0 -97.219984,46.977737,0.0 -97.263424,46.878211,0.0 -97.284319,46.759989,0.0"
WYNDMERE,58081,46.3122,965,ND,165.80776,-97.1527,972,"-97.031929,46.195822,0.0 -97.259575,46.195272,0.0 -97.28047,46.369581,0.0 -97.1551,46.45646,0.0 -97.134205,46.45646,0.0 -97.050624,46.398724,0.0 -97.011034,46.196372,0.0 -97.031929,46.195822,0.0"
FARGO,58102,46.9209,31949,ND,34.91399,-96.8359,31919,"-96.775689,46.874362,0.0 -96.861469,46.873812,0.0 -96.903809,46.934297,0.0 -96.836725,46.976637,0.0 -96.820229,46.976637,0.0 -96.775689,46.874362,0.0"
FARGO,58103,46.8554,47590,ND,11.56831,-96.8229,46791,"-96.775689,46.874362,0.0 -96.793835,46.833121,0.0 -96.872467,46.847968,0.0 -96.861469,46.873812,0.0 -96.775689,46.874362,0.0"
FARGO,58104,46.8033,16124,ND,43.48056,-96.8799,15144,"-96.793835,46.833121,0.0 -96.789986,46.756689,0.0 -96.989589,46.790232,0.0 -96.968694,46.833121,0.0 -96.872467,46.847968,0.0 -96.793835,46.833121,0.0"
GRAND FORKS,58203,47.9614,18004,ND,20.3559,-97.0845,18256,"-97.125407,47.918565,0.0 -97.109461,48.019741,0.0 -97.072069,48.019741,0.0 -97.055023,47.951007,0.0 -97.02863,47.926813,0.0 -97.125407,47.918565,0.0"
GRAND FORKS AFB,58204,47.9528,1287,ND,5.21005,-97.367,1384,"-97.387695,47.933411,0.0 -97.375048,47.970253,0.0 -97.36405,47.973002,0.0 -97.387695,47.933411,0.0"
GRAND FORKS AFB,58205,47.9598,3204,ND,4.06675,-97.4017,3444,"-97.387695,47.933411,0.0 -97.40804,47.933411,0.0 -97.423986,47.947158,0.0 -97.375048,47.970253,0.0 -97.387695,47.933411,0.0"
ADAMS,58210,48.4022,380,ND,108.11066,-98.0984,394,"-98.162462,48.282029,0.0 -98.205901,48.369458,0.0 -98.095378,48.543217,0.0 -98.057437,48.543217,0.0 -97.966158,48.369458,0.0 -98.162462,48.282029,0.0"
ANETA,58212,47.7592,390,ND,83.91845,-97.9576,413,"-97.882578,47.759102,0.0 -97.882578,47.672223,0.0 -97.984854,47.672223,0.0 -98.032692,47.672223,0.0 -98.011247,47.845982,0.0 -97.882578,47.838284,0.0 -97.882578,47.759102,0.0"
ARDOCH,58213,48.2381,293,ND,15.2077,-97.1605,59,"-97.141353,48.1935,0.0 -97.190291,48.1935,0.0 -97.116609,48.280929,0.0 -97.141353,48.1935,0.0"
ARVILLA,58214,47.8913,524,ND,64.15227,-97.5112,455,"-97.623589,47.845432,0.0 -97.515265,47.951007,0.0 -97.423986,47.947158,0.0 -97.40804,47.933411,0.0 -97.40859,47.845982,0.0 -97.623589,47.845432,0.0"
BATHGATE,58216,48.8765,163,ND,61.74237,-97.4354,165,"-97.49107,48.949021,0.0 -97.316212,48.890735,0.0 -97.359102,48.832999,0.0 -97.556505,48.833549,0.0 -97.556505,48.876988,0.0 -97.49107,48.949021,0.0"
BUXTON,58218,47.6034,771,ND,130.48143,-97.0752,774,"-96.852121,47.584794,0.0 -97.092415,47.585344,0.0 -97.091865,47.497914,0.0 -97.219435,47.497914,0.0 -97.218885,47.584794,0.0 -97.218335,47.672223,0.0 -97.088016,47.672223,0.0 -96.886763,47.672223,0.0 -96.851572,47.585893,0.0 -96.852121,47.584794,0.0"
CALEDONIA,58219,47.4547,130,ND,29.44381,-96.9112,132,"-96.963745,47.497914,0.0 -96.848822,47.497914,0.0 -96.85817,47.410485,0.0 -96.963745,47.497914,0.0"
CAVALIER,58220,48.7965,2679,ND,163.1206,-97.7216,2705,"-97.927667,48.717526,0.0 -97.949662,48.717526,0.0 -97.950212,48.760966,0.0 -97.687374,48.906131,0.0 -97.556505,48.876988,0.0 -97.556505,48.833549,0.0 -97.557055,48.718076,0.0 -97.840238,48.688383,0.0 -97.927667,48.717526,0.0"
CRYSTAL,58222,48.6108,351,ND,82.02536,-97.6735,361,"-97.557055,48.644393,0.0 -97.53561,48.543217,0.0 -97.796798,48.586657,0.0 -97.818243,48.644393,0.0 -97.775903,48.673536,0.0 -97.557055,48.644393,0.0"
CUMMINGS,58223,47.5413,249,ND,66.52437,-96.9739,251,"-96.963745,47.497914,0.0 -97.091865,47.497914,0.0 -97.092415,47.585344,0.0 -96.852121,47.584794,0.0 -96.848822,47.499014,0.0 -96.848822,47.497914,0.0 -96.963745,47.497914,0.0"
DAHLEN,58224,48.1701,61,ND,15.05162,-97.9489,62,"-97.903473,48.195149,0.0 -97.903473,48.136863,0.0 -98.032692,48.179753,0.0 -98.033242,48.1946,0.0 -97.903473,48.195149,0.0"
DRAYTON,58225,48.6081,1149,ND,190.68809,-97.2332,1167,"-97.123207,48.716976,0.0 -97.163348,48.543767,0.0 -97.141353,48.427195,0.0 -97.36515,48.542667,0.0 -97.277721,48.608102,0.0 -97.403641,48.718076,0.0 -97.316212,48.717526,0.0 -97.123207,48.716976,0.0"
EDINBURG,58227,48.5238,567,ND,132.18764,-97.903,586,"-98.057437,48.543217,0.0 -97.927117,48.543217,0.0 -97.927117,48.663639,0.0 -97.818243,48.644393,0.0 -97.796798,48.586657,0.0 -97.796798,48.485481,0.0 -97.949112,48.369458,0.0 -97.966158,48.369458,0.0 -98.057437,48.543217,0.0"
EMERADO,58228,47.9103,1833,ND,169.39951,-97.27,1890,"-97.40804,47.933411,0.0 -97.387695,47.933411,0.0 -97.36405,47.973002,0.0 -97.363501,48.020291,0.0 -97.109461,48.019741,0.0 -97.125407,47.918565,0.0 -97.174895,47.845982,0.0 -97.36625,47.773949,0.0 -97.40859,47.845982,0.0 -97.40804,47.933411,0.0"
FAIRDALE,58229,48.4676,167,ND,92.92054,-98.2294,173,"-98.205901,48.369458,0.0 -98.318625,48.369458,0.0 -98.318075,48.543767,0.0 -98.095378,48.543217,0.0 -98.205901,48.369458,0.0"
FINLEY,58230,47.5343,1281,ND,394.49448,-97.7118,1297,"-97.985953,47.412684,0.0 -97.984854,47.586443,0.0 -97.856734,47.586443,0.0 -97.856734,47.672223,0.0 -97.472925,47.672223,0.0 -97.472925,47.585344,0.0 -97.474024,47.411585,0.0 -97.823192,47.412684,0.0 -97.985953,47.412684,0.0"
FORDVILLE,58231,48.2261,376,ND,56.42197,-97.8592,394,"-98.033242,48.1946,0.0 -97.817143,48.282029,0.0 -97.687374,48.1946,0.0 -97.903473,48.195149,0.0 -98.033242,48.1946,0.0"
FOREST RIVER,58233,48.238,247,ND,36.17644,-97.4468,254,"-97.514165,48.1946,0.0 -97.514165,48.281479,0.0 -97.383296,48.282029,0.0 -97.383846,48.195149,0.0 -97.514165,48.1946,0.0"
GILBY,58235,48.1078,444,ND,72.27024,-97.4494,456,"-97.383846,48.195149,0.0 -97.385495,48.020291,0.0 -97.514715,48.020841,0.0 -97.514715,48.049434,0.0 -97.514165,48.1946,0.0 -97.383846,48.195149,0.0"
GRAFTON,58237,48.3907,5974,ND,313.7551,-97.4347,6036,"-97.643934,48.1946,0.0 -97.622489,48.339765,0.0 -97.644484,48.456338,0.0 -97.53561,48.543217,0.0 -97.36515,48.542667,0.0 -97.141353,48.427195,0.0 -97.140253,48.370008,0.0 -97.15565,48.368908,0.0 -97.514165,48.281479,0.0 -97.514165,48.1946,0.0 -97.643934,48.1946,0.0"
HAMILTON,58238,48.7739,202,ND,86.83944,-97.4331,205,"-97.403641,48.718076,0.0 -97.557055,48.718076,0.0 -97.556505,48.833549,0.0 -97.359102,48.832999,0.0 -97.273322,48.803306,0.0 -97.316212,48.717526,0.0 -97.403641,48.718076,0.0"
HANNAH,58239,48.946,69,ND,89.65807,-98.7374,73,"-98.606207,49.000159,0.0 -98.606207,48.891285,0.0 -98.869045,48.891835,0.0 -98.869045,49.000159,0.0 -98.606207,49.000159,0.0"
HATTON,58240,47.6285,1013,ND,71.53753,-97.3457,1018,"-97.218885,47.584794,0.0 -97.346455,47.584794,0.0 -97.472925,47.585344,0.0 -97.472925,47.672223,0.0 -97.36735,47.672223,0.0 -97.218335,47.672223,0.0 -97.218885,47.584794,0.0"
HENSEL,58241,48.6994,164,ND,55.2456,-97.6878,168,"-97.557055,48.718076,0.0 -97.557055,48.644393,0.0 -97.775903,48.673536,0.0 -97.840238,48.688383,0.0 -97.557055,48.718076,0.0"
HOOPLE,58243,48.5136,608,ND,77.70402,-97.6729,623,"-97.644484,48.456338,0.0 -97.796798,48.485481,0.0 -97.796798,48.586657,0.0 -97.53561,48.543217,0.0 -97.644484,48.456338,0.0"
INKSTER,58244,48.1165,583,ND,193.72896,-97.7153,600,"-97.514715,48.049434,0.0 -97.817693,48.020841,0.0 -97.882028,48.020841,0.0 -97.903473,48.136863,0.0 -97.903473,48.195149,0.0 -97.687374,48.1946,0.0 -97.643934,48.1946,0.0 -97.514165,48.1946,0.0 -97.514715,48.049434,0.0"
LANGDON,58249,48.8345,3051,ND,638.64009,-98.3536,3113,"-98.709582,48.717526,0.0 -98.869045,48.718076,0.0 -98.869045,48.891835,0.0 -98.606207,48.891285,0.0 -98.474788,48.891285,0.0 -98.342819,48.891835,0.0 -98.342819,49.000159,0.0 -97.950212,49.000709,0.0 -97.950212,48.760966,0.0 -97.949662,48.717526,0.0 -98.057986,48.717526,0.0 -98.448944,48.718076,0.0 -98.709582,48.717526,0.0"
LANKIN,58250,48.2869,428,ND,126.04497,-97.9911,407,"-98.162462,48.195149,0.0 -98.162462,48.238039,0.0 -98.162462,48.282029,0.0 -97.966158,48.369458,0.0 -97.949112,48.369458,0.0 -97.773704,48.369458,0.0 -97.817143,48.282029,0.0 -98.033242,48.1946,0.0 -98.162462,48.195149,0.0"
LARIMORE,58251,47.9054,2062,ND,244.8535,-97.7123,2114,"-97.882578,47.838284,0.0 -97.882028,47.933411,0.0 -97.775353,47.933411,0.0 -97.817693,48.020841,0.0 -97.514715,48.049434,0.0 -97.514715,48.020841,0.0 -97.515265,47.951007,0.0 -97.623589,47.845432,0.0 -97.623039,47.758553,0.0 -97.882578,47.759102,0.0 -97.882578,47.838284,0.0"
MCVILLE,58254,47.8019,751,ND,185.80774,-98.137,743,"-98.268587,47.672223,0.0 -98.268587,47.845982,0.0 -98.225697,47.932861,0.0 -98.054137,47.932861,0.0 -98.011247,47.845982,0.0 -98.032692,47.672223,0.0 -98.243842,47.672223,0.0 -98.268587,47.672223,0.0"
MAIDA,58255,48.946,75,ND,45.11847,-98.4089,78,"-98.474788,48.891285,0.0 -98.474788,49.000159,0.0 -98.342819,49.000159,0.0 -98.342819,48.891835,0.0 -98.474788,48.891285,0.0"
MANVEL,58256,48.1024,1082,ND,152.17192,-97.2468,1095,"-97.141353,48.1935,0.0 -97.146852,48.173155,0.0 -97.072069,48.019741,0.0 -97.109461,48.019741,0.0 -97.363501,48.020291,0.0 -97.385495,48.020291,0.0 -97.383846,48.195149,0.0 -97.190291,48.1935,0.0 -97.141353,48.1935,0.0"
MAYVILLE,58257,47.4979,2200,ND,71.67708,-97.2829,2209,"-97.346455,47.411035,0.0 -97.346455,47.584794,0.0 -97.218885,47.584794,0.0 -97.219435,47.497914,0.0 -97.218885,47.411035,0.0 -97.346455,47.411035,0.0"
MEKINOCK,58258,47.9855,192,ND,31.94665,-97.449,196,"-97.514715,48.020841,0.0 -97.385495,48.020291,0.0 -97.363501,48.020291,0.0 -97.36405,47.973002,0.0 -97.375048,47.970253,0.0 -97.423986,47.947158,0.0 -97.515265,47.951007,0.0 -97.514715,48.020841,0.0"
MICHIGAN,58259,48.0558,481,ND,118.17941,-98.1159,488,"-98.225697,47.932861,0.0 -98.162462,48.195149,0.0 -98.033242,48.1946,0.0 -98.032692,48.179753,0.0 -98.054137,47.932861,0.0 -98.225697,47.932861,0.0"
MILTON,58260,48.6304,178,ND,71.97971,-97.9923,183,"-98.057437,48.543217,0.0 -98.057986,48.717526,0.0 -97.949662,48.717526,0.0 -97.927667,48.717526,0.0 -97.927117,48.663639,0.0 -97.927117,48.543217,0.0 -98.057437,48.543217,0.0"
MINTO,58261,48.2734,890,ND,108.48066,-97.2818,1164,"-97.190291,48.1935,0.0 -97.383846,48.195149,0.0 -97.383296,48.282029,0.0 -97.514165,48.281479,0.0 -97.15565,48.368908,0.0 -97.117159,48.282579,0.0 -97.116609,48.280929,0.0 -97.190291,48.1935,0.0"
MOUNTAIN,58262,48.6818,172,ND,19.28574,-97.8662,177,"-97.927117,48.663639,0.0 -97.927667,48.717526,0.0 -97.840238,48.688383,0.0 -97.775903,48.673536,0.0 -97.818243,48.644393,0.0 -97.927117,48.663639,0.0"
NECHE,58265,48.9519,632,ND,94.18082,-97.5925,642,"-97.556505,48.876988,0.0 -97.687374,48.906131,0.0 -97.818793,49.000709,0.0 -97.389894,49.000709,0.0 -97.49107,48.949021,0.0 -97.556505,48.876988,0.0"
NIAGARA,58266,47.9725,113,ND,26.03704,-97.8337,118,"-97.882028,47.933411,0.0 -97.882028,48.020841,0.0 -97.817693,48.020841,0.0 -97.775353,47.933411,0.0 -97.882028,47.933411,0.0"
NORTHWOOD,58267,47.7428,1513,ND,212.28586,-97.5852,1540,"-97.472925,47.672223,0.0 -97.856734,47.672223,0.0 -97.882578,47.672223,0.0 -97.882578,47.759102,0.0 -97.623039,47.758553,0.0 -97.623589,47.845432,0.0 -97.40859,47.845982,0.0 -97.36625,47.773949,0.0 -97.3668,47.759652,0.0 -97.36735,47.672223,0.0 -97.472925,47.672223,0.0"
OSNABROCK,58269,48.6306,490,ND,215.6704,-98.2531,505,"-98.057437,48.543217,0.0 -98.095378,48.543217,0.0 -98.318075,48.543767,0.0 -98.448394,48.543767,0.0 -98.448944,48.718076,0.0 -98.057986,48.717526,0.0 -98.057437,48.543217,0.0"
PARK RIVER,58270,48.4024,1878,ND,100.08662,-97.7833,2003,"-97.622489,48.339765,0.0 -97.773704,48.369458,0.0 -97.949112,48.369458,0.0 -97.796798,48.485481,0.0 -97.644484,48.456338,0.0 -97.622489,48.339765,0.0"
PEMBINA,58271,48.8768,791,ND,131.31153,-97.2862,797,"-97.228782,49.000709,0.0 -97.23813,48.978164,0.0 -97.200189,48.890185,0.0 -97.123207,48.716976,0.0 -97.316212,48.717526,0.0 -97.273322,48.803306,0.0 -97.359102,48.832999,0.0 -97.316212,48.890735,0.0 -97.49107,48.949021,0.0 -97.389894,49.000709,0.0 -97.228782,49.000709,0.0"
PETERSBURG,58272,48.0014,363,ND,143.64567,-97.9663,370,"-98.054137,47.932861,0.0 -98.032692,48.179753,0.0 -97.903473,48.136863,0.0 -97.882028,48.020841,0.0 -97.882028,47.933411,0.0 -97.882578,47.838284,0.0 -98.011247,47.845982,0.0 -98.054137,47.932861,0.0"
PISEK,58273,48.2865,287,ND,72.12485,-97.7054,292,"-97.687374,48.1946,0.0 -97.817143,48.282029,0.0 -97.773704,48.369458,0.0 -97.622489,48.339765,0.0 -97.643934,48.1946,0.0 -97.687374,48.1946,0.0"
PORTLAND,58274,47.498,930,ND,71.3165,-97.4101,935,"-97.346455,47.411035,0.0 -97.474024,47.411585,0.0 -97.472925,47.585344,0.0 -97.346455,47.584794,0.0 -97.346455,47.411035,0.0"
REYNOLDS,58275,47.7138,724,ND,75.2649,-97.2333,729,"-97.3668,47.759652,0.0 -97.11056,47.759102,0.0 -97.088016,47.672223,0.0 -97.218335,47.672223,0.0 -97.36735,47.672223,0.0 -97.3668,47.759652,0.0"
SAINT THOMAS,58276,48.63,670,ND,109.21676,-97.4497,685,"-97.36515,48.542667,0.0 -97.53561,48.543217,0.0 -97.557055,48.644393,0.0 -97.557055,48.718076,0.0 -97.403641,48.718076,0.0 -97.277721,48.608102,0.0 -97.36515,48.542667,0.0"
SHARON,58277,47.6294,151,ND,35.46956,-97.9209,153,"-97.984854,47.586443,0.0 -97.984854,47.672223,0.0 -97.882578,47.672223,0.0 -97.856734,47.672223,0.0 -97.856734,47.586443,0.0 -97.984854,47.586443,0.0"
THOMPSON,58278,47.7652,1983,ND,133.67327,-97.0761,2008,"-96.993988,47.845982,0.0 -96.937901,47.760202,0.0 -96.886763,47.672223,0.0 -97.088016,47.672223,0.0 -97.11056,47.759102,0.0 -97.3668,47.759652,0.0 -97.36625,47.773949,0.0 -97.174895,47.845982,0.0 -96.993988,47.845982,0.0"
WALES,58281,48.9459,76,ND,44.86358,-98.5404,80,"-98.474788,48.891285,0.0 -98.606207,48.891285,0.0 -98.606207,49.000159,0.0 -98.474788,49.000159,0.0 -98.474788,48.891285,0.0"
WALHALLA,58282,48.9067,1414,ND,118.69411,-97.854,1435,"-97.818793,49.000709,0.0 -97.687374,48.906131,0.0 -97.950212,48.760966,0.0 -97.950212,49.000709,0.0 -97.818793,49.000709,0.0"
DEVILS LAKE,58301,48.1899,9884,ND,373.25954,-98.8391,10039,"-99.070297,48.030738,0.0 -99.199517,48.103321,0.0 -99.200066,48.195149,0.0 -98.940528,48.1946,0.0 -98.940528,48.282029,0.0 -98.810758,48.282029,0.0 -98.811308,48.370008,0.0 -98.578713,48.370008,0.0 -98.552869,48.370008,0.0 -98.55177,48.252886,0.0 -98.724429,48.223743,0.0 -98.638649,48.020841,0.0 -98.737076,48.020841,0.0 -98.880042,48.026889,0.0 -98.896538,48.026889,0.0 -99.01751,48.119817,0.0 -99.070297,48.030738,0.0"
ALSEN,58311,48.6308,167,ND,156.11054,-98.5919,173,"-98.448394,48.543767,0.0 -98.579263,48.543767,0.0 -98.709582,48.543767,0.0 -98.709582,48.717526,0.0 -98.448944,48.718076,0.0 -98.448394,48.543767,0.0"
BELCOURT,58316,48.8052,6370,ND,142.58782,-99.7874,6312,"-99.753786,48.718626,0.0 -99.919846,48.718626,0.0 -99.914897,48.892385,0.0 -99.657008,48.892385,0.0 -99.657558,48.732922,0.0 -99.753786,48.718626,0.0"
BISBEE,58317,48.5763,344,ND,182.57293,-99.3804,356,"-99.459605,48.371108,0.0 -99.493147,48.48713,0.0 -99.493147,48.544867,0.0 -99.493147,48.675186,0.0 -99.384273,48.718076,0.0 -99.297943,48.718076,0.0 -99.231959,48.718076,0.0 -99.231959,48.544867,0.0 -99.384273,48.544867,0.0 -99.406268,48.371108,0.0 -99.459605,48.371108,0.0"
BOTTINEAU,58318,48.8437,3907,ND,353.24617,-100.434,3964,"-100.226674,48.791758,0.0 -100.407031,48.719176,0.0 -100.818334,48.74172,0.0 -100.576941,48.820902,0.0 -100.577491,48.942973,0.0 -100.445522,48.999609,0.0 -100.182684,48.999059,0.0 -100.226674,48.791758,0.0"
BREMEN,58319,47.7219,65,ND,29.00996,-99.352,60,"-99.297393,47.672773,0.0 -99.425513,47.716762,0.0 -99.297393,47.760202,0.0 -99.297393,47.672773,0.0"
BROCKET,58321,48.2311,121,ND,53.92408,-98.3141,124,"-98.422,48.1946,0.0 -98.422,48.281479,0.0 -98.162462,48.238039,0.0 -98.162462,48.195149,0.0 -98.422,48.1946,0.0"
CALVIN,58323,48.8052,81,ND,72.17375,-98.9346,86,"-98.970221,48.718076,0.0 -98.999914,48.718076,0.0 -99.001013,48.892385,0.0 -98.869045,48.891835,0.0 -98.869045,48.718076,0.0 -98.970221,48.718076,0.0"
CANDO,58324,48.4557,1527,ND,176.22075,-99.2347,1561,"-99.10164,48.370558,0.0 -99.200616,48.370558,0.0 -99.406268,48.371108,0.0 -99.384273,48.544867,0.0 -99.231959,48.544867,0.0 -99.10109,48.544317,0.0 -99.10164,48.370558,0.0"
CHURCHS FERRY,58325,48.3161,147,ND,87.42257,-99.0824,149,"-98.940528,48.282029,0.0 -99.200066,48.238039,0.0 -99.200616,48.370558,0.0 -99.10164,48.370558,0.0 -98.940528,48.370558,0.0 -98.940528,48.282029,0.0"
CRARY,58327,48.0997,445,ND,203.02995,-98.5647,452,"-98.696935,48.003795,0.0 -98.698035,48.003245,0.0 -98.737076,48.020841,0.0 -98.638649,48.020841,0.0 -98.724429,48.223743,0.0 -98.55177,48.252886,0.0 -98.422,48.1946,0.0 -98.525926,47.933411,0.0 -98.568816,47.915266,0.0 -98.621603,47.916365,0.0 -98.696935,48.003795,0.0"
DUNSEITH,58329,48.8588,3115,ND,250.04577,-100.059,3147,"-100.080958,48.718626,0.0 -100.226674,48.791758,0.0 -100.182684,48.999059,0.0 -99.892903,48.999059,0.0 -99.914897,48.892385,0.0 -99.919846,48.718626,0.0 -100.080958,48.718626,0.0"
EDMORE,58330,48.4561,425,ND,145.07058,-98.4487,442,"-98.578713,48.370008,0.0 -98.579263,48.456888,0.0 -98.579263,48.543767,0.0 -98.448394,48.543767,0.0 -98.318075,48.543767,0.0 -98.318625,48.369458,0.0 -98.552869,48.370008,0.0 -98.578713,48.370008,0.0"
EGELAND,58331,48.6326,201,ND,140.8734,-99.1037,211,"-99.231959,48.718076,0.0 -98.999914,48.718076,0.0 -98.970221,48.718076,0.0 -98.970221,48.587757,0.0 -99.10109,48.544317,0.0 -99.231959,48.544867,0.0 -99.231959,48.718076,0.0"
ESMOND,58332,48.0855,430,ND,202.4249,-99.7023,437,"-99.459055,48.020841,0.0 -99.812072,47.963104,0.0 -99.920396,47.992797,0.0 -99.847813,48.166006,0.0 -99.718594,48.195149,0.0 -99.459055,48.10772,0.0 -99.459055,48.020841,0.0"
HAMPDEN,58338,48.5003,102,ND,35.82024,-98.6445,106,"-98.579263,48.456888,0.0 -98.709582,48.456888,0.0 -98.709582,48.543767,0.0 -98.579263,48.543767,0.0 -98.579263,48.456888,0.0"
HANSBORO,58339,48.859,236,ND,181.67669,-99.4184,245,"-99.384273,48.718076,0.0 -99.493147,48.718626,0.0 -99.526139,48.732922,0.0 -99.525589,48.999059,0.0 -99.262752,48.999609,0.0 -99.366677,48.920428,0.0 -99.297943,48.718076,0.0 -99.384273,48.718076,0.0"
HARVEY,58341,47.7841,2978,ND,477.76615,-99.7836,3021,"-99.4794,47.672773,0.0 -99.661957,47.760202,0.0 -99.668556,47.673323,0.0 -99.94844,47.602939,0.0 -100.03257,47.602939,0.0 -100.026521,47.861928,0.0 -100.054015,47.977401,0.0 -99.920396,47.992797,0.0 -99.812072,47.963104,0.0 -99.812072,47.847632,0.0 -99.297393,47.847082,0.0 -99.297393,47.760202,0.0 -99.425513,47.716762,0.0 -99.4794,47.672773,0.0"
KNOX,58343,48.3266,94,ND,18.42491,-99.6857,72,"-99.653709,48.282029,0.0 -99.718044,48.282029,0.0 -99.718044,48.371108,0.0 -99.652609,48.371108,0.0 -99.653709,48.282029,0.0"
LAKOTA,58344,48.0295,1147,ND,277.97219,-98.321,1114,"-98.396706,47.845982,0.0 -98.397256,47.933411,0.0 -98.525926,47.933411,0.0 -98.422,48.1946,0.0 -98.162462,48.195149,0.0 -98.225697,47.932861,0.0 -98.268587,47.845982,0.0 -98.396706,47.845982,0.0"
LAWTON,58345,48.2966,209,ND,154.0423,-98.3812,217,"-98.162462,48.238039,0.0 -98.422,48.281479,0.0 -98.422,48.1946,0.0 -98.55177,48.252886,0.0 -98.552869,48.370008,0.0 -98.318625,48.369458,0.0 -98.205901,48.369458,0.0 -98.162462,48.282029,0.0 -98.162462,48.238039,0.0"
LEEDS,58346,48.2512,827,ND,253.85742,-99.4314,835,"-99.200066,48.238039,0.0 -99.200066,48.195149,0.0 -99.459055,48.195149,0.0 -99.459055,48.10772,0.0 -99.718594,48.195149,0.0 -99.718044,48.282029,0.0 -99.653709,48.282029,0.0 -99.459605,48.282029,0.0 -99.459605,48.371108,0.0 -99.406268,48.371108,0.0 -99.200616,48.370558,0.0 -99.200066,48.238039,0.0"
MADDOCK,58348,47.9342,903,ND,286.92727,-99.5547,914,"-99.297393,48.020841,0.0 -99.297393,47.847082,0.0 -99.812072,47.847632,0.0 -99.812072,47.963104,0.0 -99.459055,48.020841,0.0 -99.297393,48.020841,0.0"
MINNEWAUKAN,58351,48.1074,536,ND,140.33907,-99.3327,542,"-99.199517,48.103321,0.0 -99.297393,48.020841,0.0 -99.459055,48.020841,0.0 -99.459055,48.10772,0.0 -99.459055,48.195149,0.0 -99.200066,48.195149,0.0 -99.199517,48.103321,0.0"
MUNICH,58352,48.6324,448,ND,128.5083,-98.8466,464,"-98.709582,48.543767,0.0 -98.970221,48.587757,0.0 -98.970221,48.718076,0.0 -98.869045,48.718076,0.0 -98.709582,48.717526,0.0 -98.709582,48.543767,0.0"
MYLO,58353,48.6354,259,ND,149.14454,-99.6223,264,"-99.493147,48.544867,0.0 -99.753786,48.544867,0.0 -99.753786,48.718626,0.0 -99.657558,48.732922,0.0 -99.526139,48.732922,0.0 -99.493147,48.718626,0.0 -99.493147,48.675186,0.0 -99.493147,48.544867,0.0"
NEW ROCKFORD,58356,47.6729,2076,ND,424.06112,-98.9016,2105,"-98.500082,47.672223,0.0 -98.500082,47.586993,0.0 -98.628202,47.586993,0.0 -98.756321,47.587543,0.0 -98.883891,47.587543,0.0 -99.266051,47.587543,0.0 -99.297393,47.672773,0.0 -99.297393,47.760202,0.0 -98.654045,47.759102,0.0 -98.500082,47.672223,0.0"
OBERON,58357,47.9541,606,ND,168.44695,-99.1647,595,"-99.297393,48.020841,0.0 -99.199517,48.103321,0.0 -99.070297,48.030738,0.0 -99.156627,48.06428,0.0 -99.052151,48.02194,0.0 -99.040054,47.846532,0.0 -99.297393,47.847082,0.0 -99.297393,48.020841,0.0"
PEKIN,58361,47.7488,174,ND,91.6361,-98.3437,177,"-98.268587,47.672223,0.0 -98.461041,47.672223,0.0 -98.396706,47.845982,0.0 -98.268587,47.845982,0.0 -98.268587,47.672223,0.0"
PENN,58362,48.2309,148,ND,59.8736,-99.0544,152,"-99.200066,48.195149,0.0 -99.200066,48.238039,0.0 -98.940528,48.282029,0.0 -98.940528,48.1946,0.0 -99.200066,48.195149,0.0"
PERTH,58363,48.6967,32,ND,14.85993,-99.4387,33,"-99.493147,48.675186,0.0 -99.493147,48.718626,0.0 -99.384273,48.718076,0.0 -99.493147,48.675186,0.0"
ROCKLAKE,58365,48.8423,414,ND,239.45003,-99.182,385,"-99.231959,48.718076,0.0 -99.297943,48.718076,0.0 -99.366677,48.920428,0.0 -99.262752,48.999609,0.0 -99.132982,48.999609,0.0 -99.132982,48.891835,0.0 -99.001013,48.892385,0.0 -98.999914,48.718076,0.0 -99.231959,48.718076,0.0"
ROLETTE,58366,48.6274,929,ND,188.53756,-99.9162,950,"-99.753786,48.544867,0.0 -99.773031,48.544867,0.0 -99.966585,48.544867,0.0 -100.080958,48.544867,0.0 -100.080958,48.718626,0.0 -99.919846,48.718626,0.0 -99.753786,48.718626,0.0 -99.753786,48.544867,0.0"
ROLLA,58367,48.8661,1704,ND,110.26493,-99.5917,1718,"-99.526139,48.732922,0.0 -99.657558,48.732922,0.0 -99.657008,48.892385,0.0 -99.657558,48.999059,0.0 -99.525589,48.999059,0.0 -99.526139,48.732922,0.0"
RUGBY,58368,48.2471,4135,ND,753.82971,-100.004,4175,"-99.920396,47.992797,0.0 -100.054015,47.977401,0.0 -100.026521,47.861928,0.0 -100.112301,47.876225,0.0 -100.237121,48.052183,0.0 -100.388336,48.167106,0.0 -100.237121,48.188001,0.0 -100.193132,48.371108,0.0 -100.276712,48.443691,0.0 -99.966585,48.544867,0.0 -99.773031,48.544867,0.0 -99.718044,48.371108,0.0 -99.718044,48.282029,0.0 -99.718594,48.195149,0.0 -99.847813,48.166006,0.0 -99.920396,47.992797,0.0"
SAINT JOHN,58369,48.945,1293,ND,86.81772,-99.7867,1294,"-99.657008,48.892385,0.0 -99.914897,48.892385,0.0 -99.892903,48.999059,0.0 -99.657558,48.999059,0.0 -99.657008,48.892385,0.0"
SAINT MICHAEL,58370,47.9373,3217,ND,147.57178,-98.9069,3181,"-98.781615,47.958155,0.0 -98.839902,47.847082,0.0 -99.040054,47.846532,0.0 -99.052151,48.02194,0.0 -98.896538,48.026889,0.0 -98.880042,48.026889,0.0 -98.781615,47.958155,0.0"
SARLES,58372,48.9461,71,ND,89.68271,-99.001,123,"-99.001013,48.892385,0.0 -99.132982,48.891835,0.0 -99.132982,48.999609,0.0 -98.869045,49.000159,0.0 -98.869045,48.891835,0.0 -99.001013,48.892385,0.0"
SHEYENNE,58374,47.8005,560,ND,148.71752,-99.0272,524,"-99.297393,47.847082,0.0 -99.040054,47.846532,0.0 -98.839902,47.847082,0.0 -98.654045,47.773949,0.0 -98.654045,47.759102,0.0 -99.297393,47.760202,0.0 -99.297393,47.847082,0.0"
STARKWEATHER,58377,48.4537,410,ND,244.14189,-98.859,420,"-98.811308,48.370008,0.0 -98.940528,48.370558,0.0 -99.10164,48.370558,0.0 -99.10109,48.544317,0.0 -98.970221,48.587757,0.0 -98.709582,48.543767,0.0 -98.709582,48.456888,0.0 -98.579263,48.456888,0.0 -98.578713,48.370008,0.0 -98.811308,48.370008,0.0"
TOLNA,58380,47.8155,400,ND,138.96125,-98.5024,444,"-98.654045,47.759102,0.0 -98.654045,47.773949,0.0 -98.568816,47.915266,0.0 -98.525926,47.933411,0.0 -98.397256,47.933411,0.0 -98.396706,47.845982,0.0 -98.461041,47.672223,0.0 -98.500082,47.672223,0.0 -98.654045,47.759102,0.0"
WARWICK,58381,47.8795,184,ND,111.20984,-98.6969,222,"-98.698035,48.003245,0.0 -98.696935,48.003795,0.0 -98.621603,47.916365,0.0 -98.568816,47.915266,0.0 -98.654045,47.773949,0.0 -98.839902,47.847082,0.0 -98.781615,47.958155,0.0 -98.698035,48.003245,0.0"
WEBSTER,58382,48.3261,98,ND,36.49728,-98.8758,100,"-98.940528,48.282029,0.0 -98.940528,48.370558,0.0 -98.811308,48.370008,0.0 -98.810758,48.282029,0.0 -98.940528,48.282029,0.0"
WILLOW CITY,58384,48.6042,579,ND,283.81792,-100.224,596,"-99.966585,48.544867,0.0 -100.276712,48.443691,0.0 -100.276712,48.544867,0.0 -100.53735,48.632296,0.0 -100.559345,48.632296,0.0 -100.407031,48.719176,0.0 -100.226674,48.791758,0.0 -100.080958,48.718626,0.0 -100.080958,48.544867,0.0 -99.966585,48.544867,0.0"
WOLFORD,58385,48.4739,217,ND,107.07393,-99.6609,223,"-99.493147,48.48713,0.0 -99.652609,48.371108,0.0 -99.718044,48.371108,0.0 -99.773031,48.544867,0.0 -99.753786,48.544867,0.0 -99.493147,48.544867,0.0 -99.493147,48.48713,0.0"
YORK,58386,48.3702,90,ND,99.2404,-99.5564,114,"-99.652609,48.371108,0.0 -99.493147,48.48713,0.0 -99.459605,48.371108,0.0 -99.459605,48.282029,0.0 -99.653709,48.282029,0.0 -99.652609,48.371108,0.0"
JAMESTOWN,58401,46.8819,17297,ND,441.7445,-98.7569,17387,"-98.439046,46.834221,0.0 -98.691437,46.819375,0.0 -98.691437,46.717649,0.0 -98.881692,46.703352,0.0 -98.987267,46.732495,0.0 -99.062599,46.805078,0.0 -98.926231,46.979387,0.0 -98.67879,47.012379,0.0 -98.67934,47.106957,0.0 -98.570465,47.095409,0.0 -98.530875,47.037673,0.0 -98.615555,46.979387,0.0 -98.439596,46.934847,0.0 -98.439046,46.834221,0.0"
ASHLEY,58413,46.0391,1201,ND,331.47508,-99.2773,1225,"-99.505244,45.940682,0.0 -99.545385,46.100145,0.0 -99.44036,46.157331,0.0 -99.211064,46.142485,0.0 -99.092842,46.055605,0.0 -99.065898,46.143584,0.0 -99.003763,46.142485,0.0 -99.003763,46.113891,0.0 -99.005412,45.940132,0.0 -99.05655,45.940132,0.0 -99.448608,45.940132,0.0 -99.505244,45.940682,0.0"
BERLIN,58415,46.3716,178,ND,77.35805,-98.4795,179,"-98.502831,46.282701,0.0 -98.535823,46.282701,0.0 -98.557818,46.45701,0.0 -98.411003,46.442714,0.0 -98.411003,46.283251,0.0 -98.502831,46.282701,0.0"
BINFORD,58416,47.587,397,ND,141.09718,-98.3722,412,"-98.500082,47.672223,0.0 -98.461041,47.672223,0.0 -98.268587,47.672223,0.0 -98.243842,47.672223,0.0 -98.243842,47.503413,0.0 -98.500082,47.500114,0.0 -98.500082,47.586993,0.0 -98.500082,47.672223,0.0"
BOWDON,58418,47.419,352,ND,202.45812,-99.6903,397,"-99.500845,47.500664,0.0 -99.500845,47.326905,0.0 -99.86321,47.326905,0.0 -99.905,47.327455,0.0 -99.905,47.414334,0.0 -99.77743,47.414334,0.0 -99.77743,47.501213,0.0 -99.77743,47.573796,0.0 -99.52229,47.51551,0.0 -99.500845,47.500664,0.0"
BUCHANAN,58420,47.0631,285,ND,129.77082,-98.845,287,"-98.926231,46.979387,0.0 -99.10054,47.055819,0.0 -98.827255,47.153696,0.0 -98.67934,47.153146,0.0 -98.67934,47.106957,0.0 -98.67879,47.012379,0.0 -98.926231,46.979387,0.0"
CARRINGTON,58421,47.4368,3085,ND,385.89951,-99.0578,3129,"-98.840451,47.399487,0.0 -98.84815,47.326905,0.0 -99.22811,47.326905,0.0 -99.266051,47.327455,0.0 -99.266051,47.500664,0.0 -99.266051,47.587543,0.0 -98.883891,47.587543,0.0 -98.862446,47.500664,0.0 -98.840451,47.399487,0.0"
CATHAY,58422,47.592,117,ND,145.98452,-99.3915,245,"-99.266051,47.500664,0.0 -99.500845,47.500664,0.0 -99.52229,47.51551,0.0 -99.4794,47.672773,0.0 -99.425513,47.716762,0.0 -99.297393,47.672773,0.0 -99.266051,47.587543,0.0 -99.266051,47.500664,0.0"
CHASELEY,58423,47.4578,53,ND,36.08894,-99.8412,54,"-99.905,47.414334,0.0 -99.90555,47.501213,0.0 -99.77743,47.501213,0.0 -99.77743,47.414334,0.0 -99.905,47.414334,0.0"
CLEVELAND,58424,46.896,377,ND,203.01326,-99.0978,380,"-99.174772,46.731945,0.0 -99.195667,46.731945,0.0 -99.206665,47.022827,0.0 -99.18577,47.067366,0.0 -99.10054,47.055819,0.0 -98.926231,46.979387,0.0 -99.062599,46.805078,0.0 -98.987267,46.732495,0.0 -99.174772,46.731945,0.0"
COOPERSTOWN,58425,47.4506,1905,ND,468.8655,-98.2036,1953,"-97.986503,47.326355,0.0 -98.214699,47.326355,0.0 -98.215249,47.241125,0.0 -98.321924,47.240575,0.0 -98.46764,47.240575,0.0 -98.46709,47.326355,0.0 -98.374162,47.413784,0.0 -98.499532,47.413234,0.0 -98.500082,47.500114,0.0 -98.243842,47.503413,0.0 -98.243842,47.672223,0.0 -98.032692,47.672223,0.0 -97.984854,47.672223,0.0 -97.984854,47.586443,0.0 -97.985953,47.412684,0.0 -97.986503,47.326355,0.0"
COURTENAY,58426,47.2085,253,ND,126.94844,-98.5756,258,"-98.67934,47.153146,0.0 -98.59411,47.326905,0.0 -98.498982,47.326355,0.0 -98.46709,47.326355,0.0 -98.46764,47.240575,0.0 -98.570465,47.095409,0.0 -98.67934,47.106957,0.0 -98.67934,47.153146,0.0"
DAWSON,58428,46.8068,275,ND,144.35888,-99.764,283,"-99.698799,46.981036,0.0 -99.702098,46.632419,0.0 -99.828568,46.632419,0.0 -99.825269,46.981036,0.0 -99.698799,46.981036,0.0"
DAZEY,58429,47.1893,340,ND,122.18147,-98.1659,347,"-98.026644,47.152046,0.0 -98.028843,47.145997,0.0 -98.34062,47.167992,0.0 -98.321924,47.240575,0.0 -98.215249,47.241125,0.0 -97.961209,47.240575,0.0 -98.026644,47.152046,0.0"
DENHOFF,58430,47.5715,131,ND,126.22354,-100.263,134,"-100.160689,47.617236,0.0 -100.246469,47.5595,0.0 -100.161239,47.414334,0.0 -100.288809,47.414334,0.0 -100.287709,47.588643,0.0 -100.416379,47.588643,0.0 -100.416379,47.673873,0.0 -100.3273,47.673873,0.0 -100.198081,47.673873,0.0 -100.160689,47.617236,0.0"
DICKEY,58431,46.5165,170,ND,76.71475,-98.4808,171,"-98.557818,46.45701,0.0 -98.578713,46.529043,0.0 -98.578713,46.54389,0.0 -98.515478,46.601626,0.0 -98.369213,46.471307,0.0 -98.411003,46.442714,0.0 -98.557818,46.45701,0.0"
EDGELEY,58433,46.3187,1336,ND,372.9887,-98.7255,1302,"-99.003763,46.142485,0.0 -98.787114,46.282701,0.0 -98.892139,46.45701,0.0 -98.578713,46.529043,0.0 -98.557818,46.45701,0.0 -98.535823,46.282701,0.0 -98.629851,46.282701,0.0 -98.650746,46.112242,0.0 -99.003763,46.113891,0.0 -99.003763,46.142485,0.0"
ELLENDALE,58436,46.0663,2309,ND,280.24861,-98.5222,2247,"-98.715081,45.938483,0.0 -98.650746,46.112242,0.0 -98.629851,46.282701,0.0 -98.535823,46.282701,0.0 -98.502831,46.282701,0.0 -98.505031,46.111142,0.0 -98.25594,46.080899,0.0 -98.38241,45.936283,0.0 -98.715081,45.938483,0.0"
FESSENDEN,58438,47.6112,1073,ND,240.5445,-99.6853,932,"-99.90555,47.501213,0.0 -99.94844,47.602939,0.0 -99.668556,47.673323,0.0 -99.661957,47.760202,0.0 -99.4794,47.672773,0.0 -99.52229,47.51551,0.0 -99.77743,47.573796,0.0 -99.77743,47.501213,0.0 -99.90555,47.501213,0.0"
FORBES,58439,46.0309,243,ND,180.94689,-98.8459,246,"-98.715081,45.938483,0.0 -98.724429,45.939033,0.0 -99.005412,45.940132,0.0 -99.003763,46.113891,0.0 -98.650746,46.112242,0.0 -98.715081,45.938483,0.0"
FREDONIA,58440,46.2938,227,ND,208.14263,-99.1497,235,"-99.211064,46.142485,0.0 -99.267151,46.442714,0.0 -99.037305,46.399274,0.0 -99.065898,46.143584,0.0 -99.092842,46.055605,0.0 -99.211064,46.142485,0.0"
FULLERTON,58441,46.1866,307,ND,159.23081,-98.3745,331,"-98.251541,46.282701,0.0 -98.25594,46.080899,0.0 -98.505031,46.111142,0.0 -98.502831,46.282701,0.0 -98.411003,46.283251,0.0 -98.251541,46.282701,0.0"
GACKLE,58442,46.5451,530,ND,242.00131,-99.2102,547,"-99.455756,46.442714,0.0 -99.455756,46.471307,0.0 -99.455206,46.529043,0.0 -99.218212,46.630769,0.0 -99.300693,46.732495,0.0 -99.195667,46.731945,0.0 -99.174772,46.731945,0.0 -99.036755,46.630219,0.0 -99.037305,46.45701,0.0 -99.037305,46.399274,0.0 -99.267151,46.442714,0.0 -99.455756,46.442714,0.0"
GLENFIELD,58443,47.4551,356,ND,177.18964,-98.6648,366,"-98.59411,47.326905,0.0 -98.840451,47.399487,0.0 -98.862446,47.500664,0.0 -98.756321,47.587543,0.0 -98.628202,47.586993,0.0 -98.628202,47.501763,0.0 -98.500082,47.500114,0.0 -98.499532,47.413234,0.0 -98.498982,47.326355,0.0 -98.59411,47.326905,0.0"
GOODRICH,58444,47.4658,260,ND,130.42948,-100.112,267,"-100.220075,47.326905,0.0 -100.161239,47.414334,0.0 -100.246469,47.5595,0.0 -100.160689,47.617236,0.0 -100.033119,47.588093,0.0 -100.033119,47.327455,0.0 -100.113401,47.326905,0.0 -100.220075,47.326905,0.0"
GRACE CITY,58445,47.5439,113,ND,35.92871,-98.8198,117,"-98.883891,47.587543,0.0 -98.756321,47.587543,0.0 -98.862446,47.500664,0.0 -98.883891,47.587543,0.0"
HANNAFORD,58448,47.2836,296,ND,70.39463,-98.0879,308,"-98.215249,47.241125,0.0 -98.214699,47.326355,0.0 -97.986503,47.326355,0.0 -97.961209,47.240575,0.0 -98.215249,47.241125,0.0"
HURDSFIELD,58451,47.453,179,ND,100.56043,-99.975,204,"-99.905,47.327455,0.0 -100.033119,47.327455,0.0 -100.033119,47.588093,0.0 -100.03257,47.602939,0.0 -99.94844,47.602939,0.0 -99.90555,47.501213,0.0 -99.905,47.414334,0.0 -99.905,47.327455,0.0"
JUD,58454,46.5938,397,ND,240.24971,-98.9327,405,"-99.174772,46.731945,0.0 -98.987267,46.732495,0.0 -98.881692,46.703352,0.0 -98.578713,46.54389,0.0 -98.578713,46.529043,0.0 -98.892139,46.45701,0.0 -99.037305,46.45701,0.0 -99.036755,46.630219,0.0 -99.174772,46.731945,0.0"
KENSAL,58455,47.2873,353,ND,162.31508,-98.7342,360,"-98.67934,47.153146,0.0 -98.827255,47.153696,0.0 -98.84815,47.326905,0.0 -98.840451,47.399487,0.0 -98.59411,47.326905,0.0 -98.67934,47.153146,0.0"
KULM,58456,46.303,579,ND,204.0335,-98.9451,639,"-99.065898,46.143584,0.0 -99.037305,46.399274,0.0 -99.037305,46.45701,0.0 -98.892139,46.45701,0.0 -98.787114,46.282701,0.0 -99.003763,46.142485,0.0 -99.065898,46.143584,0.0"
LAMOURE,58458,46.3748,1432,ND,157.25515,-98.2776,1445,"-98.411003,46.283251,0.0 -98.411003,46.442714,0.0 -98.369213,46.471307,0.0 -98.222398,46.486153,0.0 -98.159712,46.486153,0.0 -98.139367,46.282701,0.0 -98.251541,46.282701,0.0 -98.411003,46.283251,0.0"
LEHR,58460,46.2883,284,ND,234.30875,-99.3529,295,"-99.211064,46.142485,0.0 -99.44036,46.157331,0.0 -99.431562,46.257957,0.0 -99.560231,46.283251,0.0 -99.455756,46.442714,0.0 -99.267151,46.442714,0.0 -99.211064,46.142485,0.0"
LITCHVILLE,58461,46.6447,523,ND,223.94645,-98.183,534,"-98.222398,46.486153,0.0 -98.312026,46.776485,0.0 -98.185556,46.805078,0.0 -98.081081,46.762738,0.0 -98.144866,46.659912,0.0 -98.033792,46.58678,0.0 -98.034342,46.485604,0.0 -98.159712,46.486153,0.0 -98.222398,46.486153,0.0"
MCCLUSKY,58463,47.4795,798,ND,433.25034,-100.469,807,"-100.430676,47.327455,0.0 -100.673168,47.327455,0.0 -100.673168,47.414884,0.0 -100.673168,47.501763,0.0 -100.672618,47.673873,0.0 -100.585189,47.673873,0.0 -100.456519,47.679921,0.0 -100.416379,47.673873,0.0 -100.416379,47.588643,0.0 -100.287709,47.588643,0.0 -100.288809,47.414334,0.0 -100.161239,47.414334,0.0 -100.220075,47.326905,0.0 -100.430676,47.327455,0.0"
MCHENRY,58464,47.5444,134,ND,38.06675,-98.5687,138,"-98.628202,47.586993,0.0 -98.500082,47.586993,0.0 -98.500082,47.500114,0.0 -98.628202,47.501763,0.0 -98.628202,47.586993,0.0"
MARION,58466,46.6172,399,ND,155.18262,-98.3598,407,"-98.222398,46.486153,0.0 -98.369213,46.471307,0.0 -98.515478,46.601626,0.0 -98.439046,46.689055,0.0 -98.396156,46.805078,0.0 -98.332921,46.805628,0.0 -98.312026,46.776485,0.0 -98.222398,46.486153,0.0"
MEDINA,58467,46.874,629,ND,197.77252,-99.3117,634,"-99.195667,46.731945,0.0 -99.300693,46.732495,0.0 -99.447508,46.791331,0.0 -99.446408,46.981036,0.0 -99.206665,47.022827,0.0 -99.195667,46.731945,0.0"
MONTPELIER,58472,46.6456,477,ND,175.35322,-98.6649,480,"-98.881692,46.703352,0.0 -98.691437,46.717649,0.0 -98.439046,46.689055,0.0 -98.515478,46.601626,0.0 -98.578713,46.54389,0.0 -98.881692,46.703352,0.0"
OAKES,58474,46.102,2790,ND,343.27139,-98.1294,2795,"-98.25594,46.080899,0.0 -98.251541,46.282701,0.0 -98.139367,46.282701,0.0 -98.006299,46.282701,0.0 -97.903473,46.196372,0.0 -97.882578,46.196372,0.0 -98.007948,45.936283,0.0 -98.352167,45.936283,0.0 -98.38241,45.936283,0.0 -98.25594,46.080899,0.0"
PETTIBONE,58475,47.1341,181,ND,103.51374,-99.5483,188,"-99.48105,47.023926,0.0 -99.671855,47.067366,0.0 -99.60807,47.241125,0.0 -99.48105,47.269718,0.0 -99.48105,47.023926,0.0"
PINGREE,58476,47.1829,310,ND,252.474,-99.0261,317,"-99.10054,47.055819,0.0 -99.18577,47.067366,0.0 -99.22811,47.326905,0.0 -98.84815,47.326905,0.0 -98.827255,47.153696,0.0 -99.10054,47.055819,0.0"
REGAN,58477,47.2013,159,ND,156.43739,-100.515,160,"-100.430676,47.327455,0.0 -100.41033,47.011279,0.0 -100.474115,46.982136,0.0 -100.45322,47.066816,0.0 -100.62258,47.084412,0.0 -100.53955,47.156445,0.0 -100.674268,47.327455,0.0 -100.673168,47.327455,0.0 -100.430676,47.327455,0.0"
ROBINSON,58478,47.1605,268,ND,328.48078,-99.7094,281,"-99.825269,46.981036,0.0 -99.86211,47.067916,0.0 -99.86321,47.326905,0.0 -99.500845,47.326905,0.0 -99.4805,47.327455,0.0 -99.48105,47.269718,0.0 -99.60807,47.241125,0.0 -99.671855,47.067366,0.0 -99.48105,47.023926,0.0 -99.48105,46.980487,0.0 -99.698799,46.981036,0.0 -99.825269,46.981036,0.0"
ROGERS,58479,47.0955,251,ND,82.13527,-98.1827,255,"-98.17126,47.023376,0.0 -98.34062,47.066816,0.0 -98.34062,47.167992,0.0 -98.028843,47.145997,0.0 -98.17126,47.023376,0.0"
SANBORN,58480,46.9444,375,ND,128.74819,-98.2658,380,"-98.185556,46.805078,0.0 -98.312026,46.776485,0.0 -98.332921,46.805628,0.0 -98.291131,46.979387,0.0 -98.403855,47.00853,0.0 -98.34062,47.066816,0.0 -98.17126,47.023376,0.0 -98.185556,46.805078,0.0"
SPIRITWOOD,58481,46.9321,265,ND,120.59851,-98.4307,266,"-98.396156,46.805078,0.0 -98.439046,46.834221,0.0 -98.439596,46.934847,0.0 -98.615555,46.979387,0.0 -98.530875,47.037673,0.0 -98.403855,47.00853,0.0 -98.291131,46.979387,0.0 -98.332921,46.805628,0.0 -98.396156,46.805078,0.0"
STEELE,58482,46.8385,1130,ND,336.61786,-99.9536,1148,"-99.828568,46.632419,0.0 -99.852762,46.632419,0.0 -100.042467,46.633519,0.0 -100.079858,46.720398,0.0 -100.1145,46.995883,0.0 -99.86211,47.067916,0.0 -99.825269,46.981036,0.0 -99.828568,46.632419,0.0"
STREETER,58483,46.6536,362,ND,139.32533,-99.3657,368,"-99.455206,46.529043,0.0 -99.496996,46.631869,0.0 -99.447508,46.791331,0.0 -99.300693,46.732495,0.0 -99.218212,46.630769,0.0 -99.455206,46.529043,0.0"
SUTTON,58484,47.3699,78,ND,35.72402,-98.4361,81,"-98.46709,47.326355,0.0 -98.498982,47.326355,0.0 -98.499532,47.413234,0.0 -98.374162,47.413784,0.0 -98.46709,47.326355,0.0"
SYKESTON,58486,47.4075,357,ND,151.63692,-99.3924,366,"-99.500845,47.500664,0.0 -99.266051,47.500664,0.0 -99.266051,47.327455,0.0 -99.4805,47.327455,0.0 -99.500845,47.326905,0.0 -99.500845,47.500664,0.0"
TAPPEN,58487,46.8063,516,ND,289.09895,-99.5742,531,"-99.698799,46.981036,0.0 -99.48105,46.980487,0.0 -99.446408,46.981036,0.0 -99.447508,46.791331,0.0 -99.496996,46.631869,0.0 -99.702098,46.632419,0.0 -99.698799,46.981036,0.0"
TUTTLE,58488,47.1831,314,ND,232.94348,-99.9947,329,"-99.86211,47.067916,0.0 -100.1145,46.995883,0.0 -100.113401,47.326905,0.0 -100.033119,47.327455,0.0 -99.905,47.327455,0.0 -99.86321,47.326905,0.0 -99.86211,47.067916,0.0"
VENTURIA,58489,46.024,144,ND,104.86609,-99.6289,150,"-99.505244,45.940682,0.0 -99.671855,45.941232,0.0 -99.753236,46.100145,0.0 -99.545385,46.100145,0.0 -99.505244,45.940682,0.0"
VERONA,58490,46.3737,304,ND,108.44214,-98.0677,311,"-98.006299,46.282701,0.0 -98.139367,46.282701,0.0 -98.159712,46.486153,0.0 -98.034342,46.485604,0.0 -97.951312,46.282701,0.0 -98.006299,46.282701,0.0"
WIMBLEDON,58492,47.1198,507,ND,122.46145,-98.4374,515,"-98.570465,47.095409,0.0 -98.46764,47.240575,0.0 -98.321924,47.240575,0.0 -98.34062,47.167992,0.0 -98.34062,47.066816,0.0 -98.403855,47.00853,0.0 -98.530875,47.037673,0.0 -98.570465,47.095409,0.0"
WING,58494,47.1581,366,ND,336.12637,-100.274,368,"-100.1145,46.995883,0.0 -100.24152,46.982136,0.0 -100.41033,47.011279,0.0 -100.430676,47.327455,0.0 -100.220075,47.326905,0.0 -100.113401,47.326905,0.0 -100.1145,46.995883,0.0"
WISHEK,58495,46.2543,1500,ND,340.27013,-99.6334,1533,"-99.753236,46.100145,0.0 -99.879156,46.158981,0.0 -99.878606,46.188124,0.0 -99.878606,46.282701,0.0 -99.854412,46.297548,0.0 -99.707596,46.282701,0.0 -99.664707,46.45701,0.0 -99.455756,46.471307,0.0 -99.455756,46.442714,0.0 -99.560231,46.283251,0.0 -99.431562,46.257957,0.0 -99.44036,46.157331,0.0 -99.545385,46.100145,0.0 -99.753236,46.100145,0.0"
WOODWORTH,58496,47.1535,246,ND,294.12455,-99.3404,251,"-99.48105,46.980487,0.0 -99.48105,47.023926,0.0 -99.48105,47.269718,0.0 -99.4805,47.327455,0.0 -99.266051,47.327455,0.0 -99.22811,47.326905,0.0 -99.18577,47.067366,0.0 -99.206665,47.022827,0.0 -99.446408,46.981036,0.0 -99.48105,46.980487,0.0"
YPSILANTI,58497,46.7646,357,ND,101.17198,-98.5402,355,"-98.439046,46.689055,0.0 -98.691437,46.717649,0.0 -98.691437,46.819375,0.0 -98.439046,46.834221,0.0 -98.396156,46.805078,0.0 -98.439046,46.689055,0.0"
BISMARCK,58501,46.8185,27354,ND,23.3119,-100.707,27294,"-100.62533,46.83697,0.0 -100.62533,46.794081,0.0 -100.816684,46.808927,0.0 -100.829331,46.823224,0.0 -100.62533,46.83697,0.0"
BISMARCK,58504,46.726,22638,ND,119.40006,-100.656,22544,"-100.816684,46.808927,0.0 -100.62533,46.794081,0.0 -100.520304,46.807827,0.0 -100.585189,46.692905,0.0 -100.459269,46.648915,0.0 -100.459269,46.634068,0.0 -100.596736,46.635168,0.0 -100.601135,46.635168,0.0 -100.625879,46.634618,0.0 -100.629728,46.634618,0.0 -100.647324,46.634618,0.0 -100.816684,46.808927,0.0"
ALMONT,58520,46.699,235,ND,146.63809,-101.565,236,"-101.657436,46.814426,0.0 -101.34126,46.630219,0.0 -101.634341,46.630769,0.0 -101.718471,46.659912,0.0 -101.657436,46.814426,0.0"
BALDWIN,58521,47.0213,389,ND,125.58699,-100.691,392,"-100.474115,46.982136,0.0 -100.480714,46.982136,0.0 -100.601135,46.982686,0.0 -100.899165,46.998082,0.0 -100.934906,47.099258,0.0 -100.62258,47.084412,0.0 -100.45322,47.066816,0.0 -100.474115,46.982136,0.0"
BEULAH,58523,47.2433,4006,ND,599.7044,-101.971,4109,"-101.692077,47.241125,0.0 -101.76466,46.981586,0.0 -101.907626,46.981586,0.0 -102.14462,46.981036,0.0 -102.14462,47.01018,0.0 -102.14462,47.130601,0.0 -102.14462,47.274117,0.0 -101.980209,47.270268,0.0 -101.874634,47.269718,0.0 -101.886731,47.444027,0.0 -102.012102,47.42973,0.0 -102.014851,47.328004,0.0 -102.14462,47.328004,0.0 -102.205656,47.328554,0.0 -102.205656,47.563899,0.0 -101.780057,47.479769,0.0 -101.692077,47.241125,0.0"
BRADDOCK,58524,46.5589,317,ND,302.93209,-100.277,293,"-100.043567,46.45866,0.0 -100.168937,46.45866,0.0 -100.168388,46.545539,0.0 -100.293758,46.546089,0.0 -100.294308,46.45866,0.0 -100.578591,46.448212,0.0 -100.596736,46.635168,0.0 -100.459269,46.634068,0.0 -100.144193,46.633519,0.0 -100.150242,46.720398,0.0 -100.079858,46.720398,0.0 -100.042467,46.633519,0.0 -99.916547,46.50155,0.0 -100.043567,46.45866,0.0"
CANNON BALL,58528,46.3762,0,ND,31.72592,-100.636,0,"-100.584089,46.298648,0.0 -100.720457,46.379479,0.0 -100.593437,46.428417,0.0 -100.584089,46.298648,0.0"
CARSON,58529,46.3163,857,ND,525.003,-101.524,878,"-101.302769,46.284351,0.0 -101.333562,46.091347,0.0 -101.624993,46.03636,0.0 -101.708024,46.180976,0.0 -101.634341,46.630769,0.0 -101.34126,46.630219,0.0 -101.29892,46.624721,0.0 -101.29892,46.617022,0.0 -101.463881,46.574133,0.0 -101.424291,46.371231,0.0 -101.417142,46.24806,0.0 -101.302769,46.284351,0.0"
CENTER,58530,47.1142,2010,ND,722.68354,-101.344,2047,"-101.717371,46.981036,0.0 -101.76466,46.981586,0.0 -101.692077,47.241125,0.0 -101.500723,47.241125,0.0 -101.25713,47.26202,0.0 -100.989893,47.255422,0.0 -100.938755,46.982686,0.0 -101.240634,46.981036,0.0 -101.717371,46.981036,0.0"
COLEHARBOR,58531,47.4991,168,ND,69.07347,-101.25,172,"-101.184547,47.578195,0.0 -101.185097,47.415984,0.0 -101.313217,47.415434,0.0 -101.313217,47.547403,0.0 -101.261529,47.589193,0.0 -101.25988,47.589193,0.0 -101.184547,47.578195,0.0"
DRISCOLL,58532,46.8587,221,ND,119.90693,-100.146,223,"-100.150242,46.720398,0.0 -100.206329,46.720398,0.0 -100.24152,46.982136,0.0 -100.1145,46.995883,0.0 -100.079858,46.720398,0.0 -100.150242,46.720398,0.0"
ELGIN,58533,46.4063,981,ND,346.24722,-101.781,1044,"-101.708024,46.180976,0.0 -101.874084,46.11829,0.0 -101.943918,46.569734,0.0 -101.8092,46.602726,0.0 -101.718471,46.659912,0.0 -101.634341,46.630769,0.0 -101.708024,46.180976,0.0"
FLASHER,58535,46.4894,632,ND,320.626,-101.241,642,"-101.13231,46.371231,0.0 -101.29892,46.371231,0.0 -101.424291,46.371231,0.0 -101.463881,46.574133,0.0 -101.29892,46.617022,0.0 -101.120213,46.631319,0.0 -101.007489,46.631869,0.0 -101.09052,46.545539,0.0 -100.925559,46.45866,0.0 -101.13231,46.371231,0.0"
FORT YATES,58538,46.0521,2303,ND,167.31746,-100.72,2301,"-100.811186,45.943432,0.0 -100.859574,46.189773,0.0 -100.652823,46.16063,0.0 -100.528552,45.943432,0.0 -100.70836,45.943982,0.0 -100.811186,45.943432,0.0"
GARRISON,58540,47.6852,1892,ND,181.67153,-101.326,1934,"-101.25988,47.589193,0.0 -101.261529,47.589193,0.0 -101.541963,47.617236,0.0 -101.485876,47.761302,0.0 -101.099867,47.761302,0.0 -101.100417,47.674423,0.0 -101.108665,47.674423,0.0 -101.25988,47.589193,0.0"
GOLDEN VALLEY,58541,47.3017,176,ND,34.74066,-102.066,183,"-102.014851,47.328004,0.0 -101.980209,47.270268,0.0 -102.14462,47.274117,0.0 -102.14462,47.280716,0.0 -102.14462,47.328004,0.0 -102.014851,47.328004,0.0"
HAGUE,58542,46.0722,211,ND,107.65704,-99.9418,227,"-99.879156,46.158981,0.0 -99.880256,45.941782,0.0 -100.005626,45.941782,0.0 -100.003976,46.188124,0.0 -99.878606,46.188124,0.0 -99.879156,46.158981,0.0"
HAZELTON,58544,46.5023,301,ND,36.05942,-100.231,307,"-100.168937,46.45866,0.0 -100.294308,46.45866,0.0 -100.293758,46.546089,0.0 -100.168388,46.545539,0.0 -100.168937,46.45866,0.0"
HAZEN,58545,47.3954,3571,ND,280.94108,-101.6,3663,"-101.362705,47.355498,0.0 -101.533715,47.339552,0.0 -101.500723,47.241125,0.0 -101.692077,47.241125,0.0 -101.780057,47.479769,0.0 -101.411644,47.499014,0.0 -101.42759,47.488566,0.0 -101.362705,47.355498,0.0"
KINTYRE,58549,46.4769,176,ND,155.92865,-99.926,247,"-99.878606,46.282701,0.0 -100.043567,46.45866,0.0 -99.916547,46.50155,0.0 -100.042467,46.633519,0.0 -99.852762,46.632419,0.0 -99.854412,46.297548,0.0 -99.878606,46.282701,0.0"
LINTON,58552,46.3071,2106,ND,590.87348,-100.266,2175,"-100.003976,46.188124,0.0 -100.355893,46.20352,0.0 -100.592887,46.0754,0.0 -100.578591,46.448212,0.0 -100.294308,46.45866,0.0 -100.168937,46.45866,0.0 -100.043567,46.45866,0.0 -99.878606,46.282701,0.0 -99.878606,46.188124,0.0 -100.003976,46.188124,0.0"
MANDAN,58554,46.7241,20347,ND,588.58424,-100.955,20231,"-100.593437,46.428417,0.0 -100.720457,46.379479,0.0 -100.819434,46.544989,0.0 -100.838129,46.67036,0.0 -101.120213,46.631319,0.0 -101.29892,46.617022,0.0 -101.29892,46.624721,0.0 -101.194445,46.7105,0.0 -101.240634,46.981036,0.0 -100.938755,46.982686,0.0 -100.813935,46.708851,0.0 -100.647324,46.675859,0.0 -100.593437,46.428417,0.0"
MENOKEN,58558,46.8412,598,ND,128.12526,-100.523,591,"-100.458169,46.735794,0.0 -100.458169,46.721498,0.0 -100.459269,46.648915,0.0 -100.585189,46.692905,0.0 -100.520304,46.807827,0.0 -100.62533,46.794081,0.0 -100.62533,46.83697,0.0 -100.601135,46.982686,0.0 -100.480714,46.982136,0.0 -100.457069,46.808377,0.0 -100.458169,46.735794,0.0"
MERCER,58559,47.4596,116,ND,37.07846,-100.737,122,"-100.673168,47.414884,0.0 -100.801288,47.414334,0.0 -100.800738,47.501763,0.0 -100.673168,47.501763,0.0 -100.673168,47.414884,0.0"
MOFFIT,58560,46.6768,168,ND,84.54483,-100.311,168,"-100.459269,46.648915,0.0 -100.458169,46.721498,0.0 -100.206329,46.720398,0.0 -100.150242,46.720398,0.0 -100.144193,46.633519,0.0 -100.459269,46.634068,0.0 -100.459269,46.648915,0.0"
NAPOLEON,58561,46.4946,1198,ND,316.5648,-99.6881,1211,"-99.455756,46.471307,0.0 -99.664707,46.45701,0.0 -99.707596,46.282701,0.0 -99.854412,46.297548,0.0 -99.852762,46.632419,0.0 -99.828568,46.632419,0.0 -99.702098,46.632419,0.0 -99.496996,46.631869,0.0 -99.455206,46.529043,0.0 -99.455756,46.471307,0.0"
NEW LEIPZIG,58562,46.3211,616,ND,424.60086,-101.917,582,"-101.998355,46.053406,0.0 -101.997805,46.20572,0.0 -102.151769,46.33164,0.0 -102.047293,46.370681,0.0 -102.096782,46.631319,0.0 -102.096232,46.689055,0.0 -102.033547,46.703352,0.0 -101.8092,46.602726,0.0 -101.943918,46.569734,0.0 -101.874084,46.11829,0.0 -101.708024,46.180976,0.0 -101.624993,46.03636,0.0 -101.998355,46.053406,0.0"
NEW SALEM,58563,46.8476,1741,ND,389.8223,-101.431,1745,"-101.29892,46.624721,0.0 -101.34126,46.630219,0.0 -101.657436,46.814426,0.0 -101.717371,46.981036,0.0 -101.240634,46.981036,0.0 -101.194445,46.7105,0.0 -101.29892,46.624721,0.0"
RALEIGH,58564,46.3175,76,ND,44.32657,-101.363,78,"-101.424291,46.371231,0.0 -101.29892,46.371231,0.0 -101.302769,46.284351,0.0 -101.417142,46.24806,0.0 -101.424291,46.371231,0.0"
RIVERDALE,58565,47.6322,57,ND,24.68722,-101.106,58,"-101.056977,47.589193,0.0 -101.105916,47.589193,0.0 -101.188396,47.621635,0.0 -101.108665,47.674423,0.0 -101.100417,47.674423,0.0 -101.056428,47.674423,0.0 -101.056977,47.589193,0.0"
SAINT ANTHONY,58566,46.5981,208,ND,102.0139,-100.95,209,"-100.819434,46.544989,0.0 -101.09052,46.545539,0.0 -101.007489,46.631869,0.0 -101.120213,46.631319,0.0 -100.838129,46.67036,0.0 -100.819434,46.544989,0.0"
SELFRIDGE,58568,46.0398,535,ND,616.72536,-101.276,543,"-101.998905,45.944531,0.0 -101.998355,46.053406,0.0 -101.624993,46.03636,0.0 -101.333562,46.091347,0.0 -101.114714,46.218917,0.0 -100.859574,46.189773,0.0 -100.811186,45.943432,0.0 -101.205442,45.943982,0.0 -101.451784,45.943982,0.0 -101.576055,45.944531,0.0 -101.824046,45.944531,0.0 -101.998905,45.944531,0.0"
SHIELDS,58569,46.2648,120,ND,160.15512,-101.203,124,"-101.302769,46.284351,0.0 -101.29892,46.371231,0.0 -101.13231,46.371231,0.0 -101.025635,46.284351,0.0 -101.114714,46.218917,0.0 -101.333562,46.091347,0.0 -101.302769,46.284351,0.0"
SOLEN,58570,46.3333,1461,ND,429.70166,-100.856,1444,"-101.114714,46.218917,0.0 -101.025635,46.284351,0.0 -101.13231,46.371231,0.0 -100.925559,46.45866,0.0 -101.09052,46.545539,0.0 -100.819434,46.544989,0.0 -100.720457,46.379479,0.0 -100.584089,46.298648,0.0 -100.652823,46.16063,0.0 -100.859574,46.189773,0.0 -101.114714,46.218917,0.0"
STANTON,58571,47.2892,437,ND,65.08753,-101.411,458,"-101.500723,47.241125,0.0 -101.533715,47.339552,0.0 -101.362705,47.355498,0.0 -101.25713,47.26202,0.0 -101.500723,47.241125,0.0"
STERLING,58572,46.8608,286,ND,216.16972,-100.331,413,"-100.458169,46.735794,0.0 -100.457069,46.808377,0.0 -100.480714,46.982136,0.0 -100.474115,46.982136,0.0 -100.41033,47.011279,0.0 -100.24152,46.982136,0.0 -100.206329,46.720398,0.0 -100.458169,46.721498,0.0 -100.458169,46.735794,0.0"
STRASBURG,58573,46.0639,1244,ND,413.46698,-100.257,1187,"-100.005626,45.941782,0.0 -100.212927,45.942882,0.0 -100.464767,45.943432,0.0 -100.592887,46.0754,0.0 -100.355893,46.20352,0.0 -100.003976,46.188124,0.0 -100.005626,45.941782,0.0"
TURTLE LAKE,58575,47.5885,882,ND,212.97098,-100.865,901,"-100.673168,47.501763,0.0 -100.800738,47.501763,0.0 -101.036082,47.501763,0.0 -101.056977,47.589193,0.0 -101.056428,47.674423,0.0 -100.971748,47.674423,0.0 -100.714408,47.674423,0.0 -100.672618,47.673873,0.0 -100.673168,47.501763,0.0"
UNDERWOOD,58576,47.4463,1336,ND,177.42544,-101.201,1369,"-101.105916,47.589193,0.0 -101.056977,47.589193,0.0 -101.036082,47.501763,0.0 -101.056977,47.328004,0.0 -101.366004,47.371444,0.0 -101.42759,47.488566,0.0 -101.411644,47.499014,0.0 -101.313217,47.547403,0.0 -101.313217,47.415434,0.0 -101.185097,47.415984,0.0 -101.184547,47.578195,0.0 -101.105916,47.589193,0.0"
WASHBURN,58577,47.3711,1793,ND,271.76375,-100.975,1821,"-100.674268,47.327455,0.0 -100.986594,47.26202,0.0 -101.21644,47.251572,0.0 -101.366004,47.371444,0.0 -101.056977,47.328004,0.0 -101.036082,47.501763,0.0 -100.800738,47.501763,0.0 -100.801288,47.414334,0.0 -100.673168,47.414884,0.0 -100.673168,47.327455,0.0 -100.674268,47.327455,0.0"
WILTON,58579,47.1893,1445,ND,283.02378,-100.77,1444,"-100.62258,47.084412,0.0 -100.934906,47.099258,0.0 -100.986594,47.26202,0.0 -100.674268,47.327455,0.0 -100.53955,47.156445,0.0 -100.62258,47.084412,0.0"
ZAP,58580,47.3521,223,ND,64.67828,-101.943,231,"-101.980209,47.270268,0.0 -102.014851,47.328004,0.0 -102.012102,47.42973,0.0 -101.886731,47.444027,0.0 -101.874634,47.269718,0.0 -101.980209,47.270268,0.0"
ZEELAND,58581,46.0354,294,ND,103.20798,-99.8028,306,"-99.671855,45.941232,0.0 -99.821969,45.941232,0.0 -99.880256,45.941782,0.0 -99.879156,46.158981,0.0 -99.753236,46.100145,0.0 -99.671855,45.941232,0.0"
DICKINSON,58601,46.8693,18929,ND,495.68112,-102.801,19162,"-102.559222,46.981036,0.0 -102.664248,46.904604,0.0 -102.560872,46.687956,0.0 -102.663698,46.629669,0.0 -102.956778,46.717099,0.0 -102.936433,46.847418,0.0 -103.083798,46.890858,0.0 -103.03541,46.980487,0.0 -103.03266,47.038223,0.0 -102.48334,47.01018,0.0 -102.559222,46.981036,0.0"
AMIDON,58620,46.4603,538,ND,902.15916,-103.32,549,"-103.676008,46.280502,0.0 -103.675459,46.534542,0.0 -103.800829,46.540591,0.0 -103.800829,46.629669,0.0 -103.609474,46.629669,0.0 -103.231713,46.629669,0.0 -103.084348,46.630219,0.0 -103.021113,46.630219,0.0 -102.928185,46.630219,0.0 -102.924336,46.281602,0.0 -102.995269,46.280502,0.0 -103.24491,46.279952,0.0 -103.618822,46.279952,0.0 -103.676008,46.280502,0.0"
BEACH,58621,47.0963,1446,ND,548.98922,-103.878,1470,"-103.860765,46.803428,0.0 -104.045521,46.745692,0.0 -104.045521,47.330204,0.0 -103.666661,47.329104,0.0 -103.66721,46.979937,0.0 -103.860215,46.979387,0.0 -103.860765,46.803428,0.0"
BELFIELD,58622,46.8068,1202,ND,159.69443,-103.16,1222,"-103.231713,46.629669,0.0 -103.231713,46.897456,0.0 -103.231164,46.980487,0.0 -103.03541,46.980487,0.0 -103.083798,46.890858,0.0 -103.084348,46.630219,0.0 -103.231713,46.629669,0.0"
BOWMAN,58623,46.1127,2214,ND,414.93704,-103.432,2222,"-103.24491,46.279952,0.0 -103.24491,45.945081,0.0 -103.577032,45.945081,0.0 -103.618272,45.945081,0.0 -103.618822,46.279952,0.0 -103.24491,46.279952,0.0"
DODGE,58625,47.2993,138,ND,12.18938,-102.178,140,"-102.14462,47.280716,0.0 -102.205656,47.328554,0.0 -102.14462,47.328004,0.0 -102.14462,47.280716,0.0"
DUNN CENTER,58626,47.3511,222,ND,144.42169,-102.565,226,"-102.502586,47.507812,0.0 -102.536128,47.17734,0.0 -102.631255,47.191087,0.0 -102.640603,47.532006,0.0 -102.502586,47.507812,0.0"
FAIRFIELD,58627,47.131,516,ND,808.92655,-103.355,545,"-103.609474,46.940896,0.0 -103.66721,46.979937,0.0 -103.666661,47.329104,0.0 -103.656763,47.329104,0.0 -103.099195,47.328554,0.0 -103.03266,47.249923,0.0 -103.03266,47.038223,0.0 -103.03541,46.980487,0.0 -103.231164,46.980487,0.0 -103.231713,46.897456,0.0 -103.609474,46.940896,0.0"
GLADSTONE,58630,46.8307,473,ND,103.7459,-102.571,476,"-102.475642,46.730296,0.0 -102.560872,46.687956,0.0 -102.664248,46.904604,0.0 -102.559222,46.981036,0.0 -102.475642,46.730296,0.0"
GLEN ULLIN,58631,46.8004,1198,ND,270.642,-101.827,1204,"-101.718471,46.659912,0.0 -101.8092,46.602726,0.0 -102.033547,46.703352,0.0 -101.895529,46.826523,0.0 -101.907626,46.981586,0.0 -101.76466,46.981586,0.0 -101.717371,46.981036,0.0 -101.657436,46.814426,0.0 -101.718471,46.659912,0.0"
GOLVA,58632,46.6563,284,ND,165.97159,-103.936,282,"-103.800829,46.540591,0.0 -104.044971,46.54114,0.0 -104.045521,46.641217,0.0 -104.045521,46.745692,0.0 -103.860765,46.803428,0.0 -103.800829,46.629669,0.0 -103.800829,46.540591,0.0"
GRASSY BUTTE,58634,47.4481,207,ND,401.49658,-103.348,213,"-103.099195,47.583694,0.0 -103.099195,47.328554,0.0 -103.656763,47.329104,0.0 -103.619922,47.513311,0.0 -103.444513,47.561149,0.0 -103.099195,47.583694,0.0"
HALLIDAY,58636,47.3429,820,ND,430.01515,-102.336,825,"-102.205656,47.563899,0.0 -102.205656,47.328554,0.0 -102.14462,47.280716,0.0 -102.14462,47.274117,0.0 -102.14462,47.130601,0.0 -102.536128,47.17734,0.0 -102.502586,47.507812,0.0 -102.205656,47.563899,0.0"
HEBRON,58638,46.8664,979,ND,162.9113,-102.026,988,"-102.096232,46.689055,0.0 -102.14462,46.981036,0.0 -101.907626,46.981586,0.0 -101.895529,46.826523,0.0 -102.033547,46.703352,0.0 -102.096232,46.689055,0.0"
HETTINGER,58639,46.0942,2229,ND,850.27361,-102.462,2300,"-102.870449,45.945081,0.0 -102.870999,46.281602,0.0 -102.674145,46.282701,0.0 -102.548225,46.282701,0.0 -101.997805,46.20572,0.0 -101.998355,46.053406,0.0 -101.998905,45.944531,0.0 -102.000554,45.944531,0.0 -102.56967,45.945081,0.0 -102.870449,45.945081,0.0"
KILLDEER,58640,47.5109,1511,ND,859.17999,-102.761,1523,"-103.099195,47.328554,0.0 -103.099195,47.583694,0.0 -103.085998,47.674972,0.0 -102.784119,47.674423,0.0 -102.642803,47.673873,0.0 -102.642253,47.799793,0.0 -102.27384,47.68652,0.0 -102.499836,47.593592,0.0 -102.444849,47.51771,0.0 -102.640603,47.532006,0.0 -102.631255,47.191087,0.0 -103.03266,47.249923,0.0 -103.099195,47.328554,0.0"
LEFOR,58641,46.6679,65,ND,82.34711,-102.475,105,"-102.560872,46.687956,0.0 -102.475642,46.730296,0.0 -102.432752,46.702252,0.0 -102.306832,46.729746,0.0 -102.31453,46.630769,0.0 -102.550974,46.629669,0.0 -102.663698,46.629669,0.0 -102.560872,46.687956,0.0"
MANNING,58642,47.1158,592,ND,457.25456,-102.642,600,"-102.14462,47.01018,0.0 -102.39866,47.01018,0.0 -102.48334,47.01018,0.0 -103.03266,47.038223,0.0 -103.03266,47.249923,0.0 -102.631255,47.191087,0.0 -102.536128,47.17734,0.0 -102.14462,47.130601,0.0 -102.14462,47.01018,0.0"
MARMARTH,58643,46.41,213,ND,316.34692,-103.861,218,"-103.676008,46.280502,0.0 -104.045521,46.279952,0.0 -104.044971,46.54114,0.0 -103.800829,46.540591,0.0 -103.675459,46.534542,0.0 -103.676008,46.280502,0.0"
MEDORA,58645,46.771,327,ND,362.61844,-103.437,345,"-103.609474,46.629669,0.0 -103.609474,46.940896,0.0 -103.231713,46.897456,0.0 -103.231713,46.629669,0.0 -103.609474,46.629669,0.0"
MOTT,58646,46.4211,1410,ND,679.95873,-102.296,1457,"-102.548225,46.282701,0.0 -102.550974,46.54334,0.0 -102.550974,46.629669,0.0 -102.31453,46.630769,0.0 -102.096782,46.631319,0.0 -102.047293,46.370681,0.0 -102.151769,46.33164,0.0 -101.997805,46.20572,0.0 -102.548225,46.282701,0.0"
NEW ENGLAND,58647,46.494,951,ND,369.09058,-102.798,977,"-102.870999,46.281602,0.0 -102.924336,46.281602,0.0 -102.928185,46.630219,0.0 -103.021113,46.630219,0.0 -102.956778,46.717099,0.0 -102.663698,46.629669,0.0 -102.550974,46.629669,0.0 -102.550974,46.54334,0.0 -102.675795,46.54114,0.0 -102.674145,46.282701,0.0 -102.870999,46.281602,0.0"
REEDER,58649,46.1131,282,ND,139.02978,-102.933,293,"-102.870449,45.945081,0.0 -102.941932,45.945081,0.0 -102.995269,45.945081,0.0 -102.995269,46.280502,0.0 -102.924336,46.281602,0.0 -102.870999,46.281602,0.0 -102.870449,45.945081,0.0"
REGENT,58650,46.4124,289,ND,107.46474,-102.612,301,"-102.550974,46.54334,0.0 -102.548225,46.282701,0.0 -102.674145,46.282701,0.0 -102.675795,46.54114,0.0 -102.550974,46.54334,0.0"
RHAME,58651,46.1127,420,ND,474.42511,-103.832,424,"-103.618272,45.945081,0.0 -103.981186,45.945081,0.0 -104.045521,45.945081,0.0 -104.045521,46.279952,0.0 -103.676008,46.280502,0.0 -103.618822,46.279952,0.0 -103.618272,45.945081,0.0"
RICHARDTON,58652,46.8186,1047,ND,327.94633,-102.249,1066,"-102.096782,46.631319,0.0 -102.31453,46.630769,0.0 -102.306832,46.729746,0.0 -102.432752,46.702252,0.0 -102.39866,47.01018,0.0 -102.14462,47.01018,0.0 -102.14462,46.981036,0.0 -102.096232,46.689055,0.0 -102.096782,46.631319,0.0"
SCRANTON,58653,46.1127,588,ND,277.48841,-103.12,596,"-102.995269,45.945081,0.0 -103.128888,45.945081,0.0 -103.24491,45.945081,0.0 -103.24491,46.279952,0.0 -102.995269,46.280502,0.0 -102.995269,45.945081,0.0"
SENTINEL BUTTE,58654,46.8047,167,ND,269.1804,-103.742,170,"-103.800829,46.629669,0.0 -103.860765,46.803428,0.0 -103.860215,46.979387,0.0 -103.66721,46.979937,0.0 -103.609474,46.940896,0.0 -103.609474,46.629669,0.0 -103.800829,46.629669,0.0"
SOUTH HEART,58655,46.7807,494,ND,98.05499,-103.039,503,"-103.021113,46.630219,0.0 -103.084348,46.630219,0.0 -103.083798,46.890858,0.0 -102.936433,46.847418,0.0 -102.956778,46.717099,0.0 -103.021113,46.630219,0.0"
TAYLOR,58656,46.8765,297,ND,117.20203,-102.454,307,"-102.432752,46.702252,0.0 -102.475642,46.730296,0.0 -102.559222,46.981036,0.0 -102.48334,47.01018,0.0 -102.39866,47.01018,0.0 -102.432752,46.702252,0.0"
MINOT,58701,48.1003,24381,ND,277.66901,-101.311,24518,"-101.079522,48.10937,0.0 -101.205442,48.095623,0.0 -101.144957,48.02304,0.0 -101.271427,47.935061,0.0 -101.379201,47.935061,0.0 -101.529316,48.02304,0.0 -101.55571,48.052183,0.0 -101.534265,48.10992,0.0 -101.403945,48.225942,0.0 -101.144407,48.237489,0.0 -101.101517,48.211096,0.0 -101.079522,48.10937,0.0"
MINOT,58703,48.3107,17571,ND,132.97131,-101.292,17930,"-101.122962,48.371658,0.0 -101.144407,48.237489,0.0 -101.403945,48.225942,0.0 -101.499073,48.372208,0.0 -101.34236,48.385954,0.0 -101.122962,48.371658,0.0"
MINOT AFB,58704,48.4271,3754,ND,1.7064,-101.315,3827,"-101.29892,48.419496,0.0 -101.34291,48.429394,0.0 -101.34291,48.429944,0.0 -101.29892,48.419496,0.0"
MINOT AFB,58705,48.4138,3173,ND,4.08047,-101.332,3235,"-101.29892,48.419496,0.0 -101.34291,48.400801,0.0 -101.34291,48.429394,0.0 -101.29892,48.419496,0.0"
ANAMOOSE,58710,47.8679,565,ND,187.96424,-100.24,577,"-100.112301,47.876225,0.0 -100.198081,47.673873,0.0 -100.3273,47.673873,0.0 -100.3273,48.02194,0.0 -100.237121,48.052183,0.0 -100.112301,47.876225,0.0"
ANTLER,58711,48.9354,246,ND,132.61654,-101.321,254,"-101.146606,48.999059,0.0 -101.234585,48.835198,0.0 -101.30002,48.835198,0.0 -101.496324,48.893484,0.0 -101.496873,48.999609,0.0 -101.146606,48.999059,0.0"
BALFOUR,58712,47.9858,83,ND,42.20553,-100.52,86,"-100.45212,48.02194,0.0 -100.45597,47.934511,0.0 -100.584639,47.934511,0.0 -100.585189,48.02249,0.0 -100.45212,48.02194,0.0"
BANTRY,58713,48.5052,413,ND,347.8498,-100.794,423,"-100.928858,48.371658,0.0 -100.929408,48.458537,0.0 -101.060277,48.458537,0.0 -101.059727,48.559713,0.0 -101.038282,48.632296,0.0 -100.907963,48.632846,0.0 -100.668219,48.545417,0.0 -100.66767,48.632846,0.0 -100.559345,48.632296,0.0 -100.53735,48.632296,0.0 -100.626429,48.371108,0.0 -100.928858,48.371658,0.0"
BENEDICT,58716,47.7613,141,ND,72.03312,-101.036,144,"-101.099867,47.761302,0.0 -101.078972,47.848181,0.0 -100.971198,47.848731,0.0 -100.971748,47.674423,0.0 -101.056428,47.674423,0.0 -101.100417,47.674423,0.0 -101.099867,47.761302,0.0"
BERTHOLD,58718,48.3002,915,ND,373.71515,-101.769,927,"-102.180912,48.283678,0.0 -102.180912,48.372208,0.0 -101.973611,48.372208,0.0 -101.842742,48.372208,0.0 -101.582653,48.372208,0.0 -101.582103,48.459087,0.0 -101.34291,48.429944,0.0 -101.34291,48.429394,0.0 -101.34291,48.400801,0.0 -101.34236,48.385954,0.0 -101.499073,48.372208,0.0 -101.598599,48.283678,0.0 -101.662384,48.10992,0.0 -101.792154,48.110469,0.0 -101.921923,48.153359,0.0 -101.921923,48.283678,0.0 -102.180912,48.283678,0.0"
BOWBELLS,58721,48.8412,577,ND,239.30712,-102.221,591,"-102.546575,48.720275,0.0 -102.414607,48.807155,0.0 -102.283737,48.8253,0.0 -102.213904,48.99851,0.0 -102.0209,48.999059,0.0 -102.021449,48.894034,0.0 -102.021449,48.864891,0.0 -102.152319,48.721375,0.0 -102.363469,48.720275,0.0 -102.546575,48.720275,0.0"
BURLINGTON,58722,48.2378,1826,ND,98.13509,-101.484,1791,"-101.534265,48.10992,0.0 -101.598599,48.283678,0.0 -101.499073,48.372208,0.0 -101.403945,48.225942,0.0 -101.534265,48.10992,0.0"
BUTTE,58723,47.7609,160,ND,72.1088,-100.65,166,"-100.585189,47.847632,0.0 -100.585189,47.673873,0.0 -100.672618,47.673873,0.0 -100.714408,47.674423,0.0 -100.713859,47.848181,0.0 -100.585189,47.847632,0.0"
CARPIO,58725,48.4159,245,ND,71.9931,-101.712,252,"-101.842742,48.372208,0.0 -101.741566,48.459637,0.0 -101.582103,48.459087,0.0 -101.582653,48.372208,0.0 -101.842742,48.372208,0.0"
COLUMBUS,58727,48.8566,321,ND,222.76679,-102.811,331,"-102.885845,48.720275,0.0 -102.939732,48.807155,0.0 -102.938633,48.999059,0.0 -102.676345,48.999059,0.0 -102.764874,48.95232,0.0 -102.676895,48.894034,0.0 -102.677444,48.720275,0.0 -102.885845,48.720275,0.0"
CROSBY,58730,48.8033,1512,ND,528.77731,-103.217,1551,"-103.146484,48.633396,0.0 -103.276253,48.633396,0.0 -103.406572,48.633396,0.0 -103.464858,48.999059,0.0 -103.070052,48.999059,0.0 -103.071151,48.810454,0.0 -102.939732,48.807155,0.0 -102.885845,48.720275,0.0 -102.885845,48.633396,0.0 -103.015614,48.633396,0.0 -103.146484,48.633396,0.0"
DEERING,58731,48.4134,261,ND,39.26637,-101.002,266,"-100.995942,48.371658,0.0 -101.058077,48.371658,0.0 -101.060277,48.371658,0.0 -101.060277,48.458537,0.0 -100.929408,48.458537,0.0 -100.928858,48.371658,0.0 -100.995942,48.371658,0.0"
DES LACS,58733,48.1666,425,ND,87.32277,-101.602,426,"-101.55571,48.052183,0.0 -101.663484,48.051633,0.0 -101.662384,48.10992,0.0 -101.598599,48.283678,0.0 -101.534265,48.10992,0.0 -101.55571,48.052183,0.0"
DONNYBROOK,58734,48.5019,206,ND,126.43549,-101.882,235,"-101.842742,48.372208,0.0 -101.973611,48.372208,0.0 -101.972511,48.547066,0.0 -101.842742,48.619099,0.0 -101.777857,48.546516,0.0 -101.741566,48.459637,0.0 -101.842742,48.372208,0.0"
DOUGLAS,58735,47.9273,165,ND,71.55038,-101.462,168,"-101.485876,47.848181,0.0 -101.550211,47.848181,0.0 -101.529316,48.02304,0.0 -101.379201,47.935061,0.0 -101.485876,47.848181,0.0"
DRAKE,58736,47.8497,500,ND,140.36963,-100.39,510,"-100.3273,47.673873,0.0 -100.416379,47.673873,0.0 -100.456519,47.679921,0.0 -100.45597,47.934511,0.0 -100.45212,48.02194,0.0 -100.3273,48.02194,0.0 -100.3273,47.673873,0.0"
FLAXTON,58737,48.9054,149,ND,120.54682,-102.364,155,"-102.414607,48.807155,0.0 -102.502586,48.894034,0.0 -102.414057,48.999059,0.0 -102.213904,48.99851,0.0 -102.283737,48.8253,0.0 -102.414607,48.807155,0.0"
GLENBURN,58740,48.4818,1514,ND,274.2558,-101.356,1481,"-101.34291,48.400801,0.0 -101.29892,48.419496,0.0 -101.34291,48.429944,0.0 -101.582103,48.459087,0.0 -101.741566,48.459637,0.0 -101.777857,48.546516,0.0 -101.712423,48.546516,0.0 -101.190046,48.559713,0.0 -101.059727,48.559713,0.0 -101.060277,48.458537,0.0 -101.060277,48.371658,0.0 -101.122962,48.371658,0.0 -101.34236,48.385954,0.0 -101.34291,48.400801,0.0"
GRANVILLE,58741,48.2511,706,ND,247.58583,-100.779,716,"-100.885968,48.196249,0.0 -100.995942,48.371658,0.0 -100.928858,48.371658,0.0 -100.626429,48.371108,0.0 -100.626429,48.283678,0.0 -100.626429,48.10937,0.0 -100.885968,48.10937,0.0 -100.885968,48.196249,0.0"
KARLSRUHE,58744,48.1377,558,ND,377.27428,-100.496,574,"-100.585189,48.02249,0.0 -100.885418,48.02249,0.0 -100.885968,48.10937,0.0 -100.626429,48.10937,0.0 -100.626429,48.283678,0.0 -100.258566,48.283129,0.0 -100.237121,48.188001,0.0 -100.388336,48.167106,0.0 -100.237121,48.052183,0.0 -100.3273,48.02194,0.0 -100.45212,48.02194,0.0 -100.585189,48.02249,0.0"
KENMARE,58746,48.6817,1550,ND,324.24464,-102.074,1590,"-101.972511,48.547066,0.0 -102.234249,48.545966,0.0 -102.363469,48.720275,0.0 -102.152319,48.721375,0.0 -102.021449,48.864891,0.0 -101.842742,48.719725,0.0 -101.842742,48.619099,0.0 -101.972511,48.547066,0.0"
KIEF,58747,47.8041,134,ND,111.14955,-100.519,137,"-100.585189,47.847632,0.0 -100.584639,47.934511,0.0 -100.45597,47.934511,0.0 -100.456519,47.679921,0.0 -100.585189,47.673873,0.0 -100.585189,47.847632,0.0"
KRAMER,58748,48.6878,168,ND,98.47659,-100.62,174,"-100.66767,48.632846,0.0 -100.784792,48.676286,0.0 -100.820533,48.719176,0.0 -100.818334,48.74172,0.0 -100.407031,48.719176,0.0 -100.559345,48.632296,0.0 -100.66767,48.632846,0.0"
LANSFORD,58750,48.6188,508,ND,214.71286,-101.408,524,"-101.712423,48.546516,0.0 -101.711873,48.633396,0.0 -101.451784,48.632846,0.0 -101.451234,48.719725,0.0 -101.190046,48.719725,0.0 -101.190046,48.559713,0.0 -101.712423,48.546516,0.0"
LIGNITE,58752,48.8143,248,ND,104.8126,-102.579,256,"-102.546575,48.720275,0.0 -102.677444,48.720275,0.0 -102.676895,48.894034,0.0 -102.502586,48.894034,0.0 -102.414607,48.807155,0.0 -102.546575,48.720275,0.0"
MCGREGOR,58755,48.5749,79,ND,48.59174,-102.949,99,"-102.8644,48.545966,0.0 -103.015614,48.517373,0.0 -103.015614,48.633396,0.0 -102.885845,48.633396,0.0 -102.8644,48.545966,0.0"
MAKOTI,58756,47.9902,238,ND,95.60342,-101.795,263,"-101.871885,47.847632,0.0 -101.914775,47.934511,0.0 -101.792154,48.110469,0.0 -101.662384,48.10992,0.0 -101.663484,48.051633,0.0 -101.871885,47.847632,0.0"
MANDAREE,58757,47.843,1239,ND,150.30016,-102.71,1207,"-102.784119,47.674423,0.0 -102.785219,47.761302,0.0 -102.785219,47.994997,0.0 -102.642803,48.02249,0.0 -102.57077,47.977401,0.0 -102.690091,47.922964,0.0 -102.642253,47.799793,0.0 -102.642803,47.673873,0.0 -102.784119,47.674423,0.0"
MARTIN,58758,47.7341,231,ND,112.41113,-100.117,235,"-100.03257,47.602939,0.0 -100.033119,47.588093,0.0 -100.160689,47.617236,0.0 -100.198081,47.673873,0.0 -100.112301,47.876225,0.0 -100.026521,47.861928,0.0 -100.03257,47.602939,0.0"
MAX,58759,47.8411,593,ND,188.14878,-101.272,604,"-101.099867,47.761302,0.0 -101.485876,47.761302,0.0 -101.485876,47.848181,0.0 -101.379201,47.935061,0.0 -101.271427,47.935061,0.0 -101.078972,47.848181,0.0 -101.099867,47.761302,0.0"
MAXBASS,58760,48.7108,278,ND,175.31384,-101.185,284,"-101.059727,48.559713,0.0 -101.190046,48.559713,0.0 -101.190046,48.719725,0.0 -101.451234,48.719725,0.0 -101.30002,48.835198,0.0 -101.234585,48.835198,0.0 -101.037732,48.748319,0.0 -101.038282,48.632296,0.0 -101.059727,48.559713,0.0"
MOHALL,58761,48.7782,1327,ND,393.15536,-101.593,1328,"-101.842742,48.619099,0.0 -101.842742,48.719725,0.0 -101.759161,48.720275,0.0 -101.759161,48.894034,0.0 -101.628292,48.893484,0.0 -101.627743,48.999059,0.0 -101.496873,48.999609,0.0 -101.496324,48.893484,0.0 -101.30002,48.835198,0.0 -101.451234,48.719725,0.0 -101.451784,48.632846,0.0 -101.711873,48.633396,0.0 -101.712423,48.546516,0.0 -101.777857,48.546516,0.0 -101.842742,48.619099,0.0"
NEWBURG,58762,48.7062,197,ND,80.45053,-100.927,203,"-100.784792,48.676286,0.0 -100.907963,48.632846,0.0 -101.038282,48.632296,0.0 -101.037732,48.748319,0.0 -100.906313,48.806605,0.0 -100.820533,48.719176,0.0 -100.784792,48.676286,0.0"
NEW TOWN,58763,47.9606,2201,ND,240.19659,-102.488,2206,"-102.69559,48.105521,0.0 -102.289236,48.10992,0.0 -102.386013,47.969153,0.0 -102.410208,47.764601,0.0 -102.599363,47.808041,0.0 -102.522381,48.026889,0.0 -102.69559,48.105521,0.0"
NOONAN,58765,48.9041,223,ND,78.69036,-103.005,229,"-102.938633,48.999059,0.0 -102.939732,48.807155,0.0 -103.071151,48.810454,0.0 -103.070052,48.999059,0.0 -102.938633,48.999059,0.0"
NORWICH,58768,48.2375,335,ND,88.197,-101.009,346,"-100.885968,48.196249,0.0 -101.058077,48.10992,0.0 -101.079522,48.10937,0.0 -101.101517,48.211096,0.0 -101.058077,48.371658,0.0 -100.995942,48.371658,0.0 -100.885968,48.196249,0.0"
PALERMO,58769,48.3285,106,ND,36.66058,-102.246,109,"-102.180912,48.283678,0.0 -102.310131,48.283678,0.0 -102.309581,48.372757,0.0 -102.180912,48.372208,0.0 -102.180912,48.283678,0.0"
PARSHALL,58770,47.9639,1321,ND,287.56419,-102.15,1323,"-101.871885,47.847632,0.0 -101.914775,47.847632,0.0 -102.282638,47.847632,0.0 -102.386013,47.969153,0.0 -102.289236,48.10992,0.0 -102.073137,48.10992,0.0 -101.914775,47.934511,0.0 -101.871885,47.847632,0.0"
PLAZA,58771,48.0717,369,ND,146.94162,-101.945,374,"-101.914775,47.934511,0.0 -102.073137,48.10992,0.0 -102.071488,48.240239,0.0 -101.921923,48.153359,0.0 -101.792154,48.110469,0.0 -101.914775,47.934511,0.0"
PORTAL,58772,48.9534,179,ND,80.82436,-102.571,186,"-102.676895,48.894034,0.0 -102.764874,48.95232,0.0 -102.676345,48.999059,0.0 -102.414057,48.999059,0.0 -102.502586,48.894034,0.0 -102.676895,48.894034,0.0"
POWERS LAKE,58773,48.6288,678,ND,315.47192,-102.594,691,"-102.885845,48.633396,0.0 -102.885845,48.720275,0.0 -102.677444,48.720275,0.0 -102.546575,48.720275,0.0 -102.363469,48.720275,0.0 -102.234249,48.545966,0.0 -102.755526,48.546516,0.0 -102.8644,48.545966,0.0 -102.885845,48.633396,0.0"
ROSEGLEN,58775,47.708,1065,ND,578.27399,-101.852,1076,"-101.914775,47.847632,0.0 -102.000005,47.673873,0.0 -101.875184,47.673873,0.0 -101.785555,47.847632,0.0 -101.550211,47.848181,0.0 -101.485876,47.848181,0.0 -101.485876,47.761302,0.0 -101.541963,47.617236,0.0 -101.924123,47.538055,0.0 -102.235899,47.622735,0.0 -102.131973,47.730509,0.0 -102.251295,47.731609,0.0 -102.282638,47.847632,0.0 -101.914775,47.847632,0.0"
ROSS,58776,48.3288,105,ND,72.10011,-102.57,137,"-102.698889,48.283678,0.0 -102.698889,48.372208,0.0 -102.439901,48.372757,0.0 -102.439351,48.286428,0.0 -102.698889,48.283678,0.0"
RUSO,58778,47.7614,137,ND,144.0595,-100.843,142,"-100.714408,47.674423,0.0 -100.971748,47.674423,0.0 -100.971198,47.848731,0.0 -100.713859,47.848181,0.0 -100.714408,47.674423,0.0"
RYDER,58779,47.8829,359,ND,217.87733,-101.733,366,"-101.871885,47.847632,0.0 -101.663484,48.051633,0.0 -101.55571,48.052183,0.0 -101.529316,48.02304,0.0 -101.550211,47.848181,0.0 -101.785555,47.847632,0.0 -101.875184,47.673873,0.0 -102.000005,47.673873,0.0 -101.914775,47.847632,0.0 -101.871885,47.847632,0.0"
SAWYER,58781,47.9805,747,ND,156.36772,-101.095,752,"-100.970648,48.02249,0.0 -100.971198,47.848731,0.0 -101.078972,47.848181,0.0 -101.271427,47.935061,0.0 -101.144957,48.02304,0.0 -101.205442,48.095623,0.0 -101.079522,48.10937,0.0 -101.058077,48.10992,0.0 -100.970648,48.02249,0.0"
SHERWOOD,58782,48.9464,407,ND,130.54968,-101.825,419,"-101.759161,48.894034,0.0 -102.021449,48.894034,0.0 -102.0209,48.999059,0.0 -101.627743,48.999059,0.0 -101.628292,48.893484,0.0 -101.759161,48.894034,0.0"
SOURIS,58783,48.9063,403,ND,255.3419,-100.749,416,"-100.820533,48.719176,0.0 -100.906313,48.806605,0.0 -100.958551,48.999609,0.0 -100.445522,48.999609,0.0 -100.577491,48.942973,0.0 -100.576941,48.820902,0.0 -100.818334,48.74172,0.0 -100.820533,48.719176,0.0"
STANLEY,58784,48.3251,2264,ND,973.51635,-102.391,2289,"-102.828109,48.15061,0.0 -102.828109,48.372757,0.0 -102.755526,48.459637,0.0 -102.755526,48.546516,0.0 -102.234249,48.545966,0.0 -101.972511,48.547066,0.0 -101.973611,48.372208,0.0 -102.180912,48.372208,0.0 -102.309581,48.372757,0.0 -102.310131,48.283678,0.0 -102.180912,48.283678,0.0 -101.921923,48.283678,0.0 -101.921923,48.153359,0.0 -102.071488,48.240239,0.0 -102.073137,48.10992,0.0 -102.289236,48.10992,0.0 -102.69559,48.105521,0.0 -102.828109,48.15061,0.0</coordinates></LinearRing></outerBoundaryIs><innerBoundaryIs><LinearRing><coordinates>-102.698889,48.283678,0.0 -102.439351,48.286428,0.0 -102.439901,48.372757,0.0 -102.698889,48.372208,0.0 -102.698889,48.283678,0.0"
SURREY,58785,48.2958,1037,ND,37.93346,-101.099,1042,"-101.144407,48.237489,0.0 -101.122962,48.371658,0.0 -101.060277,48.371658,0.0 -101.058077,48.371658,0.0 -101.101517,48.211096,0.0 -101.144407,48.237489,0.0"
TOLLEY,58787,48.8225,154,ND,87.87059,-101.853,152,"-101.842742,48.719725,0.0 -102.021449,48.864891,0.0 -102.021449,48.894034,0.0 -101.759161,48.894034,0.0 -101.759161,48.720275,0.0 -101.842742,48.719725,0.0"
TOWNER,58788,48.4176,1046,ND,320.25109,-100.419,1071,"-100.626429,48.283678,0.0 -100.626429,48.371108,0.0 -100.53735,48.632296,0.0 -100.276712,48.544867,0.0 -100.276712,48.443691,0.0 -100.193132,48.371108,0.0 -100.237121,48.188001,0.0 -100.258566,48.283129,0.0 -100.626429,48.283678,0.0"
UPHAM,58789,48.6115,232,ND,55.71779,-100.763,238,"-100.907963,48.632846,0.0 -100.784792,48.676286,0.0 -100.66767,48.632846,0.0 -100.668219,48.545417,0.0 -100.907963,48.632846,0.0"
VELVA,58790,48.1094,1367,ND,79.7895,-100.959,1363,"-100.885418,48.02249,0.0 -100.970648,48.02249,0.0 -101.058077,48.10992,0.0 -100.885968,48.196249,0.0 -100.885968,48.10937,0.0 -100.885418,48.02249,0.0"
VOLTAIRE,58792,47.9353,346,ND,215.83984,-100.778,356,"-100.971198,47.848731,0.0 -100.970648,48.02249,0.0 -100.885418,48.02249,0.0 -100.585189,48.02249,0.0 -100.584639,47.934511,0.0 -100.585189,47.847632,0.0 -100.713859,47.848181,0.0 -100.971198,47.848731,0.0"
WESTHOPE,58793,48.8754,730,ND,171.89339,-101.063,752,"-101.037732,48.748319,0.0 -101.234585,48.835198,0.0 -101.146606,48.999059,0.0 -100.958551,48.999609,0.0 -100.906313,48.806605,0.0 -101.037732,48.748319,0.0"
WHITE EARTH,58794,48.4161,149,ND,35.78334,-102.821,108,"-102.828109,48.372757,0.0 -102.885295,48.459087,0.0 -102.755526,48.459637,0.0 -102.828109,48.372757,0.0"
WILDROSE,58795,48.5899,154,ND,35.857,-103.211,160,"-103.276803,48.546516,0.0 -103.276253,48.633396,0.0 -103.146484,48.633396,0.0 -103.145934,48.546516,0.0 -103.276803,48.546516,0.0"
ALAMO,58830,48.5404,84,ND,167.45151,-103.457,148,"-103.62487,48.460187,0.0 -103.66776,48.547066,0.0 -103.536891,48.546516,0.0 -103.536891,48.633946,0.0 -103.406572,48.633396,0.0 -103.276253,48.633396,0.0 -103.276803,48.546516,0.0 -103.407122,48.459637,0.0 -103.62487,48.460187,0.0"
ALEXANDER,58831,47.8678,445,ND,331.18468,-103.646,457,"-103.54074,47.761302,0.0 -103.49895,47.588093,0.0 -103.79698,47.766251,0.0 -103.79753,47.994447,0.0 -103.591328,48.133564,0.0 -103.54074,47.993897,0.0 -103.519295,47.848181,0.0 -103.54074,47.761302,0.0"
AMBROSE,58833,48.7893,387,ND,581.46268,-103.725,406,"-103.79808,48.633396,0.0 -104.047721,48.633946,0.0 -104.04827,48.708178,0.0 -104.04882,48.894584,0.0 -103.729896,48.894584,0.0 -103.727696,48.999609,0.0 -103.464858,48.999059,0.0 -103.406572,48.633396,0.0 -103.536891,48.633946,0.0 -103.79808,48.633396,0.0"
ARNEGARD,58835,47.8047,158,ND,35.37639,-103.475,162,"-103.519295,47.848181,0.0 -103.412071,47.761302,0.0 -103.54074,47.761302,0.0 -103.519295,47.848181,0.0"
CARTWRIGHT,58838,47.6107,846,ND,769.05613,-103.841,870," -104.042772,47.808041,0.0 -104.043871,47.994997,0.0 -103.961391,47.885573,0.0 -104.042772,47.808041,0.0 -104.045521,47.330204,0.0 -104.044971,47.397288,0.0 -104.043322,47.677172,0.0 -104.043322,47.758553,0.0 -104.042772,47.789895,0.0 -104.042222,47.805292,0.0 -103.980087,47.984549,0.0 -103.79753,47.994447,0.0 -103.79698,47.766251,0.0 -103.49895,47.588093,0.0 -103.444513,47.561149,0.0 -103.619922,47.513311,0.0 -103.656763,47.329104,0.0 -103.666661,47.329104,0.0 -104.045521,47.330204,0.0"
EPPING,58843,48.2417,170,ND,70.63046,-103.345,175,"-103.474756,48.284778,0.0 -103.216317,48.284778,0.0 -103.216867,48.197349,0.0 -103.474206,48.200098,0.0 -103.474756,48.284778,0.0"
FORTUNA,58844,48.9473,93,ND,105.61867,-103.889,97,"-104.04882,48.894584,0.0 -104.04882,48.999609,0.0 -103.727696,48.999609,0.0 -103.729896,48.894584,0.0 -104.04882,48.894584,0.0"
GRENORA,58845,48.5286,237,ND,163.55666,-103.931,298,"-104.046621,48.40245,0.0 -104.047721,48.633946,0.0 -103.79808,48.633396,0.0 -103.79808,48.459637,0.0 -104.046621,48.40245,0.0"
KEENE,58847,47.9597,263,ND,250.26754,-102.867,272,"-102.785219,47.761302,0.0 -103.026062,47.847632,0.0 -102.957878,48.116518,0.0 -102.642803,48.02249,0.0 -102.785219,47.994997,0.0 -102.785219,47.761302,0.0"
RAY,58849,48.2906,721,ND,163.91902,-103.237,741,"-103.216867,48.134664,0.0 -103.216867,48.197349,0.0 -103.216317,48.284778,0.0 -103.474756,48.284778,0.0 -103.407122,48.372757,0.0 -103.087647,48.372757,0.0 -103.087098,48.153909,0.0 -103.216867,48.134664,0.0"
TIOGA,58852,48.3984,1627,ND,503.84554,-103.045,1696,"-103.407122,48.459637,0.0 -103.276803,48.546516,0.0 -103.145934,48.546516,0.0 -103.146484,48.633396,0.0 -103.015614,48.633396,0.0 -103.015614,48.517373,0.0 -102.8644,48.545966,0.0 -102.755526,48.546516,0.0 -102.755526,48.459637,0.0 -102.885295,48.459087,0.0 -102.828109,48.372757,0.0 -102.828109,48.15061,0.0 -103.087098,48.153909,0.0 -103.087647,48.372757,0.0 -103.407122,48.372757,0.0 -103.407122,48.459637,0.0"
WATFORD CITY,58854,47.8266,2587,ND,825.91343,-103.208,2638,"-103.099195,47.583694,0.0 -103.444513,47.561149,0.0 -103.49895,47.588093,0.0 -103.54074,47.761302,0.0 -103.412071,47.761302,0.0 -103.519295,47.848181,0.0 -103.54074,47.993897,0.0 -102.957878,48.116518,0.0 -103.026062,47.847632,0.0 -102.785219,47.761302,0.0 -102.784119,47.674423,0.0 -103.085998,47.674972,0.0 -103.099195,47.583694,0.0"
ZAHL,58856,48.5509,62,ND,118.7887,-103.69,83,"-103.79808,48.633396,0.0 -103.536891,48.633946,0.0 -103.536891,48.546516,0.0 -103.66776,48.547066,0.0 -103.62487,48.460187,0.0 -103.79808,48.459637,0.0 -103.79808,48.633396,0.0"
WILLISTON,58801,48.2301,15462,ND,833.92213,-103.708,15986,"-103.216867,48.197349,0.0 -103.216867,48.134664,0.0 -103.481354,48.017541,0.0 -103.597927,48.14841,0.0 -103.79808,48.06428,0.0 -103.851967,48.050534,0.0 -103.820624,47.98015,0.0 -104.043871,47.997746,0.0 -104.047171,48.389254,0.0 -104.046621,48.40245,0.0 -103.79808,48.459637,0.0 -103.62487,48.460187,0.0 -103.407122,48.459637,0.0 -103.407122,48.372757,0.0 -103.474756,48.284778,0.0 -103.474206,48.200098,0.0 -103.216867,48.197349,0.0"
WEST FARGO,58078,46.8773,15690,ND,23.91032,-96.9285,15387,"-96.965945,46.905704,0.0 -96.903809,46.934297,0.0 -96.861469,46.873812,0.0 -96.872467,46.847968,0.0 -96.968694,46.833121,0.0 -96.965945,46.905704,0.0"
BISMARCK,58503,46.9085,17118,ND,138.14296,-100.748,16587,"-100.899165,46.998082,0.0 -100.601135,46.982686,0.0 -100.62533,46.83697,0.0 -100.829331,46.823224,0.0 -100.899165,46.998082,0.0"
GRAND FORKS,58201,47.8805,31412,ND,36.32904,-97.0903,32054,"-97.02863,47.926813,0.0 -97.018732,47.891071,0.0 -96.993988,47.845982,0.0 -97.174895,47.845982,0.0 -97.125407,47.918565,0.0 -97.02863,47.926813,0.0"
