SIUSLAW NTL FOREST,68,44.1908,68,OR,69.86194,-123.906,70,"-123.905177,44.071674,0.0 -123.959614,44.071124,0.0 -123.957414,44.277326,0.0 -123.799602,44.283374,0.0 -123.953565,44.184947,0.0 -123.886481,44.127761,0.0 -123.905177,44.071674,0.0"
WILLAMETTE NATIONAL FOR,69,43.8511,88,OR,1244.73994,-122.271,118," -122.484312,43.837429,0.0 -122.619581,43.900665,0.0 -122.623979,44.058477,0.0 -122.610783,44.103017,0.0 -122.589338,44.103017,0.0 -122.343546,44.153605,0.0 -122.044966,44.063976,0.0 -122.109301,44.17505,0.0 -121.813471,44.25808,0.0 -121.799174,44.25808,0.0 -121.763433,44.08982,0.0 -121.975683,43.855575,0.0 -122.075209,43.874271,0.0 -122.060363,43.684566,0.0 -122.346845,43.851176,0.0 -122.462868,43.789041,0.0 -122.484312,43.837429,0.0 -122.440323,43.687315,0.0 -122.140644,43.465167,0.0 -122.131846,43.440423,0.0 -122.740552,43.471216,0.0 -122.741652,43.524553,0.0 -122.7466,43.585589,0.0 -122.568443,43.681816,0.0 -122.440323,43.687315,0.0"
MT HOOD NATIONAL FOREST,70,45.0892,512,OR,682.17066,-121.983,503,"-122.252817,45.068039,0.0 -122.253367,45.204956,0.0 -122.11205,45.298434,0.0 -121.94654,45.313281,0.0 -121.941591,45.343523,0.0 -121.910248,45.325928,0.0 -121.688651,45.285237,0.0 -121.696899,45.257744,0.0 -121.645211,45.085634,0.0 -121.793676,45.014701,0.0 -121.73484,44.888231,0.0 -122.276462,44.886581,0.0 -122.252817,45.068039,0.0"
WILLAMETTE NATL FOREST,77,44.4549,153,OR,1068.15828,-122.208,152,"-121.842614,44.392248,0.0 -121.806323,44.25973,0.0 -121.799174,44.25808,0.0 -121.813471,44.25808,0.0 -122.329249,44.230587,0.0 -122.577241,44.228387,0.0 -122.647624,44.266878,0.0 -122.498609,44.353208,0.0 -122.479364,44.396097,0.0 -122.485962,44.432939,0.0 -122.62178,44.457683,0.0 -122.730654,44.556659,0.0 -122.630578,44.581404,0.0 -122.523353,44.650137,0.0 -122.339147,44.653437,0.0 -122.066411,44.655086,0.0 -121.794226,44.683679,0.0 -121.797525,44.646838,0.0 -121.842614,44.392248,0.0"
ANTELOPE,97001,44.8887,187,OR,269.58353,-120.795,185,"-120.469589,44.915175,0.0 -120.371712,44.821697,0.0 -120.915533,44.823346,0.0 -121.090392,44.823896,0.0 -120.995814,45.003704,0.0 -120.469589,44.915175,0.0"
AURORA,97002,45.2378,6034,OR,43.39588,-122.799,5623,"-122.718007,45.300084,0.0 -122.727905,45.192859,0.0 -122.859324,45.186261,0.0 -122.890117,45.203307,0.0 -122.882418,45.255544,0.0 -122.849426,45.259943,0.0 -122.718007,45.300084,0.0"
BEAVERCREEK,97004,45.2512,4317,OR,42.17552,-122.455,3983,"-122.467267,45.186261,0.0 -122.520604,45.247846,0.0 -122.423827,45.297884,0.0 -122.36939,45.227501,0.0 -122.467267,45.186261,0.0"
BEAVERTON,97005,45.4914,23265,OR,4.88885,-122.804,22770,"-122.802687,45.517282,0.0 -122.772444,45.476042,0.0 -122.774094,45.472193,0.0 -122.826332,45.476592,0.0 -122.826332,45.489239,0.0 -122.815884,45.520032,0.0 -122.802687,45.517282,0.0"
BEAVERTON,97006,45.5172,54747,OR,12.13706,-122.859,52369,"-122.826332,45.489239,0.0 -122.912111,45.498037,0.0 -122.901114,45.515083,0.0 -122.867572,45.542027,0.0 -122.815884,45.520032,0.0 -122.826332,45.489239,0.0"
BEAVERTON,97008,45.4606,29219,OR,5.38875,-122.802,28799,"-122.826332,45.476592,0.0 -122.774094,45.472193,0.0 -122.816984,45.44085,0.0 -122.826332,45.476592,0.0"
BORING,97009,45.4244,12407,OR,40.88875,-122.367,12840,"-122.400732,45.380365,0.0 -122.433724,45.389713,0.0 -122.496959,45.435352,0.0 -122.45462,45.450198,0.0 -122.272613,45.461746,0.0 -122.24237,45.451848,0.0 -122.314403,45.374866,0.0 -122.400732,45.380365,0.0"
BRIGHTWOOD,97011,45.3649,1069,OR,2.85741,-122.005,1034,"-121.975683,45.339125,0.0 -122.014174,45.384214,0.0 -121.967985,45.351772,0.0 -121.975683,45.339125,0.0"
CANBY,97013,45.218,20384,OR,57.73194,-122.669,19805,"-122.724056,45.144471,0.0 -122.727905,45.192859,0.0 -122.718007,45.300084,0.0 -122.692163,45.300084,0.0 -122.658621,45.297334,0.0 -122.573941,45.258844,0.0 -122.58109,45.200007,0.0 -122.702061,45.136222,0.0 -122.724056,45.144471,0.0"
CASCADE LOCKS,97014,45.6222,1322,OR,119.77588,-121.842,1298,"-121.878906,45.513983,0.0 -122.038918,45.608011,0.0 -121.941041,45.644302,0.0 -121.940491,45.644302,0.0 -121.638612,45.700389,0.0 -121.878906,45.513983,0.0"
CLACKAMAS,97015,45.411,23721,OR,17.37049,-122.506,23082,"-122.433724,45.389713,0.0 -122.573941,45.389163,0.0 -122.573941,45.397961,0.0 -122.577241,45.424354,0.0 -122.57944,45.433152,0.0 -122.53875,45.445799,0.0 -122.496959,45.435352,0.0 -122.433724,45.389713,0.0"
CLATSKANIE,97016,46.0457,6288,OR,310.46085,-123.284,6286,"-123.091369,45.945081,0.0 -123.360255,45.888995,0.0 -123.529066,46.040759,0.0 -123.457582,46.209569,0.0 -123.099617,46.166679,0.0 -123.091369,45.945081,0.0"
COLTON,97017,45.1521,2712,OR,75.7405,-122.356,2700,"-122.252817,45.068039,0.0 -122.487612,45.170864,0.0 -122.467267,45.186261,0.0 -122.36939,45.227501,0.0 -122.253367,45.204956,0.0 -122.252817,45.068039,0.0"
COLUMBIA CITY,97018,45.8956,1586,OR,0.74458,-122.814,1546,"-122.805986,45.885145,0.0 -122.817534,45.893943,0.0 -122.815884,45.90769,0.0 -122.805986,45.885145,0.0"
CORBETT,97019,45.5116,2848,OR,156.57082,-122.085,2868,"-121.878906,45.513983,0.0 -121.820619,45.461746,0.0 -122.023521,45.461196,0.0 -122.24237,45.451848,0.0 -122.272613,45.461746,0.0 -122.313303,45.499687,0.0 -122.295157,45.542576,0.0 -122.130196,45.579968,0.0 -122.105452,45.582167,0.0 -122.038918,45.608011,0.0 -121.878906,45.513983,0.0"
DUFUR,97021,45.3794,1136,OR,402.43692,-121.156,1135,"-121.024408,45.263792,0.0 -121.033755,45.261593,0.0 -121.147578,45.239048,0.0 -121.4808,45.278639,0.0 -121.481899,45.403459,0.0 -120.891889,45.542027,0.0 -120.827004,45.515633,0.0 -121.024408,45.263792,0.0"
EAGLE CREEK,97022,45.3464,3774,OR,22.66356,-122.329,3314,"-122.314403,45.374866,0.0 -122.236321,45.320979,0.0 -122.382037,45.328127,0.0 -122.400732,45.380365,0.0 -122.314403,45.374866,0.0"
ESTACADA,97023,45.2737,9626,OR,81.80628,-122.282,9587,"-122.423827,45.297884,0.0 -122.382037,45.328127,0.0 -122.236321,45.320979,0.0 -122.11205,45.298434,0.0 -122.253367,45.204956,0.0 -122.36939,45.227501,0.0 -122.423827,45.297884,0.0"
FAIRVIEW,97024,45.5444,8396,OR,3.17459,-122.441,8144,"-122.433724,45.52773,0.0 -122.455169,45.52663,0.0 -122.450221,45.559073,0.0 -122.433175,45.560172,0.0 -122.433724,45.52773,0.0"
GERVAIS,97026,45.1046,3540,OR,26.08438,-122.939,3274,"-122.835679,45.087834,0.0 -122.850526,45.077386,0.0 -122.974247,45.074087,0.0 -123.04573,45.090583,0.0 -123.013837,45.10323,0.0 -123.009438,45.127974,0.0 -123.006139,45.134573,0.0 -122.835679,45.087834,0.0"
GLADSTONE,97027,45.3869,12156,OR,2.56769,-122.593,11945,"-122.573941,45.389163,0.0 -122.608033,45.372117,0.0 -122.619031,45.379265,0.0 -122.573941,45.397961,0.0 -122.573941,45.389163,0.0"
GOVERNMENT CAMP,97028,45.3009,254,OR,28.2024,-121.775,244,"-121.910248,45.325928,0.0 -121.700748,45.363869,0.0 -121.688651,45.285237,0.0 -121.910248,45.325928,0.0"
GRASS VALLEY,97029,45.2866,580,OR,305.5057,-120.793,588,"-120.666992,45.185161,0.0 -120.582862,45.083435,0.0 -121.024408,45.263792,0.0 -120.827004,45.515633,0.0 -120.735176,45.489789,0.0 -120.781915,45.369367,0.0 -120.596609,45.291836,0.0 -120.666992,45.185161,0.0"
GRESHAM,97030,45.5093,30995,OR,7.60803,-122.43,30344,"-122.433724,45.52773,0.0 -122.377638,45.497487,0.0 -122.482663,45.491988,0.0 -122.475515,45.504635,0.0 -122.455169,45.522231,0.0 -122.455169,45.52663,0.0 -122.433724,45.52773,0.0"
HOOD RIVER,97031,45.5756,16909,OR,201.65242,-121.655,16686,"-121.878906,45.513983,0.0 -121.638612,45.700389,0.0 -121.441209,45.692141,0.0 -121.441209,45.639354,0.0 -121.52039,45.540927,0.0 -121.627065,45.575019,0.0 -121.756834,45.40071,0.0 -121.820619,45.461746,0.0 -121.878906,45.513983,0.0"
HUBBARD,97032,45.1804,3850,OR,17.22407,-122.783,4284,"-122.724056,45.144471,0.0 -122.859324,45.186261,0.0 -122.727905,45.192859,0.0 -122.724056,45.144471,0.0"
KENT,97033,45.1573,45,OR,66.06952,-120.558,46,"-120.557018,45.250595,0.0 -120.503681,45.082885,0.0 -120.582862,45.083435,0.0 -120.666992,45.185161,0.0 -120.557018,45.250595,0.0"
LAKE OSWEGO,97034,45.4103,18390,OR,8.39515,-122.685,18579,"-122.721856,45.382564,0.0 -122.697662,45.435902,0.0 -122.648174,45.432602,0.0 -122.654772,45.422705,0.0 -122.636077,45.397411,0.0 -122.709209,45.382564,0.0 -122.721856,45.382564,0.0"
LAKE OSWEGO,97035,45.4125,23235,OR,5.80852,-122.726,22950,"-122.721856,45.382564,0.0 -122.750999,45.387513,0.0 -122.743851,45.416106,0.0 -122.744401,45.426554,0.0 -122.697662,45.435902,0.0 -122.721856,45.382564,0.0"
MAUPIN,97037,45.011,1587,OR,856.33211,-121.387,1572,"-121.759584,44.825546,0.0 -121.73484,44.888231,0.0 -121.793676,45.014701,0.0 -121.645211,45.085634,0.0 -121.696899,45.257744,0.0 -121.668855,45.257744,0.0 -121.423063,45.121926,0.0 -121.147578,45.239048,0.0 -121.033755,45.261593,0.0 -120.995814,45.003704,0.0 -121.090392,44.823896,0.0 -121.759584,44.825546,0.0"
MOLALLA,97038,45.0302,12905,OR,290.02831,-122.448,12737,"-122.276462,44.886581,0.0 -122.387535,44.884932,0.0 -122.506307,44.918474,0.0 -122.686115,45.072987,0.0 -122.702061,45.136222,0.0 -122.58109,45.200007,0.0 -122.487612,45.170864,0.0 -122.252817,45.068039,0.0 -122.276462,44.886581,0.0"
MORO,97039,45.4596,373,OR,283.22923,-120.587,378,"-120.666992,45.185161,0.0 -120.596609,45.291836,0.0 -120.781915,45.369367,0.0 -120.735176,45.489789,0.0 -120.750022,45.625057,0.0 -120.520727,45.583817,0.0 -120.50643,45.662448,0.0 -120.365113,45.532129,0.0 -120.469589,45.477142,0.0 -120.557018,45.250595,0.0 -120.666992,45.185161,0.0"
MOSIER,97040,45.6417,999,OR,36.78154,-121.386,982,"-121.365877,45.700389,0.0 -121.348281,45.575569,0.0 -121.441209,45.574469,0.0 -121.441209,45.639354,0.0 -121.441209,45.692141,0.0 -121.365877,45.700389,0.0"
MOUNT HOOD PARKDALE,97041,45.4001,2618,OR,206.69872,-121.591,2597,"-121.688651,45.285237,0.0 -121.700748,45.363869,0.0 -121.756834,45.40071,0.0 -121.627065,45.575019,0.0 -121.52039,45.540927,0.0 -121.481899,45.505185,0.0 -121.481899,45.403459,0.0 -121.4808,45.278639,0.0 -121.668855,45.257744,0.0 -121.696899,45.257744,0.0 -121.688651,45.285237,0.0"
MULINO,97042,45.2096,2619,OR,27.39265,-122.532,2975,"-122.487612,45.170864,0.0 -122.58109,45.200007,0.0 -122.573941,45.258844,0.0 -122.520604,45.247846,0.0 -122.467267,45.186261,0.0 -122.487612,45.170864,0.0"
ODELL,97044,45.5568,0,OR,19.53212,-121.473,0,"-121.441209,45.574469,0.0 -121.481899,45.505185,0.0 -121.52039,45.540927,0.0 -121.441209,45.639354,0.0 -121.441209,45.574469,0.0"
OREGON CITY,97045,45.3297,45924,OR,85.51367,-122.531,45742,"-122.520604,45.247846,0.0 -122.573941,45.258844,0.0 -122.658621,45.297334,0.0 -122.608033,45.372117,0.0 -122.573941,45.389163,0.0 -122.433724,45.389713,0.0 -122.400732,45.380365,0.0 -122.382037,45.328127,0.0 -122.423827,45.297884,0.0 -122.520604,45.247846,0.0"
RAINIER,97048,46.034,6585,OR,91.6337,-122.987,6556,"-122.853275,45.986322,0.0 -123.039131,45.947281,0.0 -123.091369,45.945081,0.0 -123.099617,46.166679,0.0 -122.853275,45.986322,0.0"
RHODODENDRON,97049,45.3885,1928,OR,119.48424,-121.874,1856,"-121.941591,45.343523,0.0 -121.967985,45.351772,0.0 -122.014174,45.384214,0.0 -122.023521,45.461196,0.0 -121.820619,45.461746,0.0 -121.756834,45.40071,0.0 -121.700748,45.363869,0.0 -121.910248,45.325928,0.0 -121.941591,45.343523,0.0"
SAINT HELENS,97051,45.8692,13096,OR,31.79189,-122.894,12952,"-122.933556,45.833458,0.0 -122.988543,45.861501,0.0 -122.998991,45.891194,0.0 -122.817534,45.893943,0.0 -122.805986,45.885145,0.0 -122.793339,45.856552,0.0 -122.820283,45.833458,0.0 -122.933556,45.833458,0.0"
DEER ISLAND,97054,45.9351,1738,OR,53.89652,-122.927,1700,"-122.998991,45.891194,0.0 -123.039131,45.947281,0.0 -122.853275,45.986322,0.0 -122.815884,45.90769,0.0 -122.817534,45.893943,0.0 -122.998991,45.891194,0.0"
SANDY,97055,45.3684,13928,OR,153.60933,-122.126,13495,"-121.975683,45.339125,0.0 -121.94654,45.313281,0.0 -122.11205,45.298434,0.0 -122.236321,45.320979,0.0 -122.314403,45.374866,0.0 -122.24237,45.451848,0.0 -122.023521,45.461196,0.0 -122.014174,45.384214,0.0 -121.975683,45.339125,0.0"
SCAPPOOSE,97056,45.7718,9495,OR,108.18795,-122.923,9326,"-122.766946,45.727883,0.0 -122.91651,45.69544,0.0 -123.117763,45.77957,0.0 -122.988543,45.861501,0.0 -122.933556,45.833458,0.0 -122.820283,45.833458,0.0 -122.793339,45.856552,0.0 -122.766946,45.727883,0.0"
SHANIKO,97057,45.0496,95,OR,359.3259,-120.775,94,"-121.033755,45.261593,0.0 -121.024408,45.263792,0.0 -120.582862,45.083435,0.0 -120.503681,45.082885,0.0 -120.495433,45.068588,0.0 -120.469589,44.915175,0.0 -120.995814,45.003704,0.0 -121.033755,45.261593,0.0"
TROUTDALE,97060,45.5328,18403,OR,18.77403,-122.372,17965,"-122.433724,45.52773,0.0 -122.433175,45.560172,0.0 -122.295157,45.542576,0.0 -122.313303,45.499687,0.0 -122.377638,45.497487,0.0 -122.433724,45.52773,0.0"
TUALATIN,97062,45.3683,25396,OR,14.33409,-122.762,24309,"-122.709209,45.382564,0.0 -122.722956,45.35727,0.0 -122.773544,45.340224,0.0 -122.816434,45.390262,0.0 -122.750999,45.387513,0.0 -122.721856,45.382564,0.0 -122.709209,45.382564,0.0"
TYGH VALLEY,97063,45.211,936,OR,157.35358,-121.406,936,"-121.668855,45.257744,0.0 -121.4808,45.278639,0.0 -121.147578,45.239048,0.0 -121.423063,45.121926,0.0 -121.668855,45.257744,0.0"
VERNONIA,97064,45.8607,3579,OR,169.46146,-123.185,3528,"-123.117763,45.77957,0.0 -123.176049,45.78012,0.0 -123.21399,45.773522,0.0 -123.360805,45.77957,0.0 -123.360255,45.888995,0.0 -123.091369,45.945081,0.0 -123.039131,45.947281,0.0 -122.998991,45.891194,0.0 -122.988543,45.861501,0.0 -123.117763,45.77957,0.0"
WASCO,97065,45.6212,650,OR,168.49539,-120.722,658,"-120.891889,45.542027,0.0 -120.914983,45.635504,0.0 -120.649396,45.732282,0.0 -120.50643,45.662448,0.0 -120.520727,45.583817,0.0 -120.750022,45.625057,0.0 -120.735176,45.489789,0.0 -120.827004,45.515633,0.0 -120.891889,45.542027,0.0"
WELCHES,97067,45.3382,1318,OR,2.27205,-121.961,1287,"-121.94654,45.313281,0.0 -121.975683,45.339125,0.0 -121.967985,45.351772,0.0 -121.941591,45.343523,0.0 -121.94654,45.313281,0.0"
WEST LINN,97068,45.3512,26312,OR,25.21608,-122.67,25567,"-122.692163,45.300084,0.0 -122.722956,45.35727,0.0 -122.709209,45.382564,0.0 -122.636077,45.397411,0.0 -122.619031,45.379265,0.0 -122.608033,45.372117,0.0 -122.658621,45.297334,0.0 -122.692163,45.300084,0.0"
WILSONVILLE,97070,45.3066,15881,OR,20.27789,-122.781,15333,"-122.868122,45.31713,0.0 -122.773544,45.340224,0.0 -122.722956,45.35727,0.0 -122.692163,45.300084,0.0 -122.718007,45.300084,0.0 -122.849426,45.259943,0.0 -122.868122,45.31713,0.0"
WOODBURN,97071,45.1379,26014,OR,62.00464,-122.834,25499,"-122.686115,45.072987,0.0 -122.687215,45.071888,0.0 -122.835679,45.087834,0.0 -123.006139,45.134573,0.0 -122.890117,45.203307,0.0 -122.859324,45.186261,0.0 -122.724056,45.144471,0.0 -122.702061,45.136222,0.0 -122.686115,45.072987,0.0"
AMITY,97101,45.0904,3170,OR,48.19785,-123.223,3134,"-123.186496,45.074637,0.0 -123.233235,45.036696,0.0 -123.34266,45.036146,0.0 -123.321765,45.090033,0.0 -123.141957,45.148869,0.0 -123.117763,45.10653,0.0 -123.186496,45.074637,0.0"
ASTORIA,97103,46.0987,16471,OR,239.81649,-123.669,16692,"-123.529066,46.040759,0.0 -123.84744,45.987421,0.0 -123.863936,46.152932,0.0 -123.862837,46.157881,0.0 -123.457582,46.209569,0.0 -123.529066,46.040759,0.0"
BANKS,97106,45.6642,4645,OR,63.28121,-123.129,4537,"-123.144157,45.743279,0.0 -123.033633,45.601962,0.0 -123.071024,45.578868,0.0 -123.217289,45.643753,0.0 -123.205742,45.684993,0.0 -123.248082,45.708087,0.0 -123.239284,45.722934,0.0 -123.144157,45.743279,0.0"
BEAVER,97108,45.2774,709,OR,77.56169,-123.72,602,"-123.76221,45.215954,0.0 -123.852939,45.23025,0.0 -123.675881,45.35947,0.0 -123.615395,45.217053,0.0 -123.76221,45.215954,0.0"
BUXTON,97109,45.7421,432,OR,21.20791,-123.204,416,"-123.239284,45.722934,0.0 -123.21399,45.773522,0.0 -123.176049,45.78012,0.0 -123.144157,45.743279,0.0 -123.239284,45.722934,0.0"
CARLTON,97111,45.2877,2851,OR,46.45713,-123.222,2806,"-123.113914,45.253345,0.0 -123.119962,45.248946,0.0 -123.366304,45.282488,0.0 -123.134259,45.301183,0.0 -123.089719,45.310531,0.0 -123.113914,45.253345,0.0"
CLOVERDALE,97112,45.2528,2840,OR,206.108,-123.75,2949,"-123.852939,45.23025,0.0 -123.784205,45.114228,0.0 -123.784755,45.083985,0.0 -123.97611,45.142271,0.0 -123.979409,45.349022,0.0 -123.463631,45.367718,0.0 -123.463081,45.280288,0.0 -123.463081,45.224752,0.0 -123.615395,45.217053,0.0 -123.675881,45.35947,0.0 -123.852939,45.23025,0.0"
DUNDEE,97115,45.2683,3612,OR,11.96265,-123.021,3554,"-123.067175,45.292386,0.0 -122.974247,45.279739,0.0 -122.995142,45.233549,0.0 -123.067175,45.292386,0.0"
FOREST GROVE,97116,45.6103,22037,OR,113.52128,-123.242,21446,"-123.071024,45.578868,0.0 -123.123811,45.473843,0.0 -123.218389,45.573919,0.0 -123.29867,45.605811,0.0 -123.377851,45.621208,0.0 -123.464731,45.669596,0.0 -123.420191,45.708637,0.0 -123.248082,45.708087,0.0 -123.205742,45.684993,0.0 -123.217289,45.643753,0.0 -123.071024,45.578868,0.0"
GALES CREEK,97117,45.6037,512,OR,24.26891,-123.271,573,"-123.218389,45.573919,0.0 -123.319565,45.578868,0.0 -123.29867,45.605811,0.0 -123.218389,45.573919,0.0"
GASTON,97119,45.4732,4101,OR,154.57671,-123.273,4133,"-123.075973,45.435352,0.0 -123.075423,45.386963,0.0 -123.115563,45.367718,0.0 -123.464731,45.433702,0.0 -123.319565,45.578868,0.0 -123.218389,45.573919,0.0 -123.123811,45.473843,0.0 -123.075973,45.435352,0.0"
HAMMOND,97121,46.1942,957,OR,7.54432,-123.973,945,"-123.936519,46.196372,0.0 -123.961263,46.144684,0.0 -124.024498,46.229364,0.0 -123.936519,46.196372,0.0"
HEBO,97122,45.175,261,OR,25.50399,-123.815,261,"-123.852939,45.23025,0.0 -123.76221,45.215954,0.0 -123.784205,45.114228,0.0 -123.852939,45.23025,0.0"
HILLSBORO,97123,45.4441,37802,OR,56.81213,-122.984,36696,"-123.075973,45.435352,0.0 -122.991843,45.4414,0.0 -123.029784,45.520032,0.0 -122.901114,45.515083,0.0 -122.912111,45.498037,0.0 -122.920909,45.415007,0.0 -122.949503,45.385314,0.0 -123.075423,45.386963,0.0 -123.075973,45.435352,0.0"
HILLSBORO,97124,45.5744,40081,OR,49.07247,-122.946,38336,"-122.996791,45.590415,0.0 -122.91596,45.676745,0.0 -122.867572,45.57007,0.0 -122.867572,45.542027,0.0 -122.901114,45.515083,0.0 -123.029784,45.520032,0.0 -122.996791,45.590415,0.0"
LAFAYETTE,97127,45.2474,2593,OR,0.70701,-123.112,2445,"-123.121062,45.241798,0.0 -123.119962,45.248946,0.0 -123.113914,45.253345,0.0 -123.121062,45.241798,0.0"
MCMINNVILLE,97128,45.1948,30843,OR,116.02313,-123.267,30265,"-123.141957,45.148869,0.0 -123.321765,45.090033,0.0 -123.375652,45.27534,0.0 -123.366304,45.282488,0.0 -123.119962,45.248946,0.0 -123.121062,45.241798,0.0 -123.141957,45.148869,0.0"
NEHALEM,97131,45.7184,2706,OR,206.04652,-123.716,2698,"-123.969511,45.78342,0.0 -123.432288,45.77957,0.0 -123.420191,45.708637,0.0 -123.464731,45.669596,0.0 -123.883732,45.61241,0.0 -123.910675,45.690491,0.0 -123.969511,45.78342,0.0"
NEWBERG,97132,45.3228,24553,OR,62.84611,-122.989,24193,"-123.067175,45.292386,0.0 -123.089719,45.310531,0.0 -123.134259,45.301183,0.0 -123.115563,45.367718,0.0 -123.075423,45.386963,0.0 -122.949503,45.385314,0.0 -122.868122,45.31713,0.0 -122.849426,45.259943,0.0 -122.882418,45.255544,0.0 -122.974247,45.279739,0.0 -123.067175,45.292386,0.0"
NORTH PLAINS,97133,45.6954,3426,OR,60.92943,-123.032,3324,"-123.144157,45.743279,0.0 -123.176049,45.78012,0.0 -123.117763,45.77957,0.0 -122.91651,45.69544,0.0 -122.91596,45.676745,0.0 -122.996791,45.590415,0.0 -123.033633,45.601962,0.0 -123.144157,45.743279,0.0"
ROCKAWAY BEACH,97136,45.6135,3477,OR,149.23691,-123.698,3461,"-123.910675,45.690491,0.0 -123.883732,45.61241,0.0 -123.464731,45.669596,0.0 -123.377851,45.621208,0.0 -123.901328,45.553574,0.0 -123.910675,45.690491,0.0"
SAINT PAUL,97137,45.2133,1522,OR,42.15345,-122.966,1498,"-123.006139,45.134573,0.0 -123.009438,45.127974,0.0 -122.995142,45.233549,0.0 -122.974247,45.279739,0.0 -122.882418,45.255544,0.0 -122.890117,45.203307,0.0 -123.006139,45.134573,0.0"
SEASIDE,97138,45.8988,10386,OR,444.01838,-123.685,10379,"-123.360805,45.77957,0.0 -123.432288,45.77957,0.0 -123.969511,45.78342,0.0 -123.964013,45.858752,0.0 -123.966212,45.895593,0.0 -123.929921,46.048457,0.0 -123.863936,46.152932,0.0 -123.84744,45.987421,0.0 -123.529066,46.040759,0.0 -123.360255,45.888995,0.0 -123.360805,45.77957,0.0"
TILLAMOOK,97141,45.4701,12411,OR,378.26966,-123.669,12471,"-123.464731,45.433702,0.0 -123.463631,45.367718,0.0 -123.979409,45.349022,0.0 -123.946967,45.563471,0.0 -123.887581,45.511784,0.0 -123.899128,45.532679,0.0 -123.901328,45.553574,0.0 -123.377851,45.621208,0.0 -123.29867,45.605811,0.0 -123.319565,45.578868,0.0 -123.464731,45.433702,0.0"
TIMBER,97144,45.7419,203,OR,45.31184,-123.343,199,"-123.432288,45.77957,0.0 -123.360805,45.77957,0.0 -123.21399,45.773522,0.0 -123.239284,45.722934,0.0 -123.248082,45.708087,0.0 -123.420191,45.708637,0.0 -123.432288,45.77957,0.0"
WARRENTON,97146,46.1317,5253,OR,20.57418,-123.922,5264,"-123.961263,46.144684,0.0 -123.936519,46.196372,0.0 -123.862837,46.157881,0.0 -123.863936,46.152932,0.0 -123.929921,46.048457,0.0 -123.961263,46.144684,0.0"
YAMHILL,97148,45.3601,3091,OR,128.06385,-123.313,3085,"-123.463631,45.367718,0.0 -123.464731,45.433702,0.0 -123.115563,45.367718,0.0 -123.134259,45.301183,0.0 -123.366304,45.282488,0.0 -123.375652,45.27534,0.0 -123.463081,45.280288,0.0 -123.463631,45.367718,0.0"
NESKOWIN,97149,45.0761,403,OR,33.39395,-123.865,400,"-123.784755,45.083985,0.0 -123.725369,45.043844,0.0 -123.801801,45.044944,0.0 -123.987107,45.099931,0.0 -123.97611,45.142271,0.0 -123.784755,45.083985,0.0"
PORTLAND,97201,45.4981,25607,OR,6.41966,-122.693,25461,"-122.713058,45.476042,0.0 -122.720757,45.520582,0.0 -122.700411,45.523881,0.0 -122.680616,45.515083,0.0 -122.672918,45.513983,0.0 -122.667419,45.504635,0.0 -122.669619,45.476042,0.0 -122.713058,45.476042,0.0"
PORTLAND,97204,45.5186,1263,OR,0.23665,-122.675,1259,"-122.669069,45.523331,0.0 -122.672918,45.513983,0.0 -122.680616,45.515083,0.0 -122.676217,45.523331,0.0 -122.669069,45.523331,0.0"
PORTLAND,97205,45.5203,6403,OR,0.44385,-122.689,6350,"-122.680616,45.515083,0.0 -122.700411,45.523881,0.0 -122.694363,45.523331,0.0 -122.676217,45.523331,0.0 -122.680616,45.515083,0.0"
PORTLAND,97209,45.5306,8291,OR,1.1452,-122.684,8109,"-122.682816,45.538177,0.0 -122.667419,45.523331,0.0 -122.669069,45.523331,0.0 -122.676217,45.523331,0.0 -122.694363,45.523331,0.0 -122.693263,45.544226,0.0 -122.682816,45.538177,0.0"
PORTLAND,97210,45.5481,9675,OR,7.53641,-122.73,9653,"-122.743851,45.519482,0.0 -122.782892,45.582717,0.0 -122.764196,45.585466,0.0 -122.729005,45.564571,0.0 -122.693263,45.544226,0.0 -122.694363,45.523331,0.0 -122.700411,45.523881,0.0 -122.720757,45.520582,0.0 -122.743851,45.516733,0.0 -122.743851,45.519482,0.0"
PORTLAND,97211,45.5762,31276,OR,7.04062,-122.645,31287,"-122.62068,45.553024,0.0 -122.62068,45.551924,0.0 -122.666869,45.553574,0.0 -122.666869,45.603062,0.0 -122.616831,45.600863,0.0 -122.62068,45.553024,0.0"
PORTLAND,97214,45.5139,22783,OR,3.12176,-122.645,22906,"-122.617381,45.523331,0.0 -122.619031,45.505185,0.0 -122.667419,45.504635,0.0 -122.672918,45.513983,0.0 -122.669069,45.523331,0.0 -122.667419,45.523331,0.0 -122.66577,45.522781,0.0 -122.619031,45.522781,0.0 -122.617381,45.523331,0.0"
PORTLAND,97216,45.5135,13464,OR,2.5269,-122.558,13297,"-122.53765,45.522781,0.0 -122.53765,45.504086,0.0 -122.57889,45.504635,0.0 -122.57889,45.522781,0.0 -122.53765,45.522781,0.0"
PORTLAND,97217,45.585,29813,OR,11.37758,-122.692,29733,"-122.729005,45.564571,0.0 -122.702611,45.61351,0.0 -122.666869,45.603062,0.0 -122.666869,45.553574,0.0 -122.682816,45.538177,0.0 -122.693263,45.544226,0.0 -122.729005,45.564571,0.0"
PORTLAND,97219,45.4538,37163,OR,11.89813,-122.7,37154,"-122.744401,45.426554,0.0 -122.743301,45.476592,0.0 -122.713058,45.476042,0.0 -122.669619,45.476042,0.0 -122.660821,45.457896,0.0 -122.648174,45.432602,0.0 -122.697662,45.435902,0.0 -122.744401,45.426554,0.0"
PORTLAND,97220,45.5499,29995,OR,7.55131,-122.558,29741,"-122.531601,45.56842,0.0 -122.53765,45.522781,0.0 -122.57889,45.522781,0.0 -122.57889,45.552474,0.0 -122.556895,45.579968,0.0 -122.531601,45.56842,0.0"
PORTLAND,97222,45.4412,35664,OR,8.76391,-122.616,35141,"-122.577241,45.424354,0.0 -122.654772,45.422705,0.0 -122.648174,45.432602,0.0 -122.660821,45.457896,0.0 -122.616831,45.461746,0.0 -122.57944,45.455697,0.0 -122.57944,45.433152,0.0 -122.577241,45.424354,0.0"
PORTLAND,97225,45.5019,22215,OR,6.85617,-122.77,21939,"-122.802687,45.517282,0.0 -122.743851,45.519482,0.0 -122.743851,45.516733,0.0 -122.743301,45.476592,0.0 -122.772444,45.476042,0.0 -122.802687,45.517282,0.0"
PORTLAND,97227,45.5417,3272,OR,1.1892,-122.673,3259,"-122.666869,45.534878,0.0 -122.66577,45.522781,0.0 -122.667419,45.523331,0.0 -122.682816,45.538177,0.0 -122.666869,45.553574,0.0 -122.666869,45.534878,0.0"
PORTLAND,97229,45.5523,44064,OR,22.31327,-122.804,42120,"-122.743851,45.519482,0.0 -122.802687,45.517282,0.0 -122.815884,45.520032,0.0 -122.867572,45.542027,0.0 -122.867572,45.57007,0.0 -122.782892,45.582717,0.0 -122.743851,45.519482,0.0"
PORTLAND,97231,45.6534,4236,OR,57.21764,-122.839,4195,"-122.782892,45.582717,0.0 -122.867572,45.57007,0.0 -122.91596,45.676745,0.0 -122.91651,45.69544,0.0 -122.766946,45.727883,0.0 -122.764746,45.65365,0.0 -122.764196,45.585466,0.0 -122.782892,45.582717,0.0"
PORTLAND,97233,45.5136,33769,OR,4.58428,-122.5,34065,"-122.53765,45.522781,0.0 -122.455169,45.522231,0.0 -122.475515,45.504635,0.0 -122.53765,45.504086,0.0 -122.53765,45.522781,0.0"
PORTLAND,97236,45.4689,32422,OR,14.80829,-122.506,31732,"-122.53875,45.445799,0.0 -122.53765,45.504086,0.0 -122.475515,45.504635,0.0 -122.482663,45.491988,0.0 -122.45462,45.450198,0.0 -122.496959,45.435352,0.0 -122.53875,45.445799,0.0"
PORTLAND,97267,45.4077,28815,OR,7.4685,-122.615,29151,"-122.636077,45.397411,0.0 -122.654772,45.422705,0.0 -122.577241,45.424354,0.0 -122.573941,45.397961,0.0 -122.619031,45.379265,0.0 -122.636077,45.397411,0.0"
SALEM,97301,44.9077,53725,OR,59.32594,-122.919,53114,"-122.83458,44.889331,0.0 -122.906063,44.842042,0.0 -122.991843,44.841492,0.0 -122.998441,44.882732,0.0 -123.04518,44.943768,0.0 -123.038581,44.956415,0.0 -122.990193,44.950366,0.0 -122.849426,44.970162,0.0 -122.799388,44.914625,0.0 -122.83458,44.889331,0.0"
SALEM,97302,44.9016,37787,OR,24.59125,-123.068,37497,"-123.148006,44.862937,0.0 -123.113914,44.928372,0.0 -123.04518,44.943768,0.0 -122.998441,44.882732,0.0 -123.148006,44.862937,0.0"
SALEM,97303,45.0238,54473,OR,31.22521,-123.026,53411,"-122.974247,45.074087,0.0 -122.990193,44.950366,0.0 -123.038581,44.956415,0.0 -123.04573,45.090583,0.0 -122.974247,45.074087,0.0"
SALEM,97304,45.014,22972,OR,67.27424,-123.113,22563,"-123.177699,44.93332,0.0 -123.186496,45.074637,0.0 -123.117763,45.10653,0.0 -123.013837,45.10323,0.0 -123.04573,45.090583,0.0 -123.038581,44.956415,0.0 -123.04518,44.943768,0.0 -123.113914,44.928372,0.0 -123.177699,44.93332,0.0"
SALEM,97305,45.0202,36394,OR,57.40523,-122.925,35235,"-122.974247,45.074087,0.0 -122.850526,45.077386,0.0 -122.830181,45.06309,0.0 -122.849426,44.970162,0.0 -122.990193,44.950366,0.0 -122.974247,45.074087,0.0"
SALEM,97306,44.8454,22080,OR,33.68629,-123.078,21673,"-123.091369,44.805751,0.0 -123.148006,44.862937,0.0 -122.998441,44.882732,0.0 -122.991843,44.841492,0.0 -123.009438,44.833244,0.0 -123.091369,44.805751,0.0"
ALBANY,97321,44.6372,49532,OR,136.91557,-123.08,49343,"-123.21234,44.514319,0.0 -123.183197,44.589652,0.0 -123.194195,44.699626,0.0 -123.177699,44.719971,0.0 -123.133159,44.739216,0.0 -122.968198,44.676531,0.0 -122.925308,44.630892,0.0 -123.007239,44.534665,0.0 -123.139208,44.5968,0.0 -123.154604,44.497823,0.0 -123.21234,44.514319,0.0"
ALSEA,97324,44.3385,1137,OR,204.12741,-123.613,1153,"-123.445485,44.416992,0.0 -123.455383,44.281175,0.0 -123.662134,44.192096,0.0 -123.775407,44.283374,0.0 -123.827095,44.365855,0.0 -123.72042,44.431839,0.0 -123.605497,44.433489,0.0 -123.46913,44.450535,0.0 -123.445485,44.416992,0.0"
AUMSVILLE,97325,44.8253,6318,OR,31.6542,-122.859,6137,"-122.883518,44.750764,0.0 -122.906063,44.842042,0.0 -122.83458,44.889331,0.0 -122.823582,44.825546,0.0 -122.864823,44.758462,0.0 -122.883518,44.750764,0.0"
BLODGETT,97326,44.6454,694,OR,105.56134,-123.623,699,"-123.51202,44.720521,0.0 -123.59615,44.503872,0.0 -123.707223,44.607248,0.0 -123.609347,44.636941,0.0 -123.817197,44.714472,0.0 -123.724819,44.746365,0.0 -123.51202,44.720521,0.0"
BROWNSVILLE,97327,44.3592,3043,OR,115.21076,-122.935,3039,"-122.865372,44.277875,0.0 -122.905513,44.207492,0.0 -122.976996,44.200344,0.0 -123.016587,44.353208,0.0 -123.059477,44.391698,0.0 -122.988543,44.472529,0.0 -122.820833,44.387849,0.0 -122.865372,44.277875,0.0"
CORVALLIS,97330,44.6381,40484,OR,74.79935,-123.275,40605,"-123.311867,44.566007,0.0 -123.33881,44.719971,0.0 -123.194195,44.699626,0.0 -123.183197,44.589652,0.0 -123.272826,44.566557,0.0 -123.289872,44.567107,0.0 -123.311867,44.566007,0.0"
DALLAS,97338,44.9343,18037,OR,133.28486,-123.343,17900,"-123.228836,44.918474,0.0 -123.228836,44.910226,0.0 -123.490025,44.833244,0.0 -123.464731,44.967412,0.0 -123.34266,45.036146,0.0 -123.233235,45.036696,0.0 -123.228836,44.918474,0.0"
DEPOE BAY,97341,44.8096,3103,OR,28.40376,-124.015,3047,"-124.014601,44.89483,0.0 -123.972811,44.813999,0.0 -124.005253,44.769459,0.0 -124.064089,44.755163,0.0 -124.014601,44.89483,0.0"
DETROIT,97342,44.816,445,OR,279.23642,-122.104,447,"-121.759584,44.825546,0.0 -121.783778,44.772209,0.0 -122.105452,44.707874,0.0 -122.413379,44.779357,0.0 -122.40953,44.80795,0.0 -122.401282,44.863487,0.0 -122.387535,44.884932,0.0 -122.276462,44.886581,0.0 -121.73484,44.888231,0.0 -121.759584,44.825546,0.0"
EDDYVILLE,97343,44.5539,550,OR,178.99106,-123.74,568,"-123.59615,44.503872,0.0 -123.605497,44.433489,0.0 -123.72042,44.431839,0.0 -123.839742,44.442287,0.0 -123.851289,44.51157,0.0 -123.839742,44.712823,0.0 -123.817197,44.714472,0.0 -123.609347,44.636941,0.0 -123.707223,44.607248,0.0 -123.59615,44.503872,0.0"
FALLS CITY,97344,44.86,1074,OR,215.95082,-123.6,1044,"-123.724819,44.746365,0.0 -123.725369,44.805751,0.0 -123.725369,44.886032,0.0 -123.724819,44.984458,0.0 -123.628042,44.990507,0.0 -123.570306,44.998205,0.0 -123.464731,44.967412,0.0 -123.490025,44.833244,0.0 -123.50872,44.734268,0.0 -123.51202,44.720521,0.0 -123.724819,44.746365,0.0"
FOSTER,97345,44.4097,402,OR,39.53079,-122.558,473,"-122.498609,44.353208,0.0 -122.62178,44.42689,0.0 -122.62178,44.457683,0.0 -122.485962,44.432939,0.0 -122.479364,44.396097,0.0 -122.498609,44.353208,0.0"
GATES,97346,44.7026,789,OR,71.37162,-122.26,788,"-122.339147,44.653437,0.0 -122.413379,44.779357,0.0 -122.105452,44.707874,0.0 -122.066411,44.655086,0.0 -122.339147,44.653437,0.0"
GRAND RONDE,97347,45.1095,1357,OR,115.61657,-123.689,1460,"-123.615395,45.217053,0.0 -123.628042,44.990507,0.0 -123.724819,44.984458,0.0 -123.725369,45.043844,0.0 -123.784755,45.083985,0.0 -123.784205,45.114228,0.0 -123.76221,45.215954,0.0 -123.615395,45.217053,0.0"
HALSEY,97348,44.388,1315,OR,58.0738,-123.134,1314,"-123.016587,44.353208,0.0 -123.220039,44.359806,0.0 -123.233785,44.412594,0.0 -123.220039,44.485726,0.0 -123.059477,44.391698,0.0 -123.016587,44.353208,0.0"
IDANHA,97350,44.7271,253,OR,106.04798,-121.934,255,"-122.066411,44.655086,0.0 -122.105452,44.707874,0.0 -121.783778,44.772209,0.0 -121.794226,44.683679,0.0 -122.066411,44.655086,0.0"
INDEPENDENCE,97351,44.8354,7690,OR,56.86587,-123.176,7558,"-123.091369,44.805751,0.0 -123.133159,44.739216,0.0 -123.177699,44.719971,0.0 -123.228836,44.910226,0.0 -123.228836,44.918474,0.0 -123.177699,44.93332,0.0 -123.113914,44.928372,0.0 -123.148006,44.862937,0.0 -123.091369,44.805751,0.0"
JEFFERSON,97352,44.7519,5563,OR,53.00577,-123.024,5390,"-122.928607,44.728769,0.0 -122.968198,44.676531,0.0 -123.133159,44.739216,0.0 -123.091369,44.805751,0.0 -123.009438,44.833244,0.0 -122.928607,44.728769,0.0"
LEBANON,97355,44.5254,26153,OR,198.80729,-122.821,26061,"-122.62178,44.42689,0.0 -122.777393,44.46813,0.0 -122.820833,44.387849,0.0 -122.988543,44.472529,0.0 -123.011638,44.497823,0.0 -123.007239,44.534665,0.0 -122.925308,44.630892,0.0 -122.630578,44.581404,0.0 -122.730654,44.556659,0.0 -122.62178,44.457683,0.0 -122.62178,44.42689,0.0"
LOGSDEN,97357,44.7663,262,OR,31.76158,-123.79,263,"-123.839742,44.712823,0.0 -123.865586,44.72327,0.0 -123.725369,44.805751,0.0 -123.724819,44.746365,0.0 -123.817197,44.714472,0.0 -123.839742,44.712823,0.0"
LYONS,97358,44.7864,2523,OR,83.38436,-122.532,2514,"-122.544798,44.730418,0.0 -122.685015,44.763411,0.0 -122.616831,44.831045,0.0 -122.401282,44.863487,0.0 -122.40953,44.80795,0.0 -122.544798,44.730418,0.0"
MILL CITY,97360,44.7122,2015,OR,64.2765,-122.442,2017,"-122.523353,44.650137,0.0 -122.544798,44.730418,0.0 -122.40953,44.80795,0.0 -122.413379,44.779357,0.0 -122.339147,44.653437,0.0 -122.523353,44.650137,0.0"
MONMOUTH,97361,44.78,9957,OR,131.10426,-123.343,9812,"-123.33881,44.719971,0.0 -123.50872,44.734268,0.0 -123.490025,44.833244,0.0 -123.228836,44.910226,0.0 -123.177699,44.719971,0.0 -123.194195,44.699626,0.0 -123.33881,44.719971,0.0"
MOUNT ANGEL,97362,45.0669,4297,OR,22.24572,-122.775,4216,"-122.687215,45.071888,0.0 -122.70481,45.059791,0.0 -122.830181,45.06309,0.0 -122.850526,45.077386,0.0 -122.835679,45.087834,0.0 -122.687215,45.071888,0.0"
NEWPORT,97365,44.6869,10067,OR,44.17888,-124.021,10167,"-123.949166,44.700176,0.0 -124.011851,44.609997,0.0 -124.064089,44.755163,0.0 -124.005253,44.769459,0.0 -123.949166,44.700176,0.0"
SOUTH BEACH,97366,44.5786,1184,OR,8.65674,-124.053,1209,"-124.069038,44.612746,0.0 -124.044294,44.616045,0.0 -124.032197,44.592951,0.0 -124.030547,44.561608,0.0 -124.076186,44.531915,0.0 -124.069038,44.612746,0.0"
LINCOLN CITY,97367,44.9416,9456,OR,125.65352,-123.875,9469,"-123.725369,44.886032,0.0 -123.972811,44.813999,0.0 -124.014601,44.89483,0.0 -124.005253,45.044944,0.0 -123.979959,45.006453,0.0 -123.978309,45.000405,0.0 -123.799052,44.958065,0.0 -123.801801,45.044944,0.0 -123.725369,45.043844,0.0 -123.724819,44.984458,0.0 -123.725369,44.886032,0.0"
OTIS,97368,45.02,3146,OR,52.16564,-123.911,3138,"-123.979959,45.006453,0.0 -124.005253,45.044944,0.0 -123.987107,45.099931,0.0 -123.801801,45.044944,0.0 -123.799052,44.958065,0.0 -123.978309,45.000405,0.0 -123.979959,45.006453,0.0"
PHILOMATH,97370,44.5784,8537,OR,183.5205,-123.46,8550,"-123.46913,44.450535,0.0 -123.605497,44.433489,0.0 -123.59615,44.503872,0.0 -123.51202,44.720521,0.0 -123.50872,44.734268,0.0 -123.33881,44.719971,0.0 -123.311867,44.566007,0.0 -123.46913,44.450535,0.0"
RICKREALL,97371,44.9899,557,OR,23.3496,-123.202,554,"-123.228836,44.918474,0.0 -123.233235,45.036696,0.0 -123.186496,45.074637,0.0 -123.177699,44.93332,0.0 -123.228836,44.918474,0.0"
SCIO,97374,44.677,5231,OR,188.39598,-122.724,5086,"-122.968198,44.676531,0.0 -122.928607,44.728769,0.0 -122.883518,44.750764,0.0 -122.864823,44.758462,0.0 -122.685015,44.763411,0.0 -122.544798,44.730418,0.0 -122.523353,44.650137,0.0 -122.630578,44.581404,0.0 -122.925308,44.630892,0.0 -122.968198,44.676531,0.0"
SCOTTS MILLS,97375,44.991,1381,OR,33.97887,-122.611,1375,"-122.506307,44.918474,0.0 -122.70481,45.059791,0.0 -122.687215,45.071888,0.0 -122.686115,45.072987,0.0 -122.506307,44.918474,0.0"
SEAL ROCK,97376,44.501,1463,OR,52.21759,-123.975,1470,"-123.907376,44.458783,0.0 -124.081685,44.462082,0.0 -124.076186,44.531915,0.0 -124.030547,44.561608,0.0 -123.851289,44.51157,0.0 -123.839742,44.442287,0.0 -123.907376,44.458783,0.0"
SHEDD,97377,44.4632,872,OR,47.96678,-123.103,871,"-122.988543,44.472529,0.0 -123.059477,44.391698,0.0 -123.220039,44.485726,0.0 -123.21234,44.514319,0.0 -123.154604,44.497823,0.0 -123.011638,44.497823,0.0 -122.988543,44.472529,0.0"
SHERIDAN,97378,45.107,8191,OR,134.11473,-123.433,8017,"-123.570306,44.998205,0.0 -123.463081,45.224752,0.0 -123.463081,45.280288,0.0 -123.375652,45.27534,0.0 -123.321765,45.090033,0.0 -123.34266,45.036146,0.0 -123.464731,44.967412,0.0 -123.570306,44.998205,0.0"
SILETZ,97380,44.8113,2185,OR,106.56532,-123.871,2200,"-123.865586,44.72327,0.0 -123.949166,44.700176,0.0 -124.005253,44.769459,0.0 -123.972811,44.813999,0.0 -123.725369,44.886032,0.0 -123.725369,44.805751,0.0 -123.865586,44.72327,0.0"
STAYTON,97383,44.8011,8630,OR,42.93923,-122.724,8635,"-122.823582,44.825546,0.0 -122.661371,44.853039,0.0 -122.616831,44.831045,0.0 -122.685015,44.763411,0.0 -122.864823,44.758462,0.0 -122.823582,44.825546,0.0"
SUBLIMITY,97385,44.8684,2738,OR,37.44473,-122.75,2703,"-122.83458,44.889331,0.0 -122.799388,44.914625,0.0 -122.661371,44.853039,0.0 -122.823582,44.825546,0.0 -122.83458,44.889331,0.0"
SWEET HOME,97386,44.3536,12808,OR,134.13023,-122.718,12569,"-122.647624,44.266878,0.0 -122.865372,44.277875,0.0 -122.820833,44.387849,0.0 -122.777393,44.46813,0.0 -122.62178,44.42689,0.0 -122.498609,44.353208,0.0 -122.647624,44.266878,0.0"
TANGENT,97389,44.5293,1481,OR,34.66326,-123.094,1412,"-123.154604,44.497823,0.0 -123.139208,44.5968,0.0 -123.007239,44.534665,0.0 -123.011638,44.497823,0.0 -123.154604,44.497823,0.0"
TIDEWATER,97390,44.3658,716,OR,89.88837,-123.858,714,"-123.775407,44.283374,0.0 -123.799602,44.283374,0.0 -123.957414,44.277326,0.0 -123.980509,44.361456,0.0 -123.907376,44.458783,0.0 -123.839742,44.442287,0.0 -123.72042,44.431839,0.0 -123.827095,44.365855,0.0 -123.775407,44.283374,0.0"
TOLEDO,97391,44.6115,5504,OR,99.62028,-123.913,5589,"-124.011851,44.609997,0.0 -123.949166,44.700176,0.0 -123.865586,44.72327,0.0 -123.839742,44.712823,0.0 -123.851289,44.51157,0.0 -124.030547,44.561608,0.0 -124.032197,44.592951,0.0 -124.011851,44.609997,0.0"
TURNER,97392,44.7924,4138,OR,34.95026,-122.943,4143,"-122.928607,44.728769,0.0 -123.009438,44.833244,0.0 -122.991843,44.841492,0.0 -122.906063,44.842042,0.0 -122.883518,44.750764,0.0 -122.928607,44.728769,0.0"
WALDPORT,97394,44.4173,4354,OR,63.5198,-123.992,4348,"-123.980509,44.361456,0.0 -124.091583,44.370803,0.0 -124.009652,44.416992,0.0 -124.081685,44.462082,0.0 -123.907376,44.458783,0.0 -123.980509,44.361456,0.0"
WILLAMINA,97396,45.119,3073,OR,85.82563,-123.557,2905,"-123.615395,45.217053,0.0 -123.463081,45.224752,0.0 -123.570306,44.998205,0.0 -123.628042,44.990507,0.0 -123.615395,45.217053,0.0"
EUGENE,97401,44.0681,37619,OR,9.30641,-123.082,37177,"-123.101267,44.039232,0.0 -123.113364,44.068375,0.0 -123.106765,44.095319,0.0 -123.04683,44.084321,0.0 -123.050129,44.04528,0.0 -123.079272,44.039232,0.0 -123.101267,44.039232,0.0"
EUGENE,97402,44.0427,45307,OR,85.23712,-123.237,44617,"-123.306918,43.911112,0.0 -123.305818,44.109065,0.0 -123.168351,44.127761,0.0 -123.113364,44.068375,0.0 -123.101267,44.039232,0.0 -123.306918,43.911112,0.0"
EUGENE,97403,44.0371,10368,OR,3.58892,-123.054,10393,"-123.023735,44.033183,0.0 -123.079272,44.039232,0.0 -123.050129,44.04528,0.0 -123.023735,44.033183,0.0"
EUGENE,97404,44.1055,28888,OR,9.99698,-123.134,28579,"-123.113364,44.068375,0.0 -123.168351,44.127761,0.0 -123.126561,44.143157,0.0 -123.106765,44.095319,0.0 -123.113364,44.068375,0.0"
AGNESS,97406,42.6133,131,OR,401.63981,-124.04,133,"-123.716021,42.783879,0.0 -123.898028,42.496846,0.0 -124.011302,42.489698,0.0 -124.300533,42.445159,0.0 -124.299433,42.666756,0.0 -124.2274,42.714045,0.0 -124.14492,42.739889,0.0 -124.131173,42.665107,0.0 -123.812249,42.789377,0.0 -123.716021,42.783879,0.0"
EUGENE,97408,44.1474,9660,OR,44.3734,-123.065,9437,"-123.106765,44.095319,0.0 -123.126561,44.143157,0.0 -123.165601,44.199794,0.0 -123.00119,44.200344,0.0 -123.017137,44.083221,0.0 -123.04683,44.084321,0.0 -123.106765,44.095319,0.0"
AZALEA,97410,42.8215,632,OR,169.70353,-123.134,643,"-123.308018,42.731641,0.0 -123.260179,42.826768,0.0 -123.264578,42.915847,0.0 -123.166701,42.963136,0.0 -123.028134,42.842715,0.0 -122.952252,42.894402,0.0 -122.924758,42.774531,0.0 -122.951152,42.767382,0.0 -123.229936,42.702498,0.0 -123.308018,42.731641,0.0"
BANDON,97411,43.0332,5955,OR,101.91904,-124.367,5927,"-124.348922,43.132496,0.0 -124.269191,42.954338,0.0 -124.479791,42.954888,0.0 -124.426453,43.124248,0.0 -124.348922,43.132496,0.0"
BLACHLY,97412,44.2035,522,OR,67.4491,-123.549,526,"-123.455383,44.253681,0.0 -123.546111,44.127761,0.0 -123.662134,44.192096,0.0 -123.455383,44.281175,0.0 -123.455383,44.253681,0.0"
BLUE RIVER,97413,44.1941,805,OR,168.59002,-122.103,803,"-122.343546,44.153605,0.0 -122.259966,44.207492,0.0 -122.329249,44.230587,0.0 -121.813471,44.25808,0.0 -122.109301,44.17505,0.0 -122.044966,44.063976,0.0 -122.343546,44.153605,0.0"
BROOKINGS,97415,42.2167,13244,OR,750.04523,-124.094,13261,"-124.001404,42.454506,0.0 -124.035496,42.364878,0.0 -123.885931,42.35333,0.0 -123.8062,42.216963,0.0 -123.821596,41.995365,0.0 -124.045943,41.996465,0.0 -124.211454,41.998664,0.0 -124.407208,42.280198,0.0 -124.301083,42.276349,0.0 -124.300533,42.445159,0.0 -124.011302,42.489698,0.0 -124.001404,42.454506,0.0"
CAMAS VALLEY,97416,42.9948,765,OR,118.73358,-123.708,765,"-123.819397,42.885604,0.0 -123.820497,42.965336,0.0 -123.701725,43.139644,0.0 -123.601098,43.070361,0.0 -123.576904,42.967535,0.0 -123.819397,42.885604,0.0"
CANYONVILLE,97417,42.9396,1715,OR,17.08594,-123.221,1719,"-123.264578,42.915847,0.0 -123.306918,42.94774,0.0 -123.240384,42.951039,0.0 -123.166701,42.963136,0.0 -123.264578,42.915847,0.0"
CHESHIRE,97419,44.1768,1143,OR,23.75384,-123.389,1154,"-123.38115,44.13161,0.0 -123.42404,44.13106,0.0 -123.42569,44.228387,0.0 -123.283823,44.205842,0.0 -123.38115,44.13161,0.0"
COOS BAY,97420,43.3068,27106,OR,287.15685,-124.14,27290," -124.277439,43.45472,0.0 -124.236748,43.431076,0.0 -124.345623,43.359592,0.0 -124.277439,43.45472,0.0 -124.259293,43.41183,0.0 -124.220252,43.387636,0.0 -124.174063,43.362892,0.0 -123.923872,43.405232,0.0 -123.862287,43.263365,0.0 -124.026148,43.196831,0.0 -124.395111,43.211128,0.0 -124.259293,43.41183,0.0"
COQUILLE,97423,43.1711,7137,OR,111.79411,-124.223,7165,"-124.395111,43.211128,0.0 -124.026148,43.196831,0.0 -124.348922,43.132496,0.0 -124.426453,43.124248,0.0 -124.395111,43.211128,0.0"
COTTAGE GROVE,97424,43.6936,16138,OR,347.0405,-123.011,16141,"-123.107315,43.542149,0.0 -123.137558,43.649374,0.0 -123.274476,43.779693,0.0 -123.154054,43.779693,0.0 -123.183197,43.866573,0.0 -122.892316,43.842928,0.0 -122.797738,43.790141,0.0 -122.811485,43.766496,0.0 -122.994042,43.765946,0.0 -122.848876,43.703811,0.0 -122.7466,43.585589,0.0 -122.741652,43.524553,0.0 -122.934106,43.543249,0.0 -123.107315,43.542149,0.0"
CRESWELL,97426,43.8942,8115,OR,87.52537,-123.039,7988,"-122.894516,43.863273,0.0 -122.892316,43.842928,0.0 -123.183197,43.866573,0.0 -123.167801,43.909462,0.0 -122.963249,43.979296,0.0 -122.894516,43.863273,0.0"
CULP CREEK,97427,43.6916,279,OR,170.8325,-122.712,279,"-122.600335,43.818734,0.0 -122.568443,43.681816,0.0 -122.7466,43.585589,0.0 -122.848876,43.703811,0.0 -122.811485,43.766496,0.0 -122.797738,43.790141,0.0 -122.62178,43.825332,0.0 -122.600335,43.818734,0.0"
DAYS CREEK,97429,42.9887,762,OR,172.02485,-123.02,771,"-122.939605,43.151742,0.0 -122.854375,43.001627,0.0 -122.952252,42.894402,0.0 -123.028134,42.842715,0.0 -123.166701,42.963136,0.0 -123.240384,42.951039,0.0 -122.990193,43.152291,0.0 -122.939605,43.151742,0.0"
DEADWOOD,97430,44.1642,570,OR,140.95219,-123.745,572,"-123.615395,44.070574,0.0 -123.697326,44.053528,0.0 -123.770458,44.050779,0.0 -123.886481,44.127761,0.0 -123.953565,44.184947,0.0 -123.799602,44.283374,0.0 -123.775407,44.283374,0.0 -123.662134,44.192096,0.0 -123.546111,44.127761,0.0 -123.615395,44.070574,0.0"
DEXTER,97431,43.8468,2170,OR,71.12204,-122.782,2158,"-122.796089,43.92156,0.0 -122.62178,43.825332,0.0 -122.797738,43.790141,0.0 -122.892316,43.842928,0.0 -122.894516,43.863273,0.0 -122.849976,43.949603,0.0 -122.796089,43.92156,0.0"
DORENA,97434,43.7527,787,OR,26.81922,-122.905,712,"-122.848876,43.703811,0.0 -122.994042,43.765946,0.0 -122.811485,43.766496,0.0 -122.848876,43.703811,0.0"
DRAIN,97435,43.7404,2007,OR,263.81457,-123.452,2034,"-123.444386,43.588338,0.0 -123.519718,43.727455,0.0 -123.711072,43.734054,0.0 -123.644538,43.92101,0.0 -123.618694,43.891867,0.0 -123.431739,43.809386,0.0 -123.274476,43.779693,0.0 -123.137558,43.649374,0.0 -123.400396,43.576791,0.0 -123.444386,43.588338,0.0"
ELKTON,97436,43.6604,829,OR,116.21707,-123.605,840,"-123.654986,43.571292,0.0 -123.740765,43.656522,0.0 -123.711072,43.725256,0.0 -123.711072,43.734054,0.0 -123.519718,43.727455,0.0 -123.444386,43.588338,0.0 -123.654986,43.571292,0.0"
ELMIRA,97437,44.0963,2202,OR,20.25059,-123.38,2216,"-123.431739,44.078273,0.0 -123.42404,44.13106,0.0 -123.38115,44.13161,0.0 -123.305818,44.109065,0.0 -123.431739,44.078273,0.0"
FALL CREEK,97438,43.958,1795,OR,128.03211,-122.686,1593,"-122.484312,43.837429,0.0 -122.592087,43.818184,0.0 -122.796089,43.92156,0.0 -122.849976,43.949603,0.0 -122.906063,43.998541,0.0 -122.623979,44.058477,0.0 -122.619581,43.900665,0.0 -122.484312,43.837429,0.0"
FLORENCE,97439,44.0961,13018,OR,182.62478,-124.059,12831,"-124.115777,44.276226,0.0 -123.957414,44.277326,0.0 -123.959614,44.071124,0.0 -123.960164,44.071124,0.0 -123.960713,44.071124,0.0 -124.021199,43.988644,0.0 -124.082785,43.863823,0.0 -124.109728,43.863273,0.0 -124.158667,43.863273,0.0 -124.115777,44.276226,0.0"
GARDINER,97441,43.7886,12,OR,27.02008,-124.149,12,"-124.158667,43.863273,0.0 -124.109728,43.863273,0.0 -124.204856,43.671919,0.0 -124.158667,43.863273,0.0"
GLENDALE,97442,42.8171,2130,OR,296.22071,-123.543,2127,"-123.308018,42.731641,0.0 -123.538963,42.710196,0.0 -123.716021,42.783879,0.0 -123.812249,42.789377,0.0 -123.819397,42.885604,0.0 -123.576904,42.967535,0.0 -123.528516,42.943341,0.0 -123.260179,42.826768,0.0 -123.308018,42.731641,0.0"
GLIDE,97443,43.2741,2456,OR,946.87353,-122.481,2445,"-122.032869,43.367291,0.0 -121.976782,43.263365,0.0 -122.087306,43.095655,0.0 -122.28196,43.056614,0.0 -122.479364,43.24247,0.0 -122.939605,43.151742,0.0 -122.990193,43.152291,0.0 -123.114464,43.183084,0.0 -123.072673,43.310104,0.0 -122.733953,43.348595,0.0 -122.740552,43.471216,0.0 -122.131846,43.440423,0.0 -122.032869,43.367291,0.0"
GOLD BEACH,97444,42.4844,4606,OR,174.43746,-124.358,4640,"-124.447348,42.686002,0.0 -124.299433,42.666756,0.0 -124.300533,42.445159,0.0 -124.301083,42.276349,0.0 -124.407208,42.280198,0.0 -124.447348,42.686002,0.0"
HARRISBURG,97446,44.2745,4271,OR,109.10251,-123.084,4224,"-122.976996,44.200344,0.0 -123.00119,44.200344,0.0 -123.165601,44.199794,0.0 -123.196394,44.304269,0.0 -123.220039,44.359806,0.0 -123.016587,44.353208,0.0 -122.976996,44.200344,0.0"
IDLEYLD PARK,97447,43.4158,646,OR,183.01543,-122.876,643,"-123.072673,43.310104,0.0 -123.080921,43.363442,0.0 -122.954451,43.379938,0.0 -122.934106,43.543249,0.0 -122.741652,43.524553,0.0 -122.740552,43.471216,0.0 -122.733953,43.348595,0.0 -123.072673,43.310104,0.0"
JUNCTION CITY,97448,44.2114,12087,OR,133.63042,-123.277,12257,"-123.168351,44.127761,0.0 -123.305818,44.109065,0.0 -123.38115,44.13161,0.0 -123.283823,44.205842,0.0 -123.42569,44.228387,0.0 -123.455383,44.253681,0.0 -123.455383,44.281175,0.0 -123.196394,44.304269,0.0 -123.165601,44.199794,0.0 -123.126561,44.143157,0.0 -123.168351,44.127761,0.0"
LAKESIDE,97449,43.5789,1518,OR,41.35851,-124.073,1533,"-123.979409,43.609233,0.0 -124.06024,43.531152,0.0 -124.175713,43.610883,0.0 -123.979409,43.609233,0.0"
LANGLOIS,97450,42.9073,557,OR,86.43242,-124.373,567,"-124.479791,42.954888,0.0 -124.269191,42.954338,0.0 -124.214753,42.90375,0.0 -124.539177,42.859761,0.0 -124.479791,42.954888,0.0"
LORANE,97451,43.8272,655,OR,57.30086,-123.265,652,"-123.431739,43.809386,0.0 -123.288772,43.898465,0.0 -123.167801,43.909462,0.0 -123.183197,43.866573,0.0 -123.154054,43.779693,0.0 -123.274476,43.779693,0.0 -123.431739,43.809386,0.0"
LOWELL,97452,43.8783,1071,OR,27.16625,-122.739,1056,"-122.592087,43.818184,0.0 -122.600335,43.818734,0.0 -122.62178,43.825332,0.0 -122.796089,43.92156,0.0 -122.592087,43.818184,0.0"
MAPLETON,97453,44.0017,1041,OR,114.72895,-123.865,1005,"-123.697326,44.053528,0.0 -123.733617,43.944654,0.0 -123.915074,43.899015,0.0 -124.021199,43.988644,0.0 -123.960713,44.071124,0.0 -123.960164,44.071124,0.0 -123.959614,44.071124,0.0 -123.905177,44.071674,0.0 -123.770458,44.050779,0.0 -123.697326,44.053528,0.0"
MARCOLA,97454,44.2124,1422,OR,124.54464,-122.761,1424,"-122.577241,44.228387,0.0 -122.644325,44.17395,0.0 -122.710309,44.157454,0.0 -122.826882,44.114564,0.0 -122.905513,44.207492,0.0 -122.865372,44.277875,0.0 -122.647624,44.266878,0.0 -122.577241,44.228387,0.0"
PLEASANT HILL,97455,43.9474,3083,OR,28.22186,-122.91,3080,"-122.894516,43.863273,0.0 -122.963249,43.979296,0.0 -122.963799,44.022736,0.0 -122.906063,43.998541,0.0 -122.849976,43.949603,0.0 -122.894516,43.863273,0.0"
MONROE,97456,44.3465,2711,OR,87.89834,-123.351,2649,"-123.445485,44.416992,0.0 -123.233785,44.412594,0.0 -123.220039,44.359806,0.0 -123.196394,44.304269,0.0 -123.455383,44.281175,0.0 -123.445485,44.416992,0.0"
MYRTLE CREEK,97457,43.0685,9357,OR,183.03548,-123.196,9746,"-123.240384,42.951039,0.0 -123.306918,42.94774,0.0 -123.400946,43.000527,0.0 -123.400396,43.083008,0.0 -123.114464,43.183084,0.0 -122.990193,43.152291,0.0 -123.240384,42.951039,0.0"
MYRTLE POINT,97458,43.0913,4949,OR,458.12662,-123.972,5020,"-123.820497,42.965336,0.0 -124.113027,42.969735,0.0 -124.151518,42.981282,0.0 -124.205406,42.90375,0.0 -124.214753,42.90375,0.0 -124.269191,42.954338,0.0 -124.348922,43.132496,0.0 -124.026148,43.196831,0.0 -123.862287,43.263365,0.0 -123.76386,43.263365,0.0 -123.701725,43.139644,0.0 -123.820497,42.965336,0.0"
NOTI,97461,44.1156,1188,OR,69.62184,-123.494,1034,"-123.546111,44.127761,0.0 -123.455383,44.253681,0.0 -123.42569,44.228387,0.0 -123.42404,44.13106,0.0 -123.431739,44.078273,0.0 -123.480127,44.022736,0.0 -123.615395,44.070574,0.0 -123.546111,44.127761,0.0"
OAKLAND,97462,43.4916,3636,OR,268.57413,-123.403,3640,"-123.133159,43.475615,0.0 -123.359156,43.386536,0.0 -123.460882,43.366191,0.0 -123.609347,43.445922,0.0 -123.654986,43.571292,0.0 -123.444386,43.588338,0.0 -123.400396,43.576791,0.0 -123.190895,43.596037,0.0 -123.133159,43.475615,0.0"
OAKRIDGE,97463,43.6956,3774,OR,321.07444,-122.206,3784,"-122.002626,43.615282,0.0 -122.140644,43.465167,0.0 -122.440323,43.687315,0.0 -122.462868,43.789041,0.0 -122.346845,43.851176,0.0 -122.060363,43.684566,0.0 -122.075209,43.874271,0.0 -121.975683,43.855575,0.0 -122.002626,43.615282,0.0"
PORT ORFORD,97465,42.7239,2097,OR,44.74073,-124.389,2074,"-124.532028,42.805873,0.0 -124.2274,42.714045,0.0 -124.299433,42.666756,0.0 -124.447348,42.686002,0.0 -124.532028,42.805873,0.0"
POWERS,97466,42.8399,1039,OR,288.29266,-124.007,1038,"-123.812249,42.789377,0.0 -124.131173,42.665107,0.0 -124.14492,42.739889,0.0 -124.205406,42.90375,0.0 -124.151518,42.981282,0.0 -124.113027,42.969735,0.0 -123.820497,42.965336,0.0 -123.819397,42.885604,0.0 -123.812249,42.789377,0.0"
REEDSPORT,97467,43.7173,6088,OR,543.11036,-123.886,6179,"-124.175713,43.610883,0.0 -124.218603,43.610333,0.0 -124.204856,43.671919,0.0 -124.109728,43.863273,0.0 -124.082785,43.863823,0.0 -123.915074,43.899015,0.0 -123.733617,43.944654,0.0 -123.644538,43.92101,0.0 -123.711072,43.734054,0.0 -123.711072,43.725256,0.0 -123.827645,43.654873,0.0 -123.740765,43.656522,0.0 -123.654986,43.571292,0.0 -123.609347,43.445922,0.0 -123.817747,43.459669,0.0 -123.979409,43.609233,0.0 -124.175713,43.610883,0.0"
RIDDLE,97469,42.9135,2805,OR,92.61849,-123.378,2761,"-123.260179,42.826768,0.0 -123.528516,42.943341,0.0 -123.400946,43.000527,0.0 -123.306918,42.94774,0.0 -123.264578,42.915847,0.0 -123.260179,42.826768,0.0"
ROSEBURG,97470,43.2347,46382,OR,452.75983,-123.4,46167,"-123.400396,43.083008,0.0 -123.50817,43.113251,0.0 -123.569756,43.090156,0.0 -123.601098,43.070361,0.0 -123.701725,43.139644,0.0 -123.76386,43.263365,0.0 -123.76386,43.3277,0.0 -123.460882,43.366191,0.0 -123.359156,43.386536,0.0 -123.246432,43.288659,0.0 -123.080921,43.363442,0.0 -123.072673,43.310104,0.0 -123.114464,43.183084,0.0 -123.400396,43.083008,0.0"
SCOTTSBURG,97473,43.6869,219,OR,13.63618,-123.758,222,"-123.711072,43.725256,0.0 -123.740765,43.656522,0.0 -123.827645,43.654873,0.0 -123.711072,43.725256,0.0"
SIXES,97476,42.8026,298,OR,178.83782,-124.319,304,"-124.14492,42.739889,0.0 -124.2274,42.714045,0.0 -124.532028,42.805873,0.0 -124.539177,42.859761,0.0 -124.214753,42.90375,0.0 -124.205406,42.90375,0.0 -124.14492,42.739889,0.0"
SPRINGFIELD,97477,44.0593,35897,OR,12.04421,-123.011,35722,"-123.017137,44.083221,0.0 -122.994592,44.027685,0.0 -123.023735,44.033183,0.0 -123.050129,44.04528,0.0 -123.04683,44.084321,0.0 -123.017137,44.083221,0.0"
SPRINGFIELD,97478,44.089,32129,OR,172.93212,-122.846,32036,"-123.017137,44.083221,0.0 -123.00119,44.200344,0.0 -122.976996,44.200344,0.0 -122.905513,44.207492,0.0 -122.826882,44.114564,0.0 -122.710309,44.157454,0.0 -122.610783,44.103017,0.0 -122.623979,44.058477,0.0 -122.906063,43.998541,0.0 -122.963799,44.022736,0.0 -122.994592,44.027685,0.0 -123.017137,44.083221,0.0"
SUTHERLIN,97479,43.4321,8518,OR,156.88953,-123.104,8487,"-123.080921,43.363442,0.0 -123.246432,43.288659,0.0 -123.359156,43.386536,0.0 -123.133159,43.475615,0.0 -123.107315,43.542149,0.0 -122.934106,43.543249,0.0 -122.954451,43.379938,0.0 -123.080921,43.363442,0.0"
SWISSHOME,97480,44.0944,342,OR,29.54839,-123.819,383,"-123.905177,44.071674,0.0 -123.886481,44.127761,0.0 -123.770458,44.050779,0.0 -123.905177,44.071674,0.0"
TILLER,97484,43.0198,204,OR,629.94867,-122.664,207,"-122.939605,43.151742,0.0 -122.479364,43.24247,0.0 -122.28196,43.056614,0.0 -122.28196,42.996678,0.0 -122.62123,42.896602,0.0 -122.924758,42.774531,0.0 -122.952252,42.894402,0.0 -122.854375,43.001627,0.0 -122.939605,43.151742,0.0"
VENETA,97487,43.9378,6929,OR,178.94047,-123.418,6902,"-123.618694,43.891867,0.0 -123.480127,44.022736,0.0 -123.431739,44.078273,0.0 -123.305818,44.109065,0.0 -123.306918,43.911112,0.0 -123.288772,43.898465,0.0 -123.431739,43.809386,0.0 -123.618694,43.891867,0.0"
VIDA,97488,44.1708,1037,OR,109.68989,-122.469,1024,"-122.589338,44.103017,0.0 -122.644325,44.17395,0.0 -122.577241,44.228387,0.0 -122.329249,44.230587,0.0 -122.259966,44.207492,0.0 -122.343546,44.153605,0.0 -122.589338,44.103017,0.0"
WALTERVILLE,97489,44.138,871,OR,19.49801,-122.642,869,"-122.610783,44.103017,0.0 -122.710309,44.157454,0.0 -122.644325,44.17395,0.0 -122.589338,44.103017,0.0 -122.610783,44.103017,0.0"
WALTON,97490,43.9915,275,OR,100.95309,-123.618,275,"-123.733617,43.944654,0.0 -123.697326,44.053528,0.0 -123.615395,44.070574,0.0 -123.480127,44.022736,0.0 -123.618694,43.891867,0.0 -123.644538,43.92101,0.0 -123.733617,43.944654,0.0"
WESTFIR,97492,43.7598,607,OR,67.24054,-122.53,611,"-122.440323,43.687315,0.0 -122.568443,43.681816,0.0 -122.600335,43.818734,0.0 -122.592087,43.818184,0.0 -122.484312,43.837429,0.0 -122.462868,43.789041,0.0 -122.440323,43.687315,0.0"
WESTLAKE,97493,43.9184,241,OR,55.39524,-123.997,242,"-124.082785,43.863823,0.0 -124.021199,43.988644,0.0 -123.915074,43.899015,0.0 -124.082785,43.863823,0.0"
WINSTON,97496,43.0323,7164,OR,119.90244,-123.515,6919,"-123.601098,43.070361,0.0 -123.569756,43.090156,0.0 -123.50817,43.113251,0.0 -123.400396,43.083008,0.0 -123.400946,43.000527,0.0 -123.528516,42.943341,0.0 -123.576904,42.967535,0.0 -123.601098,43.070361,0.0"
WOLF CREEK,97497,42.6529,1754,OR,127.62126,-123.353,1754,"-123.229936,42.702498,0.0 -123.230486,42.572179,0.0 -123.538963,42.710196,0.0 -123.308018,42.731641,0.0 -123.229936,42.702498,0.0"
YACHATS,97498,44.3154,1374,OR,40.17034,-124.029,1385,"-124.091583,44.370803,0.0 -123.980509,44.361456,0.0 -123.957414,44.277326,0.0 -124.115777,44.276226,0.0 -124.091583,44.370803,0.0"
YONCALLA,97499,43.5879,2037,OR,90.11307,-123.231,2025,"-123.133159,43.475615,0.0 -123.190895,43.596037,0.0 -123.400396,43.576791,0.0 -123.137558,43.649374,0.0 -123.107315,43.542149,0.0 -123.133159,43.475615,0.0"
CENTRAL POINT,97502,42.4062,24158,OR,103.58996,-122.954,23730,"-123.056727,42.334085,0.0 -122.95885,42.514442,0.0 -122.797189,42.424813,0.0 -122.814234,42.378074,0.0 -122.884068,42.369826,0.0 -122.951702,42.320338,0.0 -123.056727,42.334085,0.0"
WHITE CITY,97503,42.5425,9398,OR,63.02993,-122.913,8894,"-122.893966,42.625516,0.0 -122.797189,42.424813,0.0 -122.95885,42.514442,0.0 -123.010538,42.585925,0.0 -122.947303,42.634314,0.0 -122.893966,42.625516,0.0"
MEDFORD,97504,42.3265,41721,OR,44.01489,-122.798,40819,"-122.797189,42.265351,0.0 -122.818633,42.280198,0.0 -122.884068,42.369826,0.0 -122.814234,42.378074,0.0 -122.709759,42.338484,0.0 -122.772444,42.265351,0.0 -122.797189,42.265351,0.0"
ASHLAND,97520,42.1824,24579,OR,690.48383,-122.56,24022,"-122.287459,42.39512,0.0 -122.289658,42.008012,0.0 -122.36829,42.009112,0.0 -122.719107,42.004163,0.0 -122.762547,42.004163,0.0 -122.9616,42.003063,0.0 -122.868122,42.124035,0.0 -122.772444,42.265351,0.0 -122.709759,42.338484,0.0 -122.719657,42.460555,0.0 -122.358392,42.346732,0.0 -122.471665,42.389072,0.0 -122.287459,42.39512,0.0"
BUTTE FALLS,97522,42.5524,668,OR,309.72261,-122.419,643,"-122.471665,42.389072,0.0 -122.62233,42.625516,0.0 -122.28361,42.725042,0.0 -122.287459,42.39512,0.0 -122.471665,42.389072,0.0"
CAVE JUNCTION,97523,42.0953,6604,OR,319.44266,-123.594,6492,"-123.410294,42.188369,0.0 -123.307468,42.123485,0.0 -123.351458,41.999214,0.0 -123.518068,42.000864,0.0 -123.821596,41.995365,0.0 -123.8062,42.216963,0.0 -123.725919,42.199917,0.0 -123.640689,42.221362,0.0 -123.410294,42.188369,0.0"
EAGLE POINT,97524,42.4795,10247,OR,220.38733,-122.676,10553,"-122.797189,42.424813,0.0 -122.893966,42.625516,0.0 -122.829631,42.616168,0.0 -122.759797,42.539736,0.0 -122.697662,42.646961,0.0 -122.686115,42.656859,0.0 -122.62233,42.625516,0.0 -122.471665,42.389072,0.0 -122.358392,42.346732,0.0 -122.719657,42.460555,0.0 -122.709759,42.338484,0.0 -122.814234,42.378074,0.0 -122.797189,42.424813,0.0"
GOLD HILL,97525,42.4428,4713,OR,96.39847,-123.087,4674,"-123.056727,42.334085,0.0 -123.200243,42.303292,0.0 -123.17055,42.431412,0.0 -123.010538,42.585925,0.0 -122.95885,42.514442,0.0 -123.056727,42.334085,0.0"
GRANTS PASS,97526,42.5783,32147,OR,358.51511,-123.577,31828,"-123.597799,42.56448,0.0 -124.001404,42.454506,0.0 -124.011302,42.489698,0.0 -123.898028,42.496846,0.0 -123.716021,42.783879,0.0 -123.538963,42.710196,0.0 -123.230486,42.572179,0.0 -123.229386,42.419865,0.0 -123.488375,42.496846,0.0 -123.408644,42.578227,0.0 -123.597799,42.56448,0.0"
GRANTS PASS,97527,42.3992,27689,OR,180.79484,-123.406,27390,"-123.200243,42.303292,0.0 -123.229936,42.280198,0.0 -123.367954,42.299993,0.0 -123.532365,42.324187,0.0 -123.476278,42.403368,0.0 -123.608247,42.442409,0.0 -123.491124,42.52379,0.0 -123.488375,42.496846,0.0 -123.229386,42.419865,0.0 -123.17055,42.431412,0.0 -123.200243,42.303292,0.0"
JACKSONVILLE,97530,42.1618,6492,OR,353.43983,-123.073,6447,"-123.231036,42.003613,0.0 -123.229936,42.280198,0.0 -123.200243,42.303292,0.0 -123.056727,42.334085,0.0 -122.951702,42.320338,0.0 -122.965999,42.168574,0.0 -122.87692,42.149878,0.0 -122.868122,42.124035,0.0 -122.9616,42.003063,0.0 -123.231036,42.003613,0.0"
MERLIN,97532,42.5413,2151,OR,21.16742,-123.466,2127,"-123.488375,42.496846,0.0 -123.491124,42.52379,0.0 -123.597799,42.56448,0.0 -123.408644,42.578227,0.0 -123.488375,42.496846,0.0"
PHOENIX,97535,42.2673,3931,OR,2.03582,-122.815,3863,"-122.797189,42.265351,0.0 -122.822483,42.259852,0.0 -122.818633,42.280198,0.0 -122.797189,42.265351,0.0"
PROSPECT,97536,42.8111,952,OR,347.30217,-122.47,932,"-122.686115,42.656859,0.0 -122.62123,42.896602,0.0 -122.28196,42.996678,0.0 -122.28306,42.902101,0.0 -122.28361,42.725042,0.0 -122.62233,42.625516,0.0 -122.686115,42.656859,0.0"
ROGUE RIVER,97537,42.6177,6764,OR,231.14854,-123.11,6644,"-123.17055,42.431412,0.0 -123.229386,42.419865,0.0 -123.230486,42.572179,0.0 -123.229936,42.702498,0.0 -122.951152,42.767382,0.0 -122.947303,42.634314,0.0 -123.010538,42.585925,0.0 -123.17055,42.431412,0.0"
SELMA,97538,42.3543,2632,OR,407.74079,-123.703,2578,"-123.725919,42.199917,0.0 -123.8062,42.216963,0.0 -123.885931,42.35333,0.0 -124.035496,42.364878,0.0 -124.001404,42.454506,0.0 -123.597799,42.56448,0.0 -123.491124,42.52379,0.0 -123.608247,42.442409,0.0 -123.747364,42.337384,0.0 -123.532365,42.324187,0.0 -123.367954,42.299993,0.0 -123.410294,42.188369,0.0 -123.640689,42.221362,0.0 -123.725919,42.199917,0.0"
SHADY COVE,97539,42.6063,3039,OR,41.95427,-122.763,2916,"-122.829631,42.616168,0.0 -122.697662,42.646961,0.0 -122.759797,42.539736,0.0 -122.829631,42.616168,0.0"
TALENT,97540,42.1925,7757,OR,30.9531,-122.815,7591,"-122.87692,42.149878,0.0 -122.822483,42.259852,0.0 -122.797189,42.265351,0.0 -122.772444,42.265351,0.0 -122.868122,42.124035,0.0 -122.87692,42.149878,0.0"
TRAIL,97541,42.7373,1231,OR,182.03026,-122.784,1233,"-122.947303,42.634314,0.0 -122.951152,42.767382,0.0 -122.924758,42.774531,0.0 -122.62123,42.896602,0.0 -122.686115,42.656859,0.0 -122.697662,42.646961,0.0 -122.829631,42.616168,0.0 -122.893966,42.625516,0.0 -122.947303,42.634314,0.0"
WILDERVILLE,97543,42.3772,1504,OR,69.29703,-123.613,1477,"-123.608247,42.442409,0.0 -123.476278,42.403368,0.0 -123.532365,42.324187,0.0 -123.747364,42.337384,0.0 -123.608247,42.442409,0.0"
WILLIAMS,97544,42.1643,2638,OR,146.1621,-123.302,2572,"-123.231036,42.003613,0.0 -123.351458,41.999214,0.0 -123.307468,42.123485,0.0 -123.410294,42.188369,0.0 -123.367954,42.299993,0.0 -123.229936,42.280198,0.0 -123.231036,42.003613,0.0"
KLAMATH FALLS,97601,42.2944,21768,OR,330.01293,-121.952,21620,"-121.815121,42.384123,0.0 -121.801374,42.401169,0.0 -121.656758,42.27195,0.0 -121.658958,42.234009,0.0 -121.928394,42.128433,0.0 -122.212677,42.334085,0.0 -122.082907,42.486949,0.0 -121.800274,42.232909,0.0 -121.815121,42.384123,0.0"
KLAMATH FALLS,97603,42.1115,28956,OR,253.26298,-121.704,28744,"-121.824468,42.002513,0.0 -121.928394,42.128433,0.0 -121.658958,42.234009,0.0 -121.601771,42.209264,0.0 -121.461004,42.064099,0.0 -121.512692,42.065198,0.0 -121.641362,41.999764,0.0 -121.824468,42.002513,0.0"
ADEL,97620,42.1919,109,OR,1085.44496,-119.72,111,"-119.3638,42.503445,0.0 -119.359951,41.994265,0.0 -119.9989,41.994815,0.0 -120.159462,41.994815,0.0 -120.233145,42.133932,0.0 -120.25404,42.213663,0.0 -119.3638,42.503445,0.0"
BEATTY,97621,42.4292,102,OR,64.25363,-121.19,99,"-121.095891,42.485299,0.0 -121.254253,42.363228,0.0 -121.238307,42.4831,0.0 -121.095891,42.485299,0.0"
BONANZA,97623,42.2964,3025,OR,1209.62235,-121.182,2974,"-121.601771,42.209264,0.0 -121.656758,42.27195,0.0 -121.801374,42.401169,0.0 -121.254253,42.363228,0.0 -121.095891,42.485299,0.0 -121.132182,42.746487,0.0 -120.922132,42.743738,0.0 -120.880891,42.428113,0.0 -120.879242,41.993715,0.0 -121.250404,41.997015,0.0 -121.316389,41.997564,0.0 -121.461004,42.064099,0.0 -121.601771,42.209264,0.0"
CHILOQUIN,97624,42.7135,4089,OR,1643.69512,-121.568,3870,"-121.94434,42.598572,0.0 -122.008675,42.73329,0.0 -121.805773,43.085207,0.0 -121.349381,43.111601,0.0 -121.349381,43.090156,0.0 -121.344432,42.746487,0.0 -121.132182,42.746487,0.0 -121.095891,42.485299,0.0 -121.238307,42.4831,0.0 -121.254253,42.363228,0.0 -121.801374,42.401169,0.0 -121.815121,42.384123,0.0 -122.002626,42.490798,0.0 -121.94434,42.598572,0.0"
DAIRY,97625,42.2389,16,OR,9.49828,-121.627,36,"-121.658958,42.234009,0.0 -121.656758,42.27195,0.0 -121.601771,42.209264,0.0 -121.658958,42.234009,0.0"
KENO,97627,42.413,1068,OR,749.48813,-122.146,1039,"-122.287459,42.39512,0.0 -122.28361,42.725042,0.0 -122.28306,42.902101,0.0 -122.008675,42.73329,0.0 -121.94434,42.598572,0.0 -122.082907,42.486949,0.0 -122.212677,42.334085,0.0 -121.928394,42.128433,0.0 -121.824468,42.002513,0.0 -121.889353,42.003613,0.0 -122.187933,42.007462,0.0 -122.289658,42.008012,0.0 -122.287459,42.39512,0.0"
LAKEVIEW,97630,42.2279,4840,OR,870.0038,-120.604,4878,"-120.880891,42.428113,0.0 -120.306277,42.385223,0.0 -120.359615,42.267001,0.0 -120.25404,42.213663,0.0 -120.233145,42.133932,0.0 -120.331571,42.105889,0.0 -120.307377,41.993165,0.0 -120.328272,41.993165,0.0 -120.436047,42.092692,0.0 -120.488284,41.993715,0.0 -120.879242,41.993715,0.0 -120.880891,42.428113,0.0"
MALIN,97632,42.0289,1259,OR,45.41723,-121.432,1274,"-121.316389,41.997564,0.0 -121.519291,41.998114,0.0 -121.512692,42.065198,0.0 -121.461004,42.064099,0.0 -121.316389,41.997564,0.0"
MERRILL,97633,42.0356,1126,OR,23.323,-121.567,1119,"-121.519291,41.998114,0.0 -121.559431,41.998114,0.0 -121.603421,41.999214,0.0 -121.641362,41.999764,0.0 -121.512692,42.065198,0.0 -121.519291,41.998114,0.0"
NEW PINE CREEK,97635,42.0541,182,OR,75.06971,-120.239,182,"-120.233145,42.133932,0.0 -120.159462,41.994815,0.0 -120.16606,41.994815,0.0 -120.307377,41.993165,0.0 -120.331571,42.105889,0.0 -120.233145,42.133932,0.0"
PAISLEY,97636,42.7374,496,OR,1124.54255,-120.64,507,"-120.368963,42.953239,0.0 -120.318924,42.868009,0.0 -120.466839,42.729441,0.0 -120.276584,42.52214,0.0 -120.306277,42.385223,0.0 -120.880891,42.428113,0.0 -120.922132,42.743738,0.0 -120.977669,43.025271,0.0 -120.572414,43.089606,0.0 -120.368963,42.953239,0.0"
PLUSH,97637,42.6067,152,OR,1713.50802,-119.963,155,"-120.368963,42.953239,0.0 -120.213899,43.035719,0.0 -119.931816,42.976333,0.0 -119.943913,42.758585,0.0 -119.602994,42.748687,0.0 -119.3649,42.679953,0.0 -119.3638,42.503445,0.0 -120.25404,42.213663,0.0 -120.359615,42.267001,0.0 -120.306277,42.385223,0.0 -120.276584,42.52214,0.0 -120.466839,42.729441,0.0 -120.318924,42.868009,0.0 -120.368963,42.953239,0.0</coordinates></LinearRing></outerBoundaryIs><innerBoundaryIs><LinearRing><coordinates>-120.242492,42.519391,0.0 -120.144616,42.725592,0.0 -120.275485,42.695349,0.0 -120.242492,42.519391,0.0"
SILVER LAKE,97638,43.2885,1606,OR,2618.92063,-120.54,1563,"-119.896624,43.247969,0.0 -119.931816,42.976333,0.0 -120.213899,43.035719,0.0 -120.368963,42.953239,0.0 -120.572414,43.089606,0.0 -120.977669,43.025271,0.0 -121.349381,43.090156,0.0 -121.349381,43.111601,0.0 -121.348281,43.255117,0.0 -121.348281,43.323851,0.0 -120.994165,43.399733,0.0 -120.80226,43.615282,0.0 -119.896624,43.610333,0.0 -119.896624,43.247969,0.0"
SUMMER LAKE,97640,42.8923,1,OR,389.25435,-121.159,1,"-120.922132,42.743738,0.0 -121.132182,42.746487,0.0 -121.344432,42.746487,0.0 -121.349381,43.090156,0.0 -120.977669,43.025271,0.0 -120.922132,42.743738,0.0"
BEND,97701,44.1223,47233,OR,395.88367,-121.277,44836,"-121.027157,44.135459,0.0 -120.986467,43.974347,0.0 -121.065098,43.948503,0.0 -121.197617,44.051329,0.0 -121.43791,44.013388,0.0 -121.600121,44.058477,0.0 -121.541835,44.191546,0.0 -121.356529,44.294921,0.0 -121.243806,44.181648,0.0 -121.108538,44.231686,0.0 -121.027157,44.135459,0.0"
BEND,97707,43.8414,5578,OR,75.621,-121.489,5207,"-121.35433,43.909462,0.0 -121.460455,43.7522,0.0 -121.586375,43.763747,0.0 -121.441209,43.947953,0.0 -121.35433,43.909462,0.0"
FIELDS,97710,42.2575,84,OR,1730.28384,-118.93,82,"-118.214572,42.344532,0.0 -118.196976,41.997015,0.0 -118.481809,41.995365,0.0 -119.324209,41.994265,0.0 -119.359951,41.994265,0.0 -119.3638,42.503445,0.0 -119.3649,42.679953,0.0 -119.105911,42.718994,0.0 -118.578036,42.153178,0.0 -118.214572,42.344532,0.0"
ASHWOOD,97711,44.6928,145,OR,473.96124,-120.656,140,"-120.385459,44.563808,0.0 -120.827554,44.562708,0.0 -120.938628,44.614946,0.0 -120.915533,44.823346,0.0 -120.371712,44.821697,0.0 -120.384909,44.761211,0.0 -120.385459,44.563808,0.0"
BROTHERS,97712,43.6296,48,OR,933.03662,-120.201,46,"-120.80226,43.615282,0.0 -120.856697,43.615282,0.0 -120.899587,43.75275,0.0 -120.732976,43.870972,0.0 -120.37886,43.868772,0.0 -120.249641,43.697763,0.0 -119.808645,43.698312,0.0 -119.670078,43.652673,0.0 -119.693722,43.53885,0.0 -119.511165,43.536101,0.0 -119.896624,43.247969,0.0 -119.896624,43.610333,0.0 -120.80226,43.615282,0.0"
BURNS,97720,43.5626,4917,OR,1581.24869,-118.705,4875,"-118.965694,43.282061,0.0 -119.020131,43.571292,0.0 -119.130105,43.565794,0.0 -119.290667,43.9606,0.0 -118.932152,43.960051,0.0 -118.887063,43.773095,0.0 -118.749045,43.845128,0.0 -118.569238,43.678517,0.0 -118.232168,43.663671,0.0 -118.228319,43.096755,0.0 -118.777639,43.252368,0.0 -118.648969,43.366741,0.0 -118.965694,43.282061,0.0"
PRINCETON,97721,42.7626,317,OR,2671.29523,-118.617,309,"-118.228319,43.096755,0.0 -118.214572,42.344532,0.0 -118.578036,42.153178,0.0 -119.105911,42.718994,0.0 -118.98219,42.975783,0.0 -119.080067,43.133596,0.0 -118.965144,43.281511,0.0 -118.777639,43.252368,0.0 -118.228319,43.096755,0.0"
CAMP SHERMAN,97730,44.5015,564,OR,370.58045,-121.589,359,"-121.291644,44.392798,0.0 -121.842614,44.392248,0.0 -121.797525,44.646838,0.0 -121.644111,44.567107,0.0 -121.551733,44.67928,0.0 -121.43901,44.586352,0.0 -121.320788,44.498373,0.0 -121.291644,44.392798,0.0"
CHEMULT,97731,43.0568,198,OR,682.76145,-121.851,199,"-122.28196,42.996678,0.0 -122.28196,43.056614,0.0 -122.087306,43.095655,0.0 -121.822269,43.087407,0.0 -121.942141,43.264465,0.0 -121.348281,43.255117,0.0 -121.349381,43.111601,0.0 -121.805773,43.085207,0.0 -122.008675,42.73329,0.0 -122.28306,42.902101,0.0 -122.28196,42.996678,0.0"
CRESCENT,97733,43.503,2460,OR,545.69775,-121.758,1562,"-121.332885,43.616382,0.0 -121.332885,43.432175,0.0 -122.032869,43.367291,0.0 -122.131846,43.440423,0.0 -122.140644,43.465167,0.0 -122.002626,43.615282,0.0 -121.610569,43.616382,0.0 -121.484649,43.522354,0.0 -121.490697,43.616932,0.0 -121.332885,43.616382,0.0"
CULVER,97734,44.4888,1979,OR,167.67405,-121.185,2180,"-121.01451,44.390049,0.0 -121.320788,44.498373,0.0 -121.43901,44.586352,0.0 -121.276798,44.607248,0.0 -120.975469,44.476378,0.0 -121.01451,44.390049,0.0"
FORT ROCK,97735,43.4971,26,OR,372.1526,-121.129,25,"-121.348281,43.323851,0.0 -121.332885,43.432175,0.0 -121.332885,43.616382,0.0 -120.856697,43.615282,0.0 -120.80226,43.615282,0.0 -120.994165,43.399733,0.0 -121.348281,43.323851,0.0"
GILCHRIST,97737,43.2926,202,OR,434.79185,-121.721,200,"-122.032869,43.367291,0.0 -121.332885,43.432175,0.0 -121.348281,43.323851,0.0 -121.348281,43.255117,0.0 -121.942141,43.264465,0.0 -121.822269,43.087407,0.0 -122.087306,43.095655,0.0 -121.976782,43.263365,0.0 -122.032869,43.367291,0.0"
HINES,97738,43.3737,2125,OR,1628.28628,-119.312,2078,"-119.105911,42.718994,0.0 -119.3649,42.679953,0.0 -119.602994,42.748687,0.0 -119.433084,42.964236,0.0 -119.208737,42.98788,0.0 -119.203788,43.161639,0.0 -119.341805,43.49871,0.0 -119.539209,43.565244,0.0 -119.503467,43.724706,0.0 -119.777302,43.703261,0.0 -119.775653,43.943554,0.0 -119.657431,43.958951,0.0 -119.290667,43.9606,0.0 -119.130105,43.565794,0.0 -119.020131,43.571292,0.0 -118.965694,43.282061,0.0 -118.965144,43.281511,0.0 -119.080067,43.133596,0.0 -118.98219,42.975783,0.0 -119.105911,42.718994,0.0"
LA PINE,97739,43.8313,7904,OR,1528.99218,-121.433,8345,"-121.35433,43.909462,0.0 -121.065098,43.948503,0.0 -120.986467,43.974347,0.0 -120.748373,43.927608,0.0 -120.732976,43.870972,0.0 -120.899587,43.75275,0.0 -120.856697,43.615282,0.0 -121.332885,43.616382,0.0 -121.490697,43.616932,0.0 -121.484649,43.522354,0.0 -121.610569,43.616382,0.0 -122.002626,43.615282,0.0 -121.975683,43.855575,0.0 -121.763433,44.08982,0.0 -121.799174,44.25808,0.0 -121.806323,44.25973,0.0 -121.694149,44.309218,0.0 -121.664456,44.192096,0.0 -121.541835,44.191546,0.0 -121.600121,44.058477,0.0 -121.43791,44.013388,0.0 -121.441209,43.947953,0.0 -121.586375,43.763747,0.0 -121.460455,43.7522,0.0 -121.35433,43.909462,0.0"
MADRAS,97741,44.6475,10790,OR,346.35237,-121.053,10464,"-120.827554,44.562708,0.0 -120.827004,44.476378,0.0 -120.975469,44.476378,0.0 -121.276798,44.607248,0.0 -121.090392,44.823896,0.0 -120.915533,44.823346,0.0 -120.938628,44.614946,0.0 -120.827554,44.562708,0.0"
MITCHELL,97750,44.5939,477,OR,1042.73918,-119.985,488,"-119.653582,44.671582,0.0 -119.655231,44.345509,0.0 -119.655781,44.307018,0.0 -120.101176,44.438437,0.0 -120.386008,44.437338,0.0 -120.385459,44.563808,0.0 -120.384909,44.761211,0.0 -120.201802,44.752413,0.0 -120.090178,44.899229,0.0 -120.007698,44.796403,0.0 -119.653582,44.762861,0.0 -119.653582,44.671582,0.0"
PAULINA,97751,44.152,134,OR,554.54418,-119.874,127,"-119.775653,43.943554,0.0 -120.064335,43.880319,0.0 -119.971406,44.166802,0.0 -120.138017,44.336162,0.0 -120.101176,44.438437,0.0 -119.655781,44.307018,0.0 -119.657431,43.958951,0.0 -119.775653,43.943554,0.0"
POST,97752,43.9925,269,OR,1202.96817,-120.227,254,"-119.777302,43.703261,0.0 -119.808645,43.698312,0.0 -120.249641,43.697763,0.0 -120.37886,43.868772,0.0 -120.732976,43.870972,0.0 -120.748373,43.927608,0.0 -120.564716,43.939705,0.0 -120.538322,44.17175,0.0 -120.639499,44.223438,0.0 -120.138017,44.336162,0.0 -119.971406,44.166802,0.0 -120.064335,43.880319,0.0 -119.775653,43.943554,0.0 -119.777302,43.703261,0.0"
POWELL BUTTE,97753,44.2195,1759,OR,103.88016,-121.005,1678,"-121.108538,44.231686,0.0 -121.108538,44.280075,0.0 -120.892439,44.281724,0.0 -121.027157,44.135459,0.0 -121.108538,44.231686,0.0"
PRINEVILLE,97754,44.2902,17670,OR,1100.50453,-120.663,16938,"-121.108538,44.280075,0.0 -121.088192,44.333412,0.0 -121.01451,44.390049,0.0 -120.975469,44.476378,0.0 -120.827004,44.476378,0.0 -120.827554,44.562708,0.0 -120.385459,44.563808,0.0 -120.386008,44.437338,0.0 -120.101176,44.438437,0.0 -120.138017,44.336162,0.0 -120.639499,44.223438,0.0 -120.538322,44.17175,0.0 -120.564716,43.939705,0.0 -120.748373,43.927608,0.0 -120.986467,43.974347,0.0 -121.027157,44.135459,0.0 -120.892439,44.281724,0.0 -121.108538,44.280075,0.0"
REDMOND,97756,44.2815,22563,OR,100.05321,-121.226,21493,"-121.108538,44.231686,0.0 -121.243806,44.181648,0.0 -121.356529,44.294921,0.0 -121.306491,44.349358,0.0 -121.088192,44.333412,0.0 -121.108538,44.280075,0.0 -121.108538,44.231686,0.0"
RILEY,97758,43.1565,101,OR,1443.48179,-119.592,99,"-119.602994,42.748687,0.0 -119.943913,42.758585,0.0 -119.931816,42.976333,0.0 -119.896624,43.247969,0.0 -119.511165,43.536101,0.0 -119.693722,43.53885,0.0 -119.670078,43.652673,0.0 -119.808645,43.698312,0.0 -119.777302,43.703261,0.0 -119.503467,43.724706,0.0 -119.539209,43.565244,0.0 -119.341805,43.49871,0.0 -119.203788,43.161639,0.0 -119.208737,42.98788,0.0 -119.433084,42.964236,0.0 -119.602994,42.748687,0.0"
SISTERS,97759,44.3209,5264,OR,237.87084,-121.585,4928,"-121.842614,44.392248,0.0 -121.291644,44.392798,0.0 -121.306491,44.349358,0.0 -121.356529,44.294921,0.0 -121.541835,44.191546,0.0 -121.664456,44.192096,0.0 -121.694149,44.309218,0.0 -121.806323,44.25973,0.0 -121.842614,44.392248,0.0"
TERREBONNE,97760,44.3936,6347,OR,71.39781,-121.196,5912,"-121.088192,44.333412,0.0 -121.306491,44.349358,0.0 -121.291644,44.392798,0.0 -121.320788,44.498373,0.0 -121.01451,44.390049,0.0 -121.088192,44.333412,0.0"
WARM SPRINGS,97761,44.7232,2663,OR,408.1354,-121.496,2627,"-121.276798,44.607248,0.0 -121.43901,44.586352,0.0 -121.551733,44.67928,0.0 -121.644111,44.567107,0.0 -121.797525,44.646838,0.0 -121.794226,44.683679,0.0 -121.783778,44.772209,0.0 -121.759584,44.825546,0.0 -121.090392,44.823896,0.0 -121.276798,44.607248,0.0"
PENDLETON,97801,45.6127,22268,OR,1215.63963,-118.726,22055,"-119.434733,45.621208,0.0 -119.434733,45.756476,0.0 -119.336856,45.764724,0.0 -119.286268,45.761975,0.0 -118.933252,45.689392,0.0 -119.10921,45.748228,0.0 -119.121857,45.835107,0.0 -119.064121,45.880746,0.0 -118.766641,45.809813,0.0 -118.742447,45.682243,0.0 -118.444967,45.765274,0.0 -118.066657,45.73778,0.0 -118.116695,45.626157,0.0 -118.117795,45.470543,0.0 -118.696258,45.345173,0.0 -118.609928,45.494188,0.0 -118.751795,45.548075,0.0 -119.145502,45.428753,0.0 -119.247778,45.596464,0.0 -119.434733,45.621208,0.0"
ADAMS,97810,45.7539,673,OR,119.87906,-118.622,669,"-118.469711,45.790018,0.0 -118.444967,45.765274,0.0 -118.742447,45.682243,0.0 -118.766641,45.809813,0.0 -118.580235,45.819161,0.0 -118.469711,45.790018,0.0"
ARLINGTON,97812,45.5411,814,OR,607.5031,-120.216,815,"-120.50643,45.662448,0.0 -120.649396,45.732282,0.0 -119.99945,45.804315,0.0 -119.9989,45.684993,0.0 -120.004399,45.502436,0.0 -120.006048,45.307782,0.0 -120.280433,45.290736,0.0 -120.469589,45.477142,0.0 -120.365113,45.532129,0.0 -120.50643,45.662448,0.0"
ATHENA,97813,45.9081,1592,OR,140.87086,-118.568,1556,"-118.403177,45.872498,0.0 -118.469711,45.790018,0.0 -118.580235,45.819161,0.0 -118.789736,46.001168,0.0 -118.590683,46.000618,0.0 -118.403177,45.872498,0.0"
BAKER CITY,97814,44.799,12367,OR,896.95303,-117.738,12509,"-118.232717,44.628692,0.0 -118.148037,44.697426,0.0 -118.22172,44.873934,0.0 -117.6713,44.914075,0.0 -117.563526,45.072438,0.0 -117.311135,45.080686,0.0 -117.351826,44.970712,0.0 -117.267696,44.897029,0.0 -117.476096,44.818398,0.0 -117.383168,44.72547,0.0 -117.452452,44.702925,0.0 -117.703743,44.601199,0.0 -118.232717,44.628692,0.0"
BOARDMAN,97818,45.7328,3959,OR,248.98421,-119.804,3776,"-119.666229,45.853803,0.0 -119.622789,45.748228,0.0 -119.630487,45.632205,0.0 -119.9989,45.684993,0.0 -119.99945,45.804315,0.0 -119.666229,45.853803,0.0"
CONDON,97823,45.2026,1099,OR,594.22565,-120.205,1087,"-120.503681,45.082885,0.0 -120.557018,45.250595,0.0 -120.469589,45.477142,0.0 -120.280433,45.290736,0.0 -120.006048,45.307782,0.0 -119.887276,45.256094,0.0 -119.790499,45.067489,0.0 -120.495433,45.068588,0.0 -120.503681,45.082885,0.0"
COVE,97824,45.3503,1405,OR,86.93549,-117.82,1409,"-117.709791,45.394661,0.0 -117.685047,45.276989,0.0 -117.829113,45.296785,0.0 -117.994074,45.362219,0.0 -117.96713,45.44195,0.0 -117.709791,45.394661,0.0"
ECHO,97826,45.7242,902,OR,65.17326,-119.12,877,"-119.286268,45.761975,0.0 -119.10921,45.748228,0.0 -118.933252,45.689392,0.0 -119.286268,45.761975,0.0"
ELGIN,97827,45.6689,2400,OR,367.46047,-117.896,2425,"-117.934688,45.498587,0.0 -118.116695,45.626157,0.0 -118.066657,45.73778,0.0 -118.066657,45.769673,0.0 -117.973179,45.860401,0.0 -117.747182,45.833458,0.0 -117.727387,45.514533,0.0 -117.727387,45.434802,0.0 -117.934688,45.498587,0.0"
ENTERPRISE,97828,45.7378,3095,OR,688.33438,-117.449,3126,"-117.319933,45.165915,0.0 -117.427708,45.408408,0.0 -117.420559,45.426004,0.0 -117.299588,45.488689,0.0 -117.451352,45.886795,0.0 -117.747182,45.833458,0.0 -117.973179,45.860401,0.0 -117.977578,46.000618,0.0 -117.603116,45.998969,0.0 -117.479945,45.997869,0.0 -117.187964,45.998419,0.0 -117.090088,45.997319,0.0 -117.24845,45.860401,0.0 -117.265496,45.634955,0.0 -117.267146,45.152719,0.0 -117.319933,45.165915,0.0"
FOSSIL,97830,44.9301,1024,OR,626.43708,-120.121,1040,"-119.671727,44.837643,0.0 -119.653582,44.762861,0.0 -120.007698,44.796403,0.0 -120.090178,44.899229,0.0 -120.201802,44.752413,0.0 -120.384909,44.761211,0.0 -120.371712,44.821697,0.0 -120.469589,44.915175,0.0 -120.495433,45.068588,0.0 -119.790499,45.067489,0.0 -119.781701,44.994906,0.0 -119.923018,44.944868,0.0 -119.761906,44.954216,0.0 -119.671727,44.837643,0.0"
FOX,97831,44.6363,62,OR,184.21462,-119.34,64,"-119.250527,44.732618,0.0 -119.124057,44.570956,0.0 -119.507866,44.627043,0.0 -119.550756,44.755712,0.0 -119.250527,44.732618,0.0"
HAINES,97833,44.9403,1063,OR,212.48347,-117.986,1016,"-118.22172,44.873934,0.0 -118.226669,44.873934,0.0 -118.244815,44.958065,0.0 -118.133191,45.042745,0.0 -117.946785,44.945418,0.0 -117.83956,44.957515,0.0 -117.84286,45.058141,0.0 -117.6713,44.914075,0.0 -118.22172,44.873934,0.0"
HALFWAY,97834,44.9465,1166,OR,309.60264,-117.081,1169,"-117.052696,45.079586,0.0 -116.913029,45.008653,0.0 -116.955369,44.908026,0.0 -116.855843,44.975111,0.0 -117.047198,44.741966,0.0 -117.351826,44.970712,0.0 -117.311135,45.080686,0.0 -117.266596,45.080686,0.0 -117.058195,45.079586,0.0 -117.052696,45.079586,0.0"
HELIX,97835,45.9072,407,OR,195.73395,-118.844,403,"-118.580235,45.819161,0.0 -118.766641,45.809813,0.0 -119.064121,45.880746,0.0 -119.137804,45.913739,0.0 -119.141653,45.921987,0.0 -118.977791,46.000068,0.0 -118.789736,46.001168,0.0 -118.580235,45.819161,0.0"
HEPPNER,97836,45.2709,2185,OR,1167.85922,-119.46,2143,"-119.790499,45.067489,0.0 -119.887276,45.256094,0.0 -119.606843,45.48704,0.0 -119.434733,45.621208,0.0 -119.247778,45.596464,0.0 -119.145502,45.428753,0.0 -119.163647,44.996006,0.0 -119.298915,44.996006,0.0 -119.671727,44.994356,0.0 -119.781701,44.994906,0.0 -119.790499,45.067489,0.0"
HEREFORD,97837,44.5232,193,OR,345.04336,-117.955,192,"-117.599267,44.444486,0.0 -117.749382,44.443936,0.0 -118.087552,44.34331,0.0 -118.108447,44.503872,0.0 -118.321247,44.564908,0.0 -118.313548,44.578654,0.0 -118.232717,44.628692,0.0 -117.703743,44.601199,0.0 -117.615213,44.558309,0.0 -117.723538,44.498923,0.0 -117.599267,44.444486,0.0"
LEXINGTON,97839,45.3924,679,OR,225.3425,-119.86,658,"-120.006048,45.307782,0.0 -120.004399,45.502436,0.0 -119.606843,45.48704,0.0 -119.887276,45.256094,0.0 -120.006048,45.307782,0.0"
OXBOW,97840,45.0196,81,OR,62.6918,-116.908,81,"-117.052696,45.079586,0.0 -116.78381,45.079036,0.0 -116.855843,44.975111,0.0 -116.955369,44.908026,0.0 -116.913029,45.008653,0.0 -117.052696,45.079586,0.0"
IMBLER,97841,45.4461,406,OR,60.2728,-117.857,415,"-117.727387,45.434802,0.0 -117.709791,45.394661,0.0 -117.96713,45.44195,0.0 -117.993524,45.476042,0.0 -117.934688,45.498587,0.0 -117.727387,45.434802,0.0"
IMNAHA,97842,45.5828,185,OR,1310.9282,-116.879,175,"-117.090088,45.997319,0.0 -116.915779,45.995669,0.0 -116.760715,45.816412,0.0 -116.756866,45.816962,0.0 -116.463236,45.606911,0.0 -116.78381,45.079036,0.0 -117.052696,45.079586,0.0 -117.058195,45.079586,0.0 -116.927876,45.110379,0.0 -117.049397,45.184061,0.0 -116.832748,45.559622,0.0 -117.146724,45.413357,0.0 -117.141225,45.639354,0.0 -117.265496,45.634955,0.0 -117.24845,45.860401,0.0 -117.090088,45.997319,0.0"
IONE,97843,45.6038,487,OR,283.50629,-119.706,472,"-119.9989,45.684993,0.0 -119.630487,45.632205,0.0 -119.622789,45.748228,0.0 -119.434733,45.769673,0.0 -119.434733,45.756476,0.0 -119.434733,45.621208,0.0 -119.606843,45.48704,0.0 -120.004399,45.502436,0.0 -119.9989,45.684993,0.0"
IRRIGON,97844,45.8323,4221,OR,99.73716,-119.535,3944,"-119.431984,45.913739,0.0 -119.432534,45.893394,0.0 -119.434733,45.769673,0.0 -119.622789,45.748228,0.0 -119.666229,45.853803,0.0 -119.431984,45.913739,0.0"
JOHN DAY,97845,44.4346,3465,OR,810.54472,-119.247,3509,"-118.946999,44.349358,0.0 -118.961845,44.284474,0.0 -119.121307,44.224538,0.0 -119.655231,44.345509,0.0 -119.653582,44.671582,0.0 -119.507866,44.627043,0.0 -119.124057,44.570956,0.0 -118.918955,44.609447,0.0 -118.774889,44.456583,0.0 -118.915656,44.363105,0.0 -118.946999,44.349358,0.0"
JOSEPH,97846,45.3437,1961,OR,450.67411,-117.087,2004,"-117.058195,45.079586,0.0 -117.266596,45.080686,0.0 -117.267146,45.152719,0.0 -117.265496,45.634955,0.0 -117.141225,45.639354,0.0 -117.146724,45.413357,0.0 -116.832748,45.559622,0.0 -117.049397,45.184061,0.0 -116.927876,45.110379,0.0 -117.058195,45.079586,0.0"
KIMBERLY,97848,44.6938,20,OR,58.36014,-119.594,20,"-119.507866,44.627043,0.0 -119.653582,44.671582,0.0 -119.653582,44.762861,0.0 -119.550756,44.755712,0.0 -119.507866,44.627043,0.0"
LA GRANDE,97850,45.238,16127,OR,868.23951,-118.28,16245,"-118.5192,44.996006,0.0 -118.696258,45.345173,0.0 -118.117795,45.470543,0.0 -118.066107,45.39851,0.0 -117.993524,45.476042,0.0 -117.96713,45.44195,0.0 -117.994074,45.362219,0.0 -117.829113,45.296785,0.0 -118.024867,45.214854,0.0 -118.152436,45.144471,0.0 -118.133191,45.042745,0.0 -118.244815,44.958065,0.0 -118.5192,44.996006,0.0"
LONG CREEK,97856,44.7867,382,OR,323.76892,-119.074,393,"-118.89806,44.886032,0.0 -118.918955,44.609447,0.0 -119.124057,44.570956,0.0 -119.250527,44.732618,0.0 -119.096013,44.793104,0.0 -119.298915,44.996006,0.0 -119.163647,44.996006,0.0 -118.98274,44.997105,0.0 -119.053124,44.952016,0.0 -118.89806,44.886032,0.0"
LOSTINE,97857,45.4675,352,OR,15.30662,-117.453,390,"-117.427708,45.408408,0.0 -117.496991,45.505735,0.0 -117.420559,45.426004,0.0 -117.427708,45.408408,0.0"
MILTON FREEWATER,97862,45.9147,11404,OR,281.82247,-118.201,11193,"-118.066657,45.769673,0.0 -118.403177,45.872498,0.0 -118.590683,46.000618,0.0 -118.43562,46.000618,0.0 -118.078204,46.000618,0.0 -117.996823,46.000618,0.0 -117.977578,46.000618,0.0 -117.973179,45.860401,0.0 -118.066657,45.769673,0.0"
MONUMENT,97864,44.856,361,OR,435.17955,-119.411,372,"-119.653582,44.762861,0.0 -119.671727,44.837643,0.0 -119.671727,44.994356,0.0 -119.298915,44.996006,0.0 -119.096013,44.793104,0.0 -119.250527,44.732618,0.0 -119.550756,44.755712,0.0 -119.653582,44.762861,0.0"
NORTH POWDER,97867,45.0682,721,OR,129.90412,-117.991,712,"-118.133191,45.042745,0.0 -118.152436,45.144471,0.0 -118.024867,45.214854,0.0 -117.919292,45.024049,0.0 -117.84286,45.058141,0.0 -117.83956,44.957515,0.0 -117.946785,44.945418,0.0 -118.133191,45.042745,0.0"
PILOT ROCK,97868,45.2316,2380,OR,906.06053,-118.872,2386,"-118.5192,44.996006,0.0 -118.938201,44.997655,0.0 -118.98274,44.997105,0.0 -119.163647,44.996006,0.0 -119.145502,45.428753,0.0 -118.751795,45.548075,0.0 -118.609928,45.494188,0.0 -118.696258,45.345173,0.0 -118.5192,44.996006,0.0"
PRAIRIE CITY,97869,44.5279,1532,OR,1701.73872,-118.607,1560,"-118.946999,44.349358,0.0 -118.915656,44.363105,0.0 -118.774889,44.456583,0.0 -118.918955,44.609447,0.0 -118.89806,44.886032,0.0 -118.938201,44.997655,0.0 -118.5192,44.996006,0.0 -118.244815,44.958065,0.0 -118.226669,44.873934,0.0 -118.290454,44.750764,0.0 -118.451566,44.816748,0.0 -118.520849,44.700725,0.0 -118.313548,44.578654,0.0 -118.321247,44.564908,0.0 -118.497755,44.26028,0.0 -118.232168,44.255881,0.0 -118.227219,44.039782,0.0 -118.799633,44.04748,0.0 -118.759493,44.169001,0.0 -118.961845,44.284474,0.0 -118.946999,44.349358,0.0"
RICHLAND,97870,44.7343,609,OR,365.95401,-117.248,614,"-117.194563,44.500023,0.0 -117.361173,44.527516,0.0 -117.269895,44.628692,0.0 -117.355675,44.67928,0.0 -117.465649,44.592951,0.0 -117.452452,44.702925,0.0 -117.383168,44.72547,0.0 -117.476096,44.818398,0.0 -117.267696,44.897029,0.0 -117.351826,44.970712,0.0 -117.047198,44.741966,0.0 -117.194563,44.500023,0.0"
RITTER,97872,44.9367,39,OR,48.0984,-118.946,40,"-118.98274,44.997105,0.0 -118.938201,44.997655,0.0 -118.89806,44.886032,0.0 -119.053124,44.952016,0.0 -118.98274,44.997105,0.0"
SENECA,97873,44.1177,359,OR,911.40498,-119.253,365,"-118.799633,44.04748,0.0 -118.932152,43.960051,0.0 -119.290667,43.9606,0.0 -119.657431,43.958951,0.0 -119.655781,44.307018,0.0 -119.655231,44.345509,0.0 -119.121307,44.224538,0.0 -118.961845,44.284474,0.0 -118.759493,44.169001,0.0 -118.799633,44.04748,0.0"
SPRAY,97874,44.9456,25,OR,50.25902,-119.756,26,"-119.781701,44.994906,0.0 -119.671727,44.994356,0.0 -119.671727,44.837643,0.0 -119.761906,44.954216,0.0 -119.923018,44.944868,0.0 -119.781701,44.994906,0.0"
STANFIELD,97875,45.796,2710,OR,43.50922,-119.202,2644,"-119.10921,45.748228,0.0 -119.286268,45.761975,0.0 -119.336856,45.764724,0.0 -119.121857,45.835107,0.0 -119.10921,45.748228,0.0"
SUMMERVILLE,97876,45.5142,930,OR,67.90464,-118.04,943,"-118.116695,45.626157,0.0 -117.934688,45.498587,0.0 -117.993524,45.476042,0.0 -118.066107,45.39851,0.0 -118.117795,45.470543,0.0 -118.116695,45.626157,0.0"
SUMPTER,97877,44.7253,102,OR,179.17811,-118.323,89,"-118.313548,44.578654,0.0 -118.520849,44.700725,0.0 -118.451566,44.816748,0.0 -118.290454,44.750764,0.0 -118.226669,44.873934,0.0 -118.22172,44.873934,0.0 -118.148037,44.697426,0.0 -118.232717,44.628692,0.0 -118.313548,44.578654,0.0"
UMATILLA,97882,45.9095,6512,OR,25.98114,-119.288,6297,"-119.298915,45.935733,0.0 -119.297816,45.935733,0.0 -119.141653,45.921987,0.0 -119.137804,45.913739,0.0 -119.432534,45.893394,0.0 -119.431984,45.913739,0.0 -119.298915,45.935733,0.0"
UNION,97883,45.1581,2491,OR,527.68516,-117.672,2456,"-117.311135,45.080686,0.0 -117.563526,45.072438,0.0 -117.6713,44.914075,0.0 -117.84286,45.058141,0.0 -117.919292,45.024049,0.0 -118.024867,45.214854,0.0 -117.829113,45.296785,0.0 -117.685047,45.276989,0.0 -117.709791,45.394661,0.0 -117.727387,45.434802,0.0 -117.727387,45.514533,0.0 -117.477196,45.172514,0.0 -117.319933,45.165915,0.0 -117.267146,45.152719,0.0 -117.266596,45.080686,0.0 -117.311135,45.080686,0.0"
UNITY,97884,44.3875,240,OR,288.12051,-118.28,237,"-118.087552,44.34331,0.0 -118.232168,44.255881,0.0 -118.497755,44.26028,0.0 -118.321247,44.564908,0.0 -118.108447,44.503872,0.0 -118.087552,44.34331,0.0"
WALLOWA,97885,45.5721,1533,OR,682.08884,-117.542,1531,"-117.319933,45.165915,0.0 -117.477196,45.172514,0.0 -117.727387,45.514533,0.0 -117.747182,45.833458,0.0 -117.451352,45.886795,0.0 -117.299588,45.488689,0.0 -117.420559,45.426004,0.0 -117.496991,45.505735,0.0 -117.427708,45.408408,0.0 -117.319933,45.165915,0.0"
WESTON,97886,45.7912,1360,OR,120.42585,-118.289,1309,"-118.066657,45.73778,0.0 -118.444967,45.765274,0.0 -118.469711,45.790018,0.0 -118.403177,45.872498,0.0 -118.066657,45.769673,0.0 -118.066657,45.73778,0.0"
ADRIAN,97901,43.445,583,OR,521.43173,-117.205,582,"-117.50084,43.214977,0.0 -117.454102,43.324401,0.0 -117.33203,43.309554,0.0 -117.346877,43.563594,0.0 -117.190714,43.718108,0.0 -117.026303,43.761547,0.0 -117.026303,43.757698,0.0 -117.026853,43.682916,0.0 -117.026853,43.682366,0.0 -117.026853,43.679617,0.0 -117.026853,43.574042,0.0 -117.026853,43.335398,0.0 -117.180266,43.20013,0.0 -117.50084,43.214977,0.0"
BROGAN,97903,44.1995,200,OR,532.40274,-117.633,200,"-117.578372,44.020536,0.0 -117.793921,44.023835,0.0 -117.910494,44.111265,0.0 -117.749382,44.443936,0.0 -117.599267,44.444486,0.0 -117.437605,44.30152,0.0 -117.455201,44.208042,0.0 -117.462899,44.196495,0.0 -117.285291,44.021636,0.0 -117.365023,43.994692,0.0 -117.578372,44.020536,0.0"
DREWSEY,97904,43.8803,151,OR,716.27016,-118.537,149,"-118.227219,43.995242,0.0 -118.232168,43.691164,0.0 -118.232168,43.663671,0.0 -118.569238,43.678517,0.0 -118.749045,43.845128,0.0 -118.887063,43.773095,0.0 -118.932152,43.960051,0.0 -118.799633,44.04748,0.0 -118.227219,44.039782,0.0 -118.227219,43.995242,0.0"
HARPER,97906,43.7841,282,OR,744.54691,-117.5,293,"-117.12143,43.860524,0.0 -117.28969,43.885818,0.0 -117.190714,43.718108,0.0 -117.346877,43.563594,0.0 -117.806018,43.544899,0.0 -117.753781,43.774744,0.0 -117.790622,43.933107,0.0 -117.578372,44.020536,0.0 -117.365023,43.994692,0.0 -117.488193,43.957851,0.0 -117.234154,43.969948,0.0 -117.12143,43.860524,0.0"
HUNTINGTON,97907,44.4809,788,OR,404.30359,-117.417,796,"-117.599267,44.444486,0.0 -117.723538,44.498923,0.0 -117.615213,44.558309,0.0 -117.703743,44.601199,0.0 -117.452452,44.702925,0.0 -117.465649,44.592951,0.0 -117.355675,44.67928,0.0 -117.269895,44.628692,0.0 -117.361173,44.527516,0.0 -117.194563,44.500023,0.0 -117.219857,44.30152,0.0 -117.437605,44.30152,0.0 -117.599267,44.444486,0.0"
IRONSIDE,97908,44.2177,57,OR,503.72556,-118.009,57,"-117.793921,44.023835,0.0 -117.946785,44.039232,0.0 -118.227219,43.995242,0.0 -118.227219,44.039782,0.0 -118.232168,44.255881,0.0 -118.087552,44.34331,0.0 -117.749382,44.443936,0.0 -117.910494,44.111265,0.0 -117.793921,44.023835,0.0"
JORDAN VALLEY,97910,42.5656,615,OR,4664.10185,-117.588,634,"-117.026853,43.335398,0.0 -117.026303,42.552383,0.0 -117.026303,42.000314,0.0 -117.529984,41.999214,0.0 -118.196976,41.997015,0.0 -118.214572,42.344532,0.0 -118.228319,43.096755,0.0 -117.732886,42.86031,0.0 -117.702093,43.133046,0.0 -117.50084,43.214977,0.0 -117.180266,43.20013,0.0 -117.026853,43.335398,0.0"
JUNTURA,97911,43.8721,96,OR,322.17945,-118.028,96,"-117.753781,43.774744,0.0 -118.232168,43.691164,0.0 -118.227219,43.995242,0.0 -117.946785,44.039232,0.0 -117.981977,43.935306,0.0 -117.790622,43.933107,0.0 -117.753781,43.774744,0.0"
NYSSA,97913,43.8258,5791,OR,122.06136,-117.109,5768,"-117.12143,43.860524,0.0 -117.110983,43.91881,0.0 -116.95372,43.980396,0.0 -117.026853,43.806637,0.0 -117.026303,43.798389,0.0 -117.026853,43.789591,0.0 -117.026303,43.773645,0.0 -117.026303,43.761547,0.0 -117.190714,43.718108,0.0 -117.28969,43.885818,0.0 -117.12143,43.860524,0.0"
ONTARIO,97914,44.0684,19197,OR,139.05609,-117.014,19168,"-117.110983,43.91881,0.0 -117.046648,44.230037,0.0 -116.893784,44.166252,0.0 -116.95372,43.980396,0.0 -117.110983,43.91881,0.0"
RIVERSIDE,97917,43.3698,62,OR,1854.44978,-117.859,63,"-117.50084,43.214977,0.0 -117.702093,43.133046,0.0 -117.732886,42.86031,0.0 -118.228319,43.096755,0.0 -118.232168,43.663671,0.0 -118.232168,43.691164,0.0 -117.753781,43.774744,0.0 -117.806018,43.544899,0.0 -117.346877,43.563594,0.0 -117.33203,43.309554,0.0 -117.454102,43.324401,0.0 -117.50084,43.214977,0.0"
VALE,97918,44.1165,4694,OR,430.00917,-117.25,4648,"-117.110983,43.91881,0.0 -117.12143,43.860524,0.0 -117.234154,43.969948,0.0 -117.488193,43.957851,0.0 -117.365023,43.994692,0.0 -117.285291,44.021636,0.0 -117.462899,44.196495,0.0 -117.455201,44.208042,0.0 -117.437605,44.30152,0.0 -117.219857,44.30152,0.0 -117.046648,44.230037,0.0 -117.110983,43.91881,0.0"
WESTFALL,97920,43.9895,25,OR,106.47997,-117.801,25,"-117.790622,43.933107,0.0 -117.981977,43.935306,0.0 -117.946785,44.039232,0.0 -117.793921,44.023835,0.0 -117.578372,44.020536,0.0 -117.790622,43.933107,0.0"
PORTLAND,97202,45.4823,36814,OR,7.56439,-122.645,37037,"-122.617931,45.505185,0.0 -122.616831,45.461746,0.0 -122.660821,45.457896,0.0 -122.669619,45.476042,0.0 -122.667419,45.504635,0.0 -122.619031,45.505185,0.0 -122.617931,45.505185,0.0"
PORTLAND,97213,45.5378,29239,OR,4.09427,-122.6,29315,"-122.617381,45.523331,0.0 -122.619031,45.522781,0.0 -122.62013,45.534878,0.0 -122.62068,45.551924,0.0 -122.62068,45.553024,0.0 -122.57889,45.552474,0.0 -122.57889,45.522781,0.0 -122.617381,45.523331,0.0"
EUGENE,97405,43.9701,43738,OR,108.38145,-123.137,43656,"-123.101267,44.039232,0.0 -123.079272,44.039232,0.0 -123.023735,44.033183,0.0 -122.994592,44.027685,0.0 -122.963799,44.022736,0.0 -122.963249,43.979296,0.0 -123.167801,43.909462,0.0 -123.288772,43.898465,0.0 -123.306918,43.911112,0.0 -123.101267,44.039232,0.0"
PORTLAND,97215,45.5141,16888,OR,2.39675,-122.599,16924,"-122.57889,45.522781,0.0 -122.57889,45.504635,0.0 -122.617931,45.505185,0.0 -122.619031,45.505185,0.0 -122.617381,45.523331,0.0 -122.57889,45.522781,0.0"
PORTLAND,97206,45.4815,44723,OR,6.41051,-122.599,44681,"-122.57889,45.504635,0.0 -122.57944,45.455697,0.0 -122.616831,45.461746,0.0 -122.617931,45.505185,0.0 -122.57889,45.504635,0.0"
PORTLAND,97266,45.4706,37963,OR,9.26789,-122.559,37562,"-122.57944,45.433152,0.0 -122.57944,45.455697,0.0 -122.57889,45.504635,0.0 -122.53765,45.504086,0.0 -122.53875,45.445799,0.0 -122.57944,45.433152,0.0"
SHERWOOD,97140,45.3568,17533,OR,43.43004,-122.865,16691,"-122.773544,45.340224,0.0 -122.868122,45.31713,0.0 -122.949503,45.385314,0.0 -122.920909,45.415007,0.0 -122.853275,45.426004,0.0 -122.816434,45.390262,0.0 -122.773544,45.340224,0.0"
PORTLAND,97218,45.5765,14294,OR,7.33658,-122.599,14134,"-122.556895,45.579968,0.0 -122.57889,45.552474,0.0 -122.62068,45.553024,0.0 -122.616831,45.600863,0.0 -122.556895,45.579968,0.0"
DAYTON,97114,45.1876,4727,OR,59.47259,-123.076,4659,"-123.141957,45.148869,0.0 -123.121062,45.241798,0.0 -123.113914,45.253345,0.0 -123.089719,45.310531,0.0 -123.067175,45.292386,0.0 -122.995142,45.233549,0.0 -123.009438,45.127974,0.0 -123.013837,45.10323,0.0 -123.117763,45.10653,0.0 -123.141957,45.148869,0.0"
UMPQUA,97486,43.3854,833,OR,155.38611,-123.636,843,"-123.817747,43.459669,0.0 -123.609347,43.445922,0.0 -123.460882,43.366191,0.0 -123.76386,43.3277,0.0 -123.817747,43.459669,0.0"
PORTLAND,97224,45.4067,28521,OR,9.18125,-122.796,27084,"-122.750999,45.387513,0.0 -122.816434,45.390262,0.0 -122.853275,45.426004,0.0 -122.847227,45.422705,0.0 -122.743851,45.416106,0.0 -122.750999,45.387513,0.0"
PORTLAND,97212,45.544,23536,OR,2.78176,-122.644,23591,"-122.666869,45.534878,0.0 -122.666869,45.553574,0.0 -122.62068,45.551924,0.0 -122.62013,45.534878,0.0 -122.666869,45.534878,0.0"
PORTLAND,97221,45.4972,11375,OR,4.18607,-122.729,11407,"-122.713058,45.476042,0.0 -122.743301,45.476592,0.0 -122.743301,45.476592,0.0 -122.743851,45.516733,0.0 -122.720757,45.520582,0.0 -122.713058,45.476042,0.0"
NORTH BEND,97459,43.4547,14547,OR,319.16412,-123.992,14672,"-123.76386,43.3277,0.0 -123.76386,43.263365,0.0 -123.862287,43.263365,0.0 -123.923872,43.405232,0.0 -124.174063,43.362892,0.0 -124.236748,43.431076,0.0 -124.277439,43.45472,0.0 -124.218603,43.610333,0.0 -124.175713,43.610883,0.0 -124.06024,43.531152,0.0 -123.979409,43.609233,0.0 -123.817747,43.459669,0.0 -123.76386,43.3277,0.0"
PORTLAND,97223,45.4404,42342,OR,10.7313,-122.778,41116,"-122.816984,45.44085,0.0 -122.774094,45.472193,0.0 -122.772444,45.476042,0.0 -122.743301,45.476592,0.0 -122.743301,45.476592,0.0 -122.744401,45.426554,0.0 -122.743851,45.416106,0.0 -122.847227,45.422705,0.0 -122.816984,45.44085,0.0"
HERMISTON,97838,45.8483,21571,OR,103.03484,-119.287,21167,"-119.121857,45.835107,0.0 -119.336856,45.764724,0.0 -119.434733,45.756476,0.0 -119.434733,45.769673,0.0 -119.432534,45.893394,0.0 -119.137804,45.913739,0.0 -119.064121,45.880746,0.0 -119.121857,45.835107,0.0"
PORTLAND,97232,45.529,10784,OR,1.84539,-122.643,10788,"-122.619031,45.522781,0.0 -122.66577,45.522781,0.0 -122.666869,45.534878,0.0 -122.62013,45.534878,0.0 -122.619031,45.522781,0.0"
CORVALLIS,97333,44.4779,16642,OR,103.98267,-123.304,16658,"-123.46913,44.450535,0.0 -123.311867,44.566007,0.0 -123.289872,44.567107,0.0 -123.272826,44.566557,0.0 -123.183197,44.589652,0.0 -123.21234,44.514319,0.0 -123.220039,44.485726,0.0 -123.233785,44.412594,0.0 -123.445485,44.416992,0.0 -123.46913,44.450535,0.0"
CORNELIUS,97113,45.5012,12594,OR,33.52207,-123.05,12086,"-123.123811,45.473843,0.0 -123.071024,45.578868,0.0 -123.033633,45.601962,0.0 -122.996791,45.590415,0.0 -123.029784,45.520032,0.0 -122.991843,45.4414,0.0 -123.075973,45.435352,0.0 -123.123811,45.473843,0.0"
PORTLAND,97230,45.5506,35769,OR,14.33552,-122.501,34559,"-122.455169,45.522231,0.0 -122.53765,45.522781,0.0 -122.531601,45.56842,0.0 -122.450221,45.559073,0.0 -122.455169,45.52663,0.0 -122.455169,45.522231,0.0"
GRESHAM,97080,45.4741,38010,OR,26.28343,-122.386,37186,"-122.45462,45.450198,0.0 -122.482663,45.491988,0.0 -122.377638,45.497487,0.0 -122.313303,45.499687,0.0 -122.272613,45.461746,0.0 -122.45462,45.450198,0.0"
SILVERTON,97381,44.9346,13162,OR,165.85807,-122.661,12982,"-122.661371,44.853039,0.0 -122.799388,44.914625,0.0 -122.849426,44.970162,0.0 -122.830181,45.06309,0.0 -122.70481,45.059791,0.0 -122.506307,44.918474,0.0 -122.387535,44.884932,0.0 -122.401282,44.863487,0.0 -122.616831,44.831045,0.0 -122.661371,44.853039,0.0"
PORTLAND,97203,45.6089,27859,OR,14.54749,-122.747,27743,"-122.702611,45.61351,0.0 -122.729005,45.564571,0.0 -122.764196,45.585466,0.0 -122.764746,45.65365,0.0 -122.702611,45.61351,0.0"
BEAVERTON,97007,45.4539,58597,OR,25.74944,-122.878,56540,"-122.847227,45.422705,0.0 -122.853275,45.426004,0.0 -122.920909,45.415007,0.0 -122.912111,45.498037,0.0 -122.826332,45.489239,0.0 -122.826332,45.476592,0.0 -122.816984,45.44085,0.0 -122.847227,45.422705,0.0"
MEDFORD,97501,42.2594,37735,OR,72.50653,-122.897,37169,"-122.822483,42.259852,0.0 -122.87692,42.149878,0.0 -122.965999,42.168574,0.0 -122.951702,42.320338,0.0 -122.884068,42.369826,0.0 -122.818633,42.280198,0.0 -122.822483,42.259852,0.0"
BEND,97702,43.9766,30046,OR,145.62639,-121.269,28883,"-121.35433,43.909462,0.0 -121.441209,43.947953,0.0 -121.43791,44.013388,0.0 -121.197617,44.051329,0.0 -121.065098,43.948503,0.0 -121.35433,43.909462,0.0"
THE DALLES,97058,45.55,19047,OR,307.01231,-121.206,18887,"-121.441209,45.574469,0.0 -121.348281,45.575569,0.0 -121.365877,45.700389,0.0 -121.171773,45.600313,0.0 -120.914983,45.635504,0.0 -120.891889,45.542027,0.0 -121.481899,45.403459,0.0 -121.481899,45.505185,0.0 -121.441209,45.574469,0.0"
