ALCOLU,29001,33.7713,2433,SC,90.98956,-80.1589,2472,"-80.072374,33.779769,0.0 -80.030173,33.696428,0.0 -80.185616,33.700033,0.0 -80.270866,33.786767,0.0 -80.166954,33.85378,0.0 -80.072374,33.779769,0.0"
BAMBERG,29003,33.2354,7319,SC,158.62792,-80.9749,7310,"-80.801661,33.175388,0.0 -80.894969,33.124917,0.0 -80.895605,33.123856,0.0 -81.062499,33.193413,0.0 -81.10364,33.219285,0.0 -81.073103,33.367942,0.0 -81.031114,33.348856,0.0 -80.887123,33.264243,0.0 -80.801661,33.175388,0.0"
BATESBURG,29006,33.911,11164,SC,172.73486,-81.5515,10949,"-81.530312,33.72336,0.0 -81.57845,33.878803,0.0 -81.652037,33.979321,0.0 -81.666245,34.059906,0.0 -81.481961,34.056088,0.0 -81.551518,33.935,0.0 -81.426613,33.742446,0.0 -81.516528,33.691551,0.0 -81.530312,33.72336,0.0"
BETHUNE,29009,34.4387,2130,SC,93.02774,-80.378,2112,"-80.288679,34.364217,0.0 -80.36587,34.328166,0.0 -80.455149,34.423171,0.0 -80.47996,34.482761,0.0 -80.403405,34.563133,0.0 -80.35866,34.536201,0.0 -80.288679,34.364217,0.0"
BISHOPVILLE,29010,34.2142,14536,SC,255.38769,-80.2695,14518,"-80.317096,34.078355,0.0 -80.40383,34.166362,0.0 -80.47169,34.251611,0.0 -80.433519,34.286814,0.0 -80.36587,34.328166,0.0 -80.288679,34.364217,0.0 -80.206186,34.339193,0.0 -80.134509,34.270485,0.0 -80.13154,34.128614,0.0 -80.154655,34.111437,0.0 -80.154231,34.092351,0.0 -80.182647,34.053544,0.0 -80.247115,34.104015,0.0 -80.279348,34.036791,0.0 -80.317096,34.078355,0.0"
BLACKSTOCK,29014,34.5473,1826,SC,132.26576,-81.1475,1617,"-80.97725,34.597911,0.0 -80.959437,34.525173,0.0 -81.153899,34.549985,0.0 -81.123786,34.477035,0.0 -81.262263,34.452648,0.0 -81.297466,34.544471,0.0 -81.300859,34.566102,0.0 -81.076072,34.623995,0.0 -80.97725,34.597911,0.0"
BLAIR,29015,34.4403,1744,SC,121.67573,-81.3383,1701,"-81.262263,34.452648,0.0 -81.260991,34.324349,0.0 -81.361509,34.317139,0.0 -81.411132,34.433138,0.0 -81.42322,34.494424,0.0 -81.423008,34.572039,0.0 -81.297466,34.544471,0.0 -81.262263,34.452648,0.0"
BLYTHEWOOD,29016,34.1992,13926,SC,88.28942,-80.9939,10024,"-80.89921,34.185659,0.0 -80.946076,34.138157,0.0 -81.108729,34.165725,0.0 -81.136722,34.214712,0.0 -81.072891,34.252671,0.0 -80.880125,34.262214,0.0 -80.89921,34.185659,0.0"
BOWMAN,29018,33.3451,4212,SC,116.44138,-80.6512,4199,"-80.562241,33.293931,0.0 -80.66594,33.247489,0.0 -80.71217,33.222678,0.0 -80.753947,33.334436,0.0 -80.744192,33.376636,0.0 -80.68333,33.441952,0.0 -80.625012,33.458493,0.0 -80.577934,33.377272,0.0 -80.502863,33.334436,0.0 -80.562241,33.293931,0.0"
CAMDEN,29020,34.3125,21864,SC,228.2401,-80.5977,21575,"-80.60529,34.182054,0.0 -80.69775,34.334528,0.0 -80.783636,34.39942,0.0 -80.707929,34.509905,0.0 -80.651096,34.472582,0.0 -80.655549,34.428684,0.0 -80.587901,34.423807,0.0 -80.544852,34.401964,0.0 -80.55185,34.290419,0.0 -80.433519,34.286814,0.0 -80.47169,34.251611,0.0 -80.40383,34.166362,0.0 -80.60529,34.182054,0.0"
CAMERON,29030,33.611,4205,SC,175.01657,-80.6571,4120,"-80.5035,33.535472,0.0 -80.609531,33.552437,0.0 -80.634131,33.468884,0.0 -80.625012,33.458493,0.0 -80.68333,33.441952,0.0 -80.776001,33.581278,0.0 -80.689904,33.647866,0.0 -80.718956,33.742658,0.0 -80.781727,33.72336,0.0 -80.747373,33.761956,0.0 -80.713231,33.768742,0.0 -80.619286,33.743294,0.0 -80.596808,33.702578,0.0 -80.596596,33.69558,0.0 -80.5035,33.535472,0.0"
CARLISLE,29031,34.6032,1472,SC,132.41367,-81.4242,1482,"-81.42322,34.494424,0.0 -81.570816,34.573736,0.0 -81.438488,34.608514,0.0 -81.45821,34.725149,0.0 -81.353027,34.730451,0.0 -81.36469,34.607454,0.0 -81.300859,34.566102,0.0 -81.297466,34.544471,0.0 -81.423008,34.572039,0.0 -81.42322,34.494424,0.0"
CASSATT,29032,34.3533,3887,SC,67.34731,-80.4733,3700,"-80.433519,34.286814,0.0 -80.55185,34.290419,0.0 -80.544852,34.401964,0.0 -80.455149,34.423171,0.0 -80.36587,34.328166,0.0 -80.433519,34.286814,0.0"
CHAPIN,29036,34.1471,12679,SC,55.09721,-81.3326,12019,"-81.416858,34.147912,0.0 -81.351966,34.211955,0.0 -81.258022,34.187144,0.0 -81.261415,34.12925,0.0 -81.329488,34.076871,0.0 -81.372112,34.140278,0.0 -81.369356,34.071993,0.0 -81.416858,34.147912,0.0"
CHAPPELLS,29037,34.2234,670,SC,50.83744,-81.8716,664,"-81.844378,34.274302,0.0 -81.856466,34.199019,0.0 -81.737922,34.185659,0.0 -81.87025,34.1354,0.0 -81.945109,34.203049,0.0 -81.937898,34.263699,0.0 -81.870462,34.313958,0.0 -81.844378,34.274302,0.0"
COPE,29038,33.3732,2705,SC,80.20563,-80.9757,2635,"-81.031114,33.348856,0.0 -81.071406,33.448738,0.0 -81.021147,33.45404,0.0 -80.973433,33.439195,0.0 -80.885426,33.359883,0.0 -80.887123,33.35543,0.0 -80.887123,33.264243,0.0 -81.031114,33.348856,0.0"
CORDOVA,29039,33.4187,3953,SC,24.90896,-80.9059,4057,"-80.973433,33.439195,0.0 -80.869946,33.454888,0.0 -80.873763,33.393601,0.0 -80.885426,33.359883,0.0 -80.973433,33.439195,0.0"
DALZELL,29040,34.0261,6464,SC,35.07596,-80.4575,6843,"-80.439244,33.976352,0.0 -80.494381,33.993318,0.0 -80.540399,33.987168,0.0 -80.396195,34.087686,0.0 -80.434367,33.980382,0.0 -80.439244,33.976352,0.0"
DENMARK,29042,33.3303,6344,SC,72.05782,-81.1529,6404,"-81.219639,33.281844,0.0 -81.219639,33.28248,0.0 -81.222608,33.439831,0.0 -81.220063,33.439407,0.0 -81.073103,33.367942,0.0 -81.10364,33.219285,0.0 -81.219639,33.281844,0.0"
EASTOVER,29044,33.9215,5804,SC,149.64057,-80.6865,5814,"-80.713231,33.768742,0.0 -80.680573,33.807974,0.0 -80.792754,33.86926,0.0 -80.834107,33.909552,0.0 -80.743556,34.006678,0.0 -80.7039,34.061178,0.0 -80.616105,34.099561,0.0 -80.628193,33.947512,0.0 -80.619286,33.743294,0.0 -80.713231,33.768742,0.0"
ELGIN,29045,34.1868,14666,SC,71.74066,-80.8173,13585,"-80.779606,34.102318,0.0 -80.852981,34.091079,0.0 -80.89921,34.185659,0.0 -80.880125,34.262214,0.0 -80.801449,34.269424,0.0 -80.741223,34.237191,0.0 -80.779606,34.102318,0.0"
ELLOREE,29047,33.5074,2217,SC,34.41558,-80.5706,2221,"-80.506893,33.529534,0.0 -80.523009,33.46231,0.0 -80.634131,33.468884,0.0 -80.609531,33.552437,0.0 -80.5035,33.535472,0.0 -80.506893,33.529534,0.0"
EUTAWVILLE,29048,33.3759,4858,SC,50.73066,-80.2988,4824,"-80.289315,33.279087,0.0 -80.377322,33.393389,0.0 -80.384532,33.440255,0.0 -80.222515,33.391481,0.0 -80.289315,33.279087,0.0"
GABLE,29051,33.8601,2296,SC,42.15817,-80.114,2292,"-80.056257,33.906796,0.0 -80.048623,33.852507,0.0 -80.072374,33.779769,0.0 -80.166954,33.85378,0.0 -80.224848,33.871593,0.0 -80.170772,33.898313,0.0 -80.146808,33.907008,0.0 -80.056257,33.906796,0.0"
GASTON,29053,33.8247,15507,SC,63.75067,-81.1183,15091,"-81.203734,33.789312,0.0 -81.171288,33.876682,0.0 -81.13248,33.892163,0.0 -81.034507,33.871381,0.0 -81.046383,33.798219,0.0 -81.168955,33.757503,0.0 -81.203734,33.789312,0.0"
GILBERT,29054,33.9322,7168,SC,58.36975,-81.3779,7438,"-81.316764,33.831725,0.0 -81.348998,33.812427,0.0 -81.432127,34.000316,0.0 -81.339031,34.059693,0.0 -81.387593,34.016645,0.0 -81.340303,33.90319,0.0 -81.316764,33.831725,0.0"
GREAT FALLS,29055,34.5385,4862,SC,52.57679,-80.9317,4787,"-80.871218,34.591973,0.0 -80.875459,34.533868,0.0 -80.949045,34.4272,0.0 -80.993155,34.443741,0.0 -80.959437,34.525173,0.0 -80.97725,34.597911,0.0 -80.933565,34.623783,0.0 -80.898362,34.644565,0.0 -80.871218,34.591973,0.0"
GREELEYVILLE,29056,33.6015,2591,SC,98.86991,-79.9878,2622,"-80.101639,33.496876,0.0 -79.993274,33.704487,0.0 -79.974401,33.721664,0.0 -79.913114,33.721028,0.0 -79.897209,33.621994,0.0 -79.935169,33.56919,0.0 -79.963161,33.489666,0.0 -80.101639,33.496876,0.0"
HEATH SPRINGS,29058,34.5483,4597,SC,164.55839,-80.7525,4593,"-80.844498,34.424867,0.0 -80.875459,34.533868,0.0 -80.871218,34.591973,0.0 -80.57242,34.682949,0.0 -80.598292,34.594094,0.0 -80.676119,34.583067,0.0 -80.651096,34.472582,0.0 -80.707929,34.509905,0.0 -80.783636,34.39942,0.0 -80.844498,34.424867,0.0"
HOLLY HILL,29059,33.3279,6157,SC,109.9801,-80.4179,6182,"-80.289315,33.279087,0.0 -80.320701,33.254063,0.0 -80.346784,33.221618,0.0 -80.502863,33.334436,0.0 -80.577934,33.377272,0.0 -80.523646,33.412899,0.0 -80.377322,33.393389,0.0 -80.289315,33.279087,0.0"
HOPKINS,29061,33.878,12924,SC,136.1226,-80.8512,13286,"-80.713231,33.768742,0.0 -80.747373,33.761956,0.0 -81.01224,33.880076,0.0 -81.014573,33.90722,0.0 -80.905572,33.901282,0.0 -80.889031,33.986107,0.0 -80.743556,34.006678,0.0 -80.834107,33.909552,0.0 -80.792754,33.86926,0.0 -80.680573,33.807974,0.0 -80.713231,33.768742,0.0"
IRMO,29063,34.141,24673,SC,40.99521,-81.2033,24056,"-81.258022,34.187144,0.0 -81.246571,34.203261,0.0 -81.17871,34.174844,0.0 -81.135874,34.129462,0.0 -81.227909,34.10147,0.0 -81.261415,34.12925,0.0 -81.258022,34.187144,0.0"
JENKINSVILLE,29065,34.2758,835,SC,37.29691,-81.2871,733,"-81.260991,34.324349,0.0 -81.179135,34.180358,0.0 -81.17871,34.174844,0.0 -81.246571,34.203261,0.0 -81.322065,34.244825,0.0 -81.361509,34.317139,0.0 -81.260991,34.324349,0.0"
KERSHAW,29067,34.5467,10295,SC,204.05303,-80.5339,10173,"-80.455149,34.423171,0.0 -80.544852,34.401964,0.0 -80.587901,34.423807,0.0 -80.567119,34.468128,0.0 -80.655549,34.428684,0.0 -80.651096,34.472582,0.0 -80.676119,34.583067,0.0 -80.598292,34.594094,0.0 -80.57242,34.682949,0.0 -80.489715,34.720272,0.0 -80.472962,34.692492,0.0 -80.403405,34.563133,0.0 -80.47996,34.482761,0.0 -80.455149,34.423171,0.0"
LAMAR,29069,34.1763,4694,SC,62.7092,-80.0802,4709,"-80.075131,34.25352,0.0 -79.99391,34.145155,0.0 -80.072798,34.085989,0.0 -80.13154,34.128614,0.0 -80.134509,34.270485,0.0 -80.075131,34.25352,0.0"
LEESVILLE,29070,33.8803,11944,SC,131.58302,-81.432,11407,"-81.348998,33.812427,0.0 -81.267989,33.695156,0.0 -81.269686,33.693247,0.0 -81.426613,33.742446,0.0 -81.551518,33.935,0.0 -81.481961,34.056088,0.0 -81.407315,34.071569,0.0 -81.432127,34.000316,0.0 -81.348998,33.812427,0.0"
LITTLE MOUNTAIN,29075,34.2008,2529,SC,42.65407,-81.3774,2767,"-81.458634,34.156819,0.0 -81.440397,34.231677,0.0 -81.322065,34.244825,0.0 -81.246571,34.203261,0.0 -81.258022,34.187144,0.0 -81.351966,34.211955,0.0 -81.416858,34.147912,0.0 -81.458634,34.156819,0.0"
LUGOFF,29078,34.1922,12591,SC,119.07928,-80.7043,12476,"-80.60529,34.182054,0.0 -80.616105,34.099561,0.0 -80.7039,34.061178,0.0 -80.779606,34.102318,0.0 -80.741223,34.237191,0.0 -80.801449,34.269424,0.0 -80.69775,34.334528,0.0 -80.60529,34.182054,0.0"
LYNCHBURG,29080,34.006,3884,SC,120.31463,-80.0784,3808,"-80.146808,33.907008,0.0 -80.182647,34.053544,0.0 -80.154231,34.092351,0.0 -80.154655,34.111437,0.0 -80.13154,34.128614,0.0 -80.072798,34.085989,0.0 -79.949801,34.021734,0.0 -79.976521,33.944967,0.0 -80.056257,33.906796,0.0 -80.146808,33.907008,0.0"
EHRHARDT,29081,33.1112,1503,SC,72.01316,-81.0228,1511,"-80.895605,33.123856,0.0 -81.082646,33.026519,0.0 -81.100247,33.048574,0.0 -81.062499,33.193413,0.0 -80.895605,33.123856,0.0"
LODGE,29082,32.9947,1998,SC,88.96118,-80.9636,1074,"-80.874823,32.991317,0.0 -80.968555,33.013371,0.0 -80.880549,32.861958,0.0 -80.879701,32.791765,0.0 -80.99167,32.909248,0.0 -81.053169,32.98962,0.0 -81.082646,33.026519,0.0 -80.895605,33.123856,0.0 -80.894969,33.124917,0.0 -80.893909,33.069144,0.0 -80.874823,32.991317,0.0"
MC BEE,29101,34.4903,3010,SC,149.67994,-80.2473,2967,"-80.180102,34.516903,0.0 -80.206186,34.339193,0.0 -80.288679,34.364217,0.0 -80.35866,34.536201,0.0 -80.178194,34.623147,0.0 -80.180102,34.516903,0.0"
MANNING,29102,33.6399,16246,SC,229.58682,-80.187,15774,"-80.101639,33.496876,0.0 -80.163986,33.460189,0.0 -80.192614,33.577036,0.0 -80.267049,33.533139,0.0 -80.266836,33.658681,0.0 -80.358872,33.676282,0.0 -80.313703,33.725057,0.0 -80.392166,33.722512,0.0 -80.377746,33.770651,0.0 -80.366082,33.772347,0.0 -80.270866,33.786767,0.0 -80.185616,33.700033,0.0 -80.030173,33.696428,0.0 -79.993274,33.704487,0.0 -80.101639,33.496876,0.0"
MAYESVILLE,29104,33.9987,2149,SC,69.06382,-80.2126,2270,"-80.170772,33.898313,0.0 -80.297798,33.979745,0.0 -80.279348,34.036791,0.0 -80.247115,34.104015,0.0 -80.182647,34.053544,0.0 -80.146808,33.907008,0.0 -80.170772,33.898313,0.0"
MONETTA,29105,33.789,1292,SC,26.82703,-81.582,1273,"-81.530312,33.72336,0.0 -81.580147,33.750929,0.0 -81.634435,33.826635,0.0 -81.57845,33.878803,0.0 -81.530312,33.72336,0.0"
NEESES,29107,33.5249,2995,SC,78.22897,-81.1175,2976,"-80.948833,33.524657,0.0 -81.066741,33.512993,0.0 -81.021147,33.45404,0.0 -81.071406,33.448738,0.0 -81.117848,33.500057,0.0 -81.156656,33.440043,0.0 -81.209035,33.473761,0.0 -81.178498,33.511721,0.0 -81.250812,33.535684,0.0 -81.237664,33.60821,0.0 -81.00503,33.562616,0.0 -80.948833,33.524657,0.0"
NEWBERRY,29108,34.2977,19830,SC,193.24381,-81.6248,19612,"-81.636768,34.157879,0.0 -81.791787,34.284057,0.0 -81.758917,34.365913,0.0 -81.636132,34.387544,0.0 -81.598384,34.459221,0.0 -81.480689,34.386908,0.0 -81.50232,34.29975,0.0 -81.620015,34.210683,0.0 -81.598597,34.123949,0.0 -81.636768,34.157879,0.0"
NEW ZION,29111,33.78,1196,SC,45.72012,-80.0165,1189,"-79.993274,33.704487,0.0 -80.030173,33.696428,0.0 -80.072374,33.779769,0.0 -80.048623,33.852507,0.0 -79.952346,33.803521,0.0 -79.974401,33.721664,0.0 -79.993274,33.704487,0.0"
NORTH,29112,33.6261,4676,SC,108.75472,-81.092,4626,"-80.965162,33.625599,0.0 -81.00503,33.562616,0.0 -81.237664,33.60821,0.0 -81.186133,33.654228,0.0 -81.042565,33.707032,0.0 -80.965162,33.625599,0.0"
NORWAY,29113,33.4325,1654,SC,46.2235,-81.1263,1713,"-81.031114,33.348856,0.0 -81.073103,33.367942,0.0 -81.220063,33.439407,0.0 -81.209035,33.473761,0.0 -81.156656,33.440043,0.0 -81.117848,33.500057,0.0 -81.071406,33.448738,0.0 -81.031114,33.348856,0.0"
OLANTA,29114,33.9596,2155,SC,35.62039,-79.9368,2171,"-79.890423,33.927154,0.0 -79.945772,33.886225,0.0 -79.976521,33.944967,0.0 -79.949801,34.021734,0.0 -79.890635,33.982926,0.0 -79.890423,33.927154,0.0"
ORANGEBURG,29115,33.4726,29819,SC,129.76781,-80.8429,29509,"-80.973433,33.439195,0.0 -81.021147,33.45404,0.0 -81.066741,33.512993,0.0 -80.948833,33.524657,0.0 -80.803146,33.512993,0.0 -80.776001,33.581278,0.0 -80.68333,33.441952,0.0 -80.744192,33.376636,0.0 -80.758824,33.421594,0.0 -80.873763,33.393601,0.0 -80.869946,33.454888,0.0 -80.973433,33.439195,0.0"
ORANGEBURG,29118,33.5656,14547,SC,73.43159,-80.8895,14367,"-81.00503,33.562616,0.0 -80.965162,33.625599,0.0 -80.776001,33.581278,0.0 -80.803146,33.512993,0.0 -80.948833,33.524657,0.0 -81.00503,33.562616,0.0"
PELION,29123,33.7647,5863,SC,65.8669,-81.2573,5661,"-81.348998,33.812427,0.0 -81.316764,33.831725,0.0 -81.203734,33.789312,0.0 -81.168955,33.757503,0.0 -81.267989,33.695156,0.0 -81.348998,33.812427,0.0"
PINEWOOD,29125,33.7201,3564,SC,107.05032,-80.46,4264," -80.576874,33.739477,0.0 -80.479324,33.844661,0.0 -80.377746,33.770651,0.0 -80.392166,33.722512,0.0 -80.313703,33.725057,0.0 -80.358872,33.676282,0.0 -80.373504,33.608846,0.0 -80.422915,33.66271,0.0 -80.481869,33.626023,0.0 -80.576874,33.739477,0.0 -80.596808,33.702578,0.0 -80.594263,33.738629,0.0 -80.541459,33.717847,0.0 -80.596596,33.69558,0.0 -80.596808,33.702578,0.0"
POMARIA,29126,34.32,2445,SC,84.14599,-81.4224,2448,"-81.322065,34.244825,0.0 -81.440397,34.231677,0.0 -81.50232,34.29975,0.0 -81.480689,34.386908,0.0 -81.411132,34.433138,0.0 -81.361509,34.317139,0.0 -81.322065,34.244825,0.0"
PROSPERITY,29127,34.1767,6836,SC,93.46791,-81.5153,6780,"-81.50232,34.29975,0.0 -81.440397,34.231677,0.0 -81.458634,34.156819,0.0 -81.43552,34.087686,0.0 -81.598597,34.123949,0.0 -81.620015,34.210683,0.0 -81.50232,34.29975,0.0"
REMBERT,29128,34.0887,7145,SC,146.94142,-80.5209,6845,"-80.540399,33.987168,0.0 -80.568179,33.96172,0.0 -80.628193,33.947512,0.0 -80.616105,34.099561,0.0 -80.60529,34.182054,0.0 -80.40383,34.166362,0.0 -80.317096,34.078355,0.0 -80.396195,34.087686,0.0 -80.540399,33.987168,0.0"
RIDGE SPRING,29129,33.8252,3871,SC,102.07439,-81.6613,3817,"-81.580147,33.750929,0.0 -81.7428,33.724421,0.0 -81.720957,33.832361,0.0 -81.68936,33.953237,0.0 -81.652037,33.979321,0.0 -81.57845,33.878803,0.0 -81.634435,33.826635,0.0 -81.580147,33.750929,0.0"
RIDGEWAY,29130,34.3264,6519,SC,157.38673,-80.893,5746,"-80.880125,34.262214,0.0 -81.072891,34.252671,0.0 -81.020935,34.366338,0.0 -80.960921,34.328166,0.0 -80.951166,34.398783,0.0 -80.844498,34.424867,0.0 -80.783636,34.39942,0.0 -80.69775,34.334528,0.0 -80.801449,34.269424,0.0 -80.880125,34.262214,0.0"
ROWESVILLE,29133,33.374,599,SC,26.26043,-80.8061,683,"-80.753947,33.334436,0.0 -80.887123,33.35543,0.0 -80.885426,33.359883,0.0 -80.873763,33.393601,0.0 -80.758824,33.421594,0.0 -80.744192,33.376636,0.0 -80.753947,33.334436,0.0"
SAINT MATTHEWS,29135,33.712,11705,SC,214.68346,-80.8743,11416,"-81.042565,33.707032,0.0 -80.925082,33.755806,0.0 -81.046383,33.798219,0.0 -81.034507,33.871381,0.0 -81.01224,33.880076,0.0 -80.747373,33.761956,0.0 -80.781727,33.72336,0.0 -80.718956,33.742658,0.0 -80.689904,33.647866,0.0 -80.776001,33.581278,0.0 -80.965162,33.625599,0.0 -81.042565,33.707032,0.0"
SALLEY,29137,33.5919,2912,SC,100.35291,-81.3325,2885,"-81.410284,33.520203,0.0 -81.483446,33.555618,0.0 -81.460543,33.612451,0.0 -81.326943,33.600363,0.0 -81.343908,33.654864,0.0 -81.269686,33.693247,0.0 -81.186133,33.654228,0.0 -81.237664,33.60821,0.0 -81.250812,33.535684,0.0 -81.367447,33.558587,0.0 -81.373385,33.490514,0.0 -81.410284,33.520203,0.0"
SALUDA,29138,34.0423,11364,SC,277.84769,-81.7942,11287,"-81.869402,33.891739,0.0 -81.894425,33.97508,0.0 -82.007879,33.96172,0.0 -81.998761,34.067116,0.0 -81.945957,34.039123,0.0 -81.87025,34.1354,0.0 -81.737922,34.185659,0.0 -81.716504,34.175692,0.0 -81.546853,34.088322,0.0 -81.666245,34.059906,0.0 -81.652037,33.979321,0.0 -81.68936,33.953237,0.0 -81.799633,33.855688,0.0 -81.869402,33.891739,0.0"
SANTEE,29142,33.4568,4579,SC,54.74357,-80.5282,4604,"-80.434155,33.468248,0.0 -80.523646,33.412899,0.0 -80.577934,33.377272,0.0 -80.625012,33.458493,0.0 -80.634131,33.468884,0.0 -80.523009,33.46231,0.0 -80.506893,33.529534,0.0 -80.434155,33.468248,0.0"
SILVERSTREET,29145,34.2229,1011,SC,44.35129,-81.7669,1009,"-81.716504,34.175692,0.0 -81.737922,34.185659,0.0 -81.856466,34.199019,0.0 -81.844378,34.274302,0.0 -81.791787,34.284057,0.0 -81.636768,34.157879,0.0 -81.716504,34.175692,0.0"
SPRINGFIELD,29146,33.5029,1813,SC,50.86852,-81.2775,1799,"-81.222608,33.439831,0.0 -81.267989,33.455524,0.0 -81.373385,33.490514,0.0 -81.367447,33.558587,0.0 -81.250812,33.535684,0.0 -81.178498,33.511721,0.0 -81.209035,33.473761,0.0 -81.220063,33.439407,0.0 -81.222608,33.439831,0.0"
SUMMERTON,29148,33.5801,6412,SC,118.7587,-80.3605,5933,"-80.481869,33.626023,0.0 -80.422915,33.66271,0.0 -80.373504,33.608846,0.0 -80.358872,33.676282,0.0 -80.266836,33.658681,0.0 -80.267049,33.533139,0.0 -80.394499,33.485637,0.0 -80.481869,33.626023,0.0"
SUMTER,29150,33.8714,38037,SC,43.19498,-80.351,38259,"-80.366082,33.772347,0.0 -80.356327,33.895344,0.0 -80.425884,33.963841,0.0 -80.439244,33.976352,0.0 -80.434367,33.980382,0.0 -80.31137,33.931395,0.0 -80.340847,33.868836,0.0 -80.270866,33.786767,0.0 -80.366082,33.772347,0.0"
SHAW A F B,29152,33.9757,6157,SC,5.69099,-80.4678,6244,"-80.425884,33.963841,0.0 -80.494381,33.993318,0.0 -80.439244,33.976352,0.0 -80.425884,33.963841,0.0"
SUMTER,29153,33.9527,14425,SC,137.46185,-80.3065,14271,"-80.166954,33.85378,0.0 -80.270866,33.786767,0.0 -80.340847,33.868836,0.0 -80.31137,33.931395,0.0 -80.434367,33.980382,0.0 -80.396195,34.087686,0.0 -80.317096,34.078355,0.0 -80.279348,34.036791,0.0 -80.297798,33.979745,0.0 -80.170772,33.898313,0.0 -80.224848,33.871593,0.0 -80.166954,33.85378,0.0"
SUMTER,29154,33.8753,24015,SC,73.58648,-80.432,24108,"-80.366082,33.772347,0.0 -80.377746,33.770651,0.0 -80.479324,33.844661,0.0 -80.452604,33.921216,0.0 -80.568179,33.96172,0.0 -80.540399,33.987168,0.0 -80.494381,33.993318,0.0 -80.425884,33.963841,0.0 -80.356327,33.895344,0.0 -80.366082,33.772347,0.0"
SWANSEA,29160,33.7335,5592,SC,77.33399,-81.0886,5413,"-81.168955,33.757503,0.0 -81.046383,33.798219,0.0 -80.925082,33.755806,0.0 -81.042565,33.707032,0.0 -81.186133,33.654228,0.0 -81.269686,33.693247,0.0 -81.267989,33.695156,0.0 -81.168955,33.757503,0.0"
TIMMONSVILLE,29161,34.1045,11555,SC,135.88187,-79.9398,11690,"-79.829349,34.150245,0.0 -79.862431,34.074326,0.0 -79.811112,34.002012,0.0 -79.890635,33.982926,0.0 -79.949801,34.021734,0.0 -80.072798,34.085989,0.0 -79.99391,34.145155,0.0 -80.075131,34.25352,0.0 -80.021055,34.244189,0.0 -79.915235,34.18884,0.0 -79.829349,34.150245,0.0"
TURBEVILLE,29162,33.8784,2678,SC,40.74138,-79.9907,2624,"-79.945772,33.886225,0.0 -79.9445,33.810307,0.0 -79.952346,33.803521,0.0 -80.048623,33.852507,0.0 -80.056257,33.906796,0.0 -79.976521,33.944967,0.0 -79.945772,33.886225,0.0"
VANCE,29163,33.4177,2141,SC,29.08422,-80.4421,2126,"-80.377322,33.393389,0.0 -80.523646,33.412899,0.0 -80.434155,33.468248,0.0 -80.384532,33.440255,0.0 -80.377322,33.393389,0.0"
WAGENER,29164,33.6588,4299,SC,107.77666,-81.4262,4230,"-81.483446,33.555618,0.0 -81.512287,33.580005,0.0 -81.560425,33.637687,0.0 -81.516528,33.691551,0.0 -81.426613,33.742446,0.0 -81.269686,33.693247,0.0 -81.343908,33.654864,0.0 -81.326943,33.600363,0.0 -81.460543,33.612451,0.0 -81.483446,33.555618,0.0"
WARD,29166,33.8866,1115,SC,34.90531,-81.7395,1086,"-81.720957,33.832361,0.0 -81.799633,33.855688,0.0 -81.68936,33.953237,0.0 -81.720957,33.832361,0.0"
WEDGEFIELD,29168,33.8611,3959,SC,107.9922,-80.5524,3521,"-80.594263,33.738629,0.0 -80.596808,33.702578,0.0 -80.619286,33.743294,0.0 -80.628193,33.947512,0.0 -80.568179,33.96172,0.0 -80.452604,33.921216,0.0 -80.479324,33.844661,0.0 -80.576874,33.739477,0.0 -80.594263,33.738629,0.0"
WEST COLUMBIA,29169,33.9971,21142,SC,12.07796,-81.0976,21190,"-81.060803,34.003709,0.0 -81.046595,33.988016,0.0 -81.093249,33.956206,0.0 -81.125907,33.998619,0.0 -81.130996,34.023643,0.0 -81.127815,34.026187,0.0 -81.060803,34.003709,0.0"
WEST COLUMBIA,29170,33.9387,18770,SC,24.78484,-81.1456,18209,"-81.125907,33.998619,0.0 -81.093249,33.956206,0.0 -81.100883,33.945603,0.0 -81.13248,33.892163,0.0 -81.171288,33.876682,0.0 -81.195463,33.945179,0.0 -81.125907,33.998619,0.0"
WEST COLUMBIA,29172,33.9065,9268,SC,26.49573,-81.0728,9229,"-81.01224,33.880076,0.0 -81.034507,33.871381,0.0 -81.13248,33.892163,0.0 -81.100883,33.945603,0.0 -81.016694,33.932667,0.0 -81.014573,33.90722,0.0 -81.01224,33.880076,0.0"
WESTVILLE,29175,34.4336,469,SC,10.198,-80.6015,457,"-80.655549,34.428684,0.0 -80.567119,34.468128,0.0 -80.587901,34.423807,0.0 -80.655549,34.428684,0.0"
WHITMIRE,29178,34.468,3510,SC,117.35425,-81.5663,3662,"-81.636132,34.387544,0.0 -81.730924,34.439924,0.0 -81.643554,34.53302,0.0 -81.570816,34.573736,0.0 -81.42322,34.494424,0.0 -81.411132,34.433138,0.0 -81.480689,34.386908,0.0 -81.598384,34.459221,0.0 -81.636132,34.387544,0.0"
WINNSBORO,29180,34.3769,13860,SC,312.50181,-81.102,14377,"-81.260991,34.324349,0.0 -81.262263,34.452648,0.0 -81.123786,34.477035,0.0 -81.153899,34.549985,0.0 -80.959437,34.525173,0.0 -80.993155,34.443741,0.0 -80.949045,34.4272,0.0 -80.875459,34.533868,0.0 -80.844498,34.424867,0.0 -80.951166,34.398783,0.0 -80.960921,34.328166,0.0 -81.020935,34.366338,0.0 -81.072891,34.252671,0.0 -81.136722,34.214712,0.0 -81.108729,34.165725,0.0 -81.179135,34.180358,0.0 -81.260991,34.324349,0.0"
COLUMBIA,29201,33.986,15829,SC,11.76269,-81.0289,15800,"-81.020723,34.005193,0.0 -80.981067,33.96172,0.0 -81.02454,33.944967,0.0 -81.046595,33.988016,0.0 -81.060803,34.003709,0.0 -81.067377,34.026399,0.0 -81.02454,34.018129,0.0 -81.020723,34.005193,0.0"
COLUMBIA,29203,34.1047,42650,SC,65.26198,-81.0472,42682,"-80.945016,34.130735,0.0 -81.002485,34.055028,0.0 -81.02454,34.018129,0.0 -81.067377,34.026399,0.0 -81.083282,34.070509,0.0 -81.135874,34.129462,0.0 -81.17871,34.174844,0.0 -81.179135,34.180358,0.0 -81.108729,34.165725,0.0 -80.946076,34.138157,0.0 -80.945016,34.130735,0.0"
COLUMBIA,29204,34.0291,21937,SC,6.44431,-80.9999,22020,"-80.986369,34.00795,0.0 -81.020723,34.005193,0.0 -81.02454,34.018129,0.0 -81.002485,34.055028,0.0 -80.983612,34.051423,0.0 -80.986369,34.00795,0.0"
COLUMBIA,29205,33.9899,25428,SC,6.51108,-80.9969,25416,"-81.020723,34.005193,0.0 -80.986369,34.00795,0.0 -80.973009,33.992045,0.0 -80.981067,33.96172,0.0 -81.020723,34.005193,0.0"
COLUMBIA,29206,34.028,26888,SC,8.8818,-80.9584,20982," -80.963466,33.997347,0.0 -80.973009,33.992045,0.0 -80.986369,34.00795,0.0 -80.983612,34.051423,0.0 -80.937594,34.035942,0.0 -80.963466,33.997347,0.0 -80.937382,34.003497,0.0 -80.922537,34.019401,0.0 -80.91766,34.001588,0.0 -80.937382,34.003497,0.0"
COLUMBIA,29207,34.0112,0,SC,2.75029,-80.9432,5848,"-80.937594,34.035942,0.0 -80.922537,34.019401,0.0 -80.937382,34.003497,0.0 -80.963466,33.997347,0.0 -80.937594,34.035942,0.0"
COLUMBIA,29210,34.0429,35295,SC,16.00909,-81.1097,34920,"-81.060803,34.003709,0.0 -81.127815,34.026187,0.0 -81.166623,34.044637,0.0 -81.083282,34.070509,0.0 -81.067377,34.026399,0.0 -81.060803,34.003709,0.0"
COLUMBIA,29223,34.0563,45584,SC,100.81105,-80.8447,44312,"-80.743556,34.006678,0.0 -80.889031,33.986107,0.0 -80.91766,34.001588,0.0 -80.922537,34.019401,0.0 -80.937594,34.035942,0.0 -80.983612,34.051423,0.0 -81.002485,34.055028,0.0 -80.945016,34.130735,0.0 -80.852981,34.091079,0.0 -80.779606,34.102318,0.0 -80.7039,34.061178,0.0 -80.743556,34.006678,0.0"
COLUMBIA,29229,34.1383,15124,SC,14.10023,-80.8894,18448,"-80.852981,34.091079,0.0 -80.945016,34.130735,0.0 -80.946076,34.138157,0.0 -80.89921,34.185659,0.0 -80.852981,34.091079,0.0"
SPARTANBURG,29301,34.9346,29558,SC,30.2281,-82.0148,29150,"-81.96886,34.917067,0.0 -81.973525,34.906252,0.0 -82.071287,34.888651,0.0 -82.083798,34.912614,0.0 -82.046051,34.963085,0.0 -81.936414,34.954178,0.0 -81.96886,34.917067,0.0"
SPARTANBURG,29302,34.8935,17158,SC,50.13403,-81.8423,17387,"-81.879369,34.846238,0.0 -81.907573,34.842633,0.0 -81.934293,34.955451,0.0 -81.910118,34.96669,0.0 -81.772277,34.928306,0.0 -81.768247,34.85366,0.0 -81.79009,34.810823,0.0 -81.879369,34.846238,0.0"
SPARTANBURG,29303,34.9932,25424,SC,33.22636,-81.9725,25194,"-81.934293,34.955451,0.0 -81.936414,34.954178,0.0 -82.046051,34.963085,0.0 -82.091645,34.984291,0.0 -82.030782,35.018009,0.0 -81.927295,35.036247,0.0 -81.901636,35.036459,0.0 -81.910118,34.96669,0.0 -81.934293,34.955451,0.0"
SPARTANBURG,29306,34.8987,16014,SC,17.72351,-81.9205,15966,"-81.907573,34.842633,0.0 -81.96886,34.917067,0.0 -81.936414,34.954178,0.0 -81.934293,34.955451,0.0 -81.907573,34.842633,0.0"
SPARTANBURG,29307,34.9833,20228,SC,44.52115,-81.8329,19595,"-81.759553,34.990441,0.0 -81.736014,34.93276,0.0 -81.772277,34.928306,0.0 -81.910118,34.96669,0.0 -81.901636,35.036459,0.0 -81.847347,35.038155,0.0 -81.759553,34.990441,0.0"
SPARTANBURG,29316,35.0406,14247,SC,21.27138,-81.9746,14379,"-82.030782,35.018009,0.0 -81.952107,35.071237,0.0 -81.927295,35.036247,0.0 -82.030782,35.018009,0.0"
BUFFALO,29321,34.7238,2535,SC,29.5389,-81.7338,2525,"-81.81681,34.70882,0.0 -81.815326,34.714546,0.0 -81.780547,34.736813,0.0 -81.702508,34.761836,0.0 -81.685331,34.685918,0.0 -81.81681,34.70882,0.0"
CAMPOBELLO,29322,35.1214,7704,SC,61.15028,-82.135,7544,"-82.034387,35.156699,0.0 -82.203614,35.041973,0.0 -82.218459,35.039004,0.0 -82.231607,35.062543,0.0 -82.089524,35.190629,0.0 -82.040113,35.189569,0.0 -82.034387,35.156699,0.0"
CHESNEE,29323,35.129,15244,SC,76.29087,-81.9096,13802,"-81.901636,35.036459,0.0 -81.927295,35.036247,0.0 -81.952107,35.071237,0.0 -81.983068,35.177057,0.0 -82.034387,35.156699,0.0 -82.040113,35.189569,0.0 -82.001518,35.188509,0.0 -81.900151,35.184691,0.0 -81.857738,35.183631,0.0 -81.815538,35.181935,0.0 -81.818295,35.127646,0.0 -81.847347,35.038155,0.0 -81.901636,35.036459,0.0"
CLINTON,29325,34.4937,15900,SC,158.40115,-81.8245,15858,"-81.989642,34.415536,0.0 -81.911815,34.608938,0.0 -81.833139,34.59261,0.0 -81.643554,34.53302,0.0 -81.730924,34.439924,0.0 -81.738559,34.429108,0.0 -81.888488,34.429108,0.0 -81.893153,34.350433,0.0 -81.989642,34.415536,0.0"
COWPENS,29330,35.0538,8332,SC,38.58855,-81.8045,8624,"-81.714171,35.026492,0.0 -81.759553,34.990441,0.0 -81.847347,35.038155,0.0 -81.818295,35.127646,0.0 -81.714171,35.026492,0.0"
CROSS HILL,29332,34.2612,1878,SC,24.35242,-81.9731,1794,"-81.945109,34.203049,0.0 -81.999821,34.242068,0.0 -82.025693,34.258609,0.0 -81.992187,34.316715,0.0 -81.937898,34.263699,0.0 -81.945109,34.203049,0.0"
DUNCAN,29334,34.9051,8010,SC,21.45672,-82.1245,7917,"-82.071287,34.888651,0.0 -82.082314,34.871473,0.0 -82.124515,34.863203,0.0 -82.157596,34.955663,0.0 -82.110942,34.937849,0.0 -82.083798,34.912614,0.0 -82.071287,34.888651,0.0"
ENOREE,29335,34.6678,5278,SC,75.38049,-81.8832,5114,"-81.911815,34.608938,0.0 -81.999185,34.661742,0.0 -81.890184,34.734268,0.0 -81.815326,34.714546,0.0 -81.81681,34.70882,0.0 -81.765703,34.667468,0.0 -81.829958,34.66768,0.0 -81.833139,34.59261,0.0 -81.911815,34.608938,0.0"
GAFFNEY,29340,34.9831,21488,SC,163.82066,-81.5938,21284,"-81.590114,34.886742,0.0 -81.634435,34.950997,0.0 -81.736014,34.93276,0.0 -81.759553,34.990441,0.0 -81.714171,35.026492,0.0 -81.576118,35.118103,0.0 -81.488323,35.026916,0.0 -81.476024,34.984079,0.0 -81.473903,34.893316,0.0 -81.45715,34.83924,0.0 -81.590114,34.886742,0.0"
GAFFNEY,29341,35.1182,17281,SC,92.06062,-81.7107,16844,"-81.714171,35.026492,0.0 -81.818295,35.127646,0.0 -81.815538,35.181935,0.0 -81.61026,35.1743,0.0 -81.576118,35.118103,0.0 -81.714171,35.026492,0.0"
INMAN,29349,35.0705,23820,SC,78.54648,-82.0687,23852,"-82.145509,35.002317,0.0 -82.203614,35.041973,0.0 -82.034387,35.156699,0.0 -81.983068,35.177057,0.0 -81.952107,35.071237,0.0 -82.030782,35.018009,0.0 -82.091645,34.984291,0.0 -82.145509,35.002317,0.0"
JOANNA,29351,34.3931,2436,SC,45.70722,-81.828,2438,"-81.738559,34.429108,0.0 -81.869826,34.322016,0.0 -81.893153,34.350433,0.0 -81.888488,34.429108,0.0 -81.738559,34.429108,0.0"
JONESVILLE,29353,34.8297,4387,SC,100.29425,-81.6546,4273,"-81.480477,34.80849,0.0 -81.624256,34.834574,0.0 -81.702508,34.761836,0.0 -81.780547,34.736813,0.0 -81.79009,34.810823,0.0 -81.768247,34.85366,0.0 -81.590114,34.886742,0.0 -81.45715,34.83924,0.0 -81.480477,34.80849,0.0"
KINARDS,29355,34.3574,398,SC,52.48899,-81.7585,398,"-81.791787,34.284057,0.0 -81.844378,34.274302,0.0 -81.870462,34.313958,0.0 -81.869826,34.322016,0.0 -81.738559,34.429108,0.0 -81.730924,34.439924,0.0 -81.636132,34.387544,0.0 -81.758917,34.365913,0.0 -81.791787,34.284057,0.0"
LANDRUM,29356,35.1416,7936,SC,72.10678,-82.2539,7829,"-82.355028,35.077387,0.0 -82.360966,35.089475,0.0 -82.373689,35.118528,0.0 -82.292893,35.196143,0.0 -82.138935,35.193174,0.0 -82.089524,35.190629,0.0 -82.231607,35.062543,0.0 -82.320673,35.08799,0.0 -82.355028,35.077387,0.0"
LAURENS,29360,34.5001,24397,SC,194.93565,-82.0502,23832,"-82.223548,34.391997,0.0 -82.245603,34.410235,0.0 -82.012333,34.668528,0.0 -81.999185,34.661742,0.0 -81.911815,34.608938,0.0 -81.989642,34.415536,0.0 -82.045839,34.421686,0.0 -82.166291,34.330075,0.0 -82.223548,34.391997,0.0"
LYMAN,29365,34.9839,7623,SC,19.0907,-82.1701,7273,"-82.145509,35.002317,0.0 -82.110942,34.937849,0.0 -82.157596,34.955663,0.0 -82.218459,35.039004,0.0 -82.203614,35.041973,0.0 -82.145509,35.002317,0.0"
MOORE,29369,34.8642,11033,SC,27.72824,-82.024,10618,"-81.973525,34.906252,0.0 -82.001518,34.812944,0.0 -82.082314,34.871473,0.0 -82.071287,34.888651,0.0 -81.973525,34.906252,0.0"
MOUNTVILLE,29370,34.3496,1562,SC,56.49655,-81.961,1521,"-81.870462,34.313958,0.0 -81.937898,34.263699,0.0 -81.992187,34.316715,0.0 -82.045839,34.421686,0.0 -81.989642,34.415536,0.0 -81.893153,34.350433,0.0 -81.869826,34.322016,0.0 -81.870462,34.313958,0.0"
PACOLET,29372,34.9093,5251,SC,43.82862,-81.7076,5206,"-81.768247,34.85366,0.0 -81.772277,34.928306,0.0 -81.736014,34.93276,0.0 -81.634435,34.950997,0.0 -81.590114,34.886742,0.0 -81.768247,34.85366,0.0"
PAULINE,29374,34.7882,3385,SC,50.77574,-81.8531,3356,"-81.890184,34.734268,0.0 -81.925599,34.753778,0.0 -81.879369,34.846238,0.0 -81.79009,34.810823,0.0 -81.780547,34.736813,0.0 -81.815326,34.714546,0.0 -81.890184,34.734268,0.0"
ROEBUCK,29376,34.8223,5949,SC,37.9319,-81.9528,5706,"-81.973525,34.906252,0.0 -81.96886,34.917067,0.0 -81.907573,34.842633,0.0 -81.879369,34.846238,0.0 -81.925599,34.753778,0.0 -82.001518,34.812944,0.0 -81.973525,34.906252,0.0"
UNION,29379,34.6752,20482,SC,274.87203,-81.6184,20812,"-81.570816,34.573736,0.0 -81.643554,34.53302,0.0 -81.833139,34.59261,0.0 -81.829958,34.66768,0.0 -81.765703,34.667468,0.0 -81.81681,34.70882,0.0 -81.685331,34.685918,0.0 -81.702508,34.761836,0.0 -81.624256,34.834574,0.0 -81.480477,34.80849,0.0 -81.45609,34.787496,0.0 -81.45821,34.725149,0.0 -81.438488,34.608514,0.0 -81.570816,34.573736,0.0"
WATERLOO,29384,34.3408,4494,SC,55.97389,-82.0759,4381,"-82.025693,34.258609,0.0 -82.121758,34.303567,0.0 -82.166291,34.330075,0.0 -82.045839,34.421686,0.0 -81.992187,34.316715,0.0 -82.025693,34.258609,0.0"
WELLFORD,29385,34.9717,6444,SC,17.92932,-82.1001,6540,"-82.083798,34.912614,0.0 -82.110942,34.937849,0.0 -82.145509,35.002317,0.0 -82.091645,34.984291,0.0 -82.046051,34.963085,0.0 -82.083798,34.912614,0.0"
WOODRUFF,29388,34.7658,12930,SC,92.48916,-82.0402,13067,"-81.890184,34.734268,0.0 -81.999185,34.661742,0.0 -82.012333,34.668528,0.0 -82.090796,34.744235,0.0 -82.143176,34.784103,0.0 -82.165655,34.796403,0.0 -82.124515,34.863203,0.0 -82.082314,34.871473,0.0 -82.001518,34.812944,0.0 -81.925599,34.753778,0.0 -81.890184,34.734268,0.0"
CHARLESTON,29401,32.7786,10106,SC,1.80403,-79.9375,10115,"-79.934745,32.763136,0.0 -79.949589,32.773739,0.0 -79.960404,32.782858,0.0 -79.925202,32.792401,0.0 -79.934745,32.763136,0.0"
NORTH CHARLESTON,29405,32.8504,30962,SC,19.47045,-79.977,31228,"-79.963797,32.812547,0.0 -80.024872,32.834813,0.0 -80.050319,32.847537,0.0 -79.998576,32.865351,0.0 -79.962101,32.892495,0.0 -79.91778,32.821241,0.0 -79.913538,32.812335,0.0 -79.963797,32.812547,0.0"
CHARLESTON,29406,32.9283,36810,SC,22.35939,-80.0203,36640,"-80.058166,32.919851,0.0 -80.049895,32.934483,0.0 -80.084674,32.980925,0.0 -80.069405,32.991741,0.0 -79.950437,32.910096,0.0 -79.962101,32.892495,0.0 -79.998576,32.865351,0.0 -80.02466,32.886557,0.0 -80.058166,32.919851,0.0"
CHARLESTON,29407,32.7995,36164,SC,18.21525,-79.9981,36499,"-79.949589,32.773739,0.0 -80.003877,32.766105,0.0 -80.040564,32.77692,0.0 -80.024872,32.834813,0.0 -79.963797,32.812547,0.0 -79.960404,32.782858,0.0 -79.949589,32.773739,0.0"
CHARLESTON,29412,32.7085,34049,SC,49.49427,-79.9507,33871,"-80.001969,32.632081,0.0 -80.003877,32.766105,0.0 -79.949589,32.773739,0.0 -79.934745,32.763136,0.0 -79.86752,32.736416,0.0 -80.001969,32.632081,0.0"
CHARLESTON,29414,32.8614,23893,SC,43.09611,-80.1187,23668,"-80.024872,32.834813,0.0 -80.040564,32.77692,0.0 -80.174589,32.845629,0.0 -80.223363,32.873197,0.0 -80.134933,32.910732,0.0 -80.117332,32.900129,0.0 -80.050319,32.847537,0.0 -80.024872,32.834813,0.0"
NORTH CHARLESTON,29418,32.8891,21678,SC,13.35493,-80.064,21624,"-79.998576,32.865351,0.0 -80.050319,32.847537,0.0 -80.117332,32.900129,0.0 -80.049895,32.934483,0.0 -80.058166,32.919851,0.0 -80.02466,32.886557,0.0 -79.998576,32.865351,0.0"
ADAMS RUN,29426,32.7829,1775,SC,67.69142,-80.3719,1812,"-80.419098,32.702274,0.0 -80.401073,32.858777,0.0 -80.370748,32.907127,0.0 -80.345088,32.853899,0.0 -80.295677,32.735992,0.0 -80.419098,32.702274,0.0"
AWENDAW,29429,32.9494,2484,SC,97.37729,-79.676,2415,"-79.736889,32.872773,0.0 -79.802205,32.929818,0.0 -79.800084,32.931727,0.0 -79.665212,33.050482,0.0 -79.58081,33.006373,0.0 -79.581871,32.90331,0.0 -79.736889,32.872773,0.0"
BONNEAU,29431,33.2789,5781,SC,72.57195,-79.869,5259,"-79.866884,33.220345,0.0 -79.977369,33.268272,0.0 -79.995183,33.401872,0.0 -79.992638,33.406113,0.0 -79.871126,33.283964,0.0 -79.763397,33.294992,0.0 -79.786088,33.20338,0.0 -79.866884,33.220345,0.0"
BRANCHVILLE,29432,33.2572,2785,SC,105.99118,-80.7892,2713,"-80.71217,33.222678,0.0 -80.685662,33.148032,0.0 -80.694569,33.140821,0.0 -80.801661,33.175388,0.0 -80.887123,33.264243,0.0 -80.887123,33.35543,0.0 -80.753947,33.334436,0.0 -80.71217,33.222678,0.0"
CORDESVILLE,29434,33.1191,513,SC,42.91531,-79.879,513,"-79.804325,33.097136,0.0 -79.922445,33.067235,0.0 -79.956375,33.138065,0.0 -79.873882,33.175388,0.0 -79.804325,33.097136,0.0"
COTTAGEVILLE,29435,32.9359,5036,SC,116.56734,-80.4801,4356,"-80.419946,33.053451,0.0 -80.404042,32.858989,0.0 -80.531916,32.812971,0.0 -80.55185,32.894615,0.0 -80.568179,32.999587,0.0 -80.524282,33.061934,0.0 -80.506468,33.058753,0.0 -80.419946,33.053451,0.0"
CROSS,29436,33.3005,4612,SC,84.04395,-80.2075,4488,"-80.16547,33.282268,0.0 -80.174165,33.226495,0.0 -80.219122,33.203804,0.0 -80.320701,33.254063,0.0 -80.289315,33.279087,0.0 -80.222515,33.391481,0.0 -80.143839,33.391481,0.0 -80.113302,33.359247,0.0 -80.16547,33.282268,0.0"
DORCHESTER,29437,33.137,2166,SC,88.00532,-80.4203,2260,"-80.506468,33.058753,0.0 -80.468509,33.155666,0.0 -80.522797,33.222678,0.0 -80.342967,33.206773,0.0 -80.303099,33.170298,0.0 -80.419946,33.053451,0.0 -80.506468,33.058753,0.0"
EDISTO ISLAND,29438,32.5718,2385,SC,88.00677,-80.3185,2301,"-80.356751,32.493815,0.0 -80.416765,32.546195,0.0 -80.389409,32.652863,0.0 -80.27129,32.625082,0.0 -80.209155,32.579277,0.0 -80.190281,32.566553,0.0 -80.356751,32.493815,0.0"
GEORGETOWN,29440,33.3966,29663,SC,619.24852,-79.3302,29576,"-79.677087,33.304959,0.0 -79.608167,33.384271,0.0 -79.477959,33.375152,0.0 -79.463963,33.552649,0.0 -79.433214,33.62157,0.0 -79.336089,33.574068,0.0 -79.154774,33.661226,0.0 -79.096881,33.601,0.0 -79.100698,33.571735,0.0 -79.12551,33.511509,0.0 -79.198247,33.422442,0.0 -79.141202,33.393601,0.0 -79.173012,33.206561,0.0 -79.288587,33.341222,0.0 -79.183615,33.197018,0.0 -79.290919,33.110072,0.0 -79.446574,33.212075,0.0 -79.677087,33.304959,0.0"
GOOSE CREEK,29445,32.9967,49450,SC,69.21425,-79.9881,48714,"-80.069405,32.991741,0.0 -80.088703,33.021005,0.0 -80.075131,33.043272,0.0 -79.928171,33.042,0.0 -79.898058,33.008706,0.0 -79.950437,32.910096,0.0 -80.069405,32.991741,0.0"
GREEN POND,29446,32.6536,1681,SC,253.96665,-80.5123,1645,"-80.514103,32.513961,0.0 -80.686298,32.672161,0.0 -80.531916,32.812971,0.0 -80.404042,32.858989,0.0 -80.401073,32.858777,0.0 -80.419098,32.702274,0.0 -80.389409,32.652863,0.0 -80.416765,32.546195,0.0 -80.356751,32.493815,0.0 -80.514103,32.513961,0.0"
HARLEYVILLE,29448,33.2467,2450,SC,54.16283,-80.451,2303,"-80.346784,33.221618,0.0 -80.342967,33.206773,0.0 -80.522797,33.222678,0.0 -80.562241,33.293931,0.0 -80.502863,33.334436,0.0 -80.346784,33.221618,0.0"
HOLLYWOOD,29449,32.7002,7408,SC,82.36441,-80.2817,7338,"-80.419098,32.702274,0.0 -80.295677,32.735992,0.0 -80.130904,32.786463,0.0 -80.17162,32.707999,0.0 -80.27129,32.625082,0.0 -80.389409,32.652863,0.0 -80.419098,32.702274,0.0"
HUGER,29450,33.0333,2961,SC,105.69918,-79.7969,2872,"-79.928171,33.042,0.0 -79.922445,33.067235,0.0 -79.804325,33.097136,0.0 -79.737525,33.12322,0.0 -79.690447,33.061722,0.0 -79.665212,33.050482,0.0 -79.800084,32.931727,0.0 -79.898058,33.008706,0.0 -79.928171,33.042,0.0"
JAMESTOWN,29453,33.194,1676,SC,220.18569,-79.6697,1654,"-79.873882,33.175388,0.0 -79.866884,33.220345,0.0 -79.786088,33.20338,0.0 -79.763397,33.294992,0.0 -79.741131,33.322348,0.0 -79.689387,33.310684,0.0 -79.677087,33.304959,0.0 -79.446574,33.212075,0.0 -79.690447,33.061722,0.0 -79.737525,33.12322,0.0 -79.804325,33.097136,0.0 -79.873882,33.175388,0.0"
JOHNS ISLAND,29455,32.7045,14009,SC,126.81763,-80.0909,13693,"-80.209155,32.579277,0.0 -80.075767,32.698669,0.0 -80.17162,32.707999,0.0 -80.130904,32.786463,0.0 -80.174589,32.845629,0.0 -80.040564,32.77692,0.0 -80.003877,32.766105,0.0 -80.001969,32.632081,0.0 -80.190281,32.566553,0.0 -80.209155,32.579277,0.0"
LADSON,29456,32.9814,16753,SC,19.60291,-80.1164,16533,"-80.135993,32.931727,0.0 -80.13366,33.011463,0.0 -80.088703,33.021005,0.0 -80.069405,32.991741,0.0 -80.084674,32.980925,0.0 -80.135993,32.931727,0.0"
MC CLELLANVILLE,29458,33.1025,3193,SC,170.09602,-79.4743,3158,"-79.665212,33.050482,0.0 -79.690447,33.061722,0.0 -79.446574,33.212075,0.0 -79.290919,33.110072,0.0 -79.451239,33.059389,0.0 -79.40713,33.019309,0.0 -79.493016,33.003404,0.0 -79.455481,33.072961,0.0 -79.58081,33.006373,0.0 -79.665212,33.050482,0.0"
MOUNT PLEASANT,29466,32.8758,14146,SC,34.40721,-79.7929,12860,"-79.797539,32.792189,0.0 -79.85416,32.875106,0.0 -79.802205,32.929818,0.0 -79.736889,32.872773,0.0 -79.797539,32.792189,0.0"
PINEVILLE,29468,33.4168,2185,SC,38.59298,-80.0778,2097,"-80.164622,33.450222,0.0 -79.993062,33.451283,0.0 -79.992638,33.406113,0.0 -79.995183,33.401872,0.0 -80.113302,33.359247,0.0 -80.143839,33.391481,0.0 -80.164622,33.450222,0.0"
PINOPOLIS,29469,33.234,0,SC,27.81078,-80.1232,937,"-80.16038,33.190656,0.0 -80.174165,33.226495,0.0 -80.16547,33.282268,0.0 -80.036535,33.241764,0.0 -80.16038,33.190656,0.0"
RAVENEL,29470,32.8164,4107,SC,79.09634,-80.2456,4061,"-80.130904,32.786463,0.0 -80.295677,32.735992,0.0 -80.345088,32.853899,0.0 -80.256869,32.902038,0.0 -80.223363,32.873197,0.0 -80.174589,32.845629,0.0 -80.130904,32.786463,0.0"
REEVESVILLE,29471,33.1951,1341,SC,31.24711,-80.6622,1288,"-80.66594,33.247489,0.0 -80.600413,33.21059,0.0 -80.685662,33.148032,0.0 -80.71217,33.222678,0.0 -80.66594,33.247489,0.0"
RIDGEVILLE,29472,33.0447,8797,SC,186.69273,-80.3194,9003,"-80.419946,33.053451,0.0 -80.303099,33.170298,0.0 -80.342967,33.206773,0.0 -80.346784,33.221618,0.0 -80.320701,33.254063,0.0 -80.219122,33.203804,0.0 -80.182223,33.145275,0.0 -80.315611,33.061934,0.0 -80.25284,32.968626,0.0 -80.256869,32.902038,0.0 -80.345088,32.853899,0.0 -80.370748,32.907127,0.0 -80.401073,32.858777,0.0 -80.404042,32.858989,0.0 -80.419946,33.053451,0.0"
RUFFIN,29475,32.9838,201,SC,66.16877,-80.8296,1952,"-80.790846,33.049846,0.0 -80.813113,32.96905,0.0 -80.73168,32.912005,0.0 -80.871006,32.887829,0.0 -80.874823,32.991317,0.0 -80.893909,33.069144,0.0 -80.790846,33.049846,0.0"
SAINT GEORGE,29477,33.1652,7143,SC,120.07164,-80.575,7018,"-80.506468,33.058753,0.0 -80.524282,33.061934,0.0 -80.685238,33.124917,0.0 -80.694569,33.140821,0.0 -80.685662,33.148032,0.0 -80.600413,33.21059,0.0 -80.66594,33.247489,0.0 -80.562241,33.293931,0.0 -80.522797,33.222678,0.0 -80.468509,33.155666,0.0 -80.506468,33.058753,0.0"
SAINT STEPHEN,29479,33.4039,7403,SC,135.61912,-79.9325,7306,"-79.963161,33.489666,0.0 -79.741131,33.322348,0.0 -79.763397,33.294992,0.0 -79.871126,33.283964,0.0 -79.992638,33.406113,0.0 -79.993062,33.451283,0.0 -80.164622,33.450222,0.0 -80.163986,33.460189,0.0 -80.101639,33.496876,0.0 -79.963161,33.489666,0.0"
SMOAKS,29481,33.1147,2011,SC,58.63437,-80.801,1581,"-80.894969,33.124917,0.0 -80.801661,33.175388,0.0 -80.694569,33.140821,0.0 -80.685238,33.124917,0.0 -80.790846,33.049846,0.0 -80.893909,33.069144,0.0 -80.894969,33.124917,0.0"
SUMMERVILLE,29483,33.0688,49314,SC,109.55272,-80.1932,48109,"-80.13366,33.011463,0.0 -80.25284,32.968626,0.0 -80.315611,33.061934,0.0 -80.182223,33.145275,0.0 -80.219122,33.203804,0.0 -80.174165,33.226495,0.0 -80.16038,33.190656,0.0 -80.159532,33.14167,0.0 -80.081281,33.153545,0.0 -80.075131,33.043272,0.0 -80.088703,33.021005,0.0 -80.13366,33.011463,0.0"
SUMMERVILLE,29485,32.9508,30786,SC,38.48434,-80.1998,29844,"-80.25284,32.968626,0.0 -80.13366,33.011463,0.0 -80.135993,32.931727,0.0 -80.134933,32.910732,0.0 -80.223363,32.873197,0.0 -80.256869,32.902038,0.0 -80.25284,32.968626,0.0"
WADMALAW ISLAND,29487,32.6569,2600,SC,50.49313,-80.1845,2611,"-80.27129,32.625082,0.0 -80.17162,32.707999,0.0 -80.075767,32.698669,0.0 -80.209155,32.579277,0.0 -80.27129,32.625082,0.0"
WALTERBORO,29488,32.8903,26609,SC,384.94399,-80.6936,23808,"-80.880549,32.861958,0.0 -80.871006,32.887829,0.0 -80.73168,32.912005,0.0 -80.813113,32.96905,0.0 -80.790846,33.049846,0.0 -80.685238,33.124917,0.0 -80.524282,33.061934,0.0 -80.568179,32.999587,0.0 -80.55185,32.894615,0.0 -80.531916,32.812971,0.0 -80.686298,32.672161,0.0 -80.82626,32.704394,0.0 -80.687359,32.796218,0.0 -80.849163,32.73069,0.0 -80.879701,32.791765,0.0 -80.880549,32.861958,0.0"
CHARLESTON,29492,32.917,2146,SC,58.53996,-79.8941,2066,"-79.85416,32.875106,0.0 -79.91778,32.821241,0.0 -79.962101,32.892495,0.0 -79.950437,32.910096,0.0 -79.898058,33.008706,0.0 -79.800084,32.931727,0.0 -79.802205,32.929818,0.0 -79.85416,32.875106,0.0"
FLORENCE,29501,34.2038,38675,SC,52.98522,-79.8277,38257,"-79.809627,34.157243,0.0 -79.829349,34.150245,0.0 -79.915235,34.18884,0.0 -79.737525,34.279604,0.0 -79.76573,34.17336,0.0 -79.809627,34.157243,0.0"
FLORENCE,29505,34.1222,18984,SC,48.67201,-79.6914,18713,"-79.58081,34.093836,0.0 -79.621102,34.077083,0.0 -79.809627,34.157243,0.0 -79.76573,34.17336,0.0 -79.58081,34.093836,0.0"
FLORENCE,29506,34.2063,21336,SC,124.15336,-79.6429,21447,"-79.76573,34.17336,0.0 -79.737525,34.279604,0.0 -79.657789,34.305263,0.0 -79.631706,34.298901,0.0 -79.547516,34.230193,0.0 -79.535853,34.076022,0.0 -79.58081,34.093836,0.0 -79.76573,34.17336,0.0"
ANDREWS,29510,33.4414,9191,SC,199.21062,-79.6154,8816,"-79.689387,33.310684,0.0 -79.755763,33.494968,0.0 -79.728831,33.563889,0.0 -79.707837,33.556042,0.0 -79.54476,33.491363,0.0 -79.463963,33.552649,0.0 -79.477959,33.375152,0.0 -79.608167,33.384271,0.0 -79.677087,33.304959,0.0 -79.689387,33.310684,0.0"
AYNOR,29511,33.9757,4629,SC,57.04403,-79.1074,4397,"-79.021386,33.997135,0.0 -79.032626,33.935848,0.0 -79.156895,33.925033,0.0 -79.207366,34.007102,0.0 -79.023295,34.009646,0.0 -79.021386,33.997135,0.0"
BENNETTSVILLE,29512,34.6294,19255,SC,209.35794,-79.7076,19289,"-79.829985,34.531747,0.0 -79.777818,34.61424,0.0 -79.79966,34.74063,0.0 -79.72777,34.805522,0.0 -79.687478,34.804885,0.0 -79.631494,34.768835,0.0 -79.627888,34.765654,0.0 -79.581022,34.618269,0.0 -79.612196,34.546592,0.0 -79.741343,34.467704,0.0 -79.829985,34.531747,0.0"
BLENHEIM,29516,34.4281,701,SC,95.84368,-79.6414,650,"-79.657789,34.305263,0.0 -79.69278,34.356795,0.0 -79.741343,34.467704,0.0 -79.612196,34.546592,0.0 -79.552394,34.46113,0.0 -79.631706,34.298901,0.0 -79.657789,34.305263,0.0"
CADES,29518,33.7874,1622,SC,58.72035,-79.7942,1643,"-79.678572,33.814124,0.0 -79.809415,33.706819,0.0 -79.901239,33.817093,0.0 -79.678572,33.814124,0.0"
CHERAW,29520,34.6412,14316,SC,165.16731,-79.9158,14160,"-79.829985,34.531747,0.0 -79.956799,34.48679,0.0 -79.952134,34.628024,0.0 -80.007058,34.66768,0.0 -79.993698,34.808066,0.0 -79.927535,34.806582,0.0 -79.777818,34.61424,0.0 -79.829985,34.531747,0.0"
CLIO,29525,34.5549,2024,SC,56.65561,-79.543,2036,"-79.480716,34.567374,0.0 -79.525674,34.488274,0.0 -79.552394,34.46113,0.0 -79.612196,34.546592,0.0 -79.581022,34.618269,0.0 -79.455481,34.611483,0.0 -79.480716,34.567374,0.0"
CONWAY,29526,33.8744,31510,SC,171.37683,-78.9706,30181,"-79.064859,33.764077,0.0 -79.04641,33.819213,0.0 -79.152654,33.919307,0.0 -79.156895,33.925033,0.0 -79.032626,33.935848,0.0 -79.021386,33.997135,0.0 -78.840496,33.904887,0.0 -78.812504,33.845721,0.0 -78.880788,33.790797,0.0 -79.009511,33.756442,0.0 -79.064859,33.764077,0.0"
CONWAY,29527,33.7838,18868,SC,158.46258,-79.1479,18271,"-79.154774,33.661226,0.0 -79.190189,33.705759,0.0 -79.263775,33.892587,0.0 -79.152654,33.919307,0.0 -79.04641,33.819213,0.0 -79.064859,33.764077,0.0 -79.096881,33.601,0.0 -79.154774,33.661226,0.0"
COWARD,29530,34.0012,2360,SC,31.81006,-79.752,2352,"-79.681753,33.975504,0.0 -79.811112,34.002012,0.0 -79.753218,34.052059,0.0 -79.681753,33.975504,0.0"
DARLINGTON,29532,34.2811,20154,SC,114.4753,-79.8536,20035,"-80.021055,34.244189,0.0 -79.968675,34.329226,0.0 -79.693416,34.356795,0.0 -79.69278,34.356795,0.0 -79.657789,34.305263,0.0 -79.737525,34.279604,0.0 -79.915235,34.18884,0.0 -80.021055,34.244189,0.0"
DILLON,29536,34.4203,17133,SC,125.10287,-79.3728,17126,"-79.341178,34.300174,0.0 -79.525674,34.488274,0.0 -79.480716,34.567374,0.0 -79.397163,34.48679,0.0 -79.29304,34.403237,0.0 -79.249143,34.449255,0.0 -79.218818,34.423383,0.0 -79.292828,34.36252,0.0 -79.244901,34.31311,0.0 -79.322729,34.288086,0.0 -79.341178,34.300174,0.0"
DARLINGTON,29540,34.3801,5817,SC,87.7124,-79.872,5732,"-79.968675,34.329226,0.0 -79.954679,34.440136,0.0 -79.693416,34.356795,0.0 -79.968675,34.329226,0.0"
EFFINGHAM,29541,34.0688,8122,SC,70.95508,-79.7496,8274,"-79.621102,34.077083,0.0 -79.669665,33.979321,0.0 -79.681753,33.975504,0.0 -79.753218,34.052059,0.0 -79.811112,34.002012,0.0 -79.862431,34.074326,0.0 -79.829349,34.150245,0.0 -79.809627,34.157243,0.0 -79.621102,34.077083,0.0"
FORK,29543,34.288,714,SC,21.73778,-79.2603,720,"-79.203125,34.306112,0.0 -79.208214,34.260094,0.0 -79.300038,34.27303,0.0 -79.322729,34.288086,0.0 -79.244901,34.31311,0.0 -79.203125,34.306112,0.0"
GALIVANTS FERRY,29544,34.0004,4528,SC,121.312,-79.2115,4455,"-79.152654,33.919307,0.0 -79.263775,33.892587,0.0 -79.335029,33.964053,0.0 -79.273954,34.044425,0.0 -79.249355,34.084929,0.0 -79.062951,34.074114,0.0 -79.023295,34.009646,0.0 -79.207366,34.007102,0.0 -79.156895,33.925033,0.0 -79.152654,33.919307,0.0"
GREEN SEA,29545,34.1653,1355,SC,35.8181,-78.9688,1316,"-78.876547,34.136036,0.0 -79.016721,34.133492,0.0 -78.988092,34.229557,0.0 -78.967734,34.212379,0.0 -78.876547,34.136036,0.0"
GRESHAM,29546,33.8615,2349,SC,113.59314,-79.326,2548,"-79.190189,33.705759,0.0 -79.268016,33.703851,0.0 -79.325062,33.799067,0.0 -79.439576,33.908704,0.0 -79.448271,34.013464,0.0 -79.335029,33.964053,0.0 -79.263775,33.892587,0.0 -79.190189,33.705759,0.0"
HAMER,29547,34.4897,3047,SC,40.70406,-79.3375,2940,"-79.397163,34.48679,0.0 -79.413916,34.591549,0.0 -79.275227,34.472157,0.0 -79.249143,34.449255,0.0 -79.29304,34.403237,0.0 -79.397163,34.48679,0.0"
HARTSVILLE,29550,34.3942,31801,SC,212.99386,-80.0772,31498,"-80.134509,34.270485,0.0 -80.206186,34.339193,0.0 -80.180102,34.516903,0.0 -80.050107,34.564829,0.0 -80.024448,34.487214,0.0 -79.956799,34.48679,0.0 -79.954679,34.440136,0.0 -79.968675,34.329226,0.0 -80.021055,34.244189,0.0 -80.075131,34.25352,0.0 -80.134509,34.270485,0.0"
HEMINGWAY,29554,33.6989,9187,SC,189.57304,-79.3673,9202,"-79.154774,33.661226,0.0 -79.336089,33.574068,0.0 -79.433214,33.62157,0.0 -79.552182,33.704911,0.0 -79.496621,33.775316,0.0 -79.325062,33.799067,0.0 -79.268016,33.703851,0.0 -79.190189,33.705759,0.0 -79.154774,33.661226,0.0"
JOHNSONVILLE,29555,33.842,6322,SC,92.10724,-79.4712,6307,"-79.325062,33.799067,0.0 -79.496621,33.775316,0.0 -79.635735,33.818577,0.0 -79.54582,33.851235,0.0 -79.492804,33.948572,0.0 -79.439576,33.908704,0.0 -79.325062,33.799067,0.0"
KINGSTREE,29556,33.7044,16591,SC,250.54279,-79.7556,16656,"-79.974401,33.721664,0.0 -79.952346,33.803521,0.0 -79.9445,33.810307,0.0 -79.901239,33.817093,0.0 -79.809415,33.706819,0.0 -79.678572,33.814124,0.0 -79.635735,33.818577,0.0 -79.496621,33.775316,0.0 -79.552182,33.704911,0.0 -79.65376,33.673101,0.0 -79.707837,33.556042,0.0 -79.728831,33.563889,0.0 -79.897209,33.621994,0.0 -79.913114,33.721028,0.0 -79.974401,33.721664,0.0"
LAKE CITY,29560,33.8617,13177,SC,110.72366,-79.7607,13402,"-79.945772,33.886225,0.0 -79.890423,33.927154,0.0 -79.697021,33.868624,0.0 -79.655669,33.912521,0.0 -79.54582,33.851235,0.0 -79.635735,33.818577,0.0 -79.678572,33.814124,0.0 -79.901239,33.817093,0.0 -79.9445,33.810307,0.0 -79.945772,33.886225,0.0"
LAKE VIEW,29563,34.3579,2685,SC,36.81911,-79.21,2580,"-79.136325,34.354038,0.0 -79.203125,34.306112,0.0 -79.244901,34.31311,0.0 -79.292828,34.36252,0.0 -79.218818,34.423383,0.0 -79.136325,34.354038,0.0"
LANE,29564,33.4621,1654,SC,109.99056,-79.8351,1650,"-79.689387,33.310684,0.0 -79.741131,33.322348,0.0 -79.963161,33.489666,0.0 -79.935169,33.56919,0.0 -79.755763,33.494968,0.0 -79.689387,33.310684,0.0"
LATTA,29565,34.3574,6059,SC,130.07616,-79.502,6194,"-79.341178,34.300174,0.0 -79.44,34.292751,0.0 -79.473506,34.338133,0.0 -79.50065,34.269212,0.0 -79.547516,34.230193,0.0 -79.631706,34.298901,0.0 -79.552394,34.46113,0.0 -79.525674,34.488274,0.0 -79.341178,34.300174,0.0"
LITTLE RIVER,29566,33.8846,12026,SC,32.19043,-78.6572,11445,"-78.689719,33.831937,0.0 -78.728314,33.877107,0.0 -78.650275,33.944331,0.0 -78.574144,33.879439,0.0 -78.689719,33.831937,0.0"
LITTLE ROCK,29567,34.5593,427,SC,19.34069,-79.4308,443,"-79.397163,34.48679,0.0 -79.480716,34.567374,0.0 -79.455481,34.611483,0.0 -79.449967,34.621026,0.0 -79.420066,34.596427,0.0 -79.413916,34.591549,0.0 -79.397163,34.48679,0.0"
LONGS,29568,33.8824,8570,SC,111.58981,-78.7676,7826,"-78.745916,33.801188,0.0 -78.851947,33.748384,0.0 -78.86658,33.74181,0.0 -78.880788,33.790797,0.0 -78.812504,33.845721,0.0 -78.840496,33.904887,0.0 -78.739978,34.02025,0.0 -78.650275,33.944331,0.0 -78.728314,33.877107,0.0 -78.689719,33.831937,0.0 -78.745916,33.801188,0.0"
LORIS,29569,34.036,14324,SC,170.96152,-78.9045,13918,"-79.023295,34.009646,0.0 -79.062951,34.074114,0.0 -79.016721,34.133492,0.0 -78.876547,34.136036,0.0 -78.739978,34.02025,0.0 -78.840496,33.904887,0.0 -79.021386,33.997135,0.0 -79.023295,34.009646,0.0"
MC COLL,29570,34.671,4151,SC,49.90584,-79.5616,4239,"-79.455481,34.611483,0.0 -79.581022,34.618269,0.0 -79.627888,34.765654,0.0 -79.588657,34.733844,0.0 -79.461843,34.630357,0.0 -79.449967,34.621026,0.0 -79.455481,34.611483,0.0"
MARION,29571,34.1277,19325,SC,268.44337,-79.4233,18569,"-79.335029,33.964053,0.0 -79.448271,34.013464,0.0 -79.439576,33.908704,0.0 -79.492804,33.948572,0.0 -79.535853,34.076022,0.0 -79.547516,34.230193,0.0 -79.50065,34.269212,0.0 -79.44,34.292751,0.0 -79.341178,34.300174,0.0 -79.322729,34.288086,0.0 -79.300038,34.27303,0.0 -79.343723,34.0686,0.0 -79.273954,34.044425,0.0 -79.335029,33.964053,0.0"
MYRTLE BEACH,29572,33.7674,8371,SC,9.39068,-78.7944,8045,"-78.83265,33.72951,0.0 -78.851947,33.748384,0.0 -78.745916,33.801188,0.0 -78.733828,33.789948,0.0 -78.83265,33.72951,0.0"
MULLINS,29574,34.1752,12015,SC,87.57448,-79.2611,12522,"-79.273954,34.044425,0.0 -79.343723,34.0686,0.0 -79.300038,34.27303,0.0 -79.208214,34.260094,0.0 -79.16559,34.195414,0.0 -79.249355,34.084929,0.0 -79.273954,34.044425,0.0"
MYRTLE BEACH,29575,33.63,17097,SC,13.10524,-78.9768,16500,"-78.982791,33.592729,0.0 -79.013328,33.60927,0.0 -78.981306,33.650411,0.0 -78.921292,33.654228,0.0 -78.982791,33.592729,0.0"
MURRELLS INLET,29576,33.5668,16028,SC,29.99992,-79.0511,15364,"-79.100698,33.571735,0.0 -79.013328,33.60927,0.0 -78.982791,33.592729,0.0 -79.0392,33.529534,0.0 -79.12551,33.511509,0.0 -79.100698,33.571735,0.0"
MYRTLE BEACH,29577,33.6975,24008,SC,22.53983,-78.9055,23326,"-78.921292,33.654228,0.0 -78.981306,33.650411,0.0 -78.960524,33.69558,0.0 -78.86658,33.74181,0.0 -78.851947,33.748384,0.0 -78.83265,33.72951,0.0 -78.921292,33.654228,0.0"
NESMITH,29580,33.5987,3681,SC,144.67721,-79.5656,3664,"-79.463963,33.552649,0.0 -79.54476,33.491363,0.0 -79.707837,33.556042,0.0 -79.65376,33.673101,0.0 -79.552182,33.704911,0.0 -79.433214,33.62157,0.0 -79.463963,33.552649,0.0"
NICHOLS,29581,34.1974,4818,SC,165.90038,-79.1163,4783,"-79.208214,34.260094,0.0 -79.203125,34.306112,0.0 -79.136325,34.354038,0.0 -79.071221,34.299325,0.0 -78.988092,34.229557,0.0 -79.016721,34.133492,0.0 -79.062951,34.074114,0.0 -79.249355,34.084929,0.0 -79.16559,34.195414,0.0 -79.208214,34.260094,0.0"
NORTH MYRTLE BEACH,29582,33.8396,12663,SC,19.45226,-78.6404,12185,"-78.574144,33.879439,0.0 -78.559512,33.86714,0.0 -78.558451,33.866079,0.0 -78.550817,33.859505,0.0 -78.733828,33.789948,0.0 -78.745916,33.801188,0.0 -78.689719,33.831937,0.0 -78.574144,33.879439,0.0"
PAMPLICO,29583,33.9741,5616,SC,117.18942,-79.5786,5424,"-79.655669,33.912521,0.0 -79.669665,33.979321,0.0 -79.621102,34.077083,0.0 -79.58081,34.093836,0.0 -79.535853,34.076022,0.0 -79.492804,33.948572,0.0 -79.54582,33.851235,0.0 -79.655669,33.912521,0.0"
PATRICK,29584,34.5851,3042,SC,105.41836,-80.0625,2987,"-79.956799,34.48679,0.0 -80.024448,34.487214,0.0 -80.050107,34.564829,0.0 -80.180102,34.516903,0.0 -80.178194,34.623147,0.0 -80.17883,34.633962,0.0 -80.007058,34.66768,0.0 -79.952134,34.628024,0.0 -79.956799,34.48679,0.0"
PAWLEYS ISLAND,29585,33.4695,10841,SC,28.07571,-79.1245,10261,"-79.141202,33.393601,0.0 -79.198247,33.422442,0.0 -79.12551,33.511509,0.0 -79.0392,33.529534,0.0 -79.141202,33.393601,0.0"
MYRTLE BEACH,29588,33.6806,23420,SC,52.26056,-79.0312,23252,"-79.064859,33.764077,0.0 -79.009511,33.756442,0.0 -78.960524,33.69558,0.0 -78.981306,33.650411,0.0 -79.013328,33.60927,0.0 -79.100698,33.571735,0.0 -79.096881,33.601,0.0 -79.064859,33.764077,0.0"
SALTERS,29590,33.5652,2076,SC,52.81646,-79.8265,2092,"-79.755763,33.494968,0.0 -79.935169,33.56919,0.0 -79.897209,33.621994,0.0 -79.728831,33.563889,0.0 -79.755763,33.494968,0.0"
SCRANTON,29591,33.9371,5076,SC,69.87478,-79.765,5091,"-79.890635,33.982926,0.0 -79.811112,34.002012,0.0 -79.681753,33.975504,0.0 -79.669665,33.979321,0.0 -79.655669,33.912521,0.0 -79.697021,33.868624,0.0 -79.890423,33.927154,0.0 -79.890635,33.982926,0.0"
SELLERS,29592,34.2999,716,SC,11.30492,-79.4801,697,"-79.44,34.292751,0.0 -79.50065,34.269212,0.0 -79.473506,34.338133,0.0 -79.44,34.292751,0.0"
SOCIETY HILL,29593,34.4493,1883,SC,77.4676,-79.8138,1851,"-79.69278,34.356795,0.0 -79.693416,34.356795,0.0 -79.954679,34.440136,0.0 -79.956799,34.48679,0.0 -79.829985,34.531747,0.0 -79.741343,34.467704,0.0 -79.69278,34.356795,0.0"
WALLACE,29596,34.7449,2404,SC,72.74516,-79.8315,2467,"-79.927535,34.806582,0.0 -79.773576,34.805946,0.0 -79.72777,34.805522,0.0 -79.79966,34.74063,0.0 -79.777818,34.61424,0.0 -79.927535,34.806582,0.0"
GREENVILLE,29601,34.8481,9805,SC,4.52876,-82.4028,9824,"-82.384929,34.862567,0.0 -82.377507,34.825243,0.0 -82.424161,34.829061,0.0 -82.421616,34.870201,0.0 -82.384929,34.862567,0.0"
GREENVILLE,29605,34.7776,31578,SC,25.26303,-82.3816,31309,"-82.324703,34.729179,0.0 -82.328096,34.727694,0.0 -82.425857,34.788768,0.0 -82.424161,34.829061,0.0 -82.377507,34.825243,0.0 -82.324703,34.729179,0.0"
GREENVILLE,29609,34.9134,29505,SC,24.71781,-82.3888,29154,"-82.355876,34.894588,0.0 -82.358209,34.868717,0.0 -82.384929,34.862567,0.0 -82.421616,34.870201,0.0 -82.428826,34.876351,0.0 -82.428826,34.913674,0.0 -82.433067,34.925974,0.0 -82.438157,34.947392,0.0 -82.349514,34.964993,0.0 -82.355876,34.894588,0.0"
GREENVILLE,29615,34.8553,32267,SC,19.91232,-82.2946,31495,"-82.230334,34.851327,0.0 -82.227577,34.829485,0.0 -82.261296,34.820154,0.0 -82.358209,34.868717,0.0 -82.355876,34.894588,0.0 -82.292469,34.88547,0.0 -82.230334,34.851327,0.0"
GREENVILLE,29617,34.9105,24028,SC,22.85489,-82.4648,23801,"-82.497535,34.888014,0.0 -82.524891,34.939334,0.0 -82.438157,34.947392,0.0 -82.433067,34.925974,0.0 -82.428826,34.913674,0.0 -82.428826,34.876351,0.0 -82.497535,34.888014,0.0"
ABBEVILLE,29620,34.1801,13447,SC,244.77248,-82.4203,13129,"-82.499655,34.072205,0.0 -82.613321,34.197323,0.0 -82.572817,34.308232,0.0 -82.46827,34.259245,0.0 -82.37581,34.295508,0.0 -82.330853,34.280664,0.0 -82.24942,34.228708,0.0 -82.239877,34.190325,0.0 -82.24942,34.136036,0.0 -82.327035,34.064147,0.0 -82.376446,34.057785,0.0 -82.499655,34.072205,0.0"
ANDERSON,29621,34.5026,32607,SC,87.52996,-82.6026,32213,"-82.597629,34.595154,0.0 -82.601658,34.498029,0.0 -82.500716,34.372487,0.0 -82.585117,34.363157,0.0 -82.650008,34.503543,0.0 -82.716384,34.580734,0.0 -82.64301,34.655592,0.0 -82.597629,34.595154,0.0"
ANDERSON,29624,34.4372,15941,SC,27.59199,-82.6263,15792,"-82.585117,34.363157,0.0 -82.628802,34.389028,0.0 -82.666549,34.440348,0.0 -82.683727,34.502058,0.0 -82.650008,34.503543,0.0 -82.585117,34.363157,0.0"
ANDERSON,29625,34.5594,23962,SC,55.74874,-82.7624,23517,"-82.650008,34.503543,0.0 -82.683727,34.502058,0.0 -82.783609,34.525597,0.0 -82.862284,34.602152,0.0 -82.821992,34.640748,0.0 -82.716384,34.580734,0.0 -82.650008,34.503543,0.0"
ANDERSON,29626,34.4531,11853,SC,69.75566,-82.7633,11773,"-82.666549,34.440348,0.0 -82.820932,34.358491,0.0 -82.857195,34.445861,0.0 -82.783609,34.525597,0.0 -82.683727,34.502058,0.0 -82.666549,34.440348,0.0"
BELTON,29627,34.518,18052,SC,122.77884,-82.4777,17675,"-82.494566,34.367186,0.0 -82.500716,34.372487,0.0 -82.601658,34.498029,0.0 -82.597629,34.595154,0.0 -82.4477,34.617209,0.0 -82.320673,34.5731,0.0 -82.446003,34.50121,0.0 -82.494566,34.367186,0.0"
CALHOUN FALLS,29628,34.1149,3171,SC,72.71134,-82.5981,3161,"-82.499655,34.072205,0.0 -82.59466,34.013888,0.0 -82.59572,34.016857,0.0 -82.72105,34.160424,0.0 -82.613321,34.197323,0.0 -82.499655,34.072205,0.0"
CENTRAL,29630,34.7406,12209,SC,62.18275,-82.7986,11783,"-82.78064,34.678919,0.0 -82.850621,34.694188,0.0 -82.865465,34.702883,0.0 -82.873736,34.790253,0.0 -82.764099,34.804885,0.0 -82.748618,34.766502,0.0 -82.752011,34.756959,0.0 -82.698783,34.678707,0.0 -82.78064,34.678919,0.0"
CLEMSON,29631,34.6807,11776,SC,9.3023,-82.8168,11682,"-82.78064,34.678919,0.0 -82.821356,34.648594,0.0 -82.8485,34.667044,0.0 -82.854014,34.679556,0.0 -82.850621,34.694188,0.0 -82.78064,34.678919,0.0"
CLEVELAND,29635,35.075,1447,SC,70.55668,-82.6388,1359,"-82.755404,35.019494,0.0 -82.774914,35.064663,0.0 -82.638981,35.129767,0.0 -82.608656,35.139098,0.0 -82.577695,35.143127,0.0 -82.492445,35.082689,0.0 -82.58745,35.040064,0.0 -82.755404,35.019494,0.0"
DONALDS,29638,34.3648,3568,SC,64.12398,-82.3311,3313,"-82.37581,34.295508,0.0 -82.428614,34.344707,0.0 -82.306889,34.463463,0.0 -82.266173,34.43335,0.0 -82.256206,34.359339,0.0 -82.330853,34.280664,0.0 -82.37581,34.295508,0.0"
DUE WEST,29639,34.3048,1725,SC,24.32805,-82.4274,1757,"-82.46827,34.259245,0.0 -82.471239,34.329863,0.0 -82.428614,34.344707,0.0 -82.37581,34.295508,0.0 -82.46827,34.259245,0.0"
EASLEY,29640,34.889,30121,SC,85.51982,-82.5764,29566,"-82.498595,34.831181,0.0 -82.651069,34.792798,0.0 -82.679697,34.843057,0.0 -82.612897,34.962873,0.0 -82.525739,34.952694,0.0 -82.524891,34.939334,0.0 -82.497535,34.888014,0.0 -82.498595,34.831181,0.0"
EASLEY,29642,34.777,24391,SC,49.92453,-82.5648,23937,"-82.482266,34.788768,0.0 -82.59466,34.712638,0.0 -82.651069,34.792798,0.0 -82.498595,34.831181,0.0 -82.482266,34.788768,0.0"
FAIR PLAY,29643,34.5116,2617,SC,32.92586,-82.9974,2497,"-82.947746,34.521568,0.0 -82.873736,34.471521,0.0 -82.995672,34.472369,0.0 -83.058231,34.503543,0.0 -83.045931,34.557195,0.0 -82.958137,34.540442,0.0 -82.947746,34.521568,0.0"
FOUNTAIN INN,29644,34.6663,14760,SC,73.85802,-82.2034,14836,"-82.299467,34.579037,0.0 -82.304345,34.631205,0.0 -82.239453,34.704367,0.0 -82.143176,34.784103,0.0 -82.090796,34.744235,0.0 -82.236272,34.557831,0.0 -82.299467,34.579037,0.0"
GRAY COURT,29645,34.5756,14195,SC,141.0023,-82.1513,12908,"-82.306889,34.463463,0.0 -82.236272,34.557831,0.0 -82.090796,34.744235,0.0 -82.012333,34.668528,0.0 -82.245603,34.410235,0.0 -82.266173,34.43335,0.0 -82.306889,34.463463,0.0"
GREENWOOD,29646,34.1486,28007,SC,99.0725,-82.1385,27908,"-81.999821,34.242068,0.0 -82.092705,34.165937,0.0 -82.032055,34.111437,0.0 -82.10861,34.075598,0.0 -82.176258,34.043577,0.0 -82.24942,34.136036,0.0 -82.239877,34.190325,0.0 -82.025693,34.258609,0.0 -81.999821,34.242068,0.0"
GREENWOOD,29649,34.243,23736,SC,55.3685,-82.1431,23480,"-82.239877,34.190325,0.0 -82.24942,34.228708,0.0 -82.121758,34.303567,0.0 -82.025693,34.258609,0.0 -82.239877,34.190325,0.0"
GREER,29650,34.8977,22929,SC,17.48161,-82.2584,22319,"-82.292469,34.88547,0.0 -82.272959,34.937001,0.0 -82.224821,34.94824,0.0 -82.230334,34.851327,0.0 -82.292469,34.88547,0.0"
GREER,29651,34.944,35600,SC,98.04545,-82.2256,35129,"-82.230334,34.851327,0.0 -82.224821,34.94824,0.0 -82.272959,34.937001,0.0 -82.352907,35.043881,0.0 -82.320673,35.08799,0.0 -82.231607,35.062543,0.0 -82.218459,35.039004,0.0 -82.157596,34.955663,0.0 -82.124515,34.863203,0.0 -82.165655,34.796403,0.0 -82.227577,34.829485,0.0 -82.230334,34.851327,0.0"
HODGES,29653,34.2998,4176,SC,65.78436,-82.2261,4206,"-82.256206,34.359339,0.0 -82.223548,34.391997,0.0 -82.166291,34.330075,0.0 -82.121758,34.303567,0.0 -82.24942,34.228708,0.0 -82.330853,34.280664,0.0 -82.256206,34.359339,0.0"
HONEA PATH,29654,34.4662,8837,SC,107.74334,-82.3669,9052,"-82.428614,34.344707,0.0 -82.471239,34.329863,0.0 -82.494566,34.367186,0.0 -82.446003,34.50121,0.0 -82.320673,34.5731,0.0 -82.299467,34.579037,0.0 -82.236272,34.557831,0.0 -82.306889,34.463463,0.0 -82.428614,34.344707,0.0"
IVA,29655,34.2825,7861,SC,148.36632,-82.6396,7615,"-82.46827,34.259245,0.0 -82.572817,34.308232,0.0 -82.613321,34.197323,0.0 -82.72105,34.160424,0.0 -82.773217,34.288934,0.0 -82.794848,34.340678,0.0 -82.648736,34.332832,0.0 -82.628802,34.389028,0.0 -82.585117,34.363157,0.0 -82.500716,34.372487,0.0 -82.494566,34.367186,0.0 -82.471239,34.329863,0.0 -82.46827,34.259245,0.0"
LIBERTY,29657,34.7649,14985,SC,66.91804,-82.6869,14538,"-82.59466,34.712638,0.0 -82.608444,34.704579,0.0 -82.698783,34.678707,0.0 -82.752011,34.756959,0.0 -82.748618,34.766502,0.0 -82.764099,34.804885,0.0 -82.777671,34.819306,0.0 -82.679697,34.843057,0.0 -82.651069,34.792798,0.0 -82.59466,34.712638,0.0"
LONG CREEK,29658,34.7364,298,SC,40.01883,-83.2815,293,"-83.283443,34.649867,0.0 -83.338367,34.686978,0.0 -83.352575,34.716031,0.0 -83.326916,34.754626,0.0 -83.176775,34.783679,0.0 -83.291925,34.715819,0.0 -83.283443,34.649867,0.0"
MARIETTA,29661,35.0678,6110,SC,71.11243,-82.5295,6064,"-82.452153,35.173664,0.0 -82.525739,34.952694,0.0 -82.612897,34.962873,0.0 -82.58745,35.040064,0.0 -82.492445,35.082689,0.0 -82.577695,35.143127,0.0 -82.574938,35.14546,0.0 -82.452153,35.173664,0.0"
MAULDIN,29662,34.778,10727,SC,5.16557,-82.3054,10377,"-82.274868,34.789829,0.0 -82.296922,34.763533,0.0 -82.298195,34.762261,0.0 -82.274868,34.789829,0.0"
MOUNTAIN REST,29664,34.8783,1492,SC,110.82227,-83.1528,1488,"-83.128848,34.805097,0.0 -83.176775,34.783679,0.0 -83.326916,34.754626,0.0 -83.323947,34.789617,0.0 -83.112307,34.936577,0.0 -83.10849,35.000832,0.0 -83.018787,35.025007,0.0 -83.02006,34.953966,0.0 -83.068622,34.888226,0.0 -83.128848,34.805097,0.0"
NINETY SIX,29666,34.0949,6362,SC,149.48188,-82.0079,6206,"-82.007879,33.96172,0.0 -82.047111,33.953237,0.0 -82.129816,33.984835,0.0 -82.10861,34.075598,0.0 -82.032055,34.111437,0.0 -82.092705,34.165937,0.0 -81.999821,34.242068,0.0 -81.945109,34.203049,0.0 -81.87025,34.1354,0.0 -81.945957,34.039123,0.0 -81.998761,34.067116,0.0 -82.007879,33.96172,0.0"
PELZER,29669,34.6401,11523,SC,60.51677,-82.4109,11535,"-82.299467,34.579037,0.0 -82.320673,34.5731,0.0 -82.4477,34.617209,0.0 -82.567728,34.677011,0.0 -82.331489,34.679344,0.0 -82.304345,34.631205,0.0 -82.299467,34.579037,0.0"
PENDLETON,29670,34.6411,7683,SC,51.20665,-82.7214,7765,"-82.821992,34.640748,0.0 -82.821356,34.648594,0.0 -82.78064,34.678919,0.0 -82.698783,34.678707,0.0 -82.608444,34.704579,0.0 -82.615018,34.672982,0.0 -82.64301,34.655592,0.0 -82.716384,34.580734,0.0 -82.821992,34.640748,0.0"
PICKENS,29671,34.9353,18046,SC,129.9298,-82.7193,17837,"-82.679697,34.843057,0.0 -82.777671,34.819306,0.0 -82.854226,34.881228,0.0 -82.76113,34.909433,0.0 -82.83408,34.941242,0.0 -82.755404,35.019494,0.0 -82.58745,35.040064,0.0 -82.612897,34.962873,0.0 -82.679697,34.843057,0.0"
PIEDMONT,29673,34.7177,22487,SC,76.59497,-82.4642,22165,"-82.608444,34.704579,0.0 -82.59466,34.712638,0.0 -82.482266,34.788768,0.0 -82.425857,34.788768,0.0 -82.328096,34.727694,0.0 -82.331489,34.679344,0.0 -82.567728,34.677011,0.0 -82.615018,34.672982,0.0 -82.608444,34.704579,0.0"
SALEM,29676,34.9333,4973,SC,86.29797,-82.9604,4878,"-82.958985,34.83521,0.0 -82.97998,34.836059,0.0 -83.008608,34.874018,0.0 -83.02006,34.953966,0.0 -83.018787,35.025007,0.0 -83.008608,35.027552,0.0 -82.940748,35.044941,0.0 -82.897487,35.055969,0.0 -82.943505,34.986836,0.0 -82.904909,34.871261,0.0 -82.896638,34.802977,0.0 -82.958985,34.83521,0.0"
SIMPSONVILLE,29680,34.6882,20901,SC,32.95642,-82.2895,20216,"-82.328096,34.727694,0.0 -82.324703,34.729179,0.0 -82.298195,34.762261,0.0 -82.296922,34.763533,0.0 -82.239453,34.704367,0.0 -82.304345,34.631205,0.0 -82.331489,34.679344,0.0 -82.328096,34.727694,0.0"
SIMPSONVILLE,29681,34.7683,31212,SC,42.02543,-82.2238,29676,"-82.274868,34.789829,0.0 -82.261296,34.820154,0.0 -82.227577,34.829485,0.0 -82.165655,34.796403,0.0 -82.143176,34.784103,0.0 -82.239453,34.704367,0.0 -82.296922,34.763533,0.0 -82.274868,34.789829,0.0"
SIX MILE,29682,34.8338,3418,SC,31.45313,-82.8454,3426,"-82.904909,34.871261,0.0 -82.854226,34.881228,0.0 -82.777671,34.819306,0.0 -82.764099,34.804885,0.0 -82.873736,34.790253,0.0 -82.896638,34.802977,0.0 -82.904909,34.871261,0.0"
STARR,29684,34.3788,4299,SC,48.66225,-82.7204,4209,"-82.794848,34.340678,0.0 -82.820932,34.358491,0.0 -82.666549,34.440348,0.0 -82.628802,34.389028,0.0 -82.648736,34.332832,0.0 -82.794848,34.340678,0.0"
SUNSET,29685,34.9862,1005,SC,91.30568,-82.8472,986,"-82.904909,34.871261,0.0 -82.943505,34.986836,0.0 -82.897487,35.055969,0.0 -82.837261,35.071661,0.0 -82.774914,35.064663,0.0 -82.755404,35.019494,0.0 -82.83408,34.941242,0.0 -82.76113,34.909433,0.0 -82.854226,34.881228,0.0 -82.904909,34.871261,0.0"
TAMASSEE,29686,34.8975,986,SC,17.18473,-83.0398,962,"-83.008608,34.874018,0.0 -83.068622,34.888226,0.0 -83.02006,34.953966,0.0 -83.008608,34.874018,0.0"
TAYLORS,29687,34.9772,36498,SC,44.40638,-82.326,35840,"-82.349514,34.964993,0.0 -82.355028,35.077387,0.0 -82.320673,35.08799,0.0 -82.352907,35.043881,0.0 -82.272959,34.937001,0.0 -82.292469,34.88547,0.0 -82.355876,34.894588,0.0 -82.349514,34.964993,0.0"
TOWNVILLE,29689,34.5261,3554,SC,45.49975,-82.8694,3677,"-82.857195,34.445861,0.0 -82.873736,34.471521,0.0 -82.947746,34.521568,0.0 -82.862284,34.602152,0.0 -82.783609,34.525597,0.0 -82.857195,34.445861,0.0"
TRAVELERS REST,29690,35.0666,17812,SC,114.64347,-82.4163,17459,"-82.438157,34.947392,0.0 -82.524891,34.939334,0.0 -82.525739,34.952694,0.0 -82.452153,35.173664,0.0 -82.398713,35.207806,0.0 -82.353543,35.190841,0.0 -82.314948,35.191053,0.0 -82.292893,35.196143,0.0 -82.373689,35.118528,0.0 -82.360966,35.089475,0.0 -82.355028,35.077387,0.0 -82.349514,34.964993,0.0 -82.438157,34.947392,0.0"
WALHALLA,29691,34.7862,12193,SC,65.88629,-83.0748,11486,"-82.97998,34.836059,0.0 -83.022816,34.737873,0.0 -83.036813,34.708608,0.0 -83.156204,34.727482,0.0 -83.128848,34.805097,0.0 -83.068622,34.888226,0.0 -83.008608,34.874018,0.0 -82.97998,34.836059,0.0"
WARE SHOALS,29692,34.3899,2811,SC,10.18889,-82.2517,2971,"-82.256206,34.359339,0.0 -82.266173,34.43335,0.0 -82.245603,34.410235,0.0 -82.223548,34.391997,0.0 -82.256206,34.359339,0.0"
WESTMINSTER,29693,34.6521,13315,SC,160.2321,-83.1385,13166,"-82.958137,34.540442,0.0 -83.045931,34.557195,0.0 -83.058231,34.503543,0.0 -83.103613,34.536837,0.0 -83.226822,34.611059,0.0 -83.283443,34.649867,0.0 -83.291925,34.715819,0.0 -83.176775,34.783679,0.0 -83.128848,34.805097,0.0 -83.156204,34.727482,0.0 -83.036813,34.708608,0.0 -83.026209,34.676163,0.0 -83.045083,34.618269,0.0 -82.958137,34.540442,0.0"
WEST UNION,29696,34.7792,2704,SC,20.79838,-83.005,3202,"-83.022816,34.737873,0.0 -82.97998,34.836059,0.0 -82.958985,34.83521,0.0 -83.0067,34.778589,0.0 -82.963651,34.741478,0.0 -83.022816,34.737873,0.0"
WILLIAMSTON,29697,34.6271,10869,SC,39.02183,-82.5465,10282,"-82.64301,34.655592,0.0 -82.615018,34.672982,0.0 -82.567728,34.677011,0.0 -82.4477,34.617209,0.0 -82.597629,34.595154,0.0 -82.64301,34.655592,0.0"
BLACKSBURG,29702,35.118,9734,SC,90.98864,-81.4832,9375,"-81.399893,35.077599,0.0 -81.488323,35.026916,0.0 -81.576118,35.118103,0.0 -81.61026,35.1743,0.0 -81.609624,35.1743,0.0 -81.539431,35.171543,0.0 -81.413041,35.166666,0.0 -81.357904,35.164545,0.0 -81.399893,35.077599,0.0"
CATAWBA,29704,34.8274,3094,SC,22.62042,-80.9164,2787,"-80.879276,34.866808,0.0 -80.885214,34.758019,0.0 -80.923386,34.771379,0.0 -80.974493,34.821426,0.0 -80.879276,34.866808,0.0"
CHESTER,29706,34.7181,21138,SC,274.82864,-81.23,20998,"-81.030266,34.788132,0.0 -81.076072,34.623995,0.0 -81.300859,34.566102,0.0 -81.36469,34.607454,0.0 -81.353027,34.730451,0.0 -81.45821,34.725149,0.0 -81.45609,34.787496,0.0 -81.294073,34.822063,0.0 -81.141387,34.820578,0.0 -81.048715,34.809339,0.0 -81.030266,34.788132,0.0"
FORT MILL,29708,35.0468,11166,SC,20.54247,-80.9849,10659,"-80.93102,35.103259,0.0 -80.982976,34.98832,0.0 -81.038112,35.027552,0.0 -81.041505,35.044729,0.0 -80.989125,35.07463,0.0 -80.93102,35.103259,0.0"
CHESTERFIELD,29709,34.7243,6718,SC,107.95791,-80.1014,6563,"-80.007058,34.66768,0.0 -80.17883,34.633962,0.0 -80.222515,34.66874,0.0 -80.201521,34.713062,0.0 -80.163561,34.762897,0.0 -80.148505,34.811247,0.0 -80.052864,34.809339,0.0 -79.993698,34.808066,0.0 -80.007058,34.66768,0.0"
CLOVER,29710,35.104,23266,SC,129.83524,-81.2318,22460,"-81.348785,34.992138,0.0 -81.327367,35.042609,0.0 -81.399893,35.077599,0.0 -81.357904,35.164545,0.0 -81.29789,35.162213,0.0 -81.180619,35.157123,0.0 -81.083918,35.152246,0.0 -81.033235,35.148641,0.0 -81.056774,35.087354,0.0 -81.293013,35.064451,0.0 -81.348785,34.992138,0.0"
EDGEMOOR,29712,34.7952,2134,SC,26.02335,-80.9804,2025,"-80.978522,34.75399,0.0 -81.030266,34.788132,0.0 -81.048715,34.809339,0.0 -80.974493,34.821426,0.0 -80.923386,34.771379,0.0 -80.978522,34.75399,0.0"
FORT LAWN,29714,34.7092,2866,SC,35.19082,-80.9169,3002,"-80.933565,34.623783,0.0 -80.978522,34.75399,0.0 -80.923386,34.771379,0.0 -80.885214,34.758019,0.0 -80.898362,34.644565,0.0 -80.933565,34.623783,0.0"
HICKORY GROVE,29717,34.9626,1156,SC,30.53519,-81.4407,1182,"-81.476024,34.984079,0.0 -81.404346,35.026704,0.0 -81.380171,34.982383,0.0 -81.473903,34.893316,0.0 -81.476024,34.984079,0.0"
JEFFERSON,29718,34.6425,3960,SC,108.19156,-80.3467,3899,"-80.472962,34.692492,0.0 -80.336605,34.739358,0.0 -80.222515,34.66874,0.0 -80.17883,34.633962,0.0 -80.178194,34.623147,0.0 -80.35866,34.536201,0.0 -80.403405,34.563133,0.0 -80.472962,34.692492,0.0"
LANCASTER,29720,34.744,44541,SC,290.53316,-80.7372,44049,"-80.885214,34.758019,0.0 -80.879276,34.866808,0.0 -80.866341,34.916643,0.0 -80.781939,34.935729,0.0 -80.797632,34.81973,0.0 -80.644734,34.818669,0.0 -80.561605,34.817397,0.0 -80.489715,34.720272,0.0 -80.57242,34.682949,0.0 -80.871218,34.591973,0.0 -80.898362,34.644565,0.0 -80.885214,34.758019,0.0"
MC CONNELLS,29726,34.8556,1628,SC,37.04484,-81.2317,1571,"-81.176802,34.889287,0.0 -81.141387,34.820578,0.0 -81.294073,34.822063,0.0 -81.30913,34.881016,0.0 -81.176802,34.889287,0.0"
MOUNT CROGHAN,29727,34.7478,2133,SC,66.51375,-80.2491,2063,"-80.163561,34.762897,0.0 -80.201521,34.713062,0.0 -80.222515,34.66874,0.0 -80.336605,34.739358,0.0 -80.293556,34.81358,0.0 -80.167591,34.811671,0.0 -80.148505,34.811247,0.0 -80.163561,34.762897,0.0"
PAGELAND,29728,34.7699,8944,SC,85.48466,-80.4216,8776,"-80.472962,34.692492,0.0 -80.489715,34.720272,0.0 -80.561605,34.817397,0.0 -80.412948,34.815489,0.0 -80.320489,34.814004,0.0 -80.293556,34.81358,0.0 -80.336605,34.739358,0.0 -80.472962,34.692492,0.0"
RICHBURG,29729,34.6737,2528,SC,72.74112,-81.0031,2547,"-80.97725,34.597911,0.0 -81.076072,34.623995,0.0 -81.030266,34.788132,0.0 -80.978522,34.75399,0.0 -80.933565,34.623783,0.0 -80.97725,34.597911,0.0"
ROCK HILL,29730,34.8863,45342,SC,123.54633,-81.022,46176,"-81.176802,34.889287,0.0 -81.169592,34.903919,0.0 -80.983824,34.987048,0.0 -80.866341,34.916643,0.0 -80.879276,34.866808,0.0 -80.974493,34.821426,0.0 -81.048715,34.809339,0.0 -81.141387,34.820578,0.0 -81.176802,34.889287,0.0"
ROCK HILL,29732,34.9701,41195,SC,55.34796,-81.0803,39570,"-81.169592,34.903919,0.0 -81.112547,35.025644,0.0 -81.038112,35.027552,0.0 -80.982976,34.98832,0.0 -80.983824,34.987048,0.0 -81.169592,34.903919,0.0"
SHARON,29742,34.8727,2015,SC,85.28292,-81.3905,2063,"-81.45715,34.83924,0.0 -81.473903,34.893316,0.0 -81.380171,34.982383,0.0 -81.37084,34.982807,0.0 -81.30913,34.881016,0.0 -81.294073,34.822063,0.0 -81.45609,34.787496,0.0 -81.480477,34.80849,0.0 -81.45715,34.83924,0.0"
SMYRNA,29743,35.0277,1035,SC,35.16267,-81.4058,1175,"-81.380171,34.982383,0.0 -81.404346,35.026704,0.0 -81.476024,34.984079,0.0 -81.488323,35.026916,0.0 -81.399893,35.077599,0.0 -81.327367,35.042609,0.0 -81.348785,34.992138,0.0 -81.37084,34.982807,0.0 -81.380171,34.982383,0.0"
YORK,29745,34.9858,23475,SC,138.5826,-81.2152,22706,"-81.176802,34.889287,0.0 -81.30913,34.881016,0.0 -81.37084,34.982807,0.0 -81.348785,34.992138,0.0 -81.293013,35.064451,0.0 -81.056774,35.087354,0.0 -81.041505,35.044729,0.0 -81.038112,35.027552,0.0 -81.112547,35.025644,0.0 -81.169592,34.903919,0.0 -81.176802,34.889287,0.0"
AIKEN,29801,33.5867,27211,SC,106.53285,-81.6994,26893,"-81.773973,33.526777,0.0 -81.789454,33.559435,0.0 -81.806843,33.630477,0.0 -81.792211,33.697489,0.0 -81.767399,33.693247,0.0 -81.641221,33.582974,0.0 -81.512287,33.580005,0.0 -81.483446,33.555618,0.0 -81.573573,33.513205,0.0 -81.773973,33.526777,0.0"
AIKEN,29803,33.4546,30886,SC,128.96312,-81.7022,30207,"-81.83632,33.379605,0.0 -81.794331,33.469096,0.0 -81.773973,33.526777,0.0 -81.573573,33.513205,0.0 -81.606019,33.403568,0.0 -81.741952,33.352461,0.0 -81.83632,33.379605,0.0"
AIKEN,29805,33.6556,4847,SC,104.1383,-81.6222,4763,"-81.516528,33.691551,0.0 -81.560425,33.637687,0.0 -81.512287,33.580005,0.0 -81.641221,33.582974,0.0 -81.767399,33.693247,0.0 -81.7428,33.724421,0.0 -81.580147,33.750929,0.0 -81.530312,33.72336,0.0 -81.516528,33.691551,0.0"
AIKEN,29808,33.2541,78,SC,285.72373,-81.6172,87,"-81.472843,33.32765,0.0 -81.453969,33.135308,0.0 -81.541763,33.157999,0.0 -81.614077,33.095228,0.0 -81.721169,33.126189,0.0 -81.757008,33.198079,0.0 -81.741952,33.352461,0.0 -81.606019,33.403568,0.0 -81.527767,33.393813,0.0 -81.472843,33.32765,0.0"
ALLENDALE,29810,33.0062,5387,SC,152.62465,-81.4022,5459,"-81.246995,33.025247,0.0 -81.452485,32.871713,0.0 -81.513135,33.02864,0.0 -81.452909,33.134884,0.0 -81.33797,33.108164,0.0 -81.246995,33.025247,0.0"
BARNWELL,29812,33.2071,12590,SC,181.08536,-81.3501,12475,"-81.219639,33.281844,0.0 -81.249752,33.179417,0.0 -81.193131,33.118767,0.0 -81.33797,33.108164,0.0 -81.452909,33.134884,0.0 -81.453969,33.135308,0.0 -81.472843,33.32765,0.0 -81.361721,33.291811,0.0 -81.219639,33.28248,0.0 -81.219639,33.281844,0.0"
BLACKVILLE,29817,33.3665,5181,SC,90.04643,-81.2863,5171,"-81.219639,33.28248,0.0 -81.361721,33.291811,0.0 -81.345392,33.442588,0.0 -81.267989,33.455524,0.0 -81.222608,33.439831,0.0 -81.219639,33.28248,0.0"
BRADLEY,29819,34.0447,1783,SC,78.1897,-82.2151,1822,"-82.200009,33.978685,0.0 -82.327035,34.064147,0.0 -82.24942,34.136036,0.0 -82.176258,34.043577,0.0 -82.10861,34.075598,0.0 -82.129816,33.984835,0.0 -82.200009,33.978685,0.0"
CLARKS HILL,29821,33.6246,599,SC,41.2476,-82.112,897,"-82.059411,33.645745,0.0 -82.013605,33.637687,0.0 -82.04902,33.564949,0.0 -82.075952,33.578309,0.0 -82.16417,33.611179,0.0 -82.199797,33.658681,0.0 -82.149538,33.688582,0.0 -82.059411,33.645745,0.0"
EDGEFIELD,29824,33.8128,9170,SC,298.22874,-82.0158,8778,"-82.149538,33.688582,0.0 -82.166291,33.772135,0.0 -82.121546,33.83639,0.0 -82.161626,33.897041,0.0 -82.047111,33.953237,0.0 -82.007879,33.96172,0.0 -81.894425,33.97508,0.0 -81.869402,33.891739,0.0 -81.861556,33.80755,0.0 -81.916692,33.814124,0.0 -81.859223,33.748172,0.0 -81.933657,33.693672,0.0 -82.059411,33.645745,0.0 -82.149538,33.688582,0.0"
FAIRFAX,29827,32.8826,4055,SC,130.43605,-81.327,4095,"-81.23724,32.906703,0.0 -81.27223,32.831633,0.0 -81.404982,32.744898,0.0 -81.452485,32.871713,0.0 -81.246995,33.025247,0.0 -81.170228,32.979653,0.0 -81.23724,32.906703,0.0"
GRANITEVILLE,29829,33.5781,6982,SC,32.696,-81.8593,7035,"-81.789454,33.559435,0.0 -81.869402,33.510661,0.0 -81.894213,33.505147,0.0 -81.901848,33.578309,0.0 -81.891669,33.627296,0.0 -81.806843,33.630477,0.0 -81.789454,33.559435,0.0"
JACKSON,29831,33.3075,3179,SC,80.70821,-81.8236,3134,"-81.757008,33.198079,0.0 -81.852225,33.247489,0.0 -81.946805,33.367518,0.0 -81.931749,33.384483,0.0 -81.83632,33.379605,0.0 -81.741952,33.352461,0.0 -81.757008,33.198079,0.0"
JOHNSTON,29832,33.7963,5129,SC,70.94222,-81.7986,5091,"-81.792211,33.697489,0.0 -81.770156,33.758563,0.0 -81.859223,33.748172,0.0 -81.916692,33.814124,0.0 -81.861556,33.80755,0.0 -81.869402,33.891739,0.0 -81.799633,33.855688,0.0 -81.720957,33.832361,0.0 -81.7428,33.724421,0.0 -81.767399,33.693247,0.0 -81.792211,33.697489,0.0"
MC CORMICK,29835,33.9158,5566,SC,143.55286,-82.2509,7021,"-82.121546,33.83639,0.0 -82.249632,33.878379,0.0 -82.31622,33.812851,0.0 -82.390442,33.857173,0.0 -82.395108,33.960448,0.0 -82.308162,33.979958,0.0 -82.200009,33.978685,0.0 -82.129816,33.984835,0.0 -82.047111,33.953237,0.0 -82.161626,33.897041,0.0 -82.121546,33.83639,0.0"
MARTIN,29836,33.0984,424,SC,51.41629,-81.5253,439,"-81.513135,33.02864,0.0 -81.541763,33.045605,0.0 -81.614077,33.095228,0.0 -81.541763,33.157999,0.0 -81.453969,33.135308,0.0 -81.452909,33.134884,0.0 -81.513135,33.02864,0.0"
MODOC,29838,33.7231,358,SC,27.46255,-82.2006,355,"-82.199797,33.658681,0.0 -82.199797,33.661862,0.0 -82.248784,33.753898,0.0 -82.166291,33.772135,0.0 -82.149538,33.688582,0.0 -82.199797,33.658681,0.0"
MOUNT CARMEL,29840,33.984,2235,SC,123.77043,-82.4653,1035,"-82.59466,34.013888,0.0 -82.499655,34.072205,0.0 -82.376446,34.057785,0.0 -82.308162,33.979958,0.0 -82.395108,33.960448,0.0 -82.390442,33.857173,0.0 -82.59466,34.013888,0.0"
NORTH AUGUSTA,29841,33.5274,29981,SC,30.51873,-81.9382,29798,"-81.894213,33.505147,0.0 -81.955076,33.47567,0.0 -81.980735,33.483941,0.0 -82.003638,33.521264,0.0 -82.011485,33.531655,0.0 -81.901848,33.578309,0.0 -81.894213,33.505147,0.0"
BEECH ISLAND,29842,33.4423,9164,SC,49.09502,-81.8709,9056,"-81.931749,33.384483,0.0 -81.955076,33.47567,0.0 -81.894213,33.505147,0.0 -81.869402,33.510661,0.0 -81.794331,33.469096,0.0 -81.83632,33.379605,0.0 -81.931749,33.384483,0.0"
OLAR,29843,33.1736,1382,SC,87.73933,-81.1559,1389,"-81.100247,33.048574,0.0 -81.193131,33.118767,0.0 -81.249752,33.179417,0.0 -81.219639,33.281844,0.0 -81.10364,33.219285,0.0 -81.062499,33.193413,0.0 -81.100247,33.048574,0.0"
PLUM BRANCH,29845,33.8158,1142,SC,55.10478,-82.2261,1132,"-82.31622,33.812851,0.0 -82.249632,33.878379,0.0 -82.121546,33.83639,0.0 -82.166291,33.772135,0.0 -82.248784,33.753898,0.0 -82.31622,33.812851,0.0"
TRENTON,29847,33.695,3031,SC,58.81443,-81.8607,3310,"-81.891669,33.627296,0.0 -81.933657,33.693672,0.0 -81.859223,33.748172,0.0 -81.770156,33.758563,0.0 -81.792211,33.697489,0.0 -81.806843,33.630477,0.0 -81.891669,33.627296,0.0"
TROY,29848,34.013,391,SC,27.22493,-82.3135,384,"-82.200009,33.978685,0.0 -82.308162,33.979958,0.0 -82.376446,34.057785,0.0 -82.327035,34.064147,0.0 -82.200009,33.978685,0.0"
ULMER,29849,33.0578,1210,SC,77.66964,-81.2132,1218,"-81.33797,33.108164,0.0 -81.193131,33.118767,0.0 -81.100247,33.048574,0.0 -81.082646,33.026519,0.0 -81.170228,32.979653,0.0 -81.246995,33.025247,0.0 -81.33797,33.108164,0.0"
WARRENVILLE,29851,33.5087,8743,SC,21.39973,-81.8184,8715,"-81.794331,33.469096,0.0 -81.869402,33.510661,0.0 -81.789454,33.559435,0.0 -81.773973,33.526777,0.0 -81.794331,33.469096,0.0"
WILLISTON,29853,33.4076,6779,SC,119.21746,-81.4201,6678,"-81.527767,33.393813,0.0 -81.410284,33.520203,0.0 -81.373385,33.490514,0.0 -81.267989,33.455524,0.0 -81.345392,33.442588,0.0 -81.361721,33.291811,0.0 -81.472843,33.32765,0.0 -81.527767,33.393813,0.0"
WINDSOR,29856,33.4753,2828,SC,54.79512,-81.5183,2731,"-81.527767,33.393813,0.0 -81.606019,33.403568,0.0 -81.573573,33.513205,0.0 -81.483446,33.555618,0.0 -81.410284,33.520203,0.0 -81.527767,33.393813,0.0"
NORTH AUGUSTA,29860,33.6135,12427,SC,66.87998,-81.9774,11447,"-82.059411,33.645745,0.0 -81.933657,33.693672,0.0 -81.891669,33.627296,0.0 -81.901848,33.578309,0.0 -82.011485,33.531655,0.0 -82.011697,33.531867,0.0 -82.04902,33.564949,0.0 -82.013605,33.637687,0.0 -82.059411,33.645745,0.0"
BEAUFORT,29902,32.4169,28429,SC,64.2146,-80.6603,27825," -80.549093,32.463702,0.0 -80.651096,32.357458,0.0 -80.687571,32.492967,0.0 -80.549093,32.463702,0.0 -80.713443,32.362123,0.0 -80.705172,32.449918,0.0 -80.677604,32.382906,0.0 -80.688207,32.369758,0.0 -80.713443,32.362123,0.0 -80.675271,32.291082,0.0 -80.737618,32.352581,0.0 -80.670606,32.351944,0.0 -80.675271,32.291082,0.0"
BEAUFORT,29906,32.4512,22048,SC,47.56589,-80.7483,21701,"-80.780667,32.513749,0.0 -80.69881,32.51587,0.0 -80.705172,32.449918,0.0 -80.713443,32.362123,0.0 -80.801873,32.438678,0.0 -80.780667,32.513749,0.0"
BLUFFTON,29910,32.2483,19183,SC,180.49071,-80.8845,17724,"-80.900483,32.111676,0.0 -81.006303,32.206045,0.0 -81.006727,32.306139,0.0 -80.820747,32.408565,0.0 -80.767731,32.268815,0.0 -80.794451,32.227675,0.0 -80.900483,32.111676,0.0"
BRUNSON,29911,32.9516,1116,SC,43.87684,-81.1549,1131,"-81.053169,32.98962,0.0 -81.17044,32.862382,0.0 -81.23724,32.906703,0.0 -81.170228,32.979653,0.0 -81.082646,33.026519,0.0 -81.053169,32.98962,0.0"
EARLY BRANCH,29916,32.7209,1670,SC,73.6581,-80.9641,1651,"-80.849163,32.73069,0.0 -80.963042,32.652227,0.0 -81.027721,32.626991,0.0 -81.047867,32.727297,0.0 -81.029205,32.766741,0.0 -80.879701,32.791765,0.0 -80.849163,32.73069,0.0"
ESTILL,29918,32.7102,8544,SC,276.58913,-81.2419,8511,"-81.226849,32.600271,0.0 -81.23215,32.594545,0.0 -81.281349,32.556374,0.0 -81.38929,32.595394,0.0 -81.406467,32.662618,0.0 -81.404982,32.744898,0.0 -81.27223,32.831633,0.0 -81.159837,32.853475,0.0 -81.1047,32.819969,0.0 -81.029205,32.766741,0.0 -81.047867,32.727297,0.0 -81.226849,32.600271,0.0"
SAINT HELENA ISLAND,29920,32.3738,9823,SC,110.49299,-80.554,9472,"-80.651096,32.357458,0.0 -80.549093,32.463702,0.0 -80.46554,32.391176,0.0 -80.632222,32.255243,0.0 -80.651096,32.357458,0.0"
HAMPTON,29924,32.9071,5883,SC,68.73158,-81.0849,5902,"-80.99167,32.909248,0.0 -81.1047,32.819969,0.0 -81.159837,32.853475,0.0 -81.17044,32.862382,0.0 -81.053169,32.98962,0.0 -80.99167,32.909248,0.0"
HILTON HEAD ISLAND,29926,32.2293,19732,SC,32.88874,-80.7493,18763,"-80.679724,32.237218,0.0 -80.792754,32.167873,0.0 -80.732952,32.269028,0.0 -80.679724,32.237218,0.0"
HARDEEVILLE,29927,32.2489,6689,SC,214.17995,-81.0518,6555,"-80.909389,32.046997,0.0 -81.016058,32.097468,0.0 -81.0502,32.08538,0.0 -81.087311,32.103194,0.0 -81.107033,32.111676,0.0 -81.118484,32.13161,0.0 -81.144144,32.226403,0.0 -81.143932,32.351096,0.0 -81.151354,32.43168,0.0 -81.024328,32.446101,0.0 -81.006727,32.306139,0.0 -81.006303,32.206045,0.0 -80.900483,32.111676,0.0 -80.909389,32.046997,0.0"
HILTON HEAD ISLAND,29928,32.1624,17533,SC,20.59737,-80.7545,17162,"-80.792754,32.167873,0.0 -80.679724,32.237218,0.0 -80.826685,32.111252,0.0 -80.792754,32.167873,0.0"
ISLANDTON,29929,32.9502,97,SC,43.91986,-80.9163,1009,"-80.874823,32.991317,0.0 -80.871006,32.887829,0.0 -80.880549,32.861958,0.0 -80.968555,33.013371,0.0 -80.874823,32.991317,0.0"
LURAY,29932,32.8648,780,SC,25.84963,-81.2275,757,"-81.23724,32.906703,0.0 -81.17044,32.862382,0.0 -81.159837,32.853475,0.0 -81.27223,32.831633,0.0 -81.23724,32.906703,0.0"
PINELAND,29934,32.6024,1251,SC,92.2551,-81.1472,1256,"-81.23215,32.594545,0.0 -81.226849,32.600271,0.0 -81.047867,32.727297,0.0 -81.027721,32.626991,0.0 -81.095157,32.582034,0.0 -81.1838,32.546195,0.0 -81.155807,32.486393,0.0 -81.230242,32.496572,0.0 -81.281349,32.556374,0.0 -81.23215,32.594545,0.0"
RIDGELAND,29936,32.4962,9688,SC,240.93617,-80.9408,9942,"-80.820747,32.408565,0.0 -81.006727,32.306139,0.0 -81.024328,32.446101,0.0 -81.01627,32.536228,0.0 -81.095157,32.582034,0.0 -81.027721,32.626991,0.0 -80.963042,32.652227,0.0 -80.847679,32.627415,0.0 -80.844286,32.533259,0.0 -80.820747,32.408565,0.0"
SEABROOK,29940,32.5588,4330,SC,62.97733,-80.7279,3911,"-80.834107,32.523716,0.0 -80.812264,32.61151,0.0 -80.708141,32.642896,0.0 -80.622255,32.517566,0.0 -80.834107,32.523716,0.0"
SHELDON,29941,32.5715,0,SC,11.92275,-80.8211,183,"-80.844286,32.533259,0.0 -80.847679,32.627415,0.0 -80.812264,32.61151,0.0 -80.834107,32.523716,0.0 -80.844286,32.533259,0.0"
TILLMAN,29943,32.4854,2475,SC,90.52073,-81.1206,2026,"-81.143932,32.351096,0.0 -81.181043,32.380361,0.0 -81.205218,32.427651,0.0 -81.230242,32.496572,0.0 -81.155807,32.486393,0.0 -81.1838,32.546195,0.0 -81.095157,32.582034,0.0 -81.01627,32.536228,0.0 -81.024328,32.446101,0.0 -81.151354,32.43168,0.0 -81.143932,32.351096,0.0"
VARNVILLE,29944,32.8271,2820,SC,74.39722,-80.9905,2801,"-81.1047,32.819969,0.0 -80.99167,32.909248,0.0 -80.879701,32.791765,0.0 -81.029205,32.766741,0.0 -81.1047,32.819969,0.0"
YEMASSEE,29945,32.6565,2684,SC,137.96702,-80.7619,3879,"-80.812264,32.61151,0.0 -80.847679,32.627415,0.0 -80.963042,32.652227,0.0 -80.849163,32.73069,0.0 -80.687359,32.796218,0.0 -80.82626,32.704394,0.0 -80.686298,32.672161,0.0 -80.514103,32.513961,0.0 -80.622255,32.517566,0.0 -80.708141,32.642896,0.0 -80.812264,32.61151,0.0"
COLUMBIA,29209,33.9512,29596,SC,35.17316,-80.9454,28701,"-81.02454,33.944967,0.0 -80.981067,33.96172,0.0 -80.973009,33.992045,0.0 -80.963466,33.997347,0.0 -80.937382,34.003497,0.0 -80.91766,34.001588,0.0 -80.889031,33.986107,0.0 -80.905572,33.901282,0.0 -81.014573,33.90722,0.0 -81.016694,33.932667,0.0 -81.02454,33.944967,0.0"
FORT MILL,29715,34.9961,20634,SC,65.01474,-80.8946,19954,"-80.866341,34.916643,0.0 -80.983824,34.987048,0.0 -80.982976,34.98832,0.0 -80.93102,35.103259,0.0 -80.919993,35.091171,0.0 -80.874823,35.041761,0.0 -80.840257,35.00168,0.0 -80.781939,34.935729,0.0 -80.866341,34.916643,0.0"
MONCKS CORNER,29461,33.1553,24932,SC,154.6269,-80.0052,23599,"-80.075131,33.043272,0.0 -80.081281,33.153545,0.0 -80.159532,33.14167,0.0 -80.16038,33.190656,0.0 -80.036535,33.241764,0.0 -79.977369,33.268272,0.0 -79.866884,33.220345,0.0 -79.873882,33.175388,0.0 -79.956375,33.138065,0.0 -79.922445,33.067235,0.0 -79.928171,33.042,0.0 -80.075131,33.043272,0.0"
LEXINGTON,29072,33.9883,32398,SC,69.29558,-81.2678,31016,"-81.219427,34.053756,0.0 -81.166623,34.044637,0.0 -81.127815,34.026187,0.0 -81.130996,34.023643,0.0 -81.340303,33.90319,0.0 -81.387593,34.016645,0.0 -81.219427,34.053756,0.0"
MOUNT PLEASANT,29464,32.8215,39980,SC,31.83795,-79.8577,39614,"-79.85416,32.875106,0.0 -79.797539,32.792189,0.0 -79.915023,32.804488,0.0 -79.913538,32.812335,0.0 -79.91778,32.821241,0.0 -79.85416,32.875106,0.0"
NORTH CHARLESTON,29420,32.9348,15865,SC,12.04474,-80.1001,15414,"-80.117332,32.900129,0.0 -80.134933,32.910732,0.0 -80.135993,32.931727,0.0 -80.084674,32.980925,0.0 -80.049895,32.934483,0.0 -80.117332,32.900129,0.0"
COLUMBIA,29212,34.0802,32760,SC,22.16927,-81.1684,31983,"-81.166623,34.044637,0.0 -81.219427,34.053756,0.0 -81.227909,34.10147,0.0 -81.135874,34.129462,0.0 -81.083282,34.070509,0.0 -81.166623,34.044637,0.0"
GREENVILLE,29611,34.8303,28331,SC,22.50402,-82.4588,28082,"-82.425857,34.788768,0.0 -82.482266,34.788768,0.0 -82.498595,34.831181,0.0 -82.497535,34.888014,0.0 -82.428826,34.876351,0.0 -82.421616,34.870201,0.0 -82.424161,34.829061,0.0 -82.425857,34.788768,0.0"
MYRTLE BEACH,29579,33.7492,10951,SC,36.33092,-78.9362,9139,"-78.960524,33.69558,0.0 -79.009511,33.756442,0.0 -78.880788,33.790797,0.0 -78.86658,33.74181,0.0 -78.960524,33.69558,0.0"
CAYCE,29033,33.9568,11447,SC,9.57065,-81.0588,11479,"-81.02454,33.944967,0.0 -81.016694,33.932667,0.0 -81.100883,33.945603,0.0 -81.093249,33.956206,0.0 -81.046595,33.988016,0.0 -81.02454,33.944967,0.0"
SENECA,29672,34.749,9564,SC,54.28019,-82.9445,9443,"-82.865465,34.702883,0.0 -83.026209,34.676163,0.0 -83.036813,34.708608,0.0 -83.022816,34.737873,0.0 -82.963651,34.741478,0.0 -83.0067,34.778589,0.0 -82.958985,34.83521,0.0 -82.896638,34.802977,0.0 -82.873736,34.790253,0.0 -82.865465,34.702883,0.0"
GREENVILLE,29607,34.8109,31636,SC,29.01329,-82.331,30973,"-82.274868,34.789829,0.0 -82.298195,34.762261,0.0 -82.324703,34.729179,0.0 -82.377507,34.825243,0.0 -82.384929,34.862567,0.0 -82.358209,34.868717,0.0 -82.261296,34.820154,0.0 -82.274868,34.789829,0.0"
SENECA,29678,34.632,19837,SC,93.26092,-82.9383,19127,"-82.862284,34.602152,0.0 -82.947746,34.521568,0.0 -82.958137,34.540442,0.0 -83.045083,34.618269,0.0 -83.026209,34.676163,0.0 -82.865465,34.702883,0.0 -82.850621,34.694188,0.0 -82.854014,34.679556,0.0 -82.8485,34.667044,0.0 -82.821356,34.648594,0.0 -82.821992,34.640748,0.0 -82.862284,34.602152,0.0"
LEXINGTON,29073,33.8927,31100,SC,80.34624,-81.2378,29971,"-81.340303,33.90319,0.0 -81.130996,34.023643,0.0 -81.125907,33.998619,0.0 -81.195463,33.945179,0.0 -81.171288,33.876682,0.0 -81.203734,33.789312,0.0 -81.316764,33.831725,0.0 -81.340303,33.90319,0.0"
CHARLESTON,29403,32.7994,23502,SC,4.93372,-79.9472,23635,"-79.960404,32.782858,0.0 -79.963797,32.812547,0.0 -79.913538,32.812335,0.0 -79.915023,32.804488,0.0 -79.925202,32.792401,0.0 -79.960404,32.782858,0.0"
