WEST PIMA COUNTY,14,32.1846,80,AZ,1231.60173,-113.026,83,"-112.831344,31.884355,0.0 -112.875884,31.898102,0.0 -113.333925,32.038868,0.0 -113.333925,32.505158,0.0 -112.887431,32.505158,0.0 -112.905577,32.19998,0.0 -112.727419,32.173037,0.0 -112.607547,31.816171,0.0 -112.831344,31.884355,0.0"
CORONADO NTL FOREST,15,32.3739,206,AZ,430.67881,-110.657,176,"-110.813321,32.306655,0.0 -110.875457,32.337448,0.0 -110.961236,32.355594,0.0 -110.961236,32.366591,0.0 -110.892503,32.421028,0.0 -110.824319,32.513956,0.0 -110.683552,32.513956,0.0 -110.450957,32.513956,0.0 -110.451507,32.45402,0.0 -110.541685,32.345146,0.0 -110.450957,32.344046,0.0 -110.499895,32.107052,0.0 -110.500445,32.236272,0.0 -110.670905,32.235172,0.0 -110.813321,32.306655,0.0"
B M GOLDWATER A F RANGE,197,32.8091,861,AZ,2652.65837,-112.718,870,"-112.203393,32.680567,0.0 -112.203393,32.506808,0.0 -112.574555,32.505158,0.0 -112.887431,32.505158,0.0 -113.333925,32.505158,0.0 -113.333925,32.767996,0.0 -113.333925,32.958251,0.0 -113.035346,33.08857,0.0 -112.817048,33.020386,0.0 -112.659785,32.928008,0.0 -112.717521,33.002241,0.0 -112.693327,33.117164,0.0 -112.374952,33.136959,0.0 -112.406295,33.276076,0.0 -112.38375,33.276076,0.0 -112.305119,33.25848,0.0 -112.306218,33.370654,0.0 -112.293571,33.375602,0.0 -112.203943,33.311268,0.0 -112.201743,33.086921,0.0 -112.203393,32.680567,0.0"
TONTO NATIONAL FOREST,199,33.9604,16,AZ,166.41568,-111.896,15,"-111.710709,33.999705,0.0 -111.804187,33.885332,0.0 -111.971348,33.900728,0.0 -112.065375,33.901278,0.0 -112.064825,34.037096,0.0 -111.710709,33.999705,0.0"
PHOENIX,85003,33.4512,9881,AZ,2.06699,-112.078,9823,"-112.073073,33.422341,0.0 -112.082421,33.419042,0.0 -112.082971,33.480628,0.0 -112.073623,33.480078,0.0 -112.073623,33.480078,0.0 -112.073073,33.422341,0.0"
PHOENIX,85004,33.451,4667,AZ,2.00858,-112.069,4615,"-112.065375,33.451485,0.0 -112.064825,33.421242,0.0 -112.073073,33.422341,0.0 -112.073623,33.480078,0.0 -112.064825,33.480078,0.0 -112.065375,33.451485,0.0"
PHOENIX,85006,33.4658,34394,AZ,4.01168,-112.048,33387,"-112.030184,33.480078,0.0 -112.030184,33.451485,0.0 -112.065375,33.451485,0.0 -112.064825,33.480078,0.0 -112.047779,33.480078,0.0 -112.030184,33.480078,0.0"
PHOENIX,85007,33.4471,16128,AZ,4.5919,-112.091,15831,"-112.082421,33.419042,0.0 -112.099467,33.410794,0.0 -112.100017,33.480628,0.0 -112.091219,33.480628,0.0 -112.082971,33.480628,0.0 -112.082421,33.419042,0.0"
PHOENIX,85008,33.4647,60035,AZ,9.83381,-111.987,57698,"-112.030184,33.480078,0.0 -112.013138,33.480628,0.0 -111.9609,33.480078,0.0 -111.939455,33.464132,0.0 -111.9609,33.450935,0.0 -112.030184,33.451485,0.0 -112.030184,33.480078,0.0"
PHOENIX,85009,33.4455,57955,AZ,14.40196,-112.125,56314,"-112.099467,33.410794,0.0 -112.133559,33.406395,0.0 -112.151705,33.465781,0.0 -112.151705,33.480628,0.0 -112.134109,33.480628,0.0 -112.113214,33.480628,0.0 -112.100017,33.480628,0.0 -112.099467,33.410794,0.0"
PHOENIX,85012,33.509,7246,AZ,1.98568,-112.069,6713,"-112.064825,33.538364,0.0 -112.064825,33.480078,0.0 -112.073623,33.480078,0.0 -112.073623,33.480078,0.0 -112.073623,33.538364,0.0 -112.064825,33.538364,0.0"
PHOENIX,85013,33.5093,22568,AZ,4.03931,-112.082,21985,"-112.073623,33.480078,0.0 -112.082971,33.480628,0.0 -112.091219,33.480628,0.0 -112.091219,33.538364,0.0 -112.073623,33.538364,0.0 -112.073623,33.480078,0.0"
PHOENIX,85015,33.5094,44236,AZ,4.95599,-112.102,42729,"-112.091219,33.480628,0.0 -112.100017,33.480628,0.0 -112.113214,33.480628,0.0 -112.112664,33.538364,0.0 -112.091219,33.538364,0.0 -112.091219,33.480628,0.0"
PHOENIX,85017,33.5098,39373,AZ,4.97506,-112.123,37899,"-112.134109,33.480628,0.0 -112.134109,33.538364,0.0 -112.112664,33.538364,0.0 -112.113214,33.480628,0.0 -112.134109,33.480628,0.0"
PHOENIX,85018,33.4999,36394,AZ,9.62226,-111.982,35124,"-111.957601,33.480078,0.0 -111.9609,33.480078,0.0 -112.013138,33.480628,0.0 -112.013138,33.518569,0.0 -111.943304,33.509221,0.0 -111.957601,33.480078,0.0"
PHOENIX,85019,33.5094,29154,AZ,4.0015,-112.143,28072,"-112.134109,33.480628,0.0 -112.151705,33.480628,0.0 -112.151705,33.509771,0.0 -112.151705,33.538364,0.0 -112.134109,33.538364,0.0 -112.134109,33.480628,0.0"
PHOENIX,85020,33.5677,35791,AZ,9.4759,-112.053,34711,"-112.073623,33.538364,0.0 -112.069774,33.581254,0.0 -112.065375,33.5961,0.0 -112.037882,33.59665,0.0 -112.035682,33.559809,0.0 -112.04723,33.538364,0.0 -112.064825,33.538364,0.0 -112.073623,33.538364,0.0"
PHOENIX,85021,33.5609,40020,AZ,7.08732,-112.094,38580,"-112.073623,33.538364,0.0 -112.091219,33.538364,0.0 -112.112664,33.538364,0.0 -112.117063,33.581804,0.0 -112.069774,33.581254,0.0 -112.073623,33.538364,0.0"
PHOENIX,85022,33.6281,46912,AZ,9.03851,-112.052,45779,"-112.030733,33.59665,0.0 -112.037882,33.59665,0.0 -112.065375,33.5961,0.0 -112.074723,33.607648,0.0 -112.074173,33.654936,0.0 -112.030733,33.654936,0.0 -112.030733,33.59665,0.0"
PHOENIX,85023,33.6318,35086,AZ,7.51373,-112.094,34259,"-112.074723,33.607648,0.0 -112.117063,33.610947,0.0 -112.113764,33.654936,0.0 -112.074173,33.654936,0.0 -112.074723,33.607648,0.0"
PHOENIX,85024,33.6895,17965,AZ,11.32809,-112.046,16874,"-112.074173,33.654936,0.0 -112.04448,33.717072,0.0 -112.04393,33.717072,0.0 -112.008739,33.72642,0.0 -112.030733,33.654936,0.0 -112.074173,33.654936,0.0"
PHOENIX,85027,33.6921,37846,AZ,19.01886,-112.101,36566,"-112.113764,33.654936,0.0 -112.134659,33.654387,0.0 -112.134659,33.68408,0.0 -112.137408,33.72422,0.0 -112.04448,33.717072,0.0 -112.074173,33.654936,0.0 -112.113764,33.654936,0.0"
PHOENIX,85029,33.5955,46681,AZ,9.37675,-112.11,45858,"-112.117063,33.581804,0.0 -112.151705,33.584553,0.0 -112.151155,33.603799,0.0 -112.151155,33.610397,0.0 -112.117063,33.610947,0.0 -112.074723,33.607648,0.0 -112.065375,33.5961,0.0 -112.069774,33.581254,0.0 -112.117063,33.581804,0.0"
PHOENIX,85031,33.495,28846,AZ,4.01232,-112.169,27778,"-112.151705,33.480628,0.0 -112.186347,33.480628,0.0 -112.186347,33.509771,0.0 -112.151705,33.509771,0.0 -112.151705,33.480628,0.0"
PHOENIX,85032,33.6259,67998,AZ,12.49434,-112.005,66461,"-111.977396,33.655486,0.0 -111.977946,33.59555,0.0 -112.030733,33.59665,0.0 -112.030733,33.654936,0.0 -111.977396,33.655486,0.0"
PHOENIX,85033,33.4947,52873,AZ,5.92437,-112.212,51305,"-112.186347,33.480628,0.0 -112.238034,33.479528,0.0 -112.237485,33.508671,0.0 -112.202843,33.509221,0.0 -112.186347,33.509771,0.0 -112.186347,33.480628,0.0"
PHOENIX,85034,33.4358,9863,AZ,11.86607,-112.019,9697,"-112.065375,33.451485,0.0 -112.030184,33.451485,0.0 -111.9609,33.450935,0.0 -111.977946,33.421792,0.0 -112.064825,33.421242,0.0 -112.065375,33.451485,0.0"
PHOENIX,85035,33.4731,43729,AZ,4.97581,-112.195,42192,"-112.151705,33.465781,0.0 -112.238034,33.465231,0.0 -112.238034,33.479528,0.0 -112.186347,33.480628,0.0 -112.151705,33.480628,0.0 -112.151705,33.465781,0.0"
PHOENIX,85037,33.491,35197,AZ,8.60392,-112.267,33797,"-112.238034,33.465231,0.0 -112.272676,33.464681,0.0 -112.317216,33.493275,0.0 -112.317216,33.507571,0.0 -112.272676,33.508121,0.0 -112.237485,33.508671,0.0 -112.238034,33.479528,0.0 -112.238034,33.465231,0.0"
PHOENIX,85040,33.4061,65106,AZ,10.11199,-112.025,28345,"-111.977946,33.409694,0.0 -111.978496,33.392648,0.0 -112.073073,33.392099,0.0 -112.073073,33.422341,0.0 -112.064825,33.421242,0.0 -111.977946,33.421792,0.0 -111.977946,33.409694,0.0"
PHOENIX,85041,33.3846,34052,AZ,14.96876,-112.105,33269,"-112.073073,33.392099,0.0 -112.092319,33.348659,0.0 -112.118163,33.34426,0.0 -112.151155,33.403646,0.0 -112.133559,33.406395,0.0 -112.099467,33.410794,0.0 -112.082421,33.419042,0.0 -112.073073,33.422341,0.0 -112.073073,33.392099,0.0"
PHOENIX,85042,33.3774,0,AZ,10.4414,-112.035,33491,"-111.978496,33.376702,0.0 -111.992792,33.374503,0.0 -112.092319,33.348659,0.0 -112.073073,33.392099,0.0 -111.978496,33.392648,0.0 -111.978496,33.378352,0.0 -111.978496,33.376702,0.0"
PHOENIX,85043,33.4305,16761,AZ,24.47672,-112.195,15981,"-112.235835,33.390999,0.0 -112.238034,33.465231,0.0 -112.151705,33.465781,0.0 -112.133559,33.406395,0.0 -112.151155,33.403646,0.0 -112.235835,33.390999,0.0"
PHOENIX,85044,33.3334,40962,AZ,8.72024,-111.989,39152,"-111.971897,33.327764,0.0 -111.971897,33.305219,0.0 -111.992792,33.374503,0.0 -111.978496,33.376702,0.0 -111.971897,33.349209,0.0 -111.971897,33.327764,0.0"
PHOENIX,85045,33.2995,6750,AZ,3.91531,-112.107,5836,"-112.133559,33.290373,0.0 -112.147856,33.304669,0.0 -112.080222,33.290922,0.0 -112.133559,33.290373,0.0"
PHOENIX,85048,33.327,33160,AZ,34.63228,-112.06,31921,"-112.147856,33.304669,0.0 -112.118163,33.34426,0.0 -112.092319,33.348659,0.0 -111.992792,33.374503,0.0 -111.971897,33.305219,0.0 -111.971348,33.290922,0.0 -112.080222,33.290922,0.0 -112.147856,33.304669,0.0"
PHOENIX,85050,33.6912,22844,AZ,15.95559,-111.998,21279,"-112.008739,33.72642,0.0 -111.96035,33.72587,0.0 -111.977396,33.656586,0.0 -111.977396,33.655486,0.0 -112.030733,33.654936,0.0 -112.008739,33.72642,0.0"
PHOENIX,85051,33.5595,42293,AZ,6.33307,-112.133,41455,"-112.134109,33.538364,0.0 -112.151705,33.538364,0.0 -112.151705,33.55321,0.0 -112.151705,33.581804,0.0 -112.151705,33.584553,0.0 -112.117063,33.581804,0.0 -112.112664,33.538364,0.0 -112.134109,33.538364,0.0"
PHOENIX,85053,33.6303,28741,AZ,5.17645,-112.132,28439,"-112.151155,33.610397,0.0 -112.151705,33.63899,0.0 -112.134659,33.654387,0.0 -112.113764,33.654936,0.0 -112.117063,33.610947,0.0 -112.151155,33.610397,0.0"
PHOENIX,85054,33.6829,2734,AZ,14.12447,-111.947,2541,"-111.925708,33.72642,0.0 -111.925158,33.64064,0.0 -111.977396,33.656586,0.0 -111.96035,33.72587,0.0 -111.925708,33.72642,0.0"
PHOENIX,85085,33.7635,2113,AZ,59.1086,-112.123,1899,"-111.995542,33.799002,0.0 -112.04393,33.717072,0.0 -112.04448,33.717072,0.0 -112.137408,33.72422,0.0 -112.203393,33.726969,0.0 -112.219889,33.797353,0.0 -111.995542,33.799002,0.0"
NEW RIVER,85087,33.9288,4164,AZ,127.04316,-112.146,3854,"-112.278725,33.827596,0.0 -112.275976,33.882033,0.0 -112.205592,33.970012,0.0 -112.064825,34.037096,0.0 -112.065375,33.901278,0.0 -111.971348,33.900728,0.0 -112.011488,33.864437,0.0 -112.108815,33.921623,0.0 -112.222088,33.804501,0.0 -112.278725,33.827596,0.0"
MESA,85201,33.4361,47515,AZ,9.85617,-111.849,47624,"-111.822883,33.415193,0.0 -111.856425,33.414643,0.0 -111.885018,33.414643,0.0 -111.894366,33.437738,0.0 -111.842128,33.461382,0.0 -111.822883,33.415193,0.0 -111.822883,33.415193,0.0"
MESA,85202,33.3846,44919,AZ,6.9703,-111.874,44134,"-111.856425,33.414643,0.0 -111.859174,33.356907,0.0 -111.893816,33.356907,0.0 -111.892716,33.378352,0.0 -111.888317,33.407495,0.0 -111.885018,33.414643,0.0 -111.856425,33.414643,0.0"
MESA,85203,33.4524,36557,AZ,10.47678,-111.805,36938,"-111.842128,33.461382,0.0 -111.787691,33.482827,0.0 -111.788241,33.415193,0.0 -111.822883,33.415193,0.0 -111.842128,33.461382,0.0"
MESA,85204,33.3972,66227,AZ,10.29018,-111.787,66471,"-111.754149,33.378902,0.0 -111.788241,33.378902,0.0 -111.824532,33.378902,0.0 -111.822883,33.415193,0.0 -111.822883,33.415193,0.0 -111.788241,33.415193,0.0 -111.753599,33.415743,0.0 -111.754149,33.378902,0.0"
MESA,85205,33.4337,41169,AZ,10.00919,-111.719,40125,"-111.753599,33.415743,0.0 -111.753599,33.452034,0.0 -111.684315,33.451485,0.0 -111.684315,33.415743,0.0 -111.753599,33.415743,0.0"
MESA,85206,33.3973,34043,AZ,9.70386,-111.718,31111,"-111.714008,33.379452,0.0 -111.754149,33.378902,0.0 -111.753599,33.415743,0.0 -111.684315,33.415743,0.0 -111.688164,33.379452,0.0 -111.714008,33.379452,0.0"
MESA,85207,33.4551,27507,AZ,24.68684,-111.645,25836,"-111.606234,33.466331,0.0 -111.615032,33.415193,0.0 -111.684315,33.415743,0.0 -111.684315,33.451485,0.0 -111.683766,33.493825,0.0 -111.606234,33.466331,0.0"
MESA,85208,33.3921,47526,AZ,15.34581,-111.645,44912,"-111.687615,33.365155,0.0 -111.688164,33.379452,0.0 -111.684315,33.415743,0.0 -111.615032,33.415193,0.0 -111.601835,33.378902,0.0 -111.687615,33.365155,0.0"
MESA,85210,33.39,37452,AZ,6.45966,-111.843,36496,"-111.856425,33.414643,0.0 -111.822883,33.415193,0.0 -111.824532,33.378902,0.0 -111.841578,33.358007,0.0 -111.859174,33.356907,0.0 -111.856425,33.414643,0.0"
MESA,85212,33.3344,9831,AZ,30.9623,-111.635,9040,"-111.686515,33.288723,0.0 -111.687615,33.365155,0.0 -111.601835,33.378902,0.0 -111.583689,33.362406,0.0 -111.686515,33.288723,0.0"
MESA,85213,33.4497,33128,AZ,9.11863,-111.771,30002,"-111.788241,33.415193,0.0 -111.787691,33.482827,0.0 -111.761297,33.483377,0.0 -111.753599,33.452034,0.0 -111.753599,33.415743,0.0 -111.788241,33.415193,0.0"
MESA,85215,33.4763,16594,AZ,12.66544,-111.714,15327,"-111.684315,33.451485,0.0 -111.753599,33.452034,0.0 -111.761297,33.483377,0.0 -111.683766,33.51472,0.0 -111.683766,33.493825,0.0 -111.684315,33.451485,0.0"
APACHE JUNCTION,85218,33.374,0,AZ,139.94709,-111.359,6113,"-111.336798,33.25848,0.0 -111.480863,33.370104,0.0 -111.460518,33.465781,0.0 -111.269713,33.465781,0.0 -111.250468,33.272227,0.0 -111.336798,33.25848,0.0"
APACHE JUNCTION,85219,33.4235,23855,AZ,27.55381,-111.506,16089,"-111.480863,33.370104,0.0 -111.5375,33.378902,0.0 -111.546298,33.466331,0.0 -111.460518,33.465781,0.0 -111.480863,33.370104,0.0"
APACHE JUNCTION,85220,33.4185,35467,AZ,22.40484,-111.574,33317,"-111.5375,33.378902,0.0 -111.583689,33.362406,0.0 -111.601835,33.378902,0.0 -111.615032,33.415193,0.0 -111.606234,33.466331,0.0 -111.546298,33.466331,0.0 -111.5375,33.378902,0.0"
CASA GRANDE,85222,32.7261,38853,AZ,650.46646,-111.905,37057,"-111.514955,32.850477,0.0 -111.739852,32.79219,0.0 -111.79319,32.506808,0.0 -111.795389,32.506808,0.0 -112.203393,32.506808,0.0 -112.203393,32.680567,0.0 -111.87787,32.767446,0.0 -111.9609,32.87907,0.0 -111.929008,32.952752,0.0 -111.765146,32.996192,0.0 -111.670569,32.967599,0.0 -111.654073,32.865323,0.0 -111.514955,32.850477,0.0"
CHANDLER,85224,33.3241,44615,AZ,9.05073,-111.876,43417,"-111.859174,33.356907,0.0 -111.858624,33.291472,0.0 -111.893816,33.291472,0.0 -111.893816,33.327764,0.0 -111.893816,33.349209,0.0 -111.893816,33.356907,0.0 -111.859174,33.356907,0.0"
CHANDLER,85225,33.3181,69422,AZ,12.62826,-111.832,66444,"-111.78989,33.292022,0.0 -111.841578,33.291472,0.0 -111.858624,33.291472,0.0 -111.859174,33.356907,0.0 -111.841578,33.358007,0.0 -111.78989,33.313467,0.0 -111.78989,33.292022,0.0"
CHANDLER,85226,33.2619,41355,AZ,40.12971,-111.936,39382,"-111.971897,33.305219,0.0 -111.971897,33.327764,0.0 -111.893816,33.327764,0.0 -111.893816,33.291472,0.0 -111.902064,33.204593,0.0 -111.993342,33.204593,0.0 -111.971348,33.290922,0.0 -111.971897,33.305219,0.0"
ELOY,85231,32.6624,17900,AZ,561.27704,-111.553,16868,"-111.514955,32.850477,0.0 -111.463818,32.83563,0.0 -111.347795,32.825183,0.0 -111.303255,32.549698,0.0 -111.79319,32.506808,0.0 -111.739852,32.79219,0.0 -111.514955,32.850477,0.0"
FLORENCE,85232,32.8253,20474,AZ,891.28365,-111.196,19942,"-110.928794,32.524954,0.0 -110.933743,32.511757,0.0 -110.993679,32.510107,0.0 -111.021722,32.509557,0.0 -111.144893,32.509557,0.0 -110.999177,32.589288,0.0 -111.177335,32.638227,0.0 -111.303255,32.549698,0.0 -111.347795,32.825183,0.0 -111.463818,32.83563,0.0 -111.403882,32.984645,0.0 -111.516055,33.015987,0.0 -111.524303,33.118263,0.0 -111.344496,33.226588,0.0 -111.378588,33.053929,0.0 -111.211977,33.084721,0.0 -110.928244,32.838379,0.0 -110.891403,32.671769,0.0 -110.928794,32.524954,0.0"
GILBERT,85233,33.3522,41380,AZ,9.95705,-111.811,38412,"-111.789341,33.349759,0.0 -111.78989,33.313467,0.0 -111.841578,33.358007,0.0 -111.824532,33.378902,0.0 -111.788241,33.378902,0.0 -111.789341,33.349759,0.0"
GILBERT,85234,33.3644,38627,AZ,9.5603,-111.748,36532,"-111.788241,33.378902,0.0 -111.754149,33.378902,0.0 -111.714008,33.379452,0.0 -111.721157,33.350308,0.0 -111.789341,33.349759,0.0 -111.788241,33.378902,0.0"
HIGLEY,85236,33.3297,9471,AZ,10.62164,-111.702,6059,"-111.686515,33.288723,0.0 -111.685965,33.278275,0.0 -111.721157,33.306869,0.0 -111.721157,33.350308,0.0 -111.714008,33.379452,0.0 -111.688164,33.379452,0.0 -111.687615,33.365155,0.0 -111.686515,33.288723,0.0"
KEARNY,85237,33.1162,2843,AZ,144.90639,-110.945,2762,"-110.94474,33.247483,0.0 -110.783078,32.985195,0.0 -111.089906,33.112765,0.0 -110.948589,33.256831,0.0 -110.94474,33.247483,0.0"
MARICOPA,85239,32.924,8454,AZ,435.01533,-112.049,7984,"-112.203393,32.680567,0.0 -112.201743,33.086921,0.0 -111.870721,33.107816,0.0 -111.765146,32.996192,0.0 -111.929008,32.952752,0.0 -111.9609,32.87907,0.0 -111.87787,32.767446,0.0 -112.203393,32.680567,0.0"
QUEEN CREEK,85242,33.2366,15273,AZ,248.90028,-111.534,14096,"-111.729405,33.219439,0.0 -111.685965,33.278275,0.0 -111.686515,33.288723,0.0 -111.583689,33.362406,0.0 -111.5375,33.378902,0.0 -111.480863,33.370104,0.0 -111.336798,33.25848,0.0 -111.344496,33.226588,0.0 -111.524303,33.118263,0.0 -111.736003,33.204593,0.0 -111.729405,33.219439,0.0"
SACATON,85247,33.1372,10254,AZ,435.75703,-111.886,9444,"-111.516055,33.015987,0.0 -111.670569,32.967599,0.0 -111.765146,32.996192,0.0 -111.870721,33.107816,0.0 -112.201743,33.086921,0.0 -112.203943,33.311268,0.0 -112.133559,33.290373,0.0 -112.080222,33.290922,0.0 -111.971348,33.290922,0.0 -111.993342,33.204593,0.0 -111.902064,33.204593,0.0 -111.840478,33.204043,0.0 -111.736003,33.204593,0.0 -111.524303,33.118263,0.0 -111.516055,33.015987,0.0"
CHANDLER,85249,33.2436,10116,AZ,32.03322,-111.793,9227,"-111.736003,33.204593,0.0 -111.840478,33.204043,0.0 -111.841578,33.291472,0.0 -111.78989,33.292022,0.0 -111.738203,33.263429,0.0 -111.729405,33.219439,0.0 -111.736003,33.204593,0.0"
SCOTTSDALE,85250,33.5243,16520,AZ,4.62597,-111.906,16407,"-111.891616,33.538364,0.0 -111.891616,33.509221,0.0 -111.925708,33.509771,0.0 -111.925708,33.538914,0.0 -111.891616,33.538364,0.0"
SCOTTSDALE,85251,33.4945,35615,AZ,6.91084,-111.921,35671,"-111.943304,33.509221,0.0 -111.925708,33.509771,0.0 -111.891616,33.509221,0.0 -111.891616,33.480628,0.0 -111.957601,33.480078,0.0 -111.943304,33.509221,0.0"
PARADISE VALLEY,85253,33.5454,18627,AZ,17.59435,-111.959,18261,"-111.925708,33.509771,0.0 -111.943304,33.509221,0.0 -112.013138,33.518569,0.0 -111.986194,33.563108,0.0 -111.977946,33.582903,0.0 -111.925708,33.582354,0.0 -111.925708,33.538914,0.0 -111.925708,33.509771,0.0"
SCOTTSDALE,85254,33.6151,50868,AZ,13.35327,-111.953,49649,"-111.977946,33.59555,0.0 -111.977396,33.655486,0.0 -111.977396,33.656586,0.0 -111.925158,33.64064,0.0 -111.925158,33.63844,0.0 -111.925708,33.582354,0.0 -111.977946,33.582903,0.0 -111.977946,33.59555,0.0"
SCOTTSDALE,85255,33.6912,23741,AZ,90.03837,-111.812,21246,"-111.698612,33.63954,0.0 -111.786591,33.64009,0.0 -111.860824,33.64009,0.0 -111.925158,33.63844,0.0 -111.925158,33.64064,0.0 -111.925708,33.72642,0.0 -111.925708,33.741266,0.0 -111.717308,33.741266,0.0 -111.691464,33.691228,0.0 -111.698612,33.63954,0.0"
SCOTTSDALE,85256,33.5215,5355,AZ,74.28216,-111.798,5187,"-111.891616,33.509221,0.0 -111.891616,33.538364,0.0 -111.847077,33.568607,0.0 -111.770095,33.568057,0.0 -111.70796,33.566957,0.0 -111.683766,33.51472,0.0 -111.761297,33.483377,0.0 -111.787691,33.482827,0.0 -111.842128,33.461382,0.0 -111.894366,33.437738,0.0 -111.891616,33.480628,0.0 -111.891616,33.509221,0.0"
SCOTTSDALE,85257,33.4645,30828,AZ,6.82106,-111.916,30536,"-111.894366,33.437738,0.0 -111.939455,33.464132,0.0 -111.9609,33.480078,0.0 -111.957601,33.480078,0.0 -111.891616,33.480628,0.0 -111.894366,33.437738,0.0"
SCOTTSDALE,85259,33.6069,29172,AZ,25.42019,-111.815,26779,"-111.786591,33.64009,0.0 -111.770095,33.568057,0.0 -111.847077,33.568607,0.0 -111.856425,33.582354,0.0 -111.860824,33.64009,0.0 -111.786591,33.64009,0.0"
SCOTTSDALE,85260,33.61,36852,AZ,14.91639,-111.892,35477,"-111.925158,33.63844,0.0 -111.860824,33.64009,0.0 -111.856425,33.582354,0.0 -111.925708,33.582354,0.0 -111.925158,33.63844,0.0"
RIO VERDE,85263,33.754,1686,AZ,28.49063,-111.681,1543,"-111.717308,33.741266,0.0 -111.769545,33.796803,0.0 -111.589738,33.745665,0.0 -111.691464,33.691228,0.0 -111.717308,33.741266,0.0"
FORT MCDOWELL,85264,33.5847,1047,AZ,538.27418,-111.412,947,"-111.546298,33.466331,0.0 -111.606234,33.466331,0.0 -111.683766,33.493825,0.0 -111.683766,33.51472,0.0 -111.70796,33.566957,0.0 -111.698612,33.63954,0.0 -111.691464,33.691228,0.0 -111.589738,33.745665,0.0 -111.336798,33.714322,0.0 -111.221875,33.603799,0.0 -111.152041,33.676931,0.0 -111.039868,33.466331,0.0 -111.269713,33.465781,0.0 -111.460518,33.465781,0.0 -111.546298,33.466331,0.0"
FOUNTAIN HILLS,85268,33.6069,21039,AZ,20.66657,-111.74,20187,"-111.70796,33.566957,0.0 -111.770095,33.568057,0.0 -111.786591,33.64009,0.0 -111.698612,33.63954,0.0 -111.70796,33.566957,0.0"
SUPERIOR,85273,33.2705,3457,AZ,419.36252,-111.168,3391,"-111.089906,33.112765,0.0 -111.211977,33.084721,0.0 -111.378588,33.053929,0.0 -111.344496,33.226588,0.0 -111.336798,33.25848,0.0 -111.250468,33.272227,0.0 -111.269713,33.465781,0.0 -111.039868,33.466331,0.0 -110.948589,33.256831,0.0 -111.089906,33.112765,0.0"
TEMPE,85281,33.4279,55092,AZ,13.91511,-111.933,53991,"-111.977946,33.421792,0.0 -111.9609,33.450935,0.0 -111.939455,33.464132,0.0 -111.894366,33.437738,0.0 -111.885018,33.414643,0.0 -111.888317,33.407495,0.0 -111.977946,33.409694,0.0 -111.977946,33.421792,0.0"
TEMPE,85282,33.3931,50375,AZ,10.96541,-111.932,49788,"-111.978496,33.392648,0.0 -111.977946,33.409694,0.0 -111.888317,33.407495,0.0 -111.892716,33.378352,0.0 -111.978496,33.378352,0.0 -111.978496,33.392648,0.0"
TEMPE,85283,33.3638,42646,AZ,8.82056,-111.932,42011,"-111.893816,33.349209,0.0 -111.971897,33.349209,0.0 -111.978496,33.376702,0.0 -111.978496,33.378352,0.0 -111.892716,33.378352,0.0 -111.893816,33.356907,0.0 -111.893816,33.349209,0.0"
TEMPE,85284,33.3369,17788,AZ,7.60597,-111.934,17372,"-111.893816,33.327764,0.0 -111.971897,33.327764,0.0 -111.971897,33.349209,0.0 -111.893816,33.349209,0.0 -111.893816,33.327764,0.0"
WINKELMAN,85292,33.0597,2668,AZ,428.32828,-110.672,2655,"-110.448757,33.194695,0.0 -110.449307,32.987944,0.0 -110.707196,32.838379,0.0 -110.674204,32.771845,0.0 -110.783078,32.985195,0.0 -110.94474,33.247483,0.0 -110.864459,33.268378,0.0 -110.737989,33.251882,0.0 -110.6907,33.077573,0.0 -110.448757,33.194695,0.0"
GILBERT,85296,33.3126,35805,AZ,18.76272,-111.758,32694,"-111.78989,33.313467,0.0 -111.789341,33.349759,0.0 -111.721157,33.350308,0.0 -111.721157,33.306869,0.0 -111.738203,33.263429,0.0 -111.78989,33.292022,0.0 -111.78989,33.313467,0.0"
GILBERT,85297,33.2594,0,AZ,16.14265,-111.714,2728,"-111.738203,33.263429,0.0 -111.721157,33.306869,0.0 -111.685965,33.278275,0.0 -111.729405,33.219439,0.0 -111.738203,33.263429,0.0"
GLENDALE,85301,33.5329,59293,AZ,9.50912,-112.179,57519,"-112.202843,33.509221,0.0 -112.220439,33.552661,0.0 -112.211091,33.559809,0.0 -112.151705,33.55321,0.0 -112.151705,33.538364,0.0 -112.151705,33.509771,0.0 -112.186347,33.509771,0.0 -112.202843,33.509221,0.0"
GLENDALE,85302,33.5673,37679,AZ,5.98952,-112.178,37042,"-112.151705,33.55321,0.0 -112.211091,33.559809,0.0 -112.202843,33.581804,0.0 -112.151705,33.581804,0.0 -112.151705,33.55321,0.0"
GLENDALE,85303,33.5312,26123,AZ,6.08982,-112.22,25117,"-112.237485,33.508671,0.0 -112.238034,33.552111,0.0 -112.220439,33.552661,0.0 -112.202843,33.509221,0.0 -112.237485,33.508671,0.0"
GLENDALE,85304,33.5953,29828,AZ,5.38274,-112.179,29375,"-112.151705,33.581804,0.0 -112.202843,33.581804,0.0 -112.202843,33.5961,0.0 -112.202843,33.610397,0.0 -112.168201,33.610947,0.0 -112.151155,33.603799,0.0 -112.151705,33.584553,0.0 -112.151705,33.581804,0.0"
GLENDALE,85305,33.5301,6037,AZ,6.76331,-112.258,5673,"-112.272676,33.508121,0.0 -112.272676,33.551561,0.0 -112.238034,33.552111,0.0 -112.237485,33.508671,0.0 -112.272676,33.508121,0.0"
GLENDALE,85306,33.6248,26366,AZ,5.73816,-112.177,25932,"-112.151155,33.610397,0.0 -112.168201,33.610947,0.0 -112.202843,33.610397,0.0 -112.202293,33.625243,0.0 -112.202843,33.63844,0.0 -112.151705,33.63899,0.0 -112.151155,33.610397,0.0"
GLENDALE,85307,33.5325,10682,AZ,10.58696,-112.31,10313,"-112.272676,33.508121,0.0 -112.317216,33.507571,0.0 -112.357906,33.532865,0.0 -112.359006,33.551561,0.0 -112.308968,33.551011,0.0 -112.272676,33.551561,0.0 -112.272676,33.508121,0.0"
LUKE AFB,85309,33.5357,683,AZ,3.44528,-112.376,682,"-112.357906,33.532865,0.0 -112.38485,33.551561,0.0 -112.359006,33.551561,0.0 -112.357906,33.532865,0.0"
GLENDALE,85310,33.7032,23870,AZ,11.5339,-112.174,21602,"-112.220439,33.68188,0.0 -112.203393,33.726969,0.0 -112.137408,33.72422,0.0 -112.134659,33.68408,0.0 -112.220439,33.68188,0.0"
GLENDALE,85313,33.6071,0,AZ,0.48487,-112.16,0,"-112.168201,33.610947,0.0 -112.151155,33.610397,0.0 -112.151155,33.603799,0.0 -112.168201,33.610947,0.0"
AJO,85321,32.3714,3860,AZ,285.73669,-112.776,3824,"-112.887431,32.505158,0.0 -112.574555,32.505158,0.0 -112.727419,32.173037,0.0 -112.905577,32.19998,0.0 -112.887431,32.505158,0.0"
ARLINGTON,85322,33.3127,552,AZ,36.83709,-112.794,527,"-112.878633,33.311818,0.0 -112.742815,33.362955,0.0 -112.72192,33.348659,0.0 -112.746664,33.312917,0.0 -112.878633,33.311818,0.0"
BLACK CANYON CITY,85324,34.0958,2908,AZ,469.55555,-111.866,2747,"-111.710709,33.999705,0.0 -112.064825,34.037096,0.0 -112.205592,33.970012,0.0 -112.246832,34.127825,0.0 -112.198444,34.199308,0.0 -111.720607,34.162466,0.0 -111.485262,34.14762,0.0 -111.49461,33.999705,0.0 -111.710709,33.999705,0.0"
BUCKEYE,85326,33.3253,23180,AZ,1744.67529,-112.89,22384,"-112.42664,33.464681,0.0 -112.406295,33.276076,0.0 -112.374952,33.136959,0.0 -112.693327,33.117164,0.0 -112.717521,33.002241,0.0 -112.817048,33.020386,0.0 -113.035346,33.08857,0.0 -113.333925,32.958251,0.0 -113.333925,33.023136,0.0 -113.333925,33.377252,0.0 -113.333925,33.63844,0.0 -112.72302,33.63954,0.0 -112.541563,33.63899,0.0 -112.455233,33.63844,0.0 -112.458532,33.624144,0.0 -112.47008,33.580704,0.0 -112.47008,33.546612,0.0 -112.42664,33.464681,0.0</coordinates></LinearRing></outerBoundaryIs><innerBoundaryIs><LinearRing><coordinates>-112.878633,33.311818,0.0 -112.746664,33.312917,0.0 -112.72192,33.348659,0.0 -112.742815,33.362955,0.0 -112.830794,33.561459,0.0 -113.23165,33.464132,0.0 -113.225601,33.329963,0.0 -112.878633,33.311818,0.0"
CIBOLA,85328,33.5699,1371,AZ,121.93467,-114.47,1363,"-114.375929,33.551011,0.0 -114.634368,33.422891,0.0 -114.522195,33.63899,0.0 -114.363832,33.676931,0.0 -114.375929,33.551011,0.0"
CONGRESS,85332,34.17,3629,AZ,1590.34878,-112.805,3419,"-112.205592,33.970012,0.0 -112.275976,33.882033,0.0 -112.457983,33.928222,0.0 -112.639989,33.973861,0.0 -112.611396,34.074487,0.0 -113.333925,33.999155,0.0 -113.333376,34.31808,0.0 -113.333376,34.415407,0.0 -113.137072,34.365918,0.0 -112.8088,34.40276,0.0 -112.411244,34.378565,0.0 -112.396397,34.378016,0.0 -112.373852,34.35712,0.0 -112.411793,34.132224,0.0 -112.246832,34.127825,0.0 -112.205592,33.970012,0.0"
DATELAND,85333,32.876,485,AZ,168.00602,-113.427,477,"-113.333925,32.767996,0.0 -113.512083,32.767446,0.0 -113.541226,32.928558,0.0 -113.333925,33.023136,0.0 -113.333925,32.958251,0.0 -113.333925,32.767996,0.0"
EL MIRAGE,85335,33.5854,8032,AZ,11.23346,-112.33,7640,"-112.359006,33.551561,0.0 -112.359006,33.580154,0.0 -112.34196,33.623594,0.0 -112.307318,33.623044,0.0 -112.304569,33.607098,0.0 -112.315566,33.580704,0.0 -112.311167,33.565308,0.0 -112.308968,33.551011,0.0 -112.359006,33.551561,0.0"
GILA BEND,85337,32.9828,2228,AZ,32.77939,-112.745,2183,"-112.817048,33.020386,0.0 -112.717521,33.002241,0.0 -112.659785,32.928008,0.0 -112.817048,33.020386,0.0"
GOODYEAR,85338,33.3804,17590,AZ,61.81617,-112.394,15986,"-112.406295,33.276076,0.0 -112.42664,33.464681,0.0 -112.34086,33.478978,0.0 -112.38375,33.276076,0.0 -112.406295,33.276076,0.0"
LAVEEN,85339,33.3517,5661,AZ,46.86014,-112.198,5942,"-112.147856,33.304669,0.0 -112.133559,33.290373,0.0 -112.203943,33.311268,0.0 -112.293571,33.375602,0.0 -112.235835,33.390999,0.0 -112.151155,33.403646,0.0 -112.118163,33.34426,0.0 -112.147856,33.304669,0.0"
LITCHFIELD PARK,85340,33.5071,7557,AZ,38.38254,-112.411,7294,"-112.34086,33.478978,0.0 -112.42664,33.464681,0.0 -112.47008,33.546612,0.0 -112.38485,33.551561,0.0 -112.357906,33.532865,0.0 -112.317216,33.507571,0.0 -112.317216,33.493275,0.0 -112.34086,33.478978,0.0"
MORRISTOWN,85342,33.8714,1271,AZ,130.67041,-112.557,1203,"-112.413993,33.781956,0.0 -112.456333,33.781956,0.0 -112.632291,33.8111,0.0 -112.639989,33.973861,0.0 -112.457983,33.928222,0.0 -112.413993,33.781956,0.0"
PARKER,85344,33.8412,16198,AZ,1965.53108,-114.103,15765,"-114.07735,34.292786,0.0 -113.791417,34.23395,0.0 -113.872798,34.071738,0.0 -113.73863,34.008503,0.0 -113.839806,33.927122,0.0 -113.756775,33.377252,0.0 -114.375929,33.551011,0.0 -114.363832,33.676931,0.0 -114.522195,33.63899,0.0 -114.432566,34.088234,0.0 -114.07735,34.292786,0.0"
PEORIA,85345,33.5717,55304,AZ,13.24709,-112.248,53568,"-112.272676,33.551561,0.0 -112.308968,33.551011,0.0 -112.311167,33.565308,0.0 -112.262229,33.594451,0.0 -112.202843,33.5961,0.0 -112.202843,33.581804,0.0 -112.211091,33.559809,0.0 -112.220439,33.552661,0.0 -112.238034,33.552111,0.0 -112.272676,33.551561,0.0"
ROLL,85347,32.748,1113,AZ,2041.12722,-113.563,1092,"-113.784819,32.179635,0.0 -113.659449,32.386936,0.0 -113.707837,32.551347,0.0 -113.987721,32.766346,0.0 -113.801865,32.898865,0.0 -113.751277,33.377252,0.0 -113.333925,33.377252,0.0 -113.333925,33.023136,0.0 -113.541226,32.928558,0.0 -113.512083,32.767446,0.0 -113.333925,32.767996,0.0 -113.333925,32.505158,0.0 -113.333925,32.038868,0.0 -113.784819,32.179635,0.0"
SALOME,85348,33.8294,2487,AZ,1624.64407,-113.56,2372,"-113.751277,33.377252,0.0 -113.756775,33.377252,0.0 -113.839806,33.927122,0.0 -113.73863,34.008503,0.0 -113.872798,34.071738,0.0 -113.791417,34.23395,0.0 -113.333376,34.31808,0.0 -113.333925,33.999155,0.0 -113.333925,33.63844,0.0 -113.333925,33.377252,0.0 -113.751277,33.377252,0.0"
SOMERTON,85350,32.5298,29086,AZ,97.77687,-114.697,27491,"-114.791631,32.566744,0.0 -114.623921,32.62613,0.0 -114.613473,32.434225,0.0 -114.813626,32.494161,0.0 -114.791631,32.566744,0.0"
TOLLESON,85353,33.4148,7842,AZ,23.79294,-112.277,7687,"-112.306218,33.370654,0.0 -112.272676,33.464681,0.0 -112.238034,33.465231,0.0 -112.235835,33.390999,0.0 -112.293571,33.375602,0.0 -112.306218,33.370654,0.0"
TONOPAH,85354,33.4216,2784,AZ,315.84442,-112.982,2622,"-112.742815,33.362955,0.0 -112.878633,33.311818,0.0 -113.225601,33.329963,0.0 -113.23165,33.464132,0.0 -112.830794,33.561459,0.0 -112.742815,33.362955,0.0"
WADDELL,85355,33.5585,3076,AZ,15.84717,-112.424,2952,"-112.47008,33.580704,0.0 -112.359006,33.580154,0.0 -112.359006,33.551561,0.0 -112.38485,33.551561,0.0 -112.47008,33.546612,0.0 -112.47008,33.580704,0.0"
WELLTON,85356,32.9002,5677,AZ,3650.53608,-114.158,5466," -114.37098,32.717958,0.0 -114.261556,32.70751,0.0 -114.444113,32.772395,0.0 -114.515046,33.027535,0.0 -114.705301,33.08857,0.0 -114.634368,33.422891,0.0 -114.375929,33.551011,0.0 -113.756775,33.377252,0.0 -113.751277,33.377252,0.0 -113.801865,32.898865,0.0 -113.987721,32.766346,0.0 -113.707837,32.551347,0.0 -113.659449,32.386936,0.0 -113.784819,32.179635,0.0 -114.563985,32.418829,0.0 -114.463358,32.482064,0.0 -114.54199,32.626679,0.0 -114.443013,32.626679,0.0 -114.32809,32.620081,0.0 -114.37098,32.717958,0.0 -114.71135,33.38605,0.0 -114.714099,33.388799,0.0 -114.720698,33.407495,0.0 -114.702002,33.408595,0.0 -114.71135,33.38605,0.0"
WITTMANN,85361,33.7181,2868,AZ,111.814,-112.584,2765,"-112.456333,33.781956,0.0 -112.541563,33.63899,0.0 -112.72302,33.63954,0.0 -112.632291,33.8111,0.0 -112.456333,33.781956,0.0"
YARNELL,85362,34.4243,902,AZ,144.77692,-112.625,862,"-112.624043,34.510534,0.0 -112.411244,34.378565,0.0 -112.8088,34.40276,0.0 -112.72082,34.489639,0.0 -112.624043,34.510534,0.0"
YUMA,85365,32.6795,39002,AZ,291.55497,-114.538,36917,"-114.745992,32.669019,0.0 -114.615672,32.727856,0.0 -114.506248,32.818034,0.0 -114.494151,32.823533,0.0 -114.493601,32.824083,0.0 -114.490852,32.825732,0.0 -114.515046,33.027535,0.0 -114.444113,32.772395,0.0 -114.261556,32.70751,0.0 -114.37098,32.717958,0.0 -114.443013,32.626679,0.0 -114.54199,32.626679,0.0 -114.463358,32.482064,0.0 -114.563985,32.418829,0.0 -114.613473,32.434225,0.0 -114.623921,32.62613,0.0 -114.791631,32.566744,0.0 -114.745992,32.669019,0.0"
YUMA,85367,32.657,18243,AZ,29.37879,-114.384,17006,"-114.443013,32.626679,0.0 -114.37098,32.717958,0.0 -114.32809,32.620081,0.0 -114.443013,32.626679,0.0"
SUN CITY,85373,33.8128,13876,AZ,116.4363,-112.353,13188,"-112.30072,33.63844,0.0 -112.324914,33.63899,0.0 -112.363405,33.72477,0.0 -112.413993,33.781956,0.0 -112.457983,33.928222,0.0 -112.275976,33.882033,0.0 -112.278725,33.827596,0.0 -112.289722,33.68188,0.0 -112.25838,33.63789,0.0 -112.30072,33.63844,0.0"
SURPRISE,85374,33.6445,31701,AZ,21.40748,-112.388,28823,"-112.34196,33.623594,0.0 -112.458532,33.624144,0.0 -112.455233,33.63844,0.0 -112.409594,33.685179,0.0 -112.324914,33.63899,0.0 -112.30072,33.63844,0.0 -112.307318,33.623044,0.0 -112.34196,33.623594,0.0"
SUN CITY WEST,85375,33.6799,28557,AZ,16.01338,-112.355,26009,"-112.409594,33.685179,0.0 -112.363405,33.72477,0.0 -112.324914,33.63899,0.0 -112.409594,33.685179,0.0"
SURPRISE,85379,33.6018,1653,AZ,20.96581,-112.403,1520,"-112.47008,33.580704,0.0 -112.458532,33.624144,0.0 -112.34196,33.623594,0.0 -112.359006,33.580154,0.0 -112.47008,33.580704,0.0"
PEORIA,85381,33.6104,23702,AZ,6.92968,-112.232,22578,"-112.25673,33.624144,0.0 -112.202293,33.625243,0.0 -112.202843,33.610397,0.0 -112.202843,33.5961,0.0 -112.262229,33.594451,0.0 -112.25673,33.624144,0.0"
PEORIA,85383,33.7484,0,AZ,37.59741,-112.251,7246,"-112.220439,33.68188,0.0 -112.223188,33.68188,0.0 -112.289722,33.68188,0.0 -112.278725,33.827596,0.0 -112.222088,33.804501,0.0 -112.219889,33.797353,0.0 -112.203393,33.726969,0.0 -112.220439,33.68188,0.0"
SURPRISE,85387,33.7078,939,AZ,60.21321,-112.448,1867,"-112.456333,33.781956,0.0 -112.413993,33.781956,0.0 -112.363405,33.72477,0.0 -112.409594,33.685179,0.0 -112.455233,33.63844,0.0 -112.541563,33.63899,0.0 -112.456333,33.781956,0.0"
WICKENBURG,85390,33.8287,9863,AZ,992.56501,-112.988,9418,"-113.333925,33.63844,0.0 -113.333925,33.999155,0.0 -112.611396,34.074487,0.0 -112.639989,33.973861,0.0 -112.632291,33.8111,0.0 -112.72302,33.63954,0.0 -113.333925,33.63844,0.0"
GLOBE,85501,33.5671,14186,AZ,428.87584,-110.726,14233,"-110.744588,33.697826,0.0 -110.533437,33.824296,0.0 -110.737989,33.251882,0.0 -110.864459,33.268378,0.0 -110.927144,33.624144,0.0 -110.845214,33.656036,0.0 -110.744588,33.697826,0.0"
BYLAS,85530,33.0921,1915,AZ,370.11516,-110.257,1846,"-110.326136,32.999491,0.0 -110.449307,32.987944,0.0 -110.448757,33.194695,0.0 -110.451507,33.278825,0.0 -110.0567,33.086921,0.0 -110.054501,32.881269,0.0 -110.326136,32.999491,0.0"
CLIFTON,85533,33.4019,412,AZ,1233.44181,-109.264,414,"-109.046589,33.616995,0.0 -109.046589,33.365155,0.0 -109.047139,33.208992,0.0 -109.047139,33.107266,0.0 -109.207701,32.966499,0.0 -109.370462,33.142458,0.0 -109.430398,33.057228,0.0 -109.495833,33.124862,0.0 -109.495283,33.652737,0.0 -109.355066,33.76711,0.0 -109.047139,33.778107,0.0 -109.047139,33.717622,0.0 -109.046589,33.616995,0.0"
DUNCAN,85534,32.7545,2982,AZ,442.94512,-109.141,2988,"-109.047689,32.426527,0.0 -109.114223,32.425977,0.0 -109.33802,32.849927,0.0 -109.207701,32.966499,0.0 -109.047139,33.107266,0.0 -109.047139,32.777344,0.0 -109.047689,32.426527,0.0"
MIAMI,85539,33.4693,5189,AZ,279.80361,-110.967,5187,"-111.039868,33.466331,0.0 -111.152041,33.676931,0.0 -110.927144,33.624144,0.0 -110.864459,33.268378,0.0 -110.94474,33.247483,0.0 -110.948589,33.256831,0.0 -111.039868,33.466331,0.0"
MORENCI,85540,32.9902,5023,AZ,155.85591,-109.344,5147,"-109.33802,32.849927,0.0 -109.495833,33.078673,0.0 -109.495833,33.124862,0.0 -109.430398,33.057228,0.0 -109.370462,33.142458,0.0 -109.207701,32.966499,0.0 -109.33802,32.849927,0.0"
PAYSON,85541,34.0813,21732,AZ,1755.10756,-111.167,21252,"-110.783078,34.299934,0.0 -110.744588,33.697826,0.0 -110.845214,33.656036,0.0 -111.027221,33.880933,0.0 -111.117399,33.737417,0.0 -111.273013,33.806701,0.0 -111.348345,33.731368,0.0 -111.49461,33.999705,0.0 -111.485262,34.14762,0.0 -111.720607,34.162466,0.0 -111.675517,34.305983,0.0 -111.629328,34.393962,0.0 -111.363741,34.31588,0.0 -111.251018,34.452798,0.0 -110.783078,34.299934,0.0"
PERIDOT,85542,33.6595,6461,AZ,1842.47417,-110.403,6331,"-110.744588,33.697826,0.0 -110.783078,34.299934,0.0 -110.750636,34.263093,0.0 -110.73414,33.999155,0.0 -110.000613,33.986508,0.0 -110.000613,33.576855,0.0 -110.01491,33.465231,0.0 -110.445458,33.383301,0.0 -110.451507,33.278825,0.0 -110.448757,33.194695,0.0 -110.6907,33.077573,0.0 -110.737989,33.251882,0.0 -110.533437,33.824296,0.0 -110.744588,33.697826,0.0"
PIMA,85543,32.9944,3804,AZ,539.01587,-109.977,3670,"-110.0567,33.086921,0.0 -110.05615,33.304119,0.0 -109.67839,33.022036,0.0 -109.766919,32.886218,0.0 -109.960473,32.832331,0.0 -110.307441,32.860374,0.0 -110.326136,32.999491,0.0 -110.054501,32.881269,0.0 -110.0567,33.086921,0.0"
PINE,85544,34.3915,3189,AZ,108.70732,-111.428,3073,"-111.629328,34.393962,0.0 -111.523753,34.495688,0.0 -111.417628,34.377466,0.0 -111.251018,34.452798,0.0 -111.363741,34.31588,0.0 -111.629328,34.393962,0.0"
ROOSEVELT,85545,33.7205,60,AZ,250.10179,-111.094,59,"-110.927144,33.624144,0.0 -111.152041,33.676931,0.0 -111.221875,33.603799,0.0 -111.336798,33.714322,0.0 -111.348345,33.731368,0.0 -111.273013,33.806701,0.0 -111.117399,33.737417,0.0 -111.027221,33.880933,0.0 -110.845214,33.656036,0.0 -110.927144,33.624144,0.0"
SAFFORD,85546,32.7038,18311,AZ,1059.61239,-109.486,18110,"-109.663543,32.427077,0.0 -109.734476,32.71026,0.0 -109.766919,32.886218,0.0 -109.67839,33.022036,0.0 -109.495833,33.078673,0.0 -109.33802,32.849927,0.0 -109.114223,32.425977,0.0 -109.663543,32.427077,0.0"
SAN CARLOS,85550,33.3269,2637,AZ,1322.56497,-109.86,2587,"-109.495833,33.078673,0.0 -109.67839,33.022036,0.0 -110.05615,33.304119,0.0 -110.0567,33.086921,0.0 -110.451507,33.278825,0.0 -110.445458,33.383301,0.0 -110.01491,33.465231,0.0 -110.000613,33.576855,0.0 -109.758671,33.473479,0.0 -109.496932,33.652737,0.0 -109.495283,33.652737,0.0 -109.495833,33.124862,0.0 -109.495833,33.078673,0.0"
THATCHER,85552,32.7614,5984,AZ,167.59521,-109.852,5903,"-109.734476,32.71026,0.0 -109.827954,32.618981,0.0 -110.005562,32.729505,0.0 -109.960473,32.832331,0.0 -109.766919,32.886218,0.0 -109.734476,32.71026,0.0"
BENSON,85602,32.1821,9273,AZ,845.68153,-110.284,8967,"-110.068247,32.154891,0.0 -110.040204,32.028421,0.0 -110.450957,31.918997,0.0 -110.527389,31.956938,0.0 -110.470752,32.049866,0.0 -110.597772,32.055365,0.0 -110.501545,32.106502,0.0 -110.499895,32.107052,0.0 -110.450957,32.344046,0.0 -110.541685,32.345146,0.0 -110.451507,32.45402,0.0 -109.983567,32.427077,0.0 -110.129833,32.290159,0.0 -110.068247,32.154891,0.0"
BISBEE,85603,31.4488,8452,AZ,238.12289,-109.894,8420,"-109.698185,31.430162,0.0 -109.790563,31.333935,0.0 -110.10124,31.333935,0.0 -110.01656,31.335585,0.0 -110.107288,31.437861,0.0 -109.942877,31.393871,0.0 -110.024808,31.510443,0.0 -110.009961,31.539586,0.0 -109.899987,31.624266,0.0 -109.823555,31.598423,0.0 -109.829054,31.44171,0.0 -109.698185,31.430162,0.0"
COCHISE,85606,32.0559,1407,AZ,218.4039,-109.914,1371,"-109.914834,31.875557,0.0 -109.97367,31.852463,0.0 -110.040204,32.028421,0.0 -110.068247,32.154891,0.0 -109.813108,32.19998,0.0 -109.875793,32.027871,0.0 -109.694886,31.964086,0.0 -109.916483,31.99103,0.0 -109.914834,31.875557,0.0"
DOUGLAS,85607,31.4414,21336,AZ,541.87002,-109.382,21258,"-109.698185,31.430162,0.0 -109.511229,31.588525,0.0 -109.049888,31.499996,0.0 -109.049888,31.332285,0.0 -109.790563,31.333935,0.0 -109.698185,31.430162,0.0"
ELFRIDA,85610,31.7113,1469,AZ,859.41581,-109.453,1443,"-109.511229,31.588525,0.0 -109.539822,31.667706,0.0 -109.823555,31.598423,0.0 -109.899987,31.624266,0.0 -110.037455,31.725992,0.0 -109.834003,31.729292,0.0 -109.816407,31.831018,0.0 -109.721279,31.90525,0.0 -109.539822,31.784828,0.0 -109.371562,31.982232,0.0 -109.163161,31.702348,0.0 -109.048788,31.810672,0.0 -109.049888,31.499996,0.0 -109.511229,31.588525,0.0"
ELGIN,85611,31.6051,771,AZ,167.17051,-110.533,818,"-110.452057,31.630865,0.0 -110.460855,31.585226,0.0 -110.459755,31.44116,0.0 -110.65056,31.596223,0.0 -110.587875,31.73479,0.0 -110.451507,31.731491,0.0 -110.452057,31.630865,0.0"
FORT HUACHUCA,85613,31.5734,5036,AZ,50.91693,-110.392,5107,"-110.417415,31.497246,0.0 -110.460855,31.585226,0.0 -110.452057,31.630865,0.0 -110.333835,31.613819,0.0 -110.308541,31.558282,0.0 -110.417415,31.497246,0.0"
HEREFORD,85615,31.4118,6818,AZ,266.39167,-110.235,6754,"-110.460305,31.332835,0.0 -110.459755,31.44116,0.0 -110.460855,31.585226,0.0 -110.417415,31.497246,0.0 -110.106738,31.477451,0.0 -110.024808,31.510443,0.0 -109.942877,31.393871,0.0 -110.107288,31.437861,0.0 -110.01656,31.335585,0.0 -110.10124,31.333935,0.0 -110.460305,31.332835,0.0"
HUACHUCA CITY,85616,31.7103,4888,AZ,133.63973,-110.326,4777,"-110.451507,31.731491,0.0 -110.452057,31.744688,0.0 -110.223861,31.786478,0.0 -110.179871,31.69355,0.0 -110.333835,31.613819,0.0 -110.452057,31.630865,0.0 -110.451507,31.731491,0.0"
MC NEAL,85617,31.5467,1215,AZ,207.64579,-109.685,1209,"-109.823555,31.598423,0.0 -109.539822,31.667706,0.0 -109.511229,31.588525,0.0 -109.698185,31.430162,0.0 -109.829054,31.44171,0.0 -109.823555,31.598423,0.0"
NOGALES,85621,31.4283,23224,AZ,345.6461,-110.975,22923,"-111.233972,31.521441,0.0 -111.054714,31.385623,0.0 -110.869408,31.454906,0.0 -110.94529,31.561031,0.0 -110.885904,31.594024,0.0 -110.821569,31.542886,0.0 -110.621967,31.332835,0.0 -111.366491,31.426313,0.0 -111.363191,31.521441,0.0 -111.233972,31.521441,0.0"
ORACLE,85623,32.5953,5250,AZ,127.97123,-110.797,4349,"-110.824319,32.513956,0.0 -110.928794,32.524954,0.0 -110.891403,32.671769,0.0 -110.724242,32.677268,0.0 -110.683552,32.513956,0.0 -110.824319,32.513956,0.0"
PATAGONIA,85624,31.4635,1279,AZ,220.70405,-110.625,1252,"-110.621967,31.332835,0.0 -110.821569,31.542886,0.0 -110.65056,31.596223,0.0 -110.459755,31.44116,0.0 -110.460305,31.332835,0.0 -110.621967,31.332835,0.0"
PEARCE,85625,31.9194,2129,AZ,342.67693,-109.63,2056,"-109.816407,31.831018,0.0 -109.914834,31.875557,0.0 -109.916483,31.99103,0.0 -109.694886,31.964086,0.0 -109.67839,32.063613,0.0 -109.389158,32.005876,0.0 -109.371562,31.982232,0.0 -109.539822,31.784828,0.0 -109.721279,31.90525,0.0 -109.816407,31.831018,0.0"
SAHUARITA,85629,31.9618,6547,AZ,112.12169,-110.976,6173,"-110.85896,32.021273,0.0 -110.858411,31.912948,0.0 -111.099804,31.928345,0.0 -111.19988,32.000927,0.0 -110.961236,32.001477,0.0 -110.85896,32.021273,0.0"
SAINT DAVID,85630,31.8752,2801,AZ,291.8353,-110.201,2716,"-110.452057,31.744688,0.0 -110.450957,31.918997,0.0 -110.040204,32.028421,0.0 -109.97367,31.852463,0.0 -110.223861,31.786478,0.0 -110.452057,31.744688,0.0"
SAN MANUEL,85631,32.8136,5906,AZ,817.52788,-110.746,5789,"-110.449307,32.987944,0.0 -110.450957,32.513956,0.0 -110.683552,32.513956,0.0 -110.724242,32.677268,0.0 -110.891403,32.671769,0.0 -110.928244,32.838379,0.0 -111.211977,33.084721,0.0 -111.089906,33.112765,0.0 -110.783078,32.985195,0.0 -110.674204,32.771845,0.0 -110.707196,32.838379,0.0 -110.449307,32.987944,0.0"
SAN SIMON,85632,32.17,1523,AZ,1145.84787,-109.298,1501,"-109.389158,32.005876,0.0 -109.308877,32.039968,0.0 -109.748223,32.290709,0.0 -109.663543,32.427077,0.0 -109.114223,32.425977,0.0 -109.047689,32.426527,0.0 -109.048788,31.920646,0.0 -109.048788,31.810672,0.0 -109.163161,31.702348,0.0 -109.371562,31.982232,0.0 -109.389158,32.005876,0.0"
SELLS,85634,32.0824,7520,AZ,3762.89801,-112.071,7492,"-112.727419,32.173037,0.0 -112.574555,32.505158,0.0 -112.203393,32.506808,0.0 -111.795389,32.506808,0.0 -111.771745,32.375939,0.0 -111.57984,32.421578,0.0 -111.473715,32.374289,0.0 -111.470416,32.210428,0.0 -111.278511,32.220326,0.0 -111.279061,32.204929,0.0 -111.437974,32.165888,0.0 -111.547398,31.94814,0.0 -111.62328,31.507694,0.0 -112.607547,31.816171,0.0 -112.727419,32.173037,0.0"
SONOITA,85637,31.6805,947,AZ,212.63834,-110.774,830,"-110.885904,31.594024,0.0 -110.997528,31.702348,0.0 -110.882055,31.726542,0.0 -110.838065,31.731491,0.0 -110.73359,31.827718,0.0 -110.587875,31.73479,0.0 -110.65056,31.596223,0.0 -110.821569,31.542886,0.0 -110.885904,31.594024,0.0"
TOMBSTONE,85638,31.7278,2120,AZ,278.70153,-110.019,2057,"-109.899987,31.624266,0.0 -110.009961,31.539586,0.0 -110.179871,31.69355,0.0 -110.223861,31.786478,0.0 -109.97367,31.852463,0.0 -109.914834,31.875557,0.0 -109.816407,31.831018,0.0 -109.834003,31.729292,0.0 -110.037455,31.725992,0.0 -109.899987,31.624266,0.0"
TUMACACORI,85640,31.6236,775,AZ,65.20123,-110.961,759,"-110.94529,31.561031,0.0 -111.049765,31.562131,0.0 -110.997528,31.702348,0.0 -110.885904,31.594024,0.0 -110.94529,31.561031,0.0"
VAIL,85641,31.9481,7086,AZ,582.34239,-110.643,6579,"-110.838065,31.731491,0.0 -110.858411,31.912948,0.0 -110.85896,32.021273,0.0 -110.844114,32.048766,0.0 -110.617568,32.133446,0.0 -110.723143,32.147193,0.0 -110.670905,32.235172,0.0 -110.500445,32.236272,0.0 -110.499895,32.107052,0.0 -110.501545,32.106502,0.0 -110.597772,32.055365,0.0 -110.470752,32.049866,0.0 -110.527389,31.956938,0.0 -110.450957,31.918997,0.0 -110.452057,31.744688,0.0 -110.451507,31.731491,0.0 -110.587875,31.73479,0.0 -110.73359,31.827718,0.0 -110.838065,31.731491,0.0"
WILLCOX,85643,32.481,9181,AZ,1818.61853,-110.005,9007,"-110.451507,32.45402,0.0 -110.450957,32.513956,0.0 -110.449307,32.987944,0.0 -110.326136,32.999491,0.0 -110.307441,32.860374,0.0 -109.960473,32.832331,0.0 -110.005562,32.729505,0.0 -109.827954,32.618981,0.0 -109.734476,32.71026,0.0 -109.663543,32.427077,0.0 -109.748223,32.290709,0.0 -109.308877,32.039968,0.0 -109.389158,32.005876,0.0 -109.67839,32.063613,0.0 -109.694886,31.964086,0.0 -109.875793,32.027871,0.0 -109.813108,32.19998,0.0 -110.068247,32.154891,0.0 -110.129833,32.290159,0.0 -109.983567,32.427077,0.0 -110.451507,32.45402,0.0"
RIO RICO,85648,31.4798,11339,AZ,164.22335,-111.062,10687,"-111.233972,31.521441,0.0 -111.205928,31.521441,0.0 -111.049765,31.562131,0.0 -110.94529,31.561031,0.0 -110.869408,31.454906,0.0 -111.054714,31.385623,0.0 -111.233972,31.521441,0.0"
SIERRA VISTA,85650,31.4969,14237,AZ,77.09506,-110.267,13915,"-110.417415,31.497246,0.0 -110.308541,31.558282,0.0 -110.106738,31.477451,0.0 -110.417415,31.497246,0.0"
MARANA,85653,32.4307,11612,AZ,573.82247,-111.373,11015,"-111.021722,32.509557,0.0 -111.130596,32.401233,0.0 -111.28236,32.356693,0.0 -111.278511,32.220326,0.0 -111.470416,32.210428,0.0 -111.473715,32.374289,0.0 -111.57984,32.421578,0.0 -111.771745,32.375939,0.0 -111.795389,32.506808,0.0 -111.79319,32.506808,0.0 -111.303255,32.549698,0.0 -111.177335,32.638227,0.0 -110.999177,32.589288,0.0 -111.144893,32.509557,0.0 -111.021722,32.509557,0.0"
TUCSON,85701,32.2161,4371,AZ,1.33843,-110.971,4388,"-110.960686,32.206579,0.0 -110.978282,32.206579,0.0 -110.978832,32.228024,0.0 -110.964536,32.221425,0.0 -110.960686,32.206579,0.0"
TUCSON,85704,32.3304,27673,AZ,14.92209,-110.986,27314,"-111.011824,32.302806,0.0 -111.012924,32.347346,0.0 -111.012924,32.366041,0.0 -110.961236,32.366591,0.0 -110.961236,32.355594,0.0 -110.961236,32.289059,0.0 -111.011824,32.302806,0.0"
TUCSON,85706,32.0924,71970,AZ,74.60281,-110.908,70091,"-110.85896,32.021273,0.0 -110.961236,32.001477,0.0 -110.992579,32.163139,0.0 -110.896352,32.163139,0.0 -110.840815,32.144443,0.0 -110.844114,32.048766,0.0 -110.85896,32.021273,0.0"
TUCSON,85707,32.1556,6122,AZ,18.30316,-110.835,6058,"-110.857861,32.180735,0.0 -110.772631,32.162589,0.0 -110.840815,32.144443,0.0 -110.896352,32.163139,0.0 -110.907899,32.177986,0.0 -110.908999,32.196131,0.0 -110.875457,32.192282,0.0 -110.857861,32.180735,0.0"
TUCSON,85708,32.183,0,AZ,1.23887,-110.866,0,"-110.857861,32.192282,0.0 -110.857861,32.180735,0.0 -110.875457,32.192282,0.0 -110.857861,32.192282,0.0 -110.857861,32.192282,0.0"
TUCSON,85710,32.2137,54020,AZ,12.0304,-110.824,53554,"-110.789677,32.235172,0.0 -110.789677,32.191732,0.0 -110.857861,32.192282,0.0 -110.857861,32.192282,0.0 -110.857861,32.235722,0.0 -110.789677,32.235172,0.0"
TUCSON,85711,32.2151,44107,AZ,8.76283,-110.883,43482,"-110.857861,32.192282,0.0 -110.875457,32.192282,0.0 -110.908999,32.196131,0.0 -110.909549,32.207129,0.0 -110.909549,32.236272,0.0 -110.857861,32.235722,0.0 -110.857861,32.192282,0.0"
TUCSON,85712,32.2526,30860,AZ,6.56367,-110.887,30609,"-110.874907,32.268714,0.0 -110.857861,32.235722,0.0 -110.909549,32.236272,0.0 -110.909549,32.272013,0.0 -110.874907,32.268714,0.0"
TUCSON,85713,32.1929,45910,AZ,22.85161,-111.005,45182,"-110.907899,32.177986,0.0 -110.993129,32.177436,0.0 -111.07121,32.171387,0.0 -111.103103,32.217576,0.0 -111.099804,32.220875,0.0 -110.978282,32.206579,0.0 -110.960686,32.206579,0.0 -110.935392,32.207129,0.0 -110.909549,32.207129,0.0 -110.908999,32.196131,0.0 -110.907899,32.177986,0.0"
TUCSON,85714,32.1702,13873,AZ,5.40027,-110.946,13703,"-110.992579,32.163139,0.0 -110.993129,32.177436,0.0 -110.907899,32.177986,0.0 -110.896352,32.163139,0.0 -110.992579,32.163139,0.0"
TUCSON,85715,32.2487,19817,AZ,6.91967,-110.831,19433,"-110.825968,32.261566,0.0 -110.781429,32.235172,0.0 -110.789677,32.235172,0.0 -110.857861,32.235722,0.0 -110.874907,32.268714,0.0 -110.825968,32.261566,0.0"
TUCSON,85716,32.2417,34260,AZ,7.12144,-110.923,33834,"-110.935392,32.207129,0.0 -110.937592,32.281911,0.0 -110.909549,32.272013,0.0 -110.909549,32.236272,0.0 -110.909549,32.207129,0.0 -110.935392,32.207129,0.0"
TUCSON,85718,32.3108,26918,AZ,23.3279,-110.918,26442,"-110.937592,32.281911,0.0 -110.961236,32.289059,0.0 -110.961236,32.355594,0.0 -110.875457,32.337448,0.0 -110.874907,32.268714,0.0 -110.909549,32.272013,0.0 -110.937592,32.281911,0.0"
TUCSON,85719,32.2466,42690,AZ,7.98455,-110.948,42329,"-110.935392,32.207129,0.0 -110.960686,32.206579,0.0 -110.964536,32.221425,0.0 -110.961236,32.289059,0.0 -110.937592,32.281911,0.0 -110.935392,32.207129,0.0"
TUCSON,85730,32.1776,38004,AZ,13.25202,-110.793,37453,"-110.857861,32.180735,0.0 -110.857861,32.192282,0.0 -110.789677,32.191732,0.0 -110.737439,32.162589,0.0 -110.772631,32.162589,0.0 -110.857861,32.180735,0.0"
TUCSON,85735,32.1054,9508,AZ,217.67509,-111.321,9027,"-111.279061,32.204929,0.0 -111.103103,32.217576,0.0 -111.07121,32.171387,0.0 -111.216926,32.103753,0.0 -111.547398,31.94814,0.0 -111.437974,32.165888,0.0 -111.279061,32.204929,0.0"
TUCSON,85736,31.7567,6606,AZ,905.67346,-111.382,6195,"-111.233972,31.521441,0.0 -111.363191,31.521441,0.0 -111.366491,31.426313,0.0 -111.62328,31.507694,0.0 -111.547398,31.94814,0.0 -111.216926,32.103753,0.0 -111.19988,32.000927,0.0 -111.099804,31.928345,0.0 -111.129497,31.726542,0.0 -111.228473,31.663857,0.0 -111.205928,31.521441,0.0 -111.233972,31.521441,0.0"
TUCSON,85737,32.4364,32453,AZ,42.48789,-110.969,29751,"-111.012924,32.366041,0.0 -110.993679,32.510107,0.0 -110.933743,32.511757,0.0 -110.892503,32.421028,0.0 -110.961236,32.366591,0.0 -111.012924,32.366041,0.0"
TUCSON,85739,32.4847,11641,AZ,28.68552,-110.897,11324,"-110.892503,32.421028,0.0 -110.933743,32.511757,0.0 -110.928794,32.524954,0.0 -110.824319,32.513956,0.0 -110.892503,32.421028,0.0"
TUCSON,85741,32.3365,31694,AZ,9.29577,-111.041,31134,"-111.011824,32.302806,0.0 -111.044267,32.316553,0.0 -111.088806,32.359443,0.0 -111.012924,32.347346,0.0 -111.011824,32.302806,0.0"
TUCSON,85742,32.422,24608,AZ,48.66032,-111.053,23097,"-111.088806,32.359443,0.0 -111.130596,32.401233,0.0 -111.021722,32.509557,0.0 -110.993679,32.510107,0.0 -111.012924,32.366041,0.0 -111.012924,32.347346,0.0 -111.088806,32.359443,0.0"
TUCSON,85743,32.307,19801,AZ,111.65257,-111.183,18716,"-111.103103,32.217576,0.0 -111.279061,32.204929,0.0 -111.278511,32.220326,0.0 -111.28236,32.356693,0.0 -111.130596,32.401233,0.0 -111.088806,32.359443,0.0 -111.044267,32.316553,0.0 -111.048666,32.308855,0.0 -111.099804,32.220875,0.0 -111.103103,32.217576,0.0"
TUCSON,85746,32.0739,48362,AZ,144.05801,-111.078,46841,"-110.961236,32.001477,0.0 -111.19988,32.000927,0.0 -111.216926,32.103753,0.0 -111.07121,32.171387,0.0 -110.993129,32.177436,0.0 -110.992579,32.163139,0.0 -110.961236,32.001477,0.0"
TUCSON,85747,32.1026,14841,AZ,59.86137,-110.75,13714,"-110.772631,32.162589,0.0 -110.737439,32.162589,0.0 -110.73469,32.152692,0.0 -110.73414,32.151592,0.0 -110.723143,32.147193,0.0 -110.617568,32.133446,0.0 -110.844114,32.048766,0.0 -110.840815,32.144443,0.0 -110.772631,32.162589,0.0"
TUCSON,85748,32.2086,15851,AZ,23.63908,-110.731,15434,"-110.73469,32.152692,0.0 -110.737439,32.162589,0.0 -110.789677,32.191732,0.0 -110.789677,32.235172,0.0 -110.781429,32.235172,0.0 -110.670905,32.235172,0.0 -110.723143,32.147193,0.0 -110.73414,32.151592,0.0 -110.73469,32.152692,0.0"
TUCSON,85750,32.2985,25517,AZ,17.48795,-110.844,24906,"-110.874907,32.268714,0.0 -110.875457,32.337448,0.0 -110.813321,32.306655,0.0 -110.825968,32.261566,0.0 -110.874907,32.268714,0.0"
SHOW LOW,85901,34.0929,25920,AZ,2606.27082,-110.086,24757,"-109.859297,34.109679,0.0 -109.667942,34.149819,0.0 -109.528275,34.001355,0.0 -109.496932,33.652737,0.0 -109.758671,33.473479,0.0 -110.000613,33.576855,0.0 -110.000613,33.986508,0.0 -110.73414,33.999155,0.0 -110.750636,34.263093,0.0 -110.750636,34.264742,0.0 -110.483399,34.307632,0.0 -110.525189,34.567721,0.0 -110.344832,34.649651,0.0 -110.170523,34.69694,0.0 -110.163375,34.450048,0.0 -109.848849,34.391212,0.0 -109.848849,34.283988,0.0 -109.848849,34.217453,0.0 -110.040754,34.224052,0.0 -109.979168,34.136623,0.0 -109.859297,34.109679,0.0"
ALPINE,85920,33.8111,273,AZ,69.45803,-109.191,270,"-109.355066,33.76711,0.0 -109.243442,33.870485,0.0 -109.047139,33.81055,0.0 -109.047139,33.778107,0.0 -109.355066,33.76711,0.0"
CONCHO,85924,34.4332,2179,AZ,570.5545,-109.652,2109,"-109.583812,34.641953,0.0 -109.401255,34.27464,0.0 -109.33747,34.18776,0.0 -109.848849,34.283988,0.0 -109.848849,34.391212,0.0 -109.850499,34.663948,0.0 -109.583812,34.641953,0.0"
EAGAR,85925,33.9202,549,AZ,489.82683,-109.312,3583,"-109.495283,33.652737,0.0 -109.496932,33.652737,0.0 -109.528275,34.001355,0.0 -109.297879,34.125625,0.0 -109.279734,34.012902,0.0 -109.046589,34.045344,0.0 -109.046589,33.955715,0.0 -109.047139,33.81055,0.0 -109.243442,33.870485,0.0 -109.355066,33.76711,0.0 -109.495283,33.652737,0.0"
HEBER,85928,34.4388,3638,AZ,318.50914,-110.632,3449,"-110.750636,34.264742,0.0 -110.750636,34.636454,0.0 -110.525189,34.567721,0.0 -110.483399,34.307632,0.0 -110.750636,34.264742,0.0"
LAKESIDE,85929,34.1794,5623,AZ,39.34118,-109.951,6617,"-109.849399,34.166865,0.0 -109.979168,34.136623,0.0 -110.040754,34.224052,0.0 -109.848849,34.217453,0.0 -109.849399,34.166865,0.0"
PINETOP,85935,34.135,4820,AZ,23.42353,-109.901,3857,"-109.979168,34.136623,0.0 -109.849399,34.166865,0.0 -109.859297,34.109679,0.0 -109.979168,34.136623,0.0"
SAINT JOHNS,85936,34.4975,4006,AZ,866.80476,-109.241,4090,"-109.046039,34.870699,0.0 -109.046039,34.579268,0.0 -109.046589,34.166865,0.0 -109.401255,34.27464,0.0 -109.583812,34.641953,0.0 -109.305578,34.676045,0.0 -109.046039,34.870699,0.0"
SNOWFLAKE,85937,34.5835,9235,AZ,382.45352,-110.011,8948,"-109.848849,34.391212,0.0 -110.163375,34.450048,0.0 -110.170523,34.69694,0.0 -110.130933,34.791518,0.0 -109.850499,34.69639,0.0 -109.850499,34.663948,0.0 -109.848849,34.391212,0.0"
SPRINGERVILLE,85938,34.1574,6786,AZ,531.00247,-109.452,3879,"-109.046589,34.166865,0.0 -109.046589,34.045344,0.0 -109.279734,34.012902,0.0 -109.297879,34.125625,0.0 -109.528275,34.001355,0.0 -109.667942,34.149819,0.0 -109.859297,34.109679,0.0 -109.849399,34.166865,0.0 -109.848849,34.217453,0.0 -109.848849,34.283988,0.0 -109.33747,34.18776,0.0 -109.401255,34.27464,0.0 -109.046589,34.166865,0.0"
FLAGSTAFF,86001,35.4866,36059,AZ,1724.77856,-111.74,35564,"-112.008189,34.975724,0.0 -111.911962,35.153882,0.0 -111.926258,35.576182,0.0 -112.120912,35.941296,0.0 -111.761847,36.00728,0.0 -111.738203,35.67186,0.0 -111.328549,35.757639,0.0 -111.266964,35.54539,0.0 -111.62383,35.349636,0.0 -111.630428,35.151683,0.0 -111.444572,35.027412,0.0 -111.476465,34.981223,0.0 -111.655172,35.023563,0.0 -111.777793,34.888295,0.0 -111.777793,34.980123,0.0 -112.008189,34.975724,0.0"
FLAGSTAFF,86004,35.1871,34473,AZ,962.20689,-111.258,34033,"-110.750636,35.170378,0.0 -110.750636,35.016415,0.0 -111.314253,34.966926,0.0 -111.444572,35.027412,0.0 -111.630428,35.151683,0.0 -111.62383,35.349636,0.0 -111.266964,35.54539,0.0 -111.244419,35.493702,0.0 -111.24332,35.156631,0.0 -110.750636,35.170378,0.0"
COLORADO CITY,86021,36.67,4902,AZ,1845.5651,-112.961,4637,"-113.077686,36.199735,0.0 -113.047443,36.370744,0.0 -113.316879,36.406486,0.0 -113.371317,36.546703,0.0 -113.263542,36.663825,0.0 -113.337775,36.999796,0.0 -112.899528,37.000346,0.0 -112.540463,37.000896,0.0 -112.629542,36.39164,0.0 -113.077686,36.199735,0.0"
FREDONIA,86022,36.5312,1314,AZ,2378.06347,-112.238,1318," -112.540463,37.000896,0.0 -112.032933,37.000896,0.0 -111.974647,36.671523,0.0 -111.632078,36.817789,0.0 -111.858074,36.502713,0.0 -111.799788,36.195886,0.0 -111.905363,36.046871,0.0 -112.451384,36.198635,0.0 -112.530015,36.26407,0.0 -112.458532,36.361397,0.0 -112.629542,36.39164,0.0 -112.540463,37.000896,0.0 -112.875884,36.157395,0.0 -112.875884,36.277816,0.0 -112.544312,36.400437,0.0 -112.454683,36.346,0.0 -112.530015,36.265719,0.0 -112.559708,36.253622,0.0 -112.508571,36.354798,0.0 -112.875884,36.157395,0.0"
HAPPY JACK,86024,34.6599,0,AZ,63.77494,-111.481,0,"-111.535301,34.568271,0.0 -111.551797,34.711237,0.0 -111.400582,34.730482,0.0 -111.535301,34.568271,0.0"
HOLBROOK,86025,34.9249,5860,AZ,772.18184,-110.075,5860,"-110.344832,34.649651,0.0 -110.218362,35.165979,0.0 -109.8439,35.170378,0.0 -109.850499,34.69639,0.0 -110.130933,34.791518,0.0 -110.170523,34.69694,0.0 -110.344832,34.649651,0.0"
HOTEVILLA,86030,36.2434,251,AZ,401.00151,-110.59,252,"-110.616468,36.043572,0.0 -110.750636,35.996283,0.0 -110.750636,36.408686,0.0 -110.454806,36.412535,0.0 -110.313489,36.429581,0.0 -110.616468,36.043572,0.0"
KAYENTA,86033,36.6868,8540,AZ,1037.90259,-110.266,8436,"-110.750636,36.409785,0.0 -110.750636,36.440578,0.0 -110.425663,36.640731,0.0 -110.467453,36.998146,0.0 -110.176022,36.998146,0.0 -110.000613,36.998146,0.0 -110.000613,36.459274,0.0 -110.454806,36.412535,0.0 -110.750636,36.408686,0.0 -110.750636,36.409785,0.0"
KEAMS CANYON,86034,35.7964,3479,AZ,475.23033,-110.203,3467,"-110.000613,35.662512,0.0 -110.277748,35.58553,0.0 -110.420714,35.805478,0.0 -110.319538,36.000682,0.0 -110.128183,35.995183,0.0 -110.000613,35.844519,0.0 -110.000613,35.662512,0.0"
LEUPP,86035,35.3518,2791,AZ,721.29598,-111.001,2748,"-110.750636,35.49975,0.0 -110.750636,35.170378,0.0 -111.24332,35.156631,0.0 -111.244419,35.493702,0.0 -111.000827,35.559686,0.0 -110.750636,35.49975,0.0"
MARBLE CANYON,86036,36.8666,566,AZ,540.2089,-111.813,556,"-112.032933,37.000896,0.0 -111.499009,37.001445,0.0 -111.632078,36.817789,0.0 -111.974647,36.671523,0.0 -112.032933,37.000896,0.0"
MORMON LAKE,86038,34.9453,100,AZ,73.37611,-111.427,97,"-111.314253,34.966926,0.0 -111.438523,34.857502,0.0 -111.53915,34.916888,0.0 -111.476465,34.981223,0.0 -111.444572,35.027412,0.0 -111.314253,34.966926,0.0"
KYKOTSMOVI VILLAGE,86039,35.6367,118,AZ,434.18372,-110.529,117,"-110.750636,35.49975,0.0 -110.750636,35.752691,0.0 -110.65111,35.772486,0.0 -110.420714,35.805478,0.0 -110.277748,35.58553,0.0 -110.750636,35.49975,0.0"
PAGE,86040,36.8392,8981,AZ,906.71819,-111.152,8919,"-110.750636,36.738608,0.0 -110.827618,36.774899,0.0 -110.907349,36.611038,0.0 -111.179535,36.778748,0.0 -111.332948,36.665475,0.0 -111.544648,36.77105,0.0 -111.633177,36.649529,0.0 -111.631528,36.817789,0.0 -111.381887,36.98055,0.0 -111.183384,36.860129,0.0 -111.363191,37.001445,0.0 -111.357693,37.001445,0.0 -111.355493,37.001445,0.0 -111.315902,37.000896,0.0 -111.297207,37.000896,0.0 -111.252667,37.000896,0.0 -111.235072,37.000896,0.0 -111.143243,37.000896,0.0 -111.140494,37.000896,0.0 -110.750636,37.003095,0.0 -110.750636,36.738608,0.0"
POLACCA,86042,35.9142,1578,AZ,234.59728,-110.474,1597,"-110.65111,35.772486,0.0 -110.542785,36.016078,0.0 -110.458655,36.100208,0.0 -110.319538,36.000682,0.0 -110.420714,35.805478,0.0 -110.65111,35.772486,0.0"
SECOND MESA,86043,35.9159,1574,AZ,162.84819,-110.658,1587,"-110.750636,35.752691,0.0 -110.750636,35.996283,0.0 -110.616468,36.043572,0.0 -110.542785,36.016078,0.0 -110.65111,35.772486,0.0 -110.750636,35.752691,0.0"
TONALEA,86044,35.9318,105,AZ,769.60485,-110.87,110,"-111.000827,35.559686,0.0 -111.000827,36.252522,0.0 -110.750636,36.409785,0.0 -110.750636,36.408686,0.0 -110.750636,35.996283,0.0 -110.750636,35.752691,0.0 -110.750636,35.49975,0.0 -111.000827,35.559686,0.0"
TUBA CITY,86045,35.974,11820,AZ,1900.40456,-111.356,11711,"-111.761847,36.00728,0.0 -111.798138,36.192037,0.0 -111.847627,36.392189,0.0 -111.673868,36.320156,0.0 -111.721707,36.210732,0.0 -111.392884,36.17994,0.0 -111.45447,36.289914,0.0 -111.302706,36.385041,0.0 -111.000827,36.252522,0.0 -111.000827,35.559686,0.0 -111.244419,35.493702,0.0 -111.266964,35.54539,0.0 -111.328549,35.757639,0.0 -111.738203,35.67186,0.0 -111.761847,36.00728,0.0"
WILLIAMS,86046,35.6163,8386,AZ,3837.0306,-112.441,8130,"-112.334262,34.997169,0.0 -112.335361,35.07855,0.0 -112.443136,35.255058,0.0 -112.867086,35.338638,0.0 -113.300933,35.531093,0.0 -112.889081,35.804928,0.0 -112.875884,36.150796,0.0 -112.600949,36.102408,0.0 -112.507471,35.953393,0.0 -112.411244,36.1376,0.0 -112.559708,36.253622,0.0 -112.530015,36.265719,0.0 -111.946054,36.043572,0.0 -111.798138,36.192037,0.0 -111.761847,36.00728,0.0 -112.120912,35.941296,0.0 -111.926258,35.576182,0.0 -111.911962,35.153882,0.0 -112.008189,34.975724,0.0 -112.323264,34.972975,0.0 -112.334262,34.997169,0.0"
WINSLOW,86047,35.1859,19109,AZ,2431.55142,-110.363,18977,"-110.344832,34.649651,0.0 -110.525189,34.567721,0.0 -110.750636,34.636454,0.0 -110.750636,35.016415,0.0 -110.750636,35.170378,0.0 -110.750636,35.49975,0.0 -110.277748,35.58553,0.0 -110.000613,35.662512,0.0 -109.826305,35.647116,0.0 -109.8439,35.170928,0.0 -109.8439,35.170378,0.0 -110.218362,35.165979,0.0 -110.344832,34.649651,0.0"
KAIBITO,86053,36.4987,7711,AZ,1654.3003,-111.305,7562,"-111.631528,36.817789,0.0 -111.633177,36.649529,0.0 -111.544648,36.77105,0.0 -111.332948,36.665475,0.0 -111.179535,36.778748,0.0 -110.907349,36.611038,0.0 -110.827618,36.774899,0.0 -110.750636,36.738608,0.0 -110.750636,36.440578,0.0 -110.750636,36.409785,0.0 -111.000827,36.252522,0.0 -111.302706,36.385041,0.0 -111.45447,36.289914,0.0 -111.392884,36.17994,0.0 -111.721707,36.210732,0.0 -111.673868,36.320156,0.0 -111.847627,36.392189,0.0 -111.631528,36.817789,0.0"
SHONTO,86054,36.7586,2030,AZ,598.07537,-110.597,2034,"-110.750636,36.440578,0.0 -110.750636,36.738608,0.0 -110.750636,37.003095,0.0 -110.467453,36.998146,0.0 -110.425663,36.640731,0.0 -110.750636,36.440578,0.0"
PRESCOTT,86301,34.6027,17214,AZ,39.66599,-112.419,16748,"-112.476678,34.542427,0.0 -112.443136,34.679894,0.0 -112.396947,34.69639,0.0 -112.359556,34.630406,0.0 -112.369453,34.57102,0.0 -112.476678,34.542427,0.0"
PRESCOTT,86303,34.4897,16851,AZ,130.96799,-112.436,16443,"-112.624043,34.510534,0.0 -112.476678,34.542427,0.0 -112.369453,34.57102,0.0 -112.324364,34.57157,0.0 -112.308418,34.458846,0.0 -112.396397,34.378016,0.0 -112.411244,34.378565,0.0 -112.624043,34.510534,0.0"
PRESCOTT,86305,34.7181,14594,AZ,1091.05342,-112.896,14197,"-113.333376,34.415407,0.0 -113.333376,34.582567,0.0 -113.161816,34.545726,0.0 -113.041395,34.699689,0.0 -113.216803,34.768973,0.0 -113.053492,35.032911,0.0 -112.802751,35.018614,0.0 -112.443136,34.679894,0.0 -112.476678,34.542427,0.0 -112.624043,34.510534,0.0 -112.72082,34.489639,0.0 -112.661984,34.608961,0.0 -112.925372,34.601263,0.0 -113.137072,34.365918,0.0 -113.333376,34.415407,0.0"
PRESCOTT VALLEY,86314,34.6467,28042,AZ,49.4478,-112.316,26759,"-112.261129,34.57157,0.0 -112.324364,34.57157,0.0 -112.369453,34.57102,0.0 -112.359556,34.630406,0.0 -112.350758,34.711787,0.0 -112.254531,34.716186,0.0 -112.231986,34.715636,0.0 -112.261129,34.57157,0.0"
ASH FORK,86320,35.1858,911,AZ,357.42264,-112.644,862,"-112.335361,35.07855,0.0 -112.596,35.070852,0.0 -112.72247,35.091197,0.0 -112.88963,35.188524,0.0 -112.867086,35.338638,0.0 -112.443136,35.255058,0.0 -112.335361,35.07855,0.0"
BAGDAD,86321,34.6689,1472,AZ,169.01407,-113.216,1487,"-113.333376,34.582567,0.0 -113.332826,34.788768,0.0 -113.216803,34.768973,0.0 -113.041395,34.699689,0.0 -113.161816,34.545726,0.0 -113.333376,34.582567,0.0"
CAMP VERDE,86322,34.5204,10557,AZ,158.69038,-111.862,10008,"-111.899864,34.565521,0.0 -111.937805,34.667247,0.0 -111.873471,34.673846,0.0 -111.820133,34.638104,0.0 -111.729955,34.593565,0.0 -111.782192,34.468194,0.0 -111.978496,34.408258,0.0 -111.899864,34.565521,0.0"
CHINO VALLEY,86323,34.8678,16733,AZ,417.25641,-112.507,14892,"-112.350758,34.711787,0.0 -112.396947,34.69639,0.0 -112.443136,34.679894,0.0 -112.802751,35.018614,0.0 -112.72247,35.091197,0.0 -112.596,35.070852,0.0 -112.488775,34.883896,0.0 -112.334262,34.997169,0.0 -112.323264,34.972975,0.0 -112.254531,34.716186,0.0 -112.350758,34.711787,0.0"
CLARKDALE,86324,34.8439,4527,AZ,271.8492,-112.161,4326,"-112.323264,34.972975,0.0 -112.008189,34.975724,0.0 -112.073073,34.851454,0.0 -111.9598,34.811863,0.0 -111.983445,34.725533,0.0 -112.231986,34.715636,0.0 -112.254531,34.716186,0.0 -112.323264,34.972975,0.0"
CORNVILLE,86325,34.7397,4015,AZ,64.50521,-111.903,3660,"-111.819034,34.712886,0.0 -111.873471,34.673846,0.0 -111.937805,34.667247,0.0 -111.983445,34.725533,0.0 -111.9598,34.811863,0.0 -111.872371,34.798666,0.0 -111.819034,34.712886,0.0"
COTTONWOOD,86326,34.6315,20490,AZ,243.72653,-112.103,19953," -112.17205,34.547375,0.0 -112.261129,34.57157,0.0 -112.231986,34.715636,0.0 -111.983445,34.725533,0.0 -111.937805,34.667247,0.0 -111.899864,34.565521,0.0 -112.17205,34.547375,0.0 -112.350758,34.711787,0.0 -112.359556,34.630406,0.0 -112.396947,34.69639,0.0 -112.350758,34.711787,0.0"
DEWEY,86327,34.5028,7004,AZ,84.03884,-112.226,6660,"-112.324364,34.57157,0.0 -112.261129,34.57157,0.0 -112.17205,34.547375,0.0 -112.113214,34.415957,0.0 -112.308418,34.458846,0.0 -112.324364,34.57157,0.0"
KIRKLAND,86332,34.4857,270,AZ,275.67379,-112.903,264,"-113.137072,34.365918,0.0 -112.925372,34.601263,0.0 -112.661984,34.608961,0.0 -112.72082,34.489639,0.0 -112.8088,34.40276,0.0 -113.137072,34.365918,0.0"
MAYER,86333,34.3355,5169,AZ,603.13551,-112.001,4950,"-112.198444,34.199308,0.0 -112.236935,34.354371,0.0 -112.373852,34.35712,0.0 -112.396397,34.378016,0.0 -112.308418,34.458846,0.0 -112.113214,34.415957,0.0 -112.17205,34.547375,0.0 -111.899864,34.565521,0.0 -111.978496,34.408258,0.0 -111.782192,34.468194,0.0 -111.675517,34.305983,0.0 -111.720607,34.162466,0.0 -112.198444,34.199308,0.0"
PAULDEN,86334,35.0137,79,AZ,125.22469,-112.465,722,"-112.596,35.070852,0.0 -112.335361,35.07855,0.0 -112.334262,34.997169,0.0 -112.488775,34.883896,0.0 -112.596,35.070852,0.0"
RIMROCK,86335,34.6381,3281,AZ,25.89636,-111.761,3095,"-111.820133,34.638104,0.0 -111.723356,34.681544,0.0 -111.729955,34.593565,0.0 -111.820133,34.638104,0.0"
SEDONA,86336,34.6891,14210,AZ,2461.73418,-111.281,13723,"-111.629328,34.393962,0.0 -111.675517,34.305983,0.0 -111.782192,34.468194,0.0 -111.729955,34.593565,0.0 -111.723356,34.681544,0.0 -111.820133,34.638104,0.0 -111.873471,34.673846,0.0 -111.819034,34.712886,0.0 -111.702461,34.804715,0.0 -111.872371,34.798666,0.0 -111.9598,34.811863,0.0 -112.073073,34.851454,0.0 -112.008189,34.975724,0.0 -111.777793,34.980123,0.0 -111.777793,34.888295,0.0 -111.655172,35.023563,0.0 -111.476465,34.981223,0.0 -111.53915,34.916888,0.0 -111.438523,34.857502,0.0 -111.314253,34.966926,0.0 -110.750636,35.016415,0.0 -110.750636,34.636454,0.0 -110.750636,34.264742,0.0 -110.750636,34.263093,0.0 -110.783078,34.299934,0.0 -111.251018,34.452798,0.0 -111.417628,34.377466,0.0 -111.523753,34.495688,0.0 -111.629328,34.393962,0.0</coordinates></LinearRing></outerBoundaryIs><innerBoundaryIs><LinearRing><coordinates>-111.535301,34.568271,0.0 -111.400582,34.730482,0.0 -111.551797,34.711237,0.0 -111.535301,34.568271,0.0"
SELIGMAN,86337,35.1592,985,AZ,1040.3952,-113.127,940,"-113.332826,34.788768,0.0 -113.332276,35.141235,0.0 -113.332276,35.439265,0.0 -113.300933,35.531093,0.0 -112.867086,35.338638,0.0 -112.88963,35.188524,0.0 -112.72247,35.091197,0.0 -112.802751,35.018614,0.0 -113.053492,35.032911,0.0 -113.216803,34.768973,0.0 -113.332826,34.788768,0.0"
CROWN KING,86343,34.2352,160,AZ,156.11777,-112.305,154,"-112.373852,34.35712,0.0 -112.236935,34.354371,0.0 -112.198444,34.199308,0.0 -112.246832,34.127825,0.0 -112.411793,34.132224,0.0 -112.373852,34.35712,0.0"
SEDONA,86351,34.7787,5694,AZ,31.80831,-111.799,5472,"-111.872371,34.798666,0.0 -111.702461,34.804715,0.0 -111.819034,34.712886,0.0 -111.872371,34.798666,0.0"
KINGMAN,86401,35.5028,44603,AZ,2630.24996,-113.879,42889,"-114.124089,35.067003,0.0 -114.104293,35.237462,0.0 -114.459509,35.67076,0.0 -114.068002,35.718049,0.0 -114.229664,36.001232,0.0 -114.003117,36.192587,0.0 -113.647901,35.823624,0.0 -113.616559,35.719148,0.0 -113.746328,35.622371,0.0 -113.606111,35.464009,0.0 -113.681443,35.434316,0.0 -113.332276,35.439265,0.0 -113.332276,35.141235,0.0 -113.669346,34.956479,0.0 -114.124089,35.067003,0.0"
LAKE HAVASU CITY,86403,34.4829,13756,AZ,9.99394,-114.337,13324,"-114.363282,34.501186,0.0 -114.298397,34.494588,0.0 -114.324791,34.450048,0.0 -114.363282,34.501186,0.0"
LAKE HAVASU CITY,86404,34.6631,13481,AZ,377.29754,-114.198,12979,"-113.95033,34.805814,0.0 -113.912389,34.704088,0.0 -114.298397,34.494588,0.0 -114.363282,34.501186,0.0 -114.485903,34.717285,0.0 -114.386377,34.727183,0.0 -113.95033,34.805814,0.0"
LAKE HAVASU CITY,86406,34.5884,19923,AZ,2009.72117,-113.698,18870,"-113.333376,34.31808,0.0 -113.791417,34.23395,0.0 -114.07735,34.292786,0.0 -114.324791,34.450048,0.0 -114.298397,34.494588,0.0 -113.912389,34.704088,0.0 -113.95033,34.805814,0.0 -113.633055,34.753027,0.0 -113.669346,34.956479,0.0 -113.332276,35.141235,0.0 -113.332826,34.788768,0.0 -113.333376,34.582567,0.0 -113.333376,34.415407,0.0 -113.333376,34.31808,0.0"
GOLDEN VALLEY,86413,35.3429,7912,AZ,793.14097,-114.395,7706,"-114.124089,35.067003,0.0 -114.303346,35.024113,0.0 -114.381978,35.145084,0.0 -114.567284,35.198422,0.0 -114.686606,35.651514,0.0 -114.459509,35.67076,0.0 -114.104293,35.237462,0.0 -114.124089,35.067003,0.0"
FORT MOHAVE,86426,35.0104,9407,AZ,32.12183,-114.574,8918,"-114.616772,35.051056,0.0 -114.490852,35.007067,0.0 -114.634368,34.963627,0.0 -114.616772,35.051056,0.0"
BULLHEAD CITY,86429,35.1619,4997,AZ,33.22571,-114.49,4560,"-114.381978,35.145084,0.0 -114.573882,35.135187,0.0 -114.567284,35.198422,0.0 -114.381978,35.145084,0.0"
LITTLEFIELD,86432,36.439,1791,AZ,3220.4155,-113.623,1584,"-114.046557,36.198635,0.0 -114.046557,36.207983,0.0 -114.046557,36.209083,0.0 -114.050956,36.747955,0.0 -114.050406,36.843083,0.0 -114.050406,37.000346,0.0 -113.678144,36.999796,0.0 -113.469193,36.999796,0.0 -113.337775,36.999796,0.0 -113.263542,36.663825,0.0 -113.371317,36.546703,0.0 -113.316879,36.406486,0.0 -113.047443,36.370744,0.0 -113.077686,36.199735,0.0 -113.321278,36.095809,0.0 -113.310831,35.863214,0.0 -113.421355,35.751041,0.0 -113.646801,35.823624,0.0 -114.002018,36.255272,0.0 -114.046557,36.198635,0.0"
PEACH SPRINGS,86434,35.809,1043,AZ,1374.13602,-113.249,980,"-113.300933,35.531093,0.0 -113.332276,35.439265,0.0 -113.681443,35.434316,0.0 -113.606111,35.464009,0.0 -113.746328,35.622371,0.0 -113.616559,35.719148,0.0 -113.647901,35.823624,0.0 -113.385063,35.75324,0.0 -113.320179,36.095809,0.0 -112.875884,36.277816,0.0 -112.875884,36.157395,0.0 -112.875884,36.150796,0.0 -112.889081,35.804928,0.0 -113.300933,35.531093,0.0"
SUPAI,86435,36.1619,512,AZ,275.19848,-112.615,503,"-112.875884,36.150796,0.0 -112.875884,36.157395,0.0 -112.508571,36.354798,0.0 -112.559708,36.253622,0.0 -112.411244,36.1376,0.0 -112.507471,35.953393,0.0 -112.600949,36.102408,0.0 -112.875884,36.150796,0.0"
TOPOCK,86436,34.7896,2222,AZ,70.13155,-114.474,2055,"-114.574432,34.807464,0.0 -114.443013,34.880047,0.0 -114.386377,34.727183,0.0 -114.485903,34.717285,0.0 -114.574432,34.807464,0.0"
MOHAVE VALLEY,86440,34.9096,6782,AZ,94.8935,-114.545,6513,"-114.634368,34.963627,0.0 -114.490852,35.007067,0.0 -114.443013,34.880047,0.0 -114.574432,34.807464,0.0 -114.634368,34.963627,0.0"
DOLAN SPRINGS,86441,35.8897,57,AZ,379.72623,-114.599,54,"-114.482054,36.083712,0.0 -114.459509,35.67076,0.0 -114.686606,35.651514,0.0 -114.723447,36.071065,0.0 -114.554087,36.151346,0.0 -114.482054,36.083712,0.0"
MEADVIEW,86444,35.8687,189,AZ,477.90829,-114.333,178,"-114.229664,36.001232,0.0 -114.068002,35.718049,0.0 -114.459509,35.67076,0.0 -114.482054,36.083712,0.0 -114.374829,36.128252,0.0 -114.229664,36.001232,0.0"
CHAMBERS,86502,34.9482,2276,AZ,1615.85849,-109.473,2194,"-109.850499,34.69639,0.0 -109.8439,35.170378,0.0 -109.8439,35.170928,0.0 -109.455692,35.263856,0.0 -109.046039,35.167079,0.0 -109.046039,34.959778,0.0 -109.046039,34.870699,0.0 -109.305578,34.676045,0.0 -109.583812,34.641953,0.0 -109.850499,34.663948,0.0 -109.850499,34.69639,0.0"
CHINLE,86503,36.1003,12456,AZ,1248.92386,-109.586,12510,"-109.046039,36.247024,0.0 -109.046039,36.140899,0.0 -109.328122,36.104607,0.0 -109.226946,35.922051,0.0 -109.510679,35.790082,0.0 -110.000613,36.017728,0.0 -110.000613,36.455424,0.0 -109.937378,36.421333,0.0 -109.963772,36.30311,0.0 -109.389158,36.285515,0.0 -109.047689,36.249773,0.0 -109.046039,36.247024,0.0"
GANADO,86505,35.6053,24212,AZ,2446.00932,-109.458,24560,"-110.000613,35.662512,0.0 -110.000613,35.844519,0.0 -110.000613,36.017728,0.0 -109.510679,35.790082,0.0 -109.226946,35.922051,0.0 -109.328122,36.104607,0.0 -109.046039,36.140899,0.0 -109.046039,36.002332,0.0 -109.046039,35.732345,0.0 -109.046589,35.660862,0.0 -109.046039,35.174777,0.0 -109.046039,35.167079,0.0 -109.455692,35.263856,0.0 -109.8439,35.170928,0.0 -109.826305,35.647116,0.0 -110.000613,35.662512,0.0"
LUKACHUKAI,86507,36.4465,1704,AZ,103.58451,-109.249,1745,"-109.102676,36.378993,0.0 -109.399605,36.438378,0.0 -109.290731,36.556601,0.0 -109.102676,36.378993,0.0"
PINON,86510,36.2002,8254,AZ,828.20482,-110.221,7987,"-110.542785,36.016078,0.0 -110.616468,36.043572,0.0 -110.313489,36.429581,0.0 -110.454806,36.412535,0.0 -110.000613,36.459274,0.0 -110.000613,36.455424,0.0 -110.000613,36.017728,0.0 -110.000613,35.844519,0.0 -110.128183,35.995183,0.0 -110.319538,36.000682,0.0 -110.458655,36.100208,0.0 -110.542785,36.016078,0.0"
TEEC NOS POS,86514,36.7518,5599,AZ,1152.73434,-109.364,5635,"-109.047689,36.249773,0.0 -109.102676,36.378993,0.0 -109.290731,36.556601,0.0 -109.236294,36.662725,0.0 -109.329772,36.704516,0.0 -109.659694,36.471371,0.0 -109.877442,36.461473,0.0 -109.6344,36.695168,0.0 -109.699285,36.998146,0.0 -109.045489,36.999246,0.0 -109.046039,36.247024,0.0 -109.047689,36.249773,0.0"
DENNEHOTSO,86535,36.7403,1778,AZ,592.32003,-109.854,1805,"-110.000613,36.459274,0.0 -110.000613,36.998146,0.0 -109.710282,36.998696,0.0 -109.699285,36.998146,0.0 -109.6344,36.695168,0.0 -109.877442,36.461473,0.0 -109.937378,36.421333,0.0 -110.000613,36.455424,0.0 -110.000613,36.459274,0.0"
MANY FARMS,86538,36.4497,4790,AZ,582.88259,-109.576,4776,"-109.399605,36.438378,0.0 -109.393557,36.314108,0.0 -109.478787,36.324006,0.0 -109.389158,36.285515,0.0 -109.963772,36.30311,0.0 -109.937378,36.421333,0.0 -109.877442,36.461473,0.0 -109.659694,36.471371,0.0 -109.329772,36.704516,0.0 -109.236294,36.662725,0.0 -109.290731,36.556601,0.0 -109.399605,36.438378,0.0"
TSAILE,86556,36.3275,1925,AZ,173.018,-109.253,1930,"-109.047689,36.249773,0.0 -109.389158,36.285515,0.0 -109.478787,36.324006,0.0 -109.393557,36.314108,0.0 -109.399605,36.438378,0.0 -109.102676,36.378993,0.0 -109.047689,36.249773,0.0"
COOLIDGE,85228,32.9353,11665,AZ,128.42634,-111.532,11259,"-111.516055,33.015987,0.0 -111.403882,32.984645,0.0 -111.463818,32.83563,0.0 -111.514955,32.850477,0.0 -111.654073,32.865323,0.0 -111.670569,32.967599,0.0 -111.516055,33.015987,0.0"
AMADO,85645,31.6621,2890,AZ,190.82993,-111.091,2797,"-111.049765,31.562131,0.0 -111.205928,31.521441,0.0 -111.228473,31.663857,0.0 -111.129497,31.726542,0.0 -110.943091,31.807923,0.0 -110.882055,31.726542,0.0 -110.997528,31.702348,0.0 -111.049765,31.562131,0.0"
TUCSON,85705,32.2723,57855,AZ,14.58878,-110.994,57182,"-110.978832,32.228024,0.0 -111.048666,32.308855,0.0 -111.044267,32.316553,0.0 -111.011824,32.302806,0.0 -110.961236,32.289059,0.0 -110.964536,32.221425,0.0 -110.978832,32.228024,0.0"
AVONDALE,85323,33.3777,37506,AZ,48.83854,-112.327,35420,"-112.38375,33.276076,0.0 -112.34086,33.478978,0.0 -112.317216,33.493275,0.0 -112.272676,33.464681,0.0 -112.306218,33.370654,0.0 -112.305119,33.25848,0.0 -112.38375,33.276076,0.0"
GLENDALE,85308,33.6611,68669,AZ,17.8342,-112.183,64740,"-112.151705,33.63899,0.0 -112.202843,33.63844,0.0 -112.223188,33.68188,0.0 -112.220439,33.68188,0.0 -112.134659,33.68408,0.0 -112.134659,33.654387,0.0 -112.151705,33.63899,0.0"
CHANDLER,85248,33.2437,37339,AZ,20.10071,-111.868,34710,"-111.841578,33.291472,0.0 -111.840478,33.204043,0.0 -111.902064,33.204593,0.0 -111.893816,33.291472,0.0 -111.858624,33.291472,0.0 -111.841578,33.291472,0.0"
PHOENIX,85014,33.5093,27653,AZ,4.04447,-112.056,27347,"-112.04723,33.538364,0.0 -112.047779,33.480078,0.0 -112.064825,33.480078,0.0 -112.064825,33.538364,0.0 -112.04723,33.538364,0.0"
TUCSON,85745,32.2538,31600,AZ,42.25102,-111.057,30907,"-110.978282,32.206579,0.0 -111.099804,32.220875,0.0 -111.048666,32.308855,0.0 -110.978832,32.228024,0.0 -110.978282,32.206579,0.0"
SCOTTSDALE,85262,33.8498,9235,AZ,417.61222,-111.616,8484,"-111.49461,33.999705,0.0 -111.348345,33.731368,0.0 -111.336798,33.714322,0.0 -111.589738,33.745665,0.0 -111.769545,33.796803,0.0 -111.717308,33.741266,0.0 -111.925708,33.741266,0.0 -111.804187,33.885332,0.0 -111.710709,33.999705,0.0 -111.49461,33.999705,0.0"
TUCSON,85749,32.2703,19159,AZ,34.15875,-110.748,18613,"-110.670905,32.235172,0.0 -110.781429,32.235172,0.0 -110.825968,32.261566,0.0 -110.813321,32.306655,0.0 -110.670905,32.235172,0.0"
PEORIA,85382,33.6565,39177,AZ,9.74044,-112.249,28306,"-112.202293,33.625243,0.0 -112.25673,33.624144,0.0 -112.25838,33.63789,0.0 -112.289722,33.68188,0.0 -112.223188,33.68188,0.0 -112.202843,33.63844,0.0 -112.202293,33.625243,0.0"
CAVE CREEK,85331,33.8217,26641,AZ,71.79324,-111.941,24516,"-112.008739,33.72642,0.0 -112.04393,33.717072,0.0 -111.995542,33.799002,0.0 -112.011488,33.864437,0.0 -111.971348,33.900728,0.0 -111.804187,33.885332,0.0 -111.925708,33.741266,0.0 -111.925708,33.72642,0.0 -111.96035,33.72587,0.0 -112.008739,33.72642,0.0"
SCOTTSDALE,85258,33.5647,24779,AZ,8.47935,-111.897,24365,"-111.891616,33.538364,0.0 -111.925708,33.538914,0.0 -111.925708,33.582354,0.0 -111.856425,33.582354,0.0 -111.847077,33.568607,0.0 -111.891616,33.538364,0.0"
GREEN VALLEY,85614,31.8345,20472,AZ,169.00083,-111.012,19696,"-110.838065,31.731491,0.0 -110.882055,31.726542,0.0 -110.943091,31.807923,0.0 -111.129497,31.726542,0.0 -111.099804,31.928345,0.0 -110.858411,31.912948,0.0 -110.838065,31.731491,0.0"
PHOENIX,85086,33.8389,9891,AZ,63.75093,-112.095,9172,"-112.219889,33.797353,0.0 -112.222088,33.804501,0.0 -112.108815,33.921623,0.0 -112.011488,33.864437,0.0 -111.995542,33.799002,0.0 -112.219889,33.797353,0.0"
SIERRA VISTA,85635,31.5842,29197,AZ,150.5681,-110.181,28977,"-110.024808,31.510443,0.0 -110.106738,31.477451,0.0 -110.308541,31.558282,0.0 -110.333835,31.613819,0.0 -110.179871,31.69355,0.0 -110.009961,31.539586,0.0 -110.024808,31.510443,0.0"
BULLHEAD CITY,86442,34.9242,31066,AZ,894.5704,-114.131,29787,"-113.95033,34.805814,0.0 -114.386377,34.727183,0.0 -114.443013,34.880047,0.0 -114.490852,35.007067,0.0 -114.616772,35.051056,0.0 -114.573882,35.135187,0.0 -114.381978,35.145084,0.0 -114.303346,35.024113,0.0 -114.124089,35.067003,0.0 -113.669346,34.956479,0.0 -113.633055,34.753027,0.0 -113.95033,34.805814,0.0"
PHOENIX,85016,33.5273,37319,AZ,13.50636,-112.022,36340,"-112.030184,33.480078,0.0 -112.047779,33.480078,0.0 -112.04723,33.538364,0.0 -112.035682,33.559809,0.0 -111.986194,33.563108,0.0 -112.013138,33.518569,0.0 -112.013138,33.480628,0.0 -112.030184,33.480078,0.0"
PHOENIX,85028,33.5825,21129,AZ,6.59394,-112.006,21093,"-111.977946,33.582903,0.0 -111.986194,33.563108,0.0 -112.035682,33.559809,0.0 -112.037882,33.59665,0.0 -112.030733,33.59665,0.0 -111.977946,33.59555,0.0 -111.977946,33.582903,0.0"
SUN CITY,85351,33.6042,30541,AZ,11.87252,-112.284,30121,"-112.315566,33.580704,0.0 -112.304569,33.607098,0.0 -112.307318,33.623044,0.0 -112.30072,33.63844,0.0 -112.25838,33.63789,0.0 -112.25673,33.624144,0.0 -112.262229,33.594451,0.0 -112.311167,33.565308,0.0 -112.315566,33.580704,0.0"
