UINTA NTL FOREST,71,40.0335,956,UT,853.57765,-111.369,960,"-111.633727,39.949848,0.0 -111.585339,40.013633,0.0 -111.582589,40.077418,0.0 -111.547948,40.145052,0.0 -111.600185,40.183543,0.0 -111.574341,40.24128,0.0 -111.519354,40.334208,0.0 -111.648574,40.32596,0.0 -111.677717,40.333658,0.0 -111.696962,40.351803,0.0 -111.744801,40.432084,0.0 -111.744801,40.433184,0.0 -111.611733,40.431535,0.0 -111.611183,40.430985,0.0 -111.339547,40.288568,0.0 -111.249918,40.042776,0.0 -110.891953,39.89981,0.0 -110.857861,39.813481,0.0 -111.247719,39.812931,0.0 -111.641975,39.812931,0.0 -111.676067,39.812931,0.0 -111.633727,39.949848,0.0"
WASATCH NATIONAL FOREST,100,40.7121,1489,UT,145.24147,-111.726,1093," -111.777243,40.690523,0.0 -111.786041,40.714168,0.0 -111.679916,40.812045,0.0 -111.814635,40.777403,0.0 -111.83498,40.779602,0.0 -111.910312,40.799947,0.0 -111.915811,40.821942,0.0 -111.891067,40.821942,0.0 -111.738753,40.860983,0.0 -111.640876,40.798848,0.0 -111.596886,40.659731,0.0 -111.799788,40.649283,0.0 -111.777243,40.690523,0.0 -111.821783,40.485972,0.0 -111.811885,40.53436,0.0 -111.74975,40.571202,0.0 -111.601835,40.570652,0.0 -111.821783,40.485972,0.0"
ALTAMONT,84001,40.3926,141,UT,32.67912,-110.475,142,"-110.505394,40.335307,0.0 -110.510343,40.463427,0.0 -110.412466,40.421637,0.0 -110.399269,40.399092,0.0 -110.505394,40.335307,0.0"
ALTONAH,84002,40.4669,0,UT,35.04898,-110.449,0,"-110.510343,40.463427,0.0 -110.519691,40.474424,0.0 -110.43721,40.516764,0.0 -110.412466,40.421637,0.0 -110.510343,40.463427,0.0"
AMERICAN FORK,84003,40.4135,31967,UT,38.51061,-111.817,30659,"-111.759648,40.355103,0.0 -111.760197,40.333658,0.0 -111.765146,40.32596,0.0 -111.852576,40.360051,0.0 -111.815184,40.431535,0.0 -111.913611,40.45243,0.0 -111.821783,40.485972,0.0 -111.744801,40.433184,0.0 -111.744801,40.432084,0.0 -111.759648,40.355103,0.0"
ALPINE,84004,40.4951,8086,UT,78.32185,-111.682,7788,"-111.821783,40.485972,0.0 -111.601835,40.570652,0.0 -111.594137,40.57725,0.0 -111.571042,40.532711,0.0 -111.611733,40.431535,0.0 -111.744801,40.433184,0.0 -111.821783,40.485972,0.0"
BINGHAM CANYON,84006,40.5323,737,UT,38.21056,-112.134,726,"-112.17315,40.467276,0.0 -112.175349,40.584948,0.0 -112.080222,40.586598,0.0 -112.062076,40.558555,0.0 -112.070324,40.53711,0.0 -112.117613,40.453529,0.0 -112.17315,40.467276,0.0"
BLUEBELL,84007,40.3357,1367,UT,111.81933,-110.336,1375,"-110.174922,40.333108,0.0 -110.386622,40.247878,0.0 -110.497146,40.314962,0.0 -110.505394,40.335307,0.0 -110.399269,40.399092,0.0 -110.174922,40.333108,0.0"
BOUNTIFUL,84010,40.8722,44886,UT,35.83926,-111.83,44308,"-111.891067,40.821942,0.0 -111.900964,40.860983,0.0 -111.891067,40.906622,0.0 -111.79319,40.930267,0.0 -111.738753,40.860983,0.0 -111.891067,40.821942,0.0"
CEDAR VALLEY,84013,40.1432,3220,UT,569.07825,-112.033,3033,"-111.881169,40.02903,0.0 -111.83278,39.927854,0.0 -111.964199,39.827227,0.0 -112.090119,39.782138,0.0 -112.054928,39.897061,0.0 -112.179748,40.011434,0.0 -112.178649,40.231382,0.0 -112.209441,40.432084,0.0 -112.17315,40.467276,0.0 -112.117613,40.453529,0.0 -111.929557,40.434284,0.0 -112.04393,40.299566,0.0 -111.905913,40.335857,0.0 -111.881169,40.02903,0.0"
CENTERVILLE,84014,40.9298,14879,UT,21.59193,-111.887,14556,"-111.891067,40.906622,0.0 -111.958701,40.91597,0.0 -111.938905,40.966558,0.0 -111.814635,40.95941,0.0 -111.79319,40.930267,0.0 -111.891067,40.906622,0.0"
CLEARFIELD,84015,41.1234,48179,UT,28.04658,-112.083,46400,"-112.121462,41.089179,0.0 -112.127511,41.089179,0.0 -112.126961,41.089729,0.0 -112.189646,41.152964,0.0 -112.083521,41.152414,0.0 -112.025235,41.152414,0.0 -112.024135,41.152414,0.0 -111.987844,41.103476,0.0 -112.035682,41.074883,0.0 -112.121462,41.089179,0.0"
COALVILLE,84017,40.9646,4176,UT,693.28241,-111.236,4079,"-111.362641,40.737262,0.0 -111.431925,40.684475,0.0 -111.435774,40.673477,0.0 -111.457769,40.683375,0.0 -111.498459,40.835689,0.0 -111.590288,40.968758,0.0 -111.529802,41.052888,0.0 -111.264765,41.144166,0.0 -111.046466,41.251941,0.0 -111.046466,40.997901,0.0 -110.872707,40.997351,0.0 -110.929894,40.835689,0.0 -111.246069,40.810945,0.0 -111.40938,40.798298,0.0 -111.362641,40.737262,0.0"
CROYDON,84018,41.204,165,UT,225.10408,-111.402,134,"-111.529802,41.052888,0.0 -111.529252,41.229946,0.0 -111.420378,41.361365,0.0 -111.259266,41.289332,0.0 -111.264765,41.144166,0.0 -111.529802,41.052888,0.0"
DRAPER,84020,40.501,26828,UT,23.52451,-111.876,25319,"-111.913611,40.45243,0.0 -111.92021,40.441432,0.0 -111.91746,40.53711,0.0 -111.897665,40.544258,0.0 -111.871821,40.544258,0.0 -111.853125,40.529411,0.0 -111.811885,40.53436,0.0 -111.821783,40.485972,0.0 -111.913611,40.45243,0.0"
DUCHESNE,84021,40.0105,844,UT,1158.62916,-110.439,2677,"-110.341533,39.806882,0.0 -110.857861,39.813481,0.0 -110.891953,39.89981,0.0 -110.896352,40.129656,0.0 -110.496596,40.173096,0.0 -110.386622,40.247878,0.0 -110.174922,40.333108,0.0 -110.067698,40.247328,0.0 -110.136431,40.108761,0.0 -110.063299,40.11261,0.0 -110.063299,39.806332,0.0 -110.341533,39.806882,0.0"
DUGWAY,84022,40.2605,2207,UT,2634.14605,-113.064,2165,"-112.55366,40.348504,0.0 -112.741715,40.332008,0.0 -112.565757,40.115359,0.0 -112.457433,39.904209,0.0 -113.701239,39.905309,0.0 -113.701788,40.32486,0.0 -113.269591,40.342456,0.0 -113.135972,40.699871,0.0 -112.927572,40.816444,0.0 -112.647138,40.74606,0.0 -112.63669,40.741661,0.0 -112.560808,40.420537,0.0 -112.55366,40.348504,0.0"
DUTCH JOHN,84023,40.8791,146,UT,331.03049,-109.235,149,"-109.048239,40.653682,0.0 -109.160962,40.683925,0.0 -109.203302,40.858784,0.0 -109.469989,40.754308,0.0 -109.409503,40.940714,0.0 -109.571165,40.998451,0.0 -109.561267,40.998451,0.0 -109.049888,41.00065,0.0 -109.048239,40.653682,0.0"
FARMINGTON,84025,40.9854,12576,UT,39.48774,-111.87,12420,"-112.009838,40.983604,0.0 -112.007089,40.995151,0.0 -111.897115,41.030893,0.0 -111.83608,41.036392,0.0 -111.814635,40.95941,0.0 -111.938905,40.966558,0.0 -112.009838,40.983604,0.0"
FORT DUCHESNE,84026,40.2966,1733,UT,58.65355,-109.84,1727,"-109.805959,40.374348,0.0 -109.737226,40.247328,0.0 -109.782865,40.229182,0.0 -109.896688,40.252827,0.0 -109.935179,40.355653,0.0 -109.856547,40.363351,0.0 -109.805959,40.374348,0.0"
GARDEN CITY,84028,41.9087,528,UT,63.48257,-111.439,503,"-111.363191,41.856798,0.0 -111.462168,41.812808,0.0 -111.507257,41.999764,0.0 -111.407731,42.000864,0.0 -111.363191,41.856798,0.0"
GRANTSVILLE,84029,40.7099,7062,UT,107.29032,-112.497,6410,"-112.416192,40.679526,0.0 -112.367254,40.566803,0.0 -112.507471,40.570102,0.0 -112.63669,40.741661,0.0 -112.647138,40.74606,0.0 -112.647138,40.752109,0.0 -112.515719,40.709769,0.0 -112.508021,40.933566,0.0 -112.416192,40.679526,0.0"
HANNA,84031,40.4483,57,UT,31.50364,-110.825,55,"-110.723143,40.474424,0.0 -110.896352,40.417238,0.0 -110.90295,40.474424,0.0 -110.723143,40.474424,0.0"
HEBER CITY,84032,40.3167,12654,UT,1056.23112,-111.132,11835,"-111.339547,40.288568,0.0 -111.428626,40.462877,0.0 -111.527053,40.406241,0.0 -111.486362,40.479923,0.0 -111.571042,40.532711,0.0 -111.594137,40.57725,0.0 -111.552896,40.609143,0.0 -111.435774,40.673477,0.0 -111.431925,40.684475,0.0 -111.092105,40.526112,0.0 -110.90185,40.678426,0.0 -110.90295,40.474424,0.0 -110.896352,40.417238,0.0 -110.896902,40.314962,0.0 -110.896352,40.129656,0.0 -110.891953,39.89981,0.0 -111.249918,40.042776,0.0 -111.339547,40.288568,0.0"
JENSEN,84035,40.3773,605,UT,75.63055,-109.319,593,"-109.410603,40.301765,0.0 -109.46339,40.398542,0.0 -109.183507,40.40789,0.0 -109.410603,40.301765,0.0"
KAMAS,84036,40.819,4026,UT,1058.98606,-110.705,3886,"-111.362641,40.737262,0.0 -111.281261,40.70592,0.0 -111.246069,40.810945,0.0 -110.929894,40.835689,0.0 -110.872707,40.997351,0.0 -110.584575,40.996251,0.0 -110.173273,40.996251,0.0 -110.138081,40.996251,0.0 -110.048452,40.997901,0.0 -110.000613,40.997351,0.0 -110.000613,40.813694,0.0 -110.90185,40.678426,0.0 -111.092105,40.526112,0.0 -111.431925,40.684475,0.0 -111.362641,40.737262,0.0"
KAYSVILLE,84037,41.0251,26228,UT,18.41127,-111.952,25440,"-112.007089,40.995151,0.0 -111.941105,41.053987,0.0 -111.897115,41.030893,0.0 -112.007089,40.995151,0.0"
LAKETOWN,84038,41.8374,452,UT,319.92776,-111.213,432,"-111.046466,41.767719,0.0 -111.425876,41.67699,0.0 -111.462168,41.812808,0.0 -111.363191,41.856798,0.0 -111.262015,42.001413,0.0 -111.260366,42.001413,0.0 -111.046466,42.001413,0.0 -111.046466,41.767719,0.0"
LAPOINT,84039,40.3935,343,UT,10.8207,-109.817,342,"-109.856547,40.363351,0.0 -109.840601,40.411189,0.0 -109.776266,40.404041,0.0 -109.805959,40.374348,0.0 -109.856547,40.363351,0.0"
LAYTON,84041,41.0518,37034,UT,31.6197,-112.018,36052,"-112.007089,40.995151,0.0 -112.009838,40.983604,0.0 -112.126961,41.089179,0.0 -112.127511,41.089179,0.0 -112.121462,41.089179,0.0 -112.035682,41.074883,0.0 -111.987844,41.103476,0.0 -111.949353,41.114473,0.0 -111.941105,41.053987,0.0 -112.007089,40.995151,0.0"
LINDON,84042,40.3416,8698,UT,5.7172,-111.725,8339,"-111.759648,40.355103,0.0 -111.696962,40.351803,0.0 -111.677717,40.333658,0.0 -111.686515,40.333658,0.0 -111.760197,40.333658,0.0 -111.759648,40.355103,0.0"
MAGNA,84044,40.7779,22244,UT,165.30194,-112.134,22103," -112.126961,41.089729,0.0 -112.127511,41.089179,0.0 -112.126961,41.089179,0.0 -112.230336,41.067184,0.0 -112.126961,41.089729,0.0 -112.063176,40.681725,0.0 -112.055478,40.609143,0.0 -112.080222,40.586598,0.0 -112.175349,40.584948,0.0 -112.226487,40.724615,0.0 -111.965849,40.862633,0.0 -111.965299,40.861533,0.0 -111.949353,40.841738,0.0 -112.025235,40.771354,0.0 -112.024685,40.725715,0.0 -112.063176,40.681725,0.0"
MANILA,84046,40.8924,759,UT,390.92285,-109.735,772,"-109.469989,40.754308,0.0 -109.977519,40.809845,0.0 -110.000613,40.813694,0.0 -110.000613,40.997351,0.0 -109.571165,40.998451,0.0 -109.409503,40.940714,0.0 -109.469989,40.754308,0.0"
MIDVALE,84047,40.616,27821,UT,5.76301,-111.89,27488,"-111.853125,40.609692,0.0 -111.872371,40.609692,0.0 -111.910312,40.598695,0.0 -111.921309,40.609692,0.0 -111.921859,40.628938,0.0 -111.902064,40.627288,0.0 -111.865772,40.630038,0.0 -111.850376,40.615741,0.0 -111.853125,40.609692,0.0"
MIDWAY,84049,40.5008,2635,UT,31.90724,-111.53,2493,"-111.486362,40.479923,0.0 -111.611183,40.430985,0.0 -111.611733,40.431535,0.0 -111.571042,40.532711,0.0 -111.486362,40.479923,0.0"
MORGAN,84050,41.0218,7159,UT,385.80946,-111.673,6995,"-111.79319,40.930267,0.0 -111.814635,40.95941,0.0 -111.83608,41.036392,0.0 -111.854225,41.108974,0.0 -111.856425,41.139217,0.0 -111.872921,41.187606,0.0 -111.529252,41.229946,0.0 -111.529802,41.052888,0.0 -111.590288,40.968758,0.0 -111.498459,40.835689,0.0 -111.640876,40.798848,0.0 -111.738753,40.860983,0.0 -111.79319,40.930267,0.0"
MOUNTAIN HOME,84051,40.2095,465,UT,153.32164,-110.777,451,"-110.896902,40.314962,0.0 -110.698948,40.284719,0.0 -110.730841,40.206638,0.0 -110.496596,40.173096,0.0 -110.896352,40.129656,0.0 -110.896902,40.314962,0.0"
MYTON,84052,40.0401,1085,UT,167.74265,-110.025,1073,"-109.976419,40.244579,0.0 -109.967621,39.805782,0.0 -110.063299,39.806332,0.0 -110.063299,40.11261,0.0 -110.136431,40.108761,0.0 -110.067698,40.247328,0.0 -109.976419,40.244579,0.0"
NEOLA,84053,40.5096,815,UT,126.15016,-110.098,813,"-109.977519,40.417788,0.0 -110.157326,40.432084,0.0 -110.220012,40.606393,0.0 -109.977519,40.548107,0.0 -109.977519,40.417788,0.0"
NORTH SALT LAKE,84054,40.8423,8345,UT,8.76495,-111.919,8143,"-111.915811,40.821942,0.0 -111.949353,40.841738,0.0 -111.965299,40.861533,0.0 -111.900964,40.860983,0.0 -111.891067,40.821942,0.0 -111.915811,40.821942,0.0"
HILL AFB,84056,41.1253,4821,UT,11.28695,-111.983,4913,"-111.987844,41.103476,0.0 -112.024135,41.152414,0.0 -111.92021,41.116123,0.0 -111.949353,41.114473,0.0 -111.987844,41.103476,0.0"
OREM,84057,40.315,36114,UT,9.1054,-111.723,35342,"-111.686515,40.333658,0.0 -111.685965,40.296816,0.0 -111.762947,40.305614,0.0 -111.765146,40.32596,0.0 -111.760197,40.333658,0.0 -111.686515,40.333658,0.0"
OREM,84058,40.2767,28704,UT,11.18396,-111.721,28132,"-111.762947,40.305614,0.0 -111.685965,40.296816,0.0 -111.679916,40.259975,0.0 -111.70521,40.260525,0.0 -111.737103,40.24018,0.0 -111.762947,40.305614,0.0"
PARK CITY,84060,40.6508,7640,UT,26.36429,-111.506,7474,"-111.552896,40.609143,0.0 -111.567743,40.623989,0.0 -111.457769,40.683375,0.0 -111.435774,40.673477,0.0 -111.552896,40.609143,0.0"
PEOA,84061,40.7605,1153,UT,43.28963,-111.297,1115,"-111.362641,40.737262,0.0 -111.40938,40.798298,0.0 -111.246069,40.810945,0.0 -111.281261,40.70592,0.0 -111.362641,40.737262,0.0"
PLEASANT GROVE,84062,40.3836,27593,UT,10.59934,-111.742,26520,"-111.759648,40.355103,0.0 -111.744801,40.432084,0.0 -111.696962,40.351803,0.0 -111.759648,40.355103,0.0"
RANDLETT,84063,40.2108,76,UT,13.14434,-109.732,76,"-109.737226,40.247328,0.0 -109.723479,40.15385,0.0 -109.782865,40.229182,0.0 -109.737226,40.247328,0.0"
RANDOLPH,84064,41.6273,675,UT,226.06756,-111.239,665,"-111.449521,41.531275,0.0 -111.425876,41.67699,0.0 -111.046466,41.767719,0.0 -111.045916,41.579663,0.0 -111.045916,41.545571,0.0 -111.449521,41.531275,0.0"
RIVERTON,84065,40.4861,34698,UT,68.71305,-112.008,33270,"-111.929557,40.434284,0.0 -112.117613,40.453529,0.0 -112.070324,40.53711,0.0 -111.91746,40.53711,0.0 -111.92021,40.441432,0.0 -111.929557,40.434284,0.0"
ROOSEVELT,84066,40.5916,7766,UT,1130.40028,-110.379,7774,"-109.977519,40.417788,0.0 -109.935179,40.355653,0.0 -109.896688,40.252827,0.0 -109.976419,40.244579,0.0 -110.067698,40.247328,0.0 -110.174922,40.333108,0.0 -110.399269,40.399092,0.0 -110.412466,40.421637,0.0 -110.43721,40.516764,0.0 -110.519691,40.474424,0.0 -110.723143,40.474424,0.0 -110.90295,40.474424,0.0 -110.90185,40.678426,0.0 -110.000613,40.813694,0.0 -109.977519,40.809845,0.0 -109.978069,40.646534,0.0 -109.977519,40.548107,0.0 -110.220012,40.606393,0.0 -110.157326,40.432084,0.0 -109.977519,40.417788,0.0"
ROY,84067,41.1778,35337,UT,10.99488,-112.045,34478,"-112.00324,41.205202,0.0 -112.025235,41.152414,0.0 -112.083521,41.152414,0.0 -112.051629,41.205202,0.0 -112.00324,41.205202,0.0"
RUSH VALLEY,84069,40.2528,288,UT,167.42344,-112.586,261,"-112.55366,40.348504,0.0 -112.422241,40.318811,0.0 -112.558609,40.159349,0.0 -112.565757,40.115359,0.0 -112.741715,40.332008,0.0 -112.55366,40.348504,0.0"
SANDY,84070,40.5764,22353,UT,7.1183,-111.889,22252,"-111.872371,40.609692,0.0 -111.871821,40.544258,0.0 -111.897665,40.544258,0.0 -111.912511,40.587698,0.0 -111.910312,40.598695,0.0 -111.872371,40.609692,0.0"
STOCKTON,84071,40.2689,1004,UT,375.8178,-112.349,910,"-112.55366,40.348504,0.0 -112.560808,40.420537,0.0 -112.209441,40.432084,0.0 -112.178649,40.231382,0.0 -112.280924,40.045526,0.0 -112.558609,40.159349,0.0 -112.422241,40.318811,0.0 -112.55366,40.348504,0.0"
TABIONA,84072,40.3831,494,UT,206.52731,-110.679,479,"-110.497146,40.314962,0.0 -110.698948,40.284719,0.0 -110.896902,40.314962,0.0 -110.896352,40.417238,0.0 -110.723143,40.474424,0.0 -110.519691,40.474424,0.0 -110.510343,40.463427,0.0 -110.505394,40.335307,0.0 -110.497146,40.314962,0.0"
TALMAGE,84073,40.2362,2192,UT,138.44834,-110.558,331,"-110.698948,40.284719,0.0 -110.497146,40.314962,0.0 -110.386622,40.247878,0.0 -110.496596,40.173096,0.0 -110.730841,40.206638,0.0 -110.698948,40.284719,0.0"
TOOELE,84074,40.5528,32325,UT,351.68205,-112.395,28961,"-112.209441,40.432084,0.0 -112.560808,40.420537,0.0 -112.63669,40.741661,0.0 -112.507471,40.570102,0.0 -112.367254,40.566803,0.0 -112.416192,40.679526,0.0 -112.226487,40.724615,0.0 -112.175349,40.584948,0.0 -112.17315,40.467276,0.0 -112.209441,40.432084,0.0"
TRIDELL,84076,40.4663,351,UT,43.54854,-109.809,350,"-109.840601,40.411189,0.0 -109.827404,40.53711,0.0 -109.728428,40.498619,0.0 -109.776266,40.404041,0.0 -109.840601,40.411189,0.0"
VERNAL,84078,40.0999,20469,UT,4182.22498,-109.5,20394,"-109.737226,40.247328,0.0 -109.805959,40.374348,0.0 -109.776266,40.404041,0.0 -109.728428,40.498619,0.0 -109.827404,40.53711,0.0 -109.978069,40.646534,0.0 -109.977519,40.809845,0.0 -109.469989,40.754308,0.0 -109.203302,40.858784,0.0 -109.160962,40.683925,0.0 -109.048239,40.653682,0.0 -109.049888,40.540409,0.0 -109.050988,40.222584,0.0 -109.050988,39.660617,0.0 -109.051538,39.497855,0.0 -110.024258,39.461564,0.0 -110.024258,39.468712,0.0 -109.986867,39.740898,0.0 -109.881841,39.777189,0.0 -109.967621,39.805782,0.0 -109.976419,40.244579,0.0 -109.896688,40.252827,0.0 -109.782865,40.229182,0.0 -109.723479,40.15385,0.0 -109.737226,40.247328,0.0</coordinates></LinearRing></outerBoundaryIs><innerBoundaryIs><LinearRing><coordinates>-109.410603,40.301765,0.0 -109.183507,40.40789,0.0 -109.46339,40.398542,0.0 -109.410603,40.301765,0.0"
VERNON,84080,40.0379,317,UT,244.33765,-112.372,288,"-112.179748,40.011434,0.0 -112.350208,39.904209,0.0 -112.457433,39.904209,0.0 -112.565757,40.115359,0.0 -112.558609,40.159349,0.0 -112.280924,40.045526,0.0 -112.178649,40.231382,0.0 -112.179748,40.011434,0.0"
WALLSBURG,84082,40.3893,915,UT,100.62706,-111.458,853,"-111.611183,40.430985,0.0 -111.486362,40.479923,0.0 -111.527053,40.406241,0.0 -111.428626,40.462877,0.0 -111.339547,40.288568,0.0 -111.611183,40.430985,0.0"
WENDOVER,84083,40.2517,2164,UT,5005.86582,-113.456,2008,"-112.629542,39.552292,0.0 -113.179962,39.552842,0.0 -114.047657,39.542945,0.0 -114.046557,40.117009,0.0 -114.042158,41.0001,0.0 -112.84894,41.0001,0.0 -112.647138,40.752109,0.0 -112.647138,40.74606,0.0 -112.927572,40.816444,0.0 -113.135972,40.699871,0.0 -113.269591,40.342456,0.0 -113.701788,40.32486,0.0 -113.701239,39.905309,0.0 -112.457433,39.904209,0.0 -112.350208,39.904209,0.0 -112.629542,39.552292,0.0"
WEST JORDAN,84084,40.6236,45878,UT,10.90431,-111.978,45168,"-112.024135,40.609692,0.0 -111.938905,40.638286,0.0 -111.921859,40.628938,0.0 -111.921309,40.609692,0.0 -112.024135,40.609692,0.0"
WHITEROCKS,84085,40.4833,954,UT,101.76239,-109.919,943,"-109.856547,40.363351,0.0 -109.935179,40.355653,0.0 -109.977519,40.417788,0.0 -109.977519,40.548107,0.0 -109.978069,40.646534,0.0 -109.827404,40.53711,0.0 -109.840601,40.411189,0.0 -109.856547,40.363351,0.0"
WOODRUFF,84086,41.3963,365,UT,422.112,-111.229,361,"-111.045916,41.545571,0.0 -111.046466,41.251941,0.0 -111.264765,41.144166,0.0 -111.259266,41.289332,0.0 -111.420378,41.361365,0.0 -111.511106,41.42295,0.0 -111.449521,41.531275,0.0 -111.045916,41.545571,0.0"
WEST JORDAN,84088,40.5889,40996,UT,20.48066,-112.005,39354,"-112.055478,40.609143,0.0 -112.024135,40.609692,0.0 -111.921309,40.609692,0.0 -111.910312,40.598695,0.0 -111.912511,40.587698,0.0 -112.062076,40.558555,0.0 -112.080222,40.586598,0.0 -112.055478,40.609143,0.0"
SANDY,84092,40.5644,30120,UT,14.4109,-111.809,29946,"-111.853125,40.529411,0.0 -111.853125,40.580549,0.0 -111.79374,40.589347,0.0 -111.74975,40.571202,0.0 -111.811885,40.53436,0.0 -111.853125,40.529411,0.0"
SANDY,84093,40.5951,26258,UT,5.67803,-111.829,26503,"-111.853125,40.580549,0.0 -111.853125,40.609692,0.0 -111.850376,40.615741,0.0 -111.79374,40.589347,0.0 -111.853125,40.580549,0.0"
SANDY,84094,40.5718,28649,UT,5.17141,-111.862,28571,"-111.853125,40.529411,0.0 -111.871821,40.544258,0.0 -111.872371,40.609692,0.0 -111.853125,40.609692,0.0 -111.853125,40.580549,0.0 -111.853125,40.529411,0.0"
SOUTH JORDAN,84095,40.5571,31708,UT,22.01399,-111.974,30305,"-112.062076,40.558555,0.0 -111.912511,40.587698,0.0 -111.897665,40.544258,0.0 -111.91746,40.53711,0.0 -112.070324,40.53711,0.0 -112.062076,40.558555,0.0"
OREM,84097,40.305,21468,UT,5.73363,-111.674,21085,"-111.648574,40.32596,0.0 -111.679916,40.259975,0.0 -111.685965,40.296816,0.0 -111.686515,40.333658,0.0 -111.677717,40.333658,0.0 -111.648574,40.32596,0.0"
PARK CITY,84098,40.742,14076,UT,76.21386,-111.544,13220,"-111.567743,40.623989,0.0 -111.596886,40.659731,0.0 -111.640876,40.798848,0.0 -111.498459,40.835689,0.0 -111.457769,40.683375,0.0 -111.567743,40.623989,0.0"
SALT LAKE CITY,84101,40.7561,3317,UT,1.84863,-111.9,3243,"-111.891067,40.741661,0.0 -111.908662,40.741661,0.0 -111.908112,40.769155,0.0 -111.905363,40.771354,0.0 -111.891067,40.769155,0.0 -111.891067,40.741661,0.0"
SALT LAKE CITY,84102,40.7598,17058,UT,1.74347,-111.864,16843,"-111.87677,40.749909,0.0 -111.87677,40.769155,0.0 -111.848177,40.768055,0.0 -111.852576,40.758707,0.0 -111.852576,40.751559,0.0 -111.87677,40.749909,0.0"
SALT LAKE CITY,84104,40.7475,23145,UT,17.95962,-111.968,22549,"-112.025235,40.771354,0.0 -111.908112,40.769155,0.0 -111.908662,40.741661,0.0 -111.908662,40.725715,0.0 -111.977396,40.726265,0.0 -112.024685,40.725715,0.0 -112.025235,40.771354,0.0"
SALT LAKE CITY,84106,40.7062,33201,UT,5.97172,-111.855,33072,"-111.87677,40.687224,0.0 -111.87677,40.725715,0.0 -111.843778,40.725715,0.0 -111.83443,40.725715,0.0 -111.83388,40.687224,0.0 -111.865772,40.687224,0.0 -111.87677,40.687224,0.0"
SALT LAKE CITY,84107,40.6579,30915,UT,7.66522,-111.884,30762,"-111.865772,40.649833,0.0 -111.865772,40.630038,0.0 -111.902064,40.627288,0.0 -111.902614,40.686674,0.0 -111.87677,40.687224,0.0 -111.865772,40.687224,0.0 -111.865223,40.674577,0.0 -111.865772,40.649833,0.0"
SALT LAKE CITY,84109,40.7059,23832,UT,6.71466,-111.81,23889,"-111.83443,40.725715,0.0 -111.786041,40.714168,0.0 -111.777243,40.690523,0.0 -111.83388,40.687224,0.0 -111.83443,40.725715,0.0"
SALT LAKE CITY,84111,40.7557,9914,UT,1.45289,-111.884,10573,"-111.87677,40.741661,0.0 -111.891067,40.741661,0.0 -111.891067,40.769155,0.0 -111.87677,40.769155,0.0 -111.87677,40.749909,0.0 -111.87677,40.741661,0.0"
SALT LAKE CITY,84112,40.7649,1423,UT,0.75976,-111.843,1465,"-111.838279,40.773554,0.0 -111.83608,40.757058,0.0 -111.852576,40.758707,0.0 -111.848177,40.768055,0.0 -111.838279,40.773554,0.0"
SALT LAKE CITY,84113,40.773,572,UT,1.03984,-111.828,566,"-111.838279,40.773554,0.0 -111.83498,40.779602,0.0 -111.814635,40.777403,0.0 -111.83608,40.757058,0.0 -111.838279,40.773554,0.0"
SALT LAKE CITY,84115,40.7144,24508,UT,6.19426,-111.893,25127,"-111.909762,40.687224,0.0 -111.908662,40.725715,0.0 -111.908662,40.741661,0.0 -111.891067,40.741661,0.0 -111.87677,40.741661,0.0 -111.87677,40.725715,0.0 -111.87677,40.687224,0.0 -111.902614,40.686674,0.0 -111.909762,40.687224,0.0"
SALT LAKE CITY,84116,40.7949,32575,UT,18.10333,-111.953,31760,"-111.949353,40.841738,0.0 -111.915811,40.821942,0.0 -111.910312,40.799947,0.0 -111.905363,40.771354,0.0 -111.908112,40.769155,0.0 -112.025235,40.771354,0.0 -111.949353,40.841738,0.0"
SALT LAKE CITY,84117,40.6614,23394,UT,5.68561,-111.834,23368,"-111.804187,40.647084,0.0 -111.865772,40.649833,0.0 -111.865223,40.674577,0.0 -111.804187,40.647084,0.0"
SALT LAKE CITY,84118,40.6521,64362,UT,19.43761,-112.02,63963,"-112.024135,40.609692,0.0 -112.055478,40.609143,0.0 -112.063176,40.681725,0.0 -112.024685,40.668529,0.0 -111.976846,40.667429,0.0 -111.938905,40.667979,0.0 -111.938905,40.638286,0.0 -112.024135,40.609692,0.0"
SALT LAKE CITY,84119,40.7003,49259,UT,12.49118,-111.946,48379,"-111.976846,40.667429,0.0 -111.977396,40.726265,0.0 -111.908662,40.725715,0.0 -111.909762,40.687224,0.0 -111.938905,40.667979,0.0 -111.976846,40.667429,0.0"
SALT LAKE CITY,84120,40.6968,45362,UT,10.15534,-112.001,45213,"-111.976846,40.667429,0.0 -112.024685,40.668529,0.0 -112.024685,40.725715,0.0 -111.977396,40.726265,0.0 -111.976846,40.667429,0.0"
SALT LAKE CITY,84123,40.6582,36292,UT,7.66878,-111.92,35157,"-111.938905,40.638286,0.0 -111.938905,40.667979,0.0 -111.909762,40.687224,0.0 -111.902614,40.686674,0.0 -111.902064,40.627288,0.0 -111.921859,40.628938,0.0 -111.938905,40.638286,0.0"
SALT LAKE CITY,84124,40.6772,21148,UT,5.565,-111.814,21251,"-111.799788,40.649283,0.0 -111.804187,40.647084,0.0 -111.865223,40.674577,0.0 -111.865772,40.687224,0.0 -111.83388,40.687224,0.0 -111.777243,40.690523,0.0 -111.799788,40.649283,0.0"
SALT LAKE CITY,84128,40.6994,21570,UT,7.17084,-112.043,21150,"-112.063176,40.681725,0.0 -112.024685,40.725715,0.0 -112.024685,40.668529,0.0 -112.063176,40.681725,0.0"
BRIGHAM CITY,84302,41.5078,21466,UT,112.43075,-112.098,21170,"-112.020286,41.454843,0.0 -112.065925,41.42185,0.0 -112.317216,41.393257,0.0 -112.227587,41.482886,0.0 -112.291372,41.432298,0.0 -112.136858,41.499932,0.0 -112.094518,41.585162,0.0 -112.056028,41.661594,0.0 -112.015887,41.658844,0.0 -112.013688,41.639049,0.0 -111.992792,41.553819,0.0 -112.020286,41.454843,0.0"
CLARKSTON,84305,41.9105,739,UT,21.09575,-112.021,730,"-111.957601,41.917833,0.0 -112.04668,41.850749,0.0 -112.080772,41.897488,0.0 -111.973547,41.949176,0.0 -111.957601,41.917833,0.0"
COLLINSTON,84306,41.787,413,UT,28.29951,-112.067,436,"-112.122012,41.753422,0.0 -112.115413,41.792463,0.0 -112.08737,41.836452,0.0 -112.04668,41.850749,0.0 -112.021936,41.778716,0.0 -112.032383,41.756721,0.0 -112.121462,41.746824,0.0 -112.122012,41.753422,0.0"
CORINNE,84307,41.5062,1134,UT,494.97517,-112.493,1085,"-112.339211,41.234345,0.0 -112.34031,41.233245,0.0 -112.492624,41.218948,0.0 -112.548711,41.435597,0.0 -112.703774,41.458692,0.0 -112.843441,41.698435,0.0 -112.855539,41.704484,0.0 -112.324364,41.607157,0.0 -112.148956,41.579113,0.0 -112.094518,41.585162,0.0 -112.136858,41.499932,0.0 -112.227587,41.482886,0.0 -112.317216,41.393257,0.0 -112.402446,41.430648,0.0 -112.34251,41.482886,0.0 -112.422241,41.442196,0.0 -112.339211,41.234345,0.0"
CORNISH,84308,41.9639,305,UT,45.97113,-112.054,240,"-112.080772,41.897488,0.0 -112.163802,41.996465,0.0 -112.109365,41.997564,0.0 -111.944954,41.998664,0.0 -111.944404,41.959074,0.0 -111.973547,41.949176,0.0 -112.080772,41.897488,0.0"
DEWEYVILLE,84309,41.7034,380,UT,19.27425,-112.074,376,"-112.032383,41.756721,0.0 -112.015887,41.658844,0.0 -112.056028,41.661594,0.0 -112.091769,41.669292,0.0 -112.121462,41.746824,0.0 -112.032383,41.756721,0.0"
EDEN,84310,41.337,3493,UT,75.36569,-111.872,3304,"-111.927908,41.236544,0.0 -111.929008,41.271736,0.0 -111.962,41.364114,0.0 -111.962,41.427899,0.0 -111.886668,41.426799,0.0 -111.781642,41.37951,0.0 -111.746451,41.299229,0.0 -111.927908,41.235445,0.0 -111.927908,41.236544,0.0"
FIELDING,84311,41.8305,688,UT,9.07896,-112.119,646,"-112.115413,41.792463,0.0 -112.158853,41.857348,0.0 -112.08737,41.836452,0.0 -112.115413,41.792463,0.0"
GARLAND,84312,41.7782,3804,UT,46.77357,-112.187,3675,"-112.25728,41.746274,0.0 -112.169851,41.859547,0.0 -112.158853,41.857348,0.0 -112.115413,41.792463,0.0 -112.122012,41.753422,0.0 -112.25728,41.746274,0.0"
GROUSE CREEK,84313,41.3981,143,UT,2979.2038,-113.55,141,"-112.84894,41.0001,0.0 -114.042158,41.0001,0.0 -114.041608,41.993715,0.0 -113.764474,41.989316,0.0 -113.649001,41.990966,0.0 -113.751277,41.894739,0.0 -113.513183,41.767719,0.0 -113.560472,41.618154,0.0 -113.214054,41.674241,0.0 -113.284437,41.401505,0.0 -113.128824,41.284933,0.0 -113.046343,41.399306,0.0 -113.106279,41.746274,0.0 -112.855539,41.704484,0.0 -112.843441,41.698435,0.0 -113.024898,41.637949,0.0 -113.074937,41.502132,0.0 -113.033696,41.283283,0.0 -112.813199,41.186506,0.0 -112.84894,41.0001,0.0"
HONEYVILLE,84314,41.6283,1816,UT,16.54192,-112.107,1773,"-112.148956,41.579113,0.0 -112.091769,41.669292,0.0 -112.056028,41.661594,0.0 -112.094518,41.585162,0.0 -112.148956,41.579113,0.0"
HOOPER,84315,41.1885,6668,UT,36.29296,-112.148,6490,"-112.083521,41.152414,0.0 -112.189646,41.152964,0.0 -112.240234,41.217299,0.0 -112.123662,41.234895,0.0 -112.051629,41.205202,0.0 -112.083521,41.152414,0.0"
HUNTSVILLE,84317,41.3046,2655,UT,257.27822,-111.645,2544,"-111.924059,41.221698,0.0 -111.927908,41.235445,0.0 -111.746451,41.299229,0.0 -111.781642,41.37951,0.0 -111.511106,41.42295,0.0 -111.420378,41.361365,0.0 -111.529252,41.229946,0.0 -111.872921,41.187606,0.0 -111.924059,41.221698,0.0"
HYDE PARK,84318,41.8041,3308,UT,5.65263,-111.803,3009,"-111.765696,41.794662,0.0 -111.83333,41.799061,0.0 -111.766246,41.818307,0.0 -111.765696,41.794662,0.0"
HYRUM,84319,41.6112,7042,UT,23.17205,-111.847,6914,"-111.888317,41.578563,0.0 -111.83278,41.651146,0.0 -111.801988,41.626952,0.0 -111.794289,41.624753,0.0 -111.794289,41.578563,0.0 -111.888317,41.578563,0.0"
LEWISTON,84320,41.9639,2326,UT,39.65162,-111.866,2287,"-111.906463,41.922232,0.0 -111.944404,41.959074,0.0 -111.944954,41.998664,0.0 -111.933407,41.998664,0.0 -111.87622,41.998664,0.0 -111.780543,41.999214,0.0 -111.906463,41.922232,0.0"
LOGAN,84321,41.6827,35206,UT,757.94735,-111.647,34848,"-111.794289,41.624753,0.0 -111.820133,41.72153,0.0 -111.801988,41.626952,0.0 -111.83278,41.651146,0.0 -111.933956,41.692387,0.0 -111.953752,41.746274,0.0 -111.846527,41.787514,0.0 -111.812435,41.744624,0.0 -111.806387,41.744624,0.0 -111.765696,41.794662,0.0 -111.766246,41.818307,0.0 -111.757998,41.868895,0.0 -111.739852,41.999214,0.0 -111.507257,41.999764,0.0 -111.462168,41.812808,0.0 -111.425876,41.67699,0.0 -111.449521,41.531275,0.0 -111.511106,41.42295,0.0 -111.781642,41.37951,0.0 -111.886668,41.426799,0.0 -111.883918,41.495533,0.0 -111.794289,41.578563,0.0 -111.794289,41.624753,0.0"
MANTUA,84324,41.4804,811,UT,38.88368,-111.944,805,"-111.962,41.427899,0.0 -112.020286,41.454843,0.0 -111.992792,41.553819,0.0 -111.953752,41.55052,0.0 -111.883918,41.495533,0.0 -111.886668,41.426799,0.0 -111.962,41.427899,0.0"
MENDON,84325,41.7099,1562,UT,34.51196,-111.996,1508,"-112.032383,41.756721,0.0 -112.021936,41.778716,0.0 -111.953752,41.746274,0.0 -111.933956,41.692387,0.0 -112.013688,41.639049,0.0 -112.015887,41.658844,0.0 -112.032383,41.756721,0.0"
PARADISE,84328,41.5375,1212,UT,36.296,-111.857,1173,"-111.953752,41.55052,0.0 -111.888317,41.578563,0.0 -111.794289,41.578563,0.0 -111.883918,41.495533,0.0 -111.953752,41.55052,0.0"
PARK VALLEY,84329,41.765,284,UT,799.13172,-113.334,280,"-113.649001,41.990966,0.0 -113.000704,41.998114,0.0 -112.979259,41.998114,0.0 -113.081535,41.954125,0.0 -113.106279,41.746274,0.0 -113.046343,41.399306,0.0 -113.128824,41.284933,0.0 -113.284437,41.401505,0.0 -113.214054,41.674241,0.0 -113.560472,41.618154,0.0 -113.513183,41.767719,0.0 -113.751277,41.894739,0.0 -113.649001,41.990966,0.0"
PLYMOUTH,84330,41.8809,370,UT,22.99171,-112.141,356,"-112.04668,41.850749,0.0 -112.08737,41.836452,0.0 -112.158853,41.857348,0.0 -112.169851,41.859547,0.0 -112.230886,41.943127,0.0 -112.080772,41.897488,0.0 -112.04668,41.850749,0.0"
PORTAGE,84331,41.9431,335,UT,37.09078,-112.173,322,"-112.080772,41.897488,0.0 -112.230886,41.943127,0.0 -112.243533,42.001413,0.0 -112.163802,41.996465,0.0 -112.080772,41.897488,0.0"
PROVIDENCE,84332,41.6822,6287,UT,8.28074,-111.813,6123,"-111.801988,41.626952,0.0 -111.820133,41.72153,0.0 -111.794289,41.624753,0.0 -111.801988,41.626952,0.0"
RICHMOND,84333,41.9197,2307,UT,33.38598,-111.803,2304,"-111.757998,41.868895,0.0 -111.908662,41.896938,0.0 -111.906463,41.922232,0.0 -111.780543,41.999214,0.0 -111.739852,41.999214,0.0 -111.757998,41.868895,0.0"
SNOWVILLE,84336,41.8469,613,UT,892.62113,-112.658,606,"-113.106279,41.746274,0.0 -113.081535,41.954125,0.0 -112.979259,41.998114,0.0 -112.243533,42.001413,0.0 -112.230886,41.943127,0.0 -112.169851,41.859547,0.0 -112.25728,41.746274,0.0 -112.394747,41.815008,0.0 -112.433238,41.658295,0.0 -112.324364,41.607157,0.0 -112.855539,41.704484,0.0 -113.106279,41.746274,0.0"
TREMONTON,84337,41.6857,9030,UT,168.85825,-112.273,8872,"-112.25728,41.746274,0.0 -112.122012,41.753422,0.0 -112.121462,41.746824,0.0 -112.091769,41.669292,0.0 -112.148956,41.579113,0.0 -112.324364,41.607157,0.0 -112.433238,41.658295,0.0 -112.394747,41.815008,0.0 -112.25728,41.746274,0.0"
TRENTON,84338,41.9178,460,UT,9.72194,-111.937,514,"-111.908662,41.896938,0.0 -111.957601,41.917833,0.0 -111.973547,41.949176,0.0 -111.944404,41.959074,0.0 -111.906463,41.922232,0.0 -111.908662,41.896938,0.0"
WELLSVILLE,84339,41.6221,3823,UT,52.02239,-111.939,3630,"-112.013688,41.639049,0.0 -111.933956,41.692387,0.0 -111.83278,41.651146,0.0 -111.888317,41.578563,0.0 -111.953752,41.55052,0.0 -111.992792,41.553819,0.0 -112.013688,41.639049,0.0"
WILLARD,84340,41.3663,2266,UT,58.18257,-112.11,2202,"-111.962,41.364114,0.0 -112.027984,41.336621,0.0 -112.309518,41.264588,0.0 -112.065925,41.42185,0.0 -112.020286,41.454843,0.0 -111.962,41.427899,0.0 -111.962,41.364114,0.0"
LOGAN,84341,41.7718,18207,UT,10.76232,-111.81,18239,"-111.812435,41.744624,0.0 -111.846527,41.787514,0.0 -111.83333,41.799061,0.0 -111.765696,41.794662,0.0 -111.806387,41.744624,0.0 -111.812435,41.744624,0.0"
OGDEN,84401,41.2234,28265,UT,21.6253,-112.027,27729,"-111.924059,41.221698,0.0 -111.970798,41.199703,0.0 -112.00324,41.205202,0.0 -112.051629,41.205202,0.0 -112.123662,41.234895,0.0 -111.927908,41.236544,0.0 -111.927908,41.235445,0.0 -111.924059,41.221698,0.0"
OGDEN,84403,41.1781,35463,UT,23.96452,-111.915,35194,"-111.856425,41.139217,0.0 -111.970798,41.199703,0.0 -111.924059,41.221698,0.0 -111.872921,41.187606,0.0 -111.856425,41.139217,0.0"
OGDEN,84404,41.2788,46103,UT,117.01396,-112.128,45254,"-112.123662,41.234895,0.0 -112.240234,41.217299,0.0 -112.34031,41.233245,0.0 -112.339211,41.234345,0.0 -112.309518,41.264588,0.0 -112.027984,41.336621,0.0 -111.929008,41.271736,0.0 -111.927908,41.236544,0.0 -112.123662,41.234895,0.0"
OGDEN,84405,41.1501,26205,UT,19.75561,-111.947,25300,"-112.024135,41.152414,0.0 -112.025235,41.152414,0.0 -112.00324,41.205202,0.0 -111.970798,41.199703,0.0 -111.856425,41.139217,0.0 -111.854225,41.108974,0.0 -111.92021,41.116123,0.0 -112.024135,41.152414,0.0"
OGDEN,84414,41.3183,20965,UT,27.81264,-111.955,20516,"-112.027984,41.336621,0.0 -111.962,41.364114,0.0 -111.929008,41.271736,0.0 -112.027984,41.336621,0.0"
PRICE,84501,39.5473,12292,UT,206.91454,-110.891,12399,"-110.720943,39.469262,0.0 -111.108601,39.542395,0.0 -110.793526,39.677663,0.0 -110.6929,39.583635,0.0 -110.77813,39.575387,0.0 -110.720943,39.469262,0.0"
ANETH,84510,37.1796,4028,UT,860.80723,-109.345,4000,"-109.710282,36.998696,0.0 -109.715231,37.198849,0.0 -109.334721,37.267582,0.0 -109.449094,37.368209,0.0 -109.400705,37.44684,0.0 -109.214299,37.431994,0.0 -109.046039,37.359961,0.0 -109.046039,37.329168,0.0 -109.045489,37.240089,0.0 -109.045489,36.999246,0.0 -109.699285,36.998146,0.0 -109.710282,36.998696,0.0"
BLANDING,84511,37.686,4586,UT,2363.37386,-109.771,4635,"-109.715231,37.198849,0.0 -109.892289,37.148261,0.0 -110.076495,37.245038,0.0 -109.947276,37.315421,0.0 -109.879092,37.551865,0.0 -110.168324,37.642594,0.0 -110.371226,37.890035,0.0 -110.193068,37.884537,0.0 -109.787264,38.29529,0.0 -109.568965,38.085789,0.0 -109.649796,37.921378,0.0 -109.25224,37.596405,0.0 -109.214299,37.431994,0.0 -109.400705,37.44684,0.0 -109.449094,37.368209,0.0 -109.334721,37.267582,0.0 -109.715231,37.198849,0.0"
EAST CARBON,84520,39.6373,1810,UT,734.74484,-110.291,1802,"-110.603821,39.469812,0.0 -110.642862,39.593533,0.0 -110.601071,39.735399,0.0 -110.341533,39.806882,0.0 -110.063299,39.806332,0.0 -109.967621,39.805782,0.0 -109.881841,39.777189,0.0 -109.986867,39.740898,0.0 -110.024258,39.468712,0.0 -110.603821,39.469812,0.0"
FERRON,84523,38.8528,2356,UT,798.72915,-111.131,2373,"-111.306005,38.510289,0.0 -111.298857,38.788523,0.0 -111.299406,39.032115,0.0 -111.299406,39.211373,0.0 -110.811672,39.087102,0.0 -111.1152,38.785774,0.0 -110.833666,38.499841,0.0 -111.306005,38.510289,0.0"
GREEN RIVER,84525,38.9062,1081,UT,2577.90711,-110.488,1066,"-110.024258,39.461564,0.0 -110.172723,38.866055,0.0 -110.025358,38.499841,0.0 -110.833666,38.499841,0.0 -111.1152,38.785774,0.0 -110.811672,39.087102,0.0 -110.328336,39.231718,0.0 -110.643961,39.469262,0.0 -110.603821,39.469812,0.0 -110.024258,39.468712,0.0 -110.024258,39.461564,0.0"
HELPER,84526,39.7182,4092,UT,491.39131,-110.9,4174,"-110.642862,39.593533,0.0 -110.6929,39.583635,0.0 -110.793526,39.677663,0.0 -111.108601,39.542395,0.0 -111.247169,39.704606,0.0 -111.247719,39.812931,0.0 -110.857861,39.813481,0.0 -110.341533,39.806882,0.0 -110.601071,39.735399,0.0 -110.642862,39.593533,0.0"
HUNTINGTON,84528,39.3176,7486,UT,1077.3498,-110.893,7499,"-111.299406,39.211373,0.0 -111.301056,39.296053,0.0 -111.301056,39.389531,0.0 -111.247169,39.572638,0.0 -111.247169,39.704606,0.0 -111.108601,39.542395,0.0 -110.720943,39.469262,0.0 -110.643961,39.469262,0.0 -110.328336,39.231718,0.0 -110.811672,39.087102,0.0 -111.299406,39.211373,0.0"
MEXICAN HAT,84531,37.1283,783,UT,425.07374,-110,775,"-110.176022,36.998146,0.0 -110.127633,37.103721,0.0 -110.293694,37.284079,0.0 -110.076495,37.245038,0.0 -109.892289,37.148261,0.0 -109.715231,37.198849,0.0 -109.710282,36.998696,0.0 -110.000613,36.998146,0.0 -110.176022,36.998146,0.0"
MOAB,84532,38.6899,8431,UT,629.23283,-109.256,8283,"-109.145565,39.015069,0.0 -109.052088,39.021668,0.0 -109.059786,38.499841,0.0 -109.651446,38.499841,0.0 -109.145565,39.015069,0.0"
LAKE POWELL,84533,37.4609,126,UT,1239.36858,-110.361,126,"-110.371226,37.890035,0.0 -110.168324,37.642594,0.0 -109.879092,37.551865,0.0 -109.947276,37.315421,0.0 -110.076495,37.245038,0.0 -110.293694,37.284079,0.0 -110.888104,37.181803,0.0 -110.863909,37.348963,0.0 -110.731941,37.286828,0.0 -110.747887,37.399001,0.0 -110.640662,37.417697,0.0 -110.736889,37.457288,0.0 -110.56588,37.461687,0.0 -110.664306,37.504576,0.0 -110.416315,37.713527,0.0 -110.470202,37.789959,0.0 -110.371226,37.890035,0.0"
MONTICELLO,84535,38.0926,3069,UT,2232.97657,-109.379,3046," -109.059786,38.499841,0.0 -109.04219,38.152873,0.0 -109.04164,37.881237,0.0 -109.04329,37.484781,0.0 -109.046039,37.359961,0.0 -109.214299,37.431994,0.0 -109.25224,37.596405,0.0 -109.649796,37.921378,0.0 -109.568965,38.085789,0.0 -109.787264,38.29529,0.0 -109.651446,38.499841,0.0 -109.059786,38.499841,0.0 -110.025358,38.499841,0.0 -109.653096,38.499841,0.0 -109.88624,38.189715,0.0 -110.025358,38.499841,0.0"
MONUMENT VALLEY,84536,37.1033,1728,UT,736.10971,-110.608,1710,"-110.176022,36.998146,0.0 -110.467453,36.998146,0.0 -110.750636,37.003095,0.0 -111.140494,37.000896,0.0 -111.166338,37.096023,0.0 -110.983781,37.073478,0.0 -110.888104,37.181803,0.0 -110.293694,37.284079,0.0 -110.127633,37.103721,0.0 -110.176022,36.998146,0.0"
THOMPSON,84540,39.0395,253,UT,3040.63107,-109.636,243," -110.025358,38.499841,0.0 -110.172723,38.866055,0.0 -110.024258,39.461564,0.0 -109.051538,39.497855,0.0 -109.050988,39.366436,0.0 -109.051538,39.117345,0.0 -109.653096,38.499841,0.0 -110.025358,38.499841,0.0 -109.051538,39.115696,0.0 -109.052088,39.021668,0.0 -109.145565,39.015069,0.0 -109.051538,39.115696,0.0"
WELLINGTON,84542,39.5367,2040,UT,53.89244,-110.665,2049,"-110.643961,39.469262,0.0 -110.720943,39.469262,0.0 -110.77813,39.575387,0.0 -110.6929,39.583635,0.0 -110.642862,39.593533,0.0 -110.603821,39.469812,0.0 -110.643961,39.469262,0.0"
PROVO,84601,40.2277,28698,UT,10.76282,-111.695,27800,"-111.655172,40.203339,0.0 -111.660121,40.200039,0.0 -111.737103,40.24018,0.0 -111.70521,40.260525,0.0 -111.658471,40.244579,0.0 -111.655172,40.203339,0.0"
PROVO,84604,40.2923,48934,UT,48.48389,-111.597,48085,"-111.649674,40.246228,0.0 -111.658471,40.244579,0.0 -111.70521,40.260525,0.0 -111.679916,40.259975,0.0 -111.648574,40.32596,0.0 -111.519354,40.334208,0.0 -111.574341,40.24128,0.0 -111.645824,40.245679,0.0 -111.649674,40.246228,0.0"
AXTELL,84621,39.0762,207,UT,52.38817,-111.919,203,"-111.79209,39.076105,0.0 -111.802537,39.033215,0.0 -112.014237,39.045312,0.0 -112.014787,39.132742,0.0 -111.79209,39.076105,0.0"
CENTERFIELD,84622,39.1193,1288,UT,35.23107,-111.864,1250,"-111.761847,39.129442,0.0 -111.79209,39.076105,0.0 -112.014787,39.132742,0.0 -112.015337,39.158036,0.0 -111.761847,39.129442,0.0"
DELTA,84624,39.4156,6655,UT,718.56818,-112.51,6661,"-112.652636,39.290004,0.0 -112.791204,39.429122,0.0 -113.179962,39.552842,0.0 -112.629542,39.552292,0.0 -112.354607,39.553942,0.0 -112.191296,39.537996,0.0 -112.156104,39.329595,0.0 -112.184697,39.215772,0.0 -112.410144,39.203125,0.0 -112.652636,39.290004,0.0"
EPHRAIM,84627,39.3519,4767,UT,93.71437,-111.453,4680,"-111.301056,39.296053,0.0 -111.632078,39.368636,0.0 -111.301056,39.389531,0.0 -111.301056,39.296053,0.0"
EUREKA,84628,39.758,831,UT,448.43022,-112.326,794,"-112.350208,39.904209,0.0 -112.179748,40.011434,0.0 -112.054928,39.897061,0.0 -112.090119,39.782138,0.0 -112.354607,39.553942,0.0 -112.629542,39.552292,0.0 -112.350208,39.904209,0.0"
FAIRVIEW,84629,39.6861,3266,UT,373.70003,-111.473,3151,"-111.715658,39.547893,0.0 -111.718407,39.694709,0.0 -111.584789,39.743097,0.0 -111.641975,39.812931,0.0 -111.247719,39.812931,0.0 -111.247169,39.704606,0.0 -111.247169,39.572638,0.0 -111.715658,39.547893,0.0"
FAYETTE,84630,39.2988,244,UT,216.21467,-111.829,239,"-111.643075,39.365337,0.0 -111.70576,39.22237,0.0 -112.015887,39.239416,0.0 -112.015887,39.314199,0.0 -111.74755,39.441769,0.0 -111.643075,39.365337,0.0"
FILLMORE,84631,38.9031,4475,UT,2063.37952,-112.597,4452,"-112.219339,38.751132,0.0 -112.294121,38.683498,0.0 -112.310617,38.676349,0.0 -112.515169,38.572424,0.0 -112.752163,38.572424,0.0 -113.118376,38.575173,0.0 -113.170064,38.730787,0.0 -113.000704,39.088202,0.0 -112.951766,39.154187,0.0 -112.410144,39.203125,0.0 -112.184697,39.215772,0.0 -112.156104,39.329595,0.0 -112.015887,39.314199,0.0 -112.015887,39.239416,0.0 -112.015337,39.158036,0.0 -112.014787,39.132742,0.0 -112.014237,39.045312,0.0 -112.132459,38.935338,0.0 -112.219339,38.751132,0.0"
GUNNISON,84634,39.1773,2474,UT,69.12959,-111.88,2441,"-111.70576,39.22237,0.0 -111.761847,39.129442,0.0 -112.015337,39.158036,0.0 -112.015887,39.239416,0.0 -111.70576,39.22237,0.0"
HINCKLEY,84635,39.3556,864,UT,69.28189,-112.762,859,"-112.652636,39.290004,0.0 -112.776907,39.3098,0.0 -112.897879,39.337843,0.0 -112.791204,39.429122,0.0 -112.652636,39.290004,0.0"
MANTI,84642,39.1677,4228,UT,458.32638,-111.523,4157,"-111.79209,39.076105,0.0 -111.761847,39.129442,0.0 -111.70576,39.22237,0.0 -111.643075,39.365337,0.0 -111.632078,39.368636,0.0 -111.301056,39.296053,0.0 -111.299406,39.211373,0.0 -111.299406,39.032115,0.0 -111.802537,39.033215,0.0 -111.79209,39.076105,0.0"
MONA,84645,39.8514,1518,UT,81.16655,-111.84,1432,"-111.766246,39.810731,0.0 -111.964199,39.827227,0.0 -111.83278,39.927854,0.0 -111.766246,39.810731,0.0"
MOUNT PLEASANT,84647,39.4855,6820,UT,304.35063,-111.482,6642,"-111.643075,39.365337,0.0 -111.74755,39.441769,0.0 -111.715658,39.547893,0.0 -111.247169,39.572638,0.0 -111.301056,39.389531,0.0 -111.632078,39.368636,0.0 -111.643075,39.365337,0.0"
NEPHI,84648,39.5843,5923,UT,858.48659,-111.969,5744,"-111.74755,39.441769,0.0 -112.015887,39.314199,0.0 -112.156104,39.329595,0.0 -112.191296,39.537996,0.0 -112.354607,39.553942,0.0 -112.090119,39.782138,0.0 -111.964199,39.827227,0.0 -111.766246,39.810731,0.0 -111.676067,39.812931,0.0 -111.641975,39.812931,0.0 -111.584789,39.743097,0.0 -111.718407,39.694709,0.0 -111.715658,39.547893,0.0 -111.74755,39.441769,0.0"
OASIS,84650,39.2152,234,UT,231.07619,-112.675,233,"-112.951766,39.154187,0.0 -112.776907,39.3098,0.0 -112.652636,39.290004,0.0 -112.410144,39.203125,0.0 -112.951766,39.154187,0.0"
PAYSON,84651,40.0298,17464,UT,38.46065,-111.741,16877,"-111.699162,39.991089,0.0 -111.800888,40.085116,0.0 -111.682666,40.055423,0.0 -111.699162,39.991089,0.0"
SALEM,84653,40.0051,6096,UT,30.6598,-111.646,5757,"-111.633727,39.949848,0.0 -111.699162,39.991089,0.0 -111.682666,40.055423,0.0 -111.585339,40.013633,0.0 -111.633727,39.949848,0.0"
SALINA,84654,38.9343,4638,UT,525.5434,-111.639,4552,"-111.298857,38.788523,0.0 -112.132459,38.935338,0.0 -112.014237,39.045312,0.0 -111.802537,39.033215,0.0 -111.299406,39.032115,0.0 -111.298857,38.788523,0.0"
SANTAQUIN,84655,39.9514,6633,UT,119.94504,-111.757,6278,"-111.676067,39.812931,0.0 -111.766246,39.810731,0.0 -111.83278,39.927854,0.0 -111.881169,40.02903,0.0 -111.811885,40.143953,0.0 -111.800888,40.085116,0.0 -111.699162,39.991089,0.0 -111.633727,39.949848,0.0 -111.676067,39.812931,0.0"
SPANISH FORK,84660,40.105,24402,UT,76.75757,-111.681,23504,"-111.800888,40.085116,0.0 -111.811885,40.143953,0.0 -111.660121,40.200039,0.0 -111.655172,40.203339,0.0 -111.646374,40.187942,0.0 -111.602385,40.139554,0.0 -111.582589,40.077418,0.0 -111.585339,40.013633,0.0 -111.682666,40.055423,0.0 -111.800888,40.085116,0.0"
SPRINGVILLE,84663,40.1618,20701,UT,12.21203,-111.61,20087,"-111.547948,40.145052,0.0 -111.602385,40.139554,0.0 -111.646374,40.187942,0.0 -111.600185,40.183543,0.0 -111.547948,40.145052,0.0"
MAPLETON,84664,40.1196,6175,UT,12.1669,-111.577,5948,"-111.582589,40.077418,0.0 -111.602385,40.139554,0.0 -111.547948,40.145052,0.0 -111.582589,40.077418,0.0"
RICHFIELD,84701,38.7084,10107,UT,974.23584,-111.726,10002,"-111.913611,38.502041,0.0 -111.941655,38.713741,0.0 -112.219339,38.751132,0.0 -112.132459,38.935338,0.0 -111.298857,38.788523,0.0 -111.306005,38.510289,0.0 -111.562244,38.510289,0.0 -111.766796,38.502041,0.0 -111.913611,38.502041,0.0"
ALTON,84710,37.4726,270,UT,261.63532,-112.656,264,"-112.395847,37.543067,0.0 -112.430489,37.412198,0.0 -112.900628,37.370958,0.0 -112.901178,37.499628,0.0 -112.784605,37.543067,0.0 -112.683429,37.543067,0.0 -112.405195,37.543067,0.0 -112.395847,37.543067,0.0"
ANTIMONY,84712,37.9599,194,UT,501.27,-112.142,190,"-112.332062,37.74432,0.0 -112.34141,38.068743,0.0 -112.17425,38.149574,0.0 -111.931207,38.151224,0.0 -112.011488,37.796557,0.0 -112.332062,37.74432,0.0"
BEAVER,84713,38.344,3145,UT,511.06001,-112.58,3132,"-112.76371,38.148474,0.0 -112.744465,38.239203,0.0 -112.650987,38.272745,0.0 -112.793953,38.303538,0.0 -112.752163,38.572424,0.0 -112.515169,38.572424,0.0 -112.518468,38.509739,0.0 -112.34086,38.325532,0.0 -112.443686,38.150124,0.0 -112.478878,38.147375,0.0 -112.76371,38.148474,0.0"
BERYL,84714,37.8977,728,UT,293.24762,-113.649,686,"-113.498886,37.958769,0.0 -113.594564,37.677236,0.0 -113.82111,37.732773,0.0 -113.645702,38.149024,0.0 -113.471393,38.148474,0.0 -113.560472,38.057746,0.0 -113.498886,37.958769,0.0"
BOULDER,84716,37.8745,262,UT,923.47619,-111.271,253,"-110.854562,37.540868,0.0 -111.076159,37.540318,0.0 -111.692563,38.000009,0.0 -111.605134,38.150124,0.0 -111.221325,38.152323,0.0 -110.854562,37.540868,0.0"
BRYCE CANYON,84717,37.6404,1070,UT,378.7106,-112.13,1049,"-112.011488,37.796557,0.0 -112.075273,37.680535,0.0 -111.839379,37.656341,0.0 -111.831681,37.539768,0.0 -112.395847,37.543067,0.0 -112.405195,37.543067,0.0 -112.332062,37.74432,0.0 -112.011488,37.796557,0.0"
BRIAN HEAD,84719,37.6346,124,UT,133.41954,-112.805,118,"-112.784605,37.543067,0.0 -112.928671,37.694282,0.0 -112.685629,37.694831,0.0 -112.683429,37.543067,0.0 -112.784605,37.543067,0.0"
CEDAR CITY,84720,37.821,30379,UT,1155.23941,-113.201,29046,"-113.328427,37.529321,0.0 -113.515932,37.538668,0.0 -113.519782,37.6184,0.0 -113.243197,37.752018,0.0 -113.498886,37.958769,0.0 -113.560472,38.057746,0.0 -113.471393,38.148474,0.0 -112.960014,38.148474,0.0 -113.031497,37.926877,0.0 -112.962763,37.792158,0.0 -112.928671,37.694282,0.0 -112.784605,37.543067,0.0 -112.901178,37.499628,0.0 -113.252545,37.482032,0.0 -113.328427,37.529321,0.0"
CENTRAL,84722,37.4699,2051,UT,555.67156,-113.641,1961,"-113.56762,37.227992,0.0 -113.587965,37.285178,0.0 -113.459296,37.232941,0.0 -113.386713,37.425945,0.0 -113.605561,37.417147,0.0 -113.721584,37.374257,0.0 -114.052606,37.53097,0.0 -114.052606,37.604653,0.0 -113.519782,37.6184,0.0 -113.515932,37.538668,0.0 -113.328427,37.529321,0.0 -113.31303,37.467735,0.0 -113.31413,37.287928,0.0 -113.44225,37.226342,0.0 -113.530229,37.227442,0.0 -113.56762,37.227992,0.0"
ESCALANTE,84726,37.7849,967,UT,1166.97013,-111.664,949,"-111.076159,37.540318,0.0 -111.831681,37.539768,0.0 -111.839379,37.656341,0.0 -112.075273,37.680535,0.0 -112.011488,37.796557,0.0 -111.931207,38.151224,0.0 -111.842678,38.151224,0.0 -111.650773,38.151224,0.0 -111.605134,38.150124,0.0 -111.692563,38.000009,0.0 -111.076159,37.540318,0.0"
GARRISON,84728,39.0925,194,UT,3574.08284,-113.541,200,"-113.118376,38.575173,0.0 -114.050406,38.572974,0.0 -114.049856,38.677449,0.0 -114.047657,39.528648,0.0 -114.047657,39.542945,0.0 -113.179962,39.552842,0.0 -112.791204,39.429122,0.0 -112.897879,39.337843,0.0 -112.776907,39.3098,0.0 -112.951766,39.154187,0.0 -113.000704,39.088202,0.0 -113.197008,39.078304,0.0 -113.170064,38.730787,0.0 -113.118376,38.575173,0.0"
GLENDALE,84729,37.3461,362,UT,216.68531,-112.63,359,"-112.430489,37.412198,0.0 -112.373852,37.32037,0.0 -112.543762,37.256035,0.0 -112.675731,37.351163,0.0 -112.689478,37.274731,0.0 -112.901178,37.316521,0.0 -112.900628,37.370958,0.0 -112.430489,37.412198,0.0"
GREENVILLE,84731,38.2674,300,UT,25.00794,-112.73,298,"-112.744465,38.239203,0.0 -112.793953,38.303538,0.0 -112.650987,38.272745,0.0 -112.744465,38.239203,0.0"
HANKSVILLE,84734,38.1458,734,UT,3534.44837,-110.68,712,"-111.221325,38.152323,0.0 -111.246069,38.279343,0.0 -111.45172,38.310136,0.0 -111.561694,38.355775,0.0 -111.562244,38.510289,0.0 -111.306005,38.510289,0.0 -110.833666,38.499841,0.0 -110.025358,38.499841,0.0 -109.88624,38.189715,0.0 -110.210114,37.894434,0.0 -110.445458,37.892785,0.0 -110.500445,37.661289,0.0 -110.6929,37.579359,0.0 -110.65001,37.48918,0.0 -110.786378,37.540318,0.0 -110.854562,37.540868,0.0 -111.221325,38.152323,0.0"
HURRICANE,84737,37.2232,15055,UT,851.48703,-113.136,13780,"-113.435651,37.118568,0.0 -113.44225,37.226342,0.0 -113.31413,37.287928,0.0 -113.31303,37.467735,0.0 -113.252545,37.482032,0.0 -112.901178,37.499628,0.0 -112.900628,37.370958,0.0 -112.901178,37.316521,0.0 -112.906127,37.223043,0.0 -112.900078,37.182353,0.0 -112.899528,37.000346,0.0 -113.337775,36.999796,0.0 -113.469193,36.999796,0.0 -113.435651,37.118568,0.0</coordinates></LinearRing></outerBoundaryIs><innerBoundaryIs><LinearRing><coordinates>-113.267391,37.189501,0.0 -113.310281,37.265933,0.0 -113.352071,37.195,0.0 -113.267391,37.189501,0.0"
IVINS,84738,37.1679,4572,UT,12.81215,-113.683,4220,"-113.644602,37.154859,0.0 -113.669346,37.135064,0.0 -113.714436,37.208197,0.0 -113.645152,37.187301,0.0 -113.644602,37.154859,0.0"
JOSEPH,84739,38.6286,523,UT,28.36627,-112.27,493,"-112.25838,38.581772,0.0 -112.310617,38.676349,0.0 -112.294121,38.683498,0.0 -112.197894,38.637859,0.0 -112.25838,38.581772,0.0"
KANAB,84741,37.2722,4605,UT,3348.28372,-111.771,4578,"-112.900078,37.182353,0.0 -112.684529,37.214245,0.0 -112.558059,37.142762,0.0 -112.543762,37.256035,0.0 -112.373852,37.32037,0.0 -112.430489,37.412198,0.0 -112.395847,37.543067,0.0 -111.831681,37.539768,0.0 -111.076159,37.540318,0.0 -110.854562,37.540868,0.0 -110.786378,37.540318,0.0 -110.728641,37.370958,0.0 -110.875457,37.348413,0.0 -110.958487,37.131215,0.0 -111.135545,37.097673,0.0 -111.194381,37.184552,0.0 -111.219125,37.06798,0.0 -111.292258,37.210396,0.0 -111.251018,37.045435,0.0 -111.602385,37.043785,0.0 -111.499009,37.001445,0.0 -112.032933,37.000896,0.0 -112.540463,37.000896,0.0 -112.899528,37.000346,0.0 -112.900078,37.182353,0.0"
KINGSTON,84743,38.2867,977,UT,504.93832,-112.065,972,"-112.34086,38.325532,0.0 -112.090669,38.364573,0.0 -111.979046,38.502041,0.0 -111.913611,38.502041,0.0 -111.766796,38.502041,0.0 -111.845427,38.296939,0.0 -111.842678,38.151224,0.0 -111.931207,38.151224,0.0 -112.17425,38.149574,0.0 -112.443686,38.150124,0.0 -112.34086,38.325532,0.0"
LA VERKIN,84745,37.2263,3617,UT,16.60263,-113.294,3977,"-113.267391,37.189501,0.0 -113.352071,37.195,0.0 -113.310281,37.265933,0.0 -113.267391,37.189501,0.0"
LOA,84747,38.4205,1187,UT,172.18972,-111.696,1158,"-111.561694,38.355775,0.0 -111.845427,38.296939,0.0 -111.766796,38.502041,0.0 -111.562244,38.510289,0.0 -111.561694,38.355775,0.0"
MARYSVALE,84750,38.4352,466,UT,258.58419,-112.248,463,"-112.518468,38.509739,0.0 -112.260029,38.511938,0.0 -111.979046,38.502041,0.0 -112.090669,38.364573,0.0 -112.34086,38.325532,0.0 -112.518468,38.509739,0.0"
MILFORD,84751,38.362,2609,UT,2055.49601,-113.405,2575,"-114.049856,38.148474,0.0 -114.050406,38.572974,0.0 -113.118376,38.575173,0.0 -112.752163,38.572424,0.0 -112.793953,38.303538,0.0 -112.744465,38.239203,0.0 -112.76371,38.148474,0.0 -112.960014,38.148474,0.0 -113.471393,38.148474,0.0 -113.645702,38.149024,0.0 -114.049856,38.148474,0.0"
MODENA,84753,37.753,34,UT,34.01489,-113.953,32,"-114.052056,37.723975,0.0 -113.892593,37.816353,0.0 -114.052056,37.712427,0.0 -114.052056,37.723975,0.0"
MONROE,84754,38.608,3828,UT,260.25134,-112.086,3764,"-111.913611,38.502041,0.0 -111.979046,38.502041,0.0 -112.260029,38.511938,0.0 -112.25838,38.581772,0.0 -112.197894,38.637859,0.0 -112.294121,38.683498,0.0 -112.219339,38.751132,0.0 -111.941655,38.713741,0.0 -111.913611,38.502041,0.0"
MOUNT CARMEL,84755,37.2108,17,UT,45.81745,-112.799,17,"-112.900078,37.182353,0.0 -112.906127,37.223043,0.0 -112.684529,37.214245,0.0 -112.900078,37.182353,0.0"
NEWCASTLE,84756,37.8576,393,UT,949.43097,-113.747,371,"-113.519782,37.6184,0.0 -114.052606,37.604653,0.0 -114.052056,37.712427,0.0 -113.892593,37.816353,0.0 -114.052056,37.723975,0.0 -114.049856,38.148474,0.0 -113.645702,38.149024,0.0 -113.82111,37.732773,0.0 -113.594564,37.677236,0.0 -113.498886,37.958769,0.0 -113.243197,37.752018,0.0 -113.519782,37.6184,0.0"
NEW HARMONY,84757,37.5032,252,UT,14.40938,-113.292,229,"-113.328427,37.529321,0.0 -113.252545,37.482032,0.0 -113.31303,37.467735,0.0 -113.328427,37.529321,0.0"
ORDERVILLE,84758,37.2487,637,UT,115.34222,-112.696,631,"-112.906127,37.223043,0.0 -112.901178,37.316521,0.0 -112.689478,37.274731,0.0 -112.675731,37.351163,0.0 -112.543762,37.256035,0.0 -112.558059,37.142762,0.0 -112.684529,37.214245,0.0 -112.906127,37.223043,0.0"
PANGUITCH,84759,37.8101,2218,UT,565.69909,-112.471,2167,"-112.685629,37.694831,0.0 -112.688928,37.728374,0.0 -112.578404,37.858143,0.0 -112.46843,37.890585,0.0 -112.478878,38.147375,0.0 -112.443686,38.150124,0.0 -112.17425,38.149574,0.0 -112.34141,38.068743,0.0 -112.332062,37.74432,0.0 -112.405195,37.543067,0.0 -112.683429,37.543067,0.0 -112.685629,37.694831,0.0"
PARAGONAH,84760,38.0113,634,UT,514.76768,-112.729,605,"-112.578404,37.858143,0.0 -113.031497,37.926877,0.0 -112.960014,38.148474,0.0 -112.76371,38.148474,0.0 -112.478878,38.147375,0.0 -112.46843,37.890585,0.0 -112.578404,37.858143,0.0"
PAROWAN,84761,37.8354,2729,UT,151.58048,-112.81,2608,"-112.688928,37.728374,0.0 -112.828045,37.838897,0.0 -112.962763,37.792158,0.0 -113.031497,37.926877,0.0 -112.578404,37.858143,0.0 -112.688928,37.728374,0.0"
SEVIER,84766,38.5855,21,UT,128.70105,-112.394,31,"-112.518468,38.509739,0.0 -112.515169,38.572424,0.0 -112.310617,38.676349,0.0 -112.25838,38.581772,0.0 -112.260029,38.511938,0.0 -112.518468,38.509739,0.0"
SAINT GEORGE,84770,37.2082,30535,UT,625.59317,-113.863,29569,"-113.530229,37.227442,0.0 -113.531329,37.125166,0.0 -113.678144,36.999796,0.0 -114.050406,37.000346,0.0 -114.052606,37.53097,0.0 -113.721584,37.374257,0.0 -113.767773,37.280779,0.0 -113.714436,37.208197,0.0 -113.669346,37.135064,0.0 -113.644602,37.154859,0.0 -113.645152,37.187301,0.0 -113.56762,37.227992,0.0 -113.530229,37.227442,0.0"
SUMMIT,84772,37.7522,328,UT,80.33074,-112.841,313,"-112.962763,37.792158,0.0 -112.828045,37.838897,0.0 -112.688928,37.728374,0.0 -112.685629,37.694831,0.0 -112.928671,37.694282,0.0 -112.962763,37.792158,0.0"
TEASDALE,84773,38.2257,552,UT,212.24758,-111.414,531,"-111.605134,38.150124,0.0 -111.650773,38.151224,0.0 -111.45172,38.310136,0.0 -111.246069,38.279343,0.0 -111.221325,38.152323,0.0 -111.605134,38.150124,0.0"
TORREY,84775,38.2584,449,UT,196.21418,-111.697,432,"-111.650773,38.151224,0.0 -111.842678,38.151224,0.0 -111.845427,38.296939,0.0 -111.561694,38.355775,0.0 -111.45172,38.310136,0.0 -111.650773,38.151224,0.0"
WASHINGTON,84780,37.1666,8147,UT,47.03957,-113.476,7974,"-113.435651,37.118568,0.0 -113.531329,37.125166,0.0 -113.530229,37.227442,0.0 -113.44225,37.226342,0.0 -113.435651,37.118568,0.0"
PINE VALLEY,84781,37.3541,77,UT,111.99967,-113.5,71,"-113.587965,37.285178,0.0 -113.603912,37.315421,0.0 -113.605561,37.417147,0.0 -113.386713,37.425945,0.0 -113.459296,37.232941,0.0 -113.587965,37.285178,0.0"
VEYO,84782,37.3463,871,UT,38.18436,-113.669,839,"-113.721584,37.374257,0.0 -113.605561,37.417147,0.0 -113.603912,37.315421,0.0 -113.767773,37.280779,0.0 -113.721584,37.374257,0.0"
DAMMERON VALLEY,84783,37.2536,1649,UT,67.82721,-113.673,1564,"-113.767773,37.280779,0.0 -113.603912,37.315421,0.0 -113.587965,37.285178,0.0 -113.56762,37.227992,0.0 -113.645152,37.187301,0.0 -113.714436,37.208197,0.0 -113.767773,37.280779,0.0"
SAINT GEORGE,84790,37.0532,22424,UT,77.08854,-113.547,21424,"-113.531329,37.125166,0.0 -113.435651,37.118568,0.0 -113.469193,36.999796,0.0 -113.678144,36.999796,0.0 -113.531329,37.125166,0.0"
SALT LAKE CITY,84105,40.7379,22506,UT,3.04701,-111.86,22628,"-111.87677,40.725715,0.0 -111.87677,40.741661,0.0 -111.87677,40.749909,0.0 -111.852576,40.751559,0.0 -111.843778,40.725715,0.0 -111.87677,40.725715,0.0"
SALT LAKE CITY,84121,40.6208,42192,UT,73.73668,-111.696,42670,"-111.594137,40.57725,0.0 -111.601835,40.570652,0.0 -111.74975,40.571202,0.0 -111.79374,40.589347,0.0 -111.850376,40.615741,0.0 -111.865772,40.630038,0.0 -111.865772,40.649833,0.0 -111.804187,40.647084,0.0 -111.799788,40.649283,0.0 -111.596886,40.659731,0.0 -111.567743,40.623989,0.0 -111.552896,40.609143,0.0 -111.594137,40.57725,0.0"
SMITHFIELD,84335,41.8363,9673,UT,95.14792,-111.922,9540,"-112.04668,41.850749,0.0 -111.957601,41.917833,0.0 -111.908662,41.896938,0.0 -111.757998,41.868895,0.0 -111.766246,41.818307,0.0 -111.83333,41.799061,0.0 -111.846527,41.787514,0.0 -111.953752,41.746274,0.0 -112.021936,41.778716,0.0 -112.04668,41.850749,0.0"
SALT LAKE CITY,84103,40.7854,23529,UT,7.04401,-111.875,22598,"-111.87677,40.769155,0.0 -111.891067,40.769155,0.0 -111.905363,40.771354,0.0 -111.910312,40.799947,0.0 -111.83498,40.779602,0.0 -111.838279,40.773554,0.0 -111.848177,40.768055,0.0 -111.87677,40.769155,0.0"
PROVO,84606,40.2176,30393,UT,16.57171,-111.615,29687,"-111.646374,40.187942,0.0 -111.655172,40.203339,0.0 -111.658471,40.244579,0.0 -111.649674,40.246228,0.0 -111.645824,40.245679,0.0 -111.574341,40.24128,0.0 -111.600185,40.183543,0.0 -111.646374,40.187942,0.0"
SALT LAKE CITY,84108,40.7593,20125,UT,24.22842,-111.76,20063,"-111.843778,40.725715,0.0 -111.852576,40.751559,0.0 -111.852576,40.758707,0.0 -111.83608,40.757058,0.0 -111.814635,40.777403,0.0 -111.679916,40.812045,0.0 -111.786041,40.714168,0.0 -111.83443,40.725715,0.0 -111.843778,40.725715,0.0"
WOODS CROSS,84087,40.887,10009,UT,12.84579,-111.93,9819,"-111.900964,40.860983,0.0 -111.965299,40.861533,0.0 -111.965849,40.862633,0.0 -111.958701,40.91597,0.0 -111.891067,40.906622,0.0 -111.900964,40.860983,0.0"
LAYTON,84040,41.0778,23711,UT,24.37226,-111.895,22925,"-111.854225,41.108974,0.0 -111.83608,41.036392,0.0 -111.897115,41.030893,0.0 -111.941105,41.053987,0.0 -111.949353,41.114473,0.0 -111.92021,41.116123,0.0 -111.854225,41.108974,0.0"
LEHI,84043,40.3796,24129,UT,52.00333,-111.928,22655,"-111.905913,40.335857,0.0 -112.04393,40.299566,0.0 -111.929557,40.434284,0.0 -111.92021,40.441432,0.0 -111.913611,40.45243,0.0 -111.815184,40.431535,0.0 -111.852576,40.360051,0.0 -111.905913,40.335857,0.0"
