BENTON LAKE NWR,63,47.6703,3,MT,17.20713,-111.332,3,"-111.3247,47.64253,0.0 -111.408831,47.698067,0.0 -111.297207,47.698067,0.0 -111.287309,47.665625,0.0 -111.3247,47.64253,0.0"
YELLOWSTONE NATL PARK,75,44.938,63,MT,247.76542,-110.792,61," -110.56643,44.992157,0.0 -111.055264,45.001504,0.0 -111.049216,44.474179,0.0 -111.095954,44.486276,0.0 -111.153691,45.055941,0.0 -111.045366,45.073537,0.0 -110.772081,45.066939,0.0 -110.712145,45.033397,0.0 -110.697849,45.029548,0.0 -110.56643,44.992157,0.0 -110.001713,45.003704,0.0 -110.516391,44.992157,0.0 -110.554332,44.992157,0.0 -110.56478,44.992157,0.0 -110.659358,45.029548,0.0 -110.001713,45.003704,0.0"
CAMP CROOK,57724,45.4671,46,MT,190.0232,-104.178,230,"-104.042222,45.567321,0.0 -104.040572,45.461196,0.0 -104.040022,45.336925,0.0 -104.335852,45.419955,0.0 -104.309459,45.599213,0.0 -104.171991,45.582717,0.0 -104.042222,45.567321,0.0"
ABSAROKEE,59001,45.5104,1637,MT,162.74283,-109.625,1598,"-109.406754,45.543676,0.0 -109.410603,45.496387,0.0 -109.71798,45.407858,0.0 -109.828504,45.522231,0.0 -109.562367,45.634405,0.0 -109.562367,45.646502,0.0 -109.561267,45.556873,0.0 -109.406754,45.543676,0.0"
ACTON,59002,45.914,80,MT,41.96263,-108.674,79,"-108.751309,45.852153,0.0 -108.715017,45.943432,0.0 -108.612192,45.972025,0.0 -108.552806,45.943432,0.0 -108.66003,45.86755,0.0 -108.751309,45.852153,0.0"
ASHLAND,59003,45.5474,382,MT,36.09566,-106.267,384,"-106.233454,45.642653,0.0 -106.234004,45.453497,0.0 -106.33463,45.509584,0.0 -106.277443,45.633305,0.0 -106.233454,45.642653,0.0"
BALLANTINE,59006,45.904,913,MT,65.69477,-108.091,853,"-108.047475,45.805964,0.0 -108.23773,45.918688,0.0 -107.991938,45.987971,0.0 -108.047475,45.805964,0.0"
BEARCREEK,59007,45.1667,400,MT,74.15967,-109.098,394,"-109.009748,45.116427,0.0 -109.220348,45.114778,0.0 -109.172509,45.233,0.0 -108.960809,45.202757,0.0 -109.009748,45.116427,0.0"
BELFRY,59008,45.0637,55,MT,55.33752,-109.129,54,"-109.009748,45.116427,0.0 -109.081781,44.999855,0.0 -109.263238,45.005353,0.0 -109.173609,45.029548,0.0 -109.220348,45.114778,0.0 -109.009748,45.116427,0.0"
BIGHORN,59010,46.0732,153,MT,480.92884,-107.174,155,"-107.511352,46.043508,0.0 -107.466262,46.143034,0.0 -107.175931,46.261806,0.0 -107.007671,46.265106,0.0 -106.938937,46.07925,0.0 -106.938937,45.870299,0.0 -107.511352,46.043508,0.0"
BIG TIMBER,59011,45.85,2742,MT,461.26026,-110.062,2624," -110.220561,45.747678,0.0 -110.292594,45.831808,0.0 -110.292594,46.044608,0.0 -109.725678,45.893943,0.0 -109.814757,45.793317,0.0 -109.92968,45.853253,0.0 -110.220561,45.747678,0.0 -109.925281,45.713586,0.0 -110.218362,45.627256,0.0 -110.220561,45.746578,0.0 -109.831803,45.794967,0.0 -109.925281,45.713586,0.0"
BIRNEY,59012,45.3082,95,MT,408.65195,-106.491,96,"-106.234004,45.453497,0.0 -106.279643,45.179662,0.0 -106.75858,45.178562,0.0 -106.768477,45.352871,0.0 -106.729437,45.407308,0.0 -106.497391,45.377615,0.0 -106.33463,45.509584,0.0 -106.234004,45.453497,0.0"
BRIDGER,59014,45.1862,1810,MT,928.69625,-108.691,1793,"-109.172509,45.233,0.0 -109.193404,45.278639,0.0 -109.059786,45.353971,0.0 -109.055937,45.353971,0.0 -108.922868,45.331976,0.0 -108.843137,45.465595,0.0 -108.832689,45.522231,0.0 -108.699071,45.522231,0.0 -108.645184,45.463945,0.0 -108.699621,45.227501,0.0 -108.125557,45.217603,0.0 -108.249277,44.999305,0.0 -108.613291,45.000405,0.0 -108.621539,45.000405,0.0 -109.081781,44.999855,0.0 -109.009748,45.116427,0.0 -108.960809,45.202757,0.0 -109.172509,45.233,0.0"
BROADVIEW,59015,46.057,449,MT,184.19383,-108.74,442,"-108.715017,45.943432,0.0 -108.921768,45.988521,0.0 -108.923968,46.132037,0.0 -108.784301,46.132037,0.0 -108.521463,46.132587,0.0 -108.612192,45.972025,0.0 -108.715017,45.943432,0.0"
BUSBY,59016,45.5184,1588,MT,320.08729,-106.875,1542,"-107.019218,45.353971,0.0 -107.019218,45.386963,0.0 -107.018668,45.555223,0.0 -107.017019,45.691591,0.0 -106.913093,45.683893,0.0 -106.727237,45.676745,0.0 -106.729437,45.407308,0.0 -106.768477,45.352871,0.0 -107.019218,45.353971,0.0"
COLUMBUS,59019,45.601,3082,MT,197.83564,-109.267,2996," -109.391357,45.69819,0.0 -109.207701,45.769673,0.0 -109.154913,45.69544,0.0 -109.158213,45.603612,0.0 -109.391357,45.69819,0.0 -109.221997,45.464495,0.0 -109.374861,45.449648,0.0 -109.397406,45.449648,0.0 -109.410603,45.496387,0.0 -109.406754,45.543676,0.0 -109.281383,45.638804,0.0 -109.12797,45.586016,0.0 -109.221997,45.464495,0.0"
CROW AGENCY,59022,45.6446,2619,MT,621.2281,-107.47,2608,"-107.538295,45.554674,0.0 -108.06947,45.561822,0.0 -108.06947,45.681144,0.0 -107.64772,45.681694,0.0 -107.583385,45.769123,0.0 -107.017019,45.691591,0.0 -107.018668,45.555223,0.0 -107.538295,45.554674,0.0"
CUSTER,59024,46.2307,349,MT,407.25261,-107.713,337," -107.708755,46.079799,0.0 -107.94245,46.16173,0.0 -107.907808,46.395425,0.0 -107.781888,46.395425,0.0 -107.781338,46.496051,0.0 -107.738448,46.481754,0.0 -107.466262,46.165579,0.0 -107.708755,46.079799,0.0 -107.662566,46.043508,0.0 -107.752745,46.054505,0.0 -107.736799,46.068252,0.0 -107.47451,46.154582,0.0 -107.466262,46.143034,0.0 -107.511352,46.043508,0.0 -107.662566,46.043508,0.0"
DECKER,59025,45.1306,142,MT,612.89725,-106.697,145,"-107.004922,44.996556,0.0 -107.00987,45.096082,0.0 -107.019218,45.353971,0.0 -106.768477,45.352871,0.0 -106.75858,45.178562,0.0 -106.279643,45.179662,0.0 -106.263697,44.993806,0.0 -106.431957,44.994356,0.0 -107.004922,44.996556,0.0"
EMIGRANT,59027,45.2741,439,MT,151.33402,-110.922,471," -110.9024,45.201107,0.0 -111.047016,45.109279,0.0 -111.038218,45.351222,0.0 -110.918896,45.351222,0.0 -110.917797,45.378165,0.0 -110.727542,45.367718,0.0 -110.9024,45.201107,0.0 -110.726442,45.367718,0.0 -110.718744,45.360569,0.0 -110.758884,45.336375,0.0 -110.726442,45.367718,0.0 -110.77538,45.323728,0.0 -110.778679,45.267641,0.0 -110.9013,45.204406,0.0 -110.77538,45.323728,0.0"
FISHTAIL,59028,45.2994,482,MT,345.37358,-109.79,489,"-110.063848,45.171964,0.0 -110.063299,45.349022,0.0 -109.93188,45.384214,0.0 -109.71798,45.407858,0.0 -109.410603,45.496387,0.0 -109.397406,45.449648,0.0 -109.541472,45.366068,0.0 -109.798261,45.167565,0.0 -110.063848,45.171964,0.0"
FROMBERG,59029,45.3938,762,MT,53.92585,-108.951,751,"-109.055937,45.353971,0.0 -108.843137,45.465595,0.0 -108.922868,45.331976,0.0 -109.055937,45.353971,0.0"
GARDINER,59030,45.1132,1652,MT,648.05146,-110.404,1633," -109.798261,45.167565,0.0 -109.798811,45.002054,0.0 -110.001713,45.003154,0.0 -110.001713,45.003704,0.0 -110.659358,45.029548,0.0 -110.9013,45.204406,0.0 -110.778679,45.267641,0.0 -110.64781,45.166465,0.0 -110.364627,45.256094,0.0 -110.212863,45.173064,0.0 -110.063848,45.171964,0.0 -109.798261,45.167565,0.0 -110.772081,45.066939,0.0 -111.045366,45.073537,0.0 -111.047016,45.109279,0.0 -110.9024,45.201107,0.0 -110.772081,45.066939,0.0"
GARRYOWEN,59031,45.472,372,MT,245.90662,-107.261,374,"-107.019218,45.386963,0.0 -107.479459,45.434802,0.0 -107.538295,45.554674,0.0 -107.018668,45.555223,0.0 -107.019218,45.386963,0.0"
GRASS RANGE,59032,47.0026,446,MT,525.34343,-108.843,451,"-108.843137,46.750091,0.0 -108.923418,46.990934,0.0 -109.180207,46.995333,0.0 -109.179657,47.127852,0.0 -109.109824,47.164693,0.0 -108.718316,47.225179,0.0 -108.740861,47.098709,0.0 -108.608342,47.090461,0.0 -108.630887,46.749541,0.0 -108.843137,46.750091,0.0"
GREYCLIFF,59033,45.7745,506,MT,220.09524,-109.689,484," -109.54862,45.859851,0.0 -109.563467,45.717985,0.0 -109.814757,45.793317,0.0 -109.725678,45.893943,0.0 -109.50683,45.948381,0.0 -109.54862,45.859851,0.0 -109.562367,45.634405,0.0 -109.925281,45.713586,0.0 -109.831803,45.794967,0.0 -109.562367,45.710837,0.0 -109.562367,45.646502,0.0 -109.562367,45.634405,0.0"
HARDIN,59034,45.8443,4282,MT,814.32821,-107.501,4310,"-107.017019,45.691591,0.0 -107.583385,45.769123,0.0 -107.64772,45.681694,0.0 -108.06947,45.681144,0.0 -108.06947,45.748778,0.0 -107.944099,45.743279,0.0 -107.974892,45.853253,0.0 -107.662566,46.043508,0.0 -107.511352,46.043508,0.0 -106.938937,45.870299,0.0 -106.913093,45.683893,0.0 -107.017019,45.691591,0.0"
HUNTLEY,59037,45.8553,1544,MT,107.85219,-108.227,1511,"-108.047475,45.805964,0.0 -108.07002,45.78232,0.0 -108.386195,45.855452,0.0 -108.235531,45.976974,0.0 -108.23773,45.918688,0.0 -108.047475,45.805964,0.0"
HYSHAM,59038,46.3494,580,MT,471.63571,-107.381,586," -107.466262,46.165579,0.0 -107.738448,46.481754,0.0 -107.3079,46.482304,0.0 -107.028566,46.307446,0.0 -107.302401,46.300847,0.0 -107.466262,46.165579,0.0 -107.466262,46.143034,0.0 -107.47451,46.154582,0.0 -107.184729,46.311845,0.0 -107.175931,46.261806,0.0 -107.466262,46.143034,0.0"
INGOMAR,59039,46.668,122,MT,703.56174,-107.529,124,"-107.301851,46.859515,0.0 -107.174831,46.611524,0.0 -107.3079,46.482304,0.0 -107.738448,46.481754,0.0 -107.781338,46.496051,0.0 -107.827527,46.75614,0.0 -107.891862,46.851267,0.0 -107.671914,46.851267,0.0 -107.301851,46.859515,0.0"
JOLIET,59041,45.4955,1630,MT,153.90502,-109.033,1613,"-109.055937,45.353971,0.0 -109.059786,45.353971,0.0 -109.068584,45.456797,0.0 -109.221997,45.464495,0.0 -109.12797,45.586016,0.0 -108.943763,45.606361,0.0 -108.934965,45.494738,0.0 -108.832689,45.522231,0.0 -108.843137,45.465595,0.0 -109.055937,45.353971,0.0"
LAME DEER,59043,45.5504,2914,MT,375.66121,-106.526,2928,"-106.727237,45.676745,0.0 -106.277443,45.633305,0.0 -106.33463,45.509584,0.0 -106.497391,45.377615,0.0 -106.729437,45.407308,0.0 -106.727237,45.676745,0.0"
LAUREL,59044,45.6184,9897,MT,173.17474,-108.775,9835," -108.842587,45.61186,0.0 -108.910221,45.720184,0.0 -108.791449,45.714136,0.0 -108.696322,45.686642,0.0 -108.666079,45.688292,0.0 -108.842587,45.61186,0.0 -108.639685,45.691591,0.0 -108.699071,45.522231,0.0 -108.832689,45.522231,0.0 -108.934965,45.494738,0.0 -108.943763,45.606361,0.0 -108.639685,45.691591,0.0"
LAVINA,59046,46.4217,520,MT,728.91645,-109.023,510,"-108.923968,46.132037,0.0 -109.036691,46.132037,0.0 -109.185156,46.215617,0.0 -109.225297,46.597227,0.0 -109.389158,46.688506,0.0 -109.389158,46.693454,0.0 -109.191755,46.751191,0.0 -109.009748,46.750641,0.0 -108.83049,46.321192,0.0 -108.609442,46.217817,0.0 -108.784301,46.132037,0.0 -108.923968,46.132037,0.0"
LIVINGSTON,59047,45.5501,12232,MT,1212.49301,-110.515,12153," -110.727542,45.367718,0.0 -110.917797,45.378165,0.0 -110.789677,45.809813,0.0 -110.367377,45.901092,0.0 -110.292594,45.831808,0.0 -110.220561,45.747678,0.0 -110.502095,45.710287,0.0 -110.727542,45.367718,0.0 -110.218362,45.627256,0.0 -110.212863,45.173064,0.0 -110.364627,45.256094,0.0 -110.64781,45.166465,0.0 -110.560931,45.309432,0.0 -110.718744,45.360569,0.0 -110.726442,45.367718,0.0 -110.520241,45.69599,0.0 -110.220561,45.746578,0.0 -110.218362,45.627256,0.0"
LODGE GRASS,59050,45.294,3026,MT,1342.12279,-107.807,3041,"-108.645184,45.463945,0.0 -108.316911,45.460646,0.0 -108.017232,45.372117,0.0 -107.479459,45.434802,0.0 -107.019218,45.386963,0.0 -107.019218,45.353971,0.0 -107.00987,45.096082,0.0 -107.77309,45.136222,0.0 -107.949048,45.262693,0.0 -107.98424,45.126325,0.0 -108.125557,45.217603,0.0 -108.699621,45.227501,0.0 -108.645184,45.463945,0.0"
MC LEOD,59052,45.4916,186,MT,547.11532,-110.019,177,"-110.218362,45.627256,0.0 -109.925281,45.713586,0.0 -109.562367,45.634405,0.0 -109.828504,45.522231,0.0 -109.93188,45.522781,0.0 -109.93188,45.384214,0.0 -110.063299,45.349022,0.0 -110.063848,45.171964,0.0 -110.212863,45.173064,0.0 -110.218362,45.627256,0.0"
MARTINSDALE,59053,46.6142,58,MT,174.22093,-110.419,57,"-110.281597,46.485054,0.0 -110.568629,46.58623,0.0 -110.574678,46.770436,0.0 -110.273349,46.7105,0.0 -110.281597,46.485054,0.0"
MELVILLE,59055,46.0743,343,MT,634.41659,-109.875,332,"-109.417201,46.044608,0.0 -109.50683,45.948381,0.0 -109.725678,45.893943,0.0 -110.292594,46.044608,0.0 -110.281597,46.184275,0.0 -110.281597,46.220566,0.0 -109.731177,46.219466,0.0 -109.654195,46.219466,0.0 -109.594809,46.045158,0.0 -109.417201,46.044608,0.0"
MOLT,59057,45.8792,801,MT,648.85714,-109.086,765,"-108.910221,45.720184,0.0 -109.154913,45.69544,0.0 -109.207701,45.769673,0.0 -109.391357,45.69819,0.0 -109.563467,45.717985,0.0 -109.54862,45.859851,0.0 -109.180207,45.850504,0.0 -109.187905,46.132037,0.0 -109.036691,46.132037,0.0 -108.923968,46.132037,0.0 -108.921768,45.988521,0.0 -108.715017,45.943432,0.0 -108.751309,45.852153,0.0 -108.791449,45.714136,0.0 -108.910221,45.720184,0.0"
MOSBY,59058,46.9286,25,MT,131.84172,-107.78,25,"-107.678512,47.039323,0.0 -107.671914,46.851267,0.0 -107.891862,46.851267,0.0 -107.889112,46.994783,0.0 -107.678512,47.039323,0.0"
NYE,59061,45.4455,242,MT,89.85831,-109.838,238,"-109.93188,45.384214,0.0 -109.93188,45.522781,0.0 -109.828504,45.522231,0.0 -109.71798,45.407858,0.0 -109.93188,45.384214,0.0"
OTTER,59062,45.3951,407,MT,1377.49736,-105.985,409,"-106.234004,45.453497,0.0 -106.233454,45.642653,0.0 -106.191664,45.788368,0.0 -105.727573,45.788368,0.0 -105.735272,45.714136,0.0 -105.775962,45.605811,0.0 -105.8271,45.540377,0.0 -105.651691,45.491439,0.0 -105.540618,45.331976,0.0 -105.909031,45.000954,0.0 -106.011306,44.993806,0.0 -106.183416,44.993806,0.0 -106.263697,44.993806,0.0 -106.279643,45.179662,0.0 -106.234004,45.453497,0.0"
PARK CITY,59063,45.6592,1847,MT,110.80839,-109.022,1795,"-109.154913,45.69544,0.0 -108.910221,45.720184,0.0 -108.842587,45.61186,0.0 -109.158213,45.603612,0.0 -109.154913,45.69544,0.0"
POMPEYS PILLAR,59064,45.9205,263,MT,156.66257,-107.907,260,"-108.047475,45.805964,0.0 -107.991938,45.987971,0.0 -107.752745,46.054505,0.0 -107.662566,46.043508,0.0 -107.974892,45.853253,0.0 -107.944099,45.743279,0.0 -108.06947,45.748778,0.0 -108.07002,45.78232,0.0 -108.047475,45.805964,0.0"
PRAY,59065,45.2761,127,MT,105.87878,-110.662,96,"-110.778679,45.267641,0.0 -110.77538,45.323728,0.0 -110.758884,45.336375,0.0 -110.718744,45.360569,0.0 -110.560931,45.309432,0.0 -110.64781,45.166465,0.0 -110.778679,45.267641,0.0"
RAPELJE,59067,45.9804,222,MT,257.66249,-109.317,216,"-109.50683,45.948381,0.0 -109.417201,46.044608,0.0 -109.415552,46.132037,0.0 -109.187905,46.132037,0.0 -109.180207,45.850504,0.0 -109.54862,45.859851,0.0 -109.50683,45.948381,0.0"
RED LODGE,59068,45.1495,3474,MT,561.18751,-109.477,3439,"-109.263238,45.005353,0.0 -109.663543,45.002604,0.0 -109.798811,45.002054,0.0 -109.798261,45.167565,0.0 -109.541472,45.366068,0.0 -109.383109,45.305582,0.0 -109.193404,45.278639,0.0 -109.172509,45.233,0.0 -109.220348,45.114778,0.0 -109.173609,45.029548,0.0 -109.263238,45.005353,0.0"
REED POINT,59069,45.6201,502,MT,114.30013,-109.447,494,"-109.406754,45.543676,0.0 -109.561267,45.556873,0.0 -109.562367,45.646502,0.0 -109.562367,45.710837,0.0 -109.281383,45.638804,0.0 -109.406754,45.543676,0.0"
ROBERTS,59070,45.3737,836,MT,149.48958,-109.226,829,"-109.193404,45.278639,0.0 -109.383109,45.305582,0.0 -109.374861,45.449648,0.0 -109.221997,45.464495,0.0 -109.068584,45.456797,0.0 -109.059786,45.353971,0.0 -109.193404,45.278639,0.0"
ROSCOE,59071,45.375,117,MT,57.52486,-109.425,116,"-109.383109,45.305582,0.0 -109.541472,45.366068,0.0 -109.397406,45.449648,0.0 -109.374861,45.449648,0.0 -109.383109,45.305582,0.0"
ROUNDUP,59072,46.5005,3906,MT,1235.86576,-108.558,3929,"-108.297116,46.264006,0.0 -108.521463,46.132587,0.0 -108.784301,46.132037,0.0 -108.609442,46.217817,0.0 -108.83049,46.321192,0.0 -109.009748,46.750641,0.0 -108.843137,46.750091,0.0 -108.630887,46.749541,0.0 -108.178344,46.75449,0.0 -108.099713,46.530693,0.0 -108.231682,46.5021,0.0 -108.297116,46.264006,0.0"
RYEGATE,59074,46.3054,658,MT,501.00793,-109.345,643,"-109.187905,46.132037,0.0 -109.415552,46.132037,0.0 -109.417201,46.044608,0.0 -109.594809,46.045158,0.0 -109.654195,46.219466,0.0 -109.411703,46.219466,0.0 -109.388608,46.520245,0.0 -109.389158,46.688506,0.0 -109.225297,46.597227,0.0 -109.185156,46.215617,0.0 -109.036691,46.132037,0.0 -109.187905,46.132037,0.0"
SAINT XAVIER,59075,45.4759,188,MT,363.53871,-107.889,189,"-107.479459,45.434802,0.0 -108.017232,45.372117,0.0 -108.316911,45.460646,0.0 -108.06947,45.561822,0.0 -107.538295,45.554674,0.0 -107.479459,45.434802,0.0"
SANDERS,59076,46.2855,119,MT,23.7946,-107.099,120,"-107.175931,46.261806,0.0 -107.184729,46.311845,0.0 -107.007121,46.306896,0.0 -107.007671,46.265106,0.0 -107.175931,46.261806,0.0"
SAND SPRINGS,59077,47.0138,74,MT,674.36119,-107.274,76,"-106.923541,46.859515,0.0 -107.301851,46.859515,0.0 -107.671914,46.851267,0.0 -107.678512,47.039323,0.0 -107.195177,47.208683,0.0 -107.050011,47.282365,0.0 -106.997773,47.193836,0.0 -106.936738,47.000282,0.0 -107.024717,46.926049,0.0 -106.923541,46.859515,0.0"
SHAWMUT,59078,46.3769,308,MT,370.19737,-109.592,313,"-109.731177,46.219466,0.0 -109.814207,46.50045,0.0 -109.388608,46.520245,0.0 -109.411703,46.219466,0.0 -109.654195,46.219466,0.0 -109.731177,46.219466,0.0"
SHEPHERD,59079,46.0703,2900,MT,303.27981,-108.382,2843,"-108.612192,45.972025,0.0 -108.521463,46.132587,0.0 -108.297116,46.264006,0.0 -108.172296,46.261257,0.0 -108.136554,46.175477,0.0 -108.269623,46.156231,0.0 -108.227832,45.984122,0.0 -108.319661,45.903841,0.0 -108.552806,45.943432,0.0 -108.612192,45.972025,0.0"
TWO DOT,59085,46.4655,1612,MT,810.75329,-110.033,1646,"-110.281597,46.220566,0.0 -110.281597,46.485054,0.0 -110.273349,46.7105,0.0 -109.764719,46.694004,0.0 -109.814207,46.50045,0.0 -109.731177,46.219466,0.0 -110.281597,46.220566,0.0"
WILSALL,59086,46.0284,1345,MT,536.78002,-110.55,1317,"-110.292594,45.831808,0.0 -110.367377,45.901092,0.0 -110.789677,45.809813,0.0 -110.839715,45.974224,0.0 -110.784178,46.192523,0.0 -110.281597,46.184275,0.0 -110.292594,46.044608,0.0 -110.292594,45.831808,0.0"
WINNETT,59087,47.1146,481,MT,1666.27918,-108.253,485,"-108.178344,46.75449,0.0 -108.630887,46.749541,0.0 -108.608342,47.090461,0.0 -108.740861,47.098709,0.0 -108.718316,47.225179,0.0 -108.314712,47.313158,0.0 -108.312512,47.575446,0.0 -107.935302,47.5584,0.0 -107.951248,47.362646,0.0 -107.889112,46.994783,0.0 -107.891862,46.851267,0.0 -107.827527,46.75614,0.0 -108.178344,46.75449,0.0"
WORDEN,59088,46.1289,1145,MT,384.13922,-108.039,1157," -108.227832,45.984122,0.0 -108.269623,46.156231,0.0 -108.136554,46.175477,0.0 -108.172296,46.261257,0.0 -107.907808,46.395425,0.0 -107.94245,46.16173,0.0 -107.708755,46.079799,0.0 -108.227832,45.984122,0.0 -108.23773,45.918688,0.0 -108.235531,45.976974,0.0 -107.736799,46.068252,0.0 -107.752745,46.054505,0.0 -107.991938,45.987971,0.0 -108.23773,45.918688,0.0"
WYOLA,59089,45.0809,450,MT,629.10773,-107.678,440,"-107.004922,44.996556,0.0 -107.090151,44.997105,0.0 -107.236967,45.000954,0.0 -107.47616,45.001504,0.0 -107.911657,45.001504,0.0 -108.249277,44.999305,0.0 -108.125557,45.217603,0.0 -107.98424,45.126325,0.0 -107.949048,45.262693,0.0 -107.77309,45.136222,0.0 -107.00987,45.096082,0.0 -107.004922,44.996556,0.0"
BILLINGS,59101,45.6336,36385,MT,587.73561,-108.362,36234," -108.386195,45.855452,0.0 -108.07002,45.78232,0.0 -108.06947,45.748778,0.0 -108.06947,45.681144,0.0 -108.06947,45.561822,0.0 -108.316911,45.460646,0.0 -108.645184,45.463945,0.0 -108.699071,45.522231,0.0 -108.639685,45.691591,0.0 -108.386195,45.855452,0.0 -108.61769,45.726233,0.0 -108.53576,45.801015,0.0 -108.467576,45.802115,0.0 -108.666079,45.688292,0.0 -108.696322,45.686642,0.0 -108.61769,45.726233,0.0"
BILLINGS,59102,45.7745,44989,MT,15.60657,-108.581,44865,"-108.61769,45.726233,0.0 -108.568202,45.804315,0.0 -108.53576,45.801015,0.0 -108.61769,45.726233,0.0"
BILLINGS,59105,45.8753,23756,MT,90.07546,-108.502,23571,"-108.467576,45.802115,0.0 -108.53576,45.801015,0.0 -108.568202,45.804315,0.0 -108.66003,45.86755,0.0 -108.552806,45.943432,0.0 -108.319661,45.903841,0.0 -108.467576,45.802115,0.0"
BILLINGS,59106,45.7811,7613,MT,89.28236,-108.684,7544,"-108.751309,45.852153,0.0 -108.66003,45.86755,0.0 -108.568202,45.804315,0.0 -108.61769,45.726233,0.0 -108.696322,45.686642,0.0 -108.791449,45.714136,0.0 -108.751309,45.852153,0.0"
WOLF POINT,59201,48.312,4554,MT,745.49932,-105.586,4573,"-105.371808,48.563012,0.0 -105.293726,48.465685,0.0 -105.343214,48.097273,0.0 -105.843596,48.011493,0.0 -105.804555,48.500877,0.0 -105.804555,48.563562,0.0 -105.492779,48.563012,0.0 -105.371808,48.563012,0.0"
ANTELOPE,59211,48.6755,159,MT,108.28969,-104.404,165,"-104.257771,48.708178,0.0 -104.275367,48.606452,0.0 -104.544803,48.634496,0.0 -104.340251,48.765914,0.0 -104.257771,48.708178,0.0"
BAINVILLE,59212,48.1814,318,MT,251.88205,-104.171,323,"-104.252272,48.036237,0.0 -104.374343,48.215495,0.0 -104.119204,48.389254,0.0 -104.047171,48.389254,0.0 -104.043871,47.997746,0.0 -104.252272,48.036237,0.0"
BROCKTON,59213,48.3312,914,MT,594.37023,-104.873,922,"-104.689419,48.215495,0.0 -104.612437,48.142362,0.0 -105.032538,48.06483,0.0 -105.084226,48.563012,0.0 -104.973152,48.563012,0.0 -104.649278,48.476133,0.0 -104.578895,48.389254,0.0 -104.689419,48.215495,0.0"
BROCKWAY,59214,47.236,173,MT,308.33786,-105.875,179,"-105.512024,47.181189,0.0 -105.960168,47.09321,0.0 -105.960168,47.181189,0.0 -106.087188,47.181189,0.0 -106.170219,47.181739,0.0 -106.170769,47.325805,0.0 -105.666538,47.335703,0.0 -105.512024,47.181189,0.0"
CIRCLE,59215,47.4606,1069,MT,935.05335,-105.787,1095,"-106.298339,47.500114,0.0 -106.288991,47.528707,0.0 -106.280743,47.528707,0.0 -106.260397,47.539704,0.0 -106.260397,47.540254,0.0 -106.260397,47.543553,0.0 -106.260947,47.552351,0.0 -106.260947,47.555101,0.0 -106.177917,47.621635,0.0 -105.641244,47.586993,0.0 -105.662689,47.714013,0.0 -105.496628,47.717862,0.0 -105.493329,47.620535,0.0 -105.363559,47.617786,0.0 -105.406449,47.490216,0.0 -105.406449,47.349999,0.0 -105.406449,47.181739,0.0 -105.512024,47.181189,0.0 -105.666538,47.335703,0.0 -106.170769,47.325805,0.0 -106.298888,47.361546,0.0 -106.298339,47.500114,0.0"
CULBERTSON,59218,48.1588,827,MT,116.88989,-104.481,839,"-104.612437,48.142362,0.0 -104.689419,48.215495,0.0 -104.374343,48.215495,0.0 -104.252272,48.036237,0.0 -104.612437,48.142362,0.0"
DAGMAR,59219,48.5582,215,MT,212.18302,-104.158,224,"-104.04827,48.708178,0.0 -104.047721,48.633946,0.0 -104.046621,48.40245,0.0 -104.047171,48.389254,0.0 -104.119204,48.389254,0.0 -104.216531,48.389254,0.0 -104.195086,48.498128,0.0 -104.318806,48.577309,0.0 -104.275367,48.606452,0.0 -104.257771,48.708178,0.0 -104.04827,48.708178,0.0"
FLAXVILLE,59222,48.7084,255,MT,250.9677,-105.15,263,"-105.294826,48.563012,0.0 -105.27833,48.881937,0.0 -105.038036,48.881937,0.0 -104.973152,48.632846,0.0 -104.973152,48.563012,0.0 -105.084226,48.563012,0.0 -105.294826,48.563012,0.0"
FORT PECK,59223,47.9721,676,MT,1336.02572,-106.992,680,"-106.423709,48.012043,0.0 -106.422059,48.000495,0.0 -106.661253,47.958155,0.0 -106.561726,47.892171,0.0 -106.767928,47.751954,0.0 -107.027466,47.748655,0.0 -106.911993,47.688719,0.0 -107.415125,47.701366,0.0 -107.404677,48.087375,0.0 -107.375534,48.305673,0.0 -107.281506,48.304574,0.0 -107.001622,48.159408,0.0 -106.676099,48.205047,0.0 -106.336829,48.117068,0.0 -106.317584,48.057132,0.0 -106.423709,48.012043,0.0"
FRAZER,59225,48.2654,721,MT,394.2095,-105.947,735,"-106.077841,48.036787,0.0 -106.090488,48.434893,0.0 -105.804555,48.500877,0.0 -105.843596,48.011493,0.0 -106.077841,48.036787,0.0"
FROID,59226,48.3071,409,MT,241.56035,-104.418,416,"-104.374343,48.215495,0.0 -104.689419,48.215495,0.0 -104.578895,48.389254,0.0 -104.216531,48.389254,0.0 -104.119204,48.389254,0.0 -104.374343,48.215495,0.0"
GLASGOW,59230,48.3777,4749,MT,505.73381,-106.614,4879,"-106.469898,48.435443,0.0 -106.336829,48.117068,0.0 -106.676099,48.205047,0.0 -106.899346,48.384855,0.0 -106.597468,48.664738,0.0 -106.578222,48.634496,0.0 -106.469898,48.435443,0.0"
HINSDALE,59241,48.6066,613,MT,1376.57478,-106.947,637,"-107.281506,48.304574,0.0 -107.258412,48.514624,0.0 -107.206174,48.70158,0.0 -107.17978,49.000159,0.0 -106.831712,49.000159,0.0 -106.485844,48.87094,0.0 -106.500141,48.780211,0.0 -106.597468,48.664738,0.0 -106.899346,48.384855,0.0 -106.676099,48.205047,0.0 -107.001622,48.159408,0.0 -107.281506,48.304574,0.0"
HOMESTEAD,59242,48.4403,14,MT,22.76346,-104.594,14,"-104.649278,48.476133,0.0 -104.564048,48.478882,0.0 -104.578895,48.389254,0.0 -104.649278,48.476133,0.0"
LAMBERT,59243,47.7565,609,MT,704.1269,-104.742,616,"-104.593741,47.60129,0.0 -104.97865,47.616136,0.0 -104.978101,47.703566,0.0 -105.23489,47.703566,0.0 -105.23489,47.790995,0.0 -105.194749,47.904268,0.0 -104.274817,47.836084,0.0 -104.229728,47.745356,0.0 -104.34685,47.656827,0.0 -104.264919,47.639781,0.0 -104.593741,47.60129,0.0"
LARSLAN,59244,48.5484,130,MT,311.31463,-106.227,137,"-106.578222,48.634496,0.0 -106.020654,48.631746,0.0 -105.804555,48.563562,0.0 -105.804555,48.500877,0.0 -106.090488,48.434893,0.0 -106.151523,48.522872,0.0 -106.469898,48.435443,0.0 -106.578222,48.634496,0.0"
MEDICINE LAKE,59247,48.47,454,MT,172.00438,-104.39,471,"-104.578895,48.389254,0.0 -104.564048,48.478882,0.0 -104.318806,48.577309,0.0 -104.195086,48.498128,0.0 -104.216531,48.389254,0.0 -104.578895,48.389254,0.0"
NASHUA,59248,48.2697,215,MT,420.99158,-106.234,221,"-106.317584,48.057132,0.0 -106.336829,48.117068,0.0 -106.469898,48.435443,0.0 -106.151523,48.522872,0.0 -106.090488,48.434893,0.0 -106.077841,48.036787,0.0 -106.317584,48.057132,0.0"
OPHEIM,59250,48.9129,237,MT,324.13304,-106.404,247,"-106.150973,48.823651,0.0 -106.500141,48.780211,0.0 -106.485844,48.87094,0.0 -106.831712,49.000159,0.0 -106.111933,48.999059,0.0 -106.150973,48.823651,0.0"
OUTLOOK,59252,48.9015,180,MT,126.86996,-104.754,186,"-104.732859,48.823651,0.0 -104.935761,48.91383,0.0 -104.862628,48.999059,0.0 -104.72846,48.999059,0.0 -104.579445,48.91053,0.0 -104.578345,48.82805,0.0 -104.732859,48.823651,0.0"
PEERLESS,59253,48.7777,319,MT,721.74354,-105.802,327,"-106.020654,48.631746,0.0 -106.021204,48.818702,0.0 -106.150973,48.823651,0.0 -106.111933,48.999059,0.0 -105.703929,48.999609,0.0 -105.522472,48.852794,0.0 -105.606602,48.852794,0.0 -105.464186,48.777462,0.0 -105.492779,48.563012,0.0 -105.804555,48.563562,0.0 -106.020654,48.631746,0.0"
PLENTYWOOD,59254,48.8033,2365,MT,311.88594,-104.559,2410,"-104.544803,48.634496,0.0 -104.847232,48.632846,0.0 -104.732859,48.823651,0.0 -104.578345,48.82805,0.0 -104.579445,48.91053,0.0 -104.575046,48.999609,0.0 -104.30561,48.999609,0.0 -104.395238,48.896234,0.0 -104.340251,48.765914,0.0 -104.544803,48.634496,0.0"
POPLAR,59255,48.317,3540,MT,402.09495,-105.21,3545,"-105.343214,48.097273,0.0 -105.293726,48.465685,0.0 -105.371808,48.563012,0.0 -105.294826,48.563012,0.0 -105.084226,48.563012,0.0 -105.032538,48.06483,0.0 -105.343214,48.097273,0.0"
RAYMOND,59256,48.9581,8,MT,39.0149,-104.645,8,"-104.575046,48.999609,0.0 -104.579445,48.91053,0.0 -104.72846,48.999059,0.0 -104.575046,48.999609,0.0"
REDSTONE,59257,48.8052,119,MT,244.30499,-104.926,124,"-104.847232,48.632846,0.0 -104.973152,48.632846,0.0 -105.038036,48.881937,0.0 -105.057282,48.999059,0.0 -104.862628,48.999059,0.0 -104.935761,48.91383,0.0 -104.732859,48.823651,0.0 -104.847232,48.632846,0.0"
RESERVE,59258,48.5739,117,MT,188.24412,-104.664,121,"-104.564048,48.478882,0.0 -104.649278,48.476133,0.0 -104.973152,48.563012,0.0 -104.973152,48.632846,0.0 -104.847232,48.632846,0.0 -104.544803,48.634496,0.0 -104.275367,48.606452,0.0 -104.318806,48.577309,0.0 -104.564048,48.478882,0.0"
RICHEY,59259,47.6158,398,MT,348.08832,-105.057,401,"-104.661925,47.507812,0.0 -105.002845,47.501763,0.0 -105.141962,47.605139,0.0 -105.406449,47.490216,0.0 -105.363559,47.617786,0.0 -105.36301,47.790445,0.0 -105.23489,47.790995,0.0 -105.23489,47.703566,0.0 -104.978101,47.703566,0.0 -104.97865,47.616136,0.0 -104.593741,47.60129,0.0 -104.661925,47.507812,0.0"
RICHLAND,59260,48.7145,120,MT,267.99821,-106.266,125,"-106.020654,48.631746,0.0 -106.578222,48.634496,0.0 -106.597468,48.664738,0.0 -106.500141,48.780211,0.0 -106.150973,48.823651,0.0 -106.021204,48.818702,0.0 -106.020654,48.631746,0.0"
SACO,59261,48.6385,197,MT,308.609,-107.452,203,"-107.258412,48.514624,0.0 -107.765392,48.547616,0.0 -107.627374,48.761516,0.0 -107.206174,48.70158,0.0 -107.258412,48.514624,0.0"
SAVAGE,59262,47.5072,1025,MT,452.89335,-104.301,1043," -104.043322,47.677172,0.0 -104.044971,47.397288,0.0 -104.396338,47.354398,0.0 -104.157695,47.672773,0.0 -104.043322,47.677172,0.0 -104.421632,47.354398,0.0 -104.512911,47.441827,0.0 -104.512911,47.529257,0.0 -104.661925,47.507812,0.0 -104.593741,47.60129,0.0 -104.264919,47.639781,0.0 -104.189037,47.646379,0.0 -104.421632,47.354398,0.0"
SCOBEY,59263,48.732,1291,MT,228.84617,-105.396,1305,"-105.492779,48.563012,0.0 -105.464186,48.777462,0.0 -105.606602,48.852794,0.0 -105.522472,48.852794,0.0 -105.27833,48.881937,0.0 -105.294826,48.563012,0.0 -105.371808,48.563012,0.0 -105.492779,48.563012,0.0"
SIDNEY,59270,47.7246,6489,MT,112.42973,-104.178,6579," -104.274817,47.836084,0.0 -104.070265,47.801442,0.0 -104.042772,47.782197,0.0 -104.042772,47.766251,0.0 -104.189037,47.646379,0.0 -104.264919,47.639781,0.0 -104.34685,47.656827,0.0 -104.229728,47.745356,0.0 -104.274817,47.836084,0.0 -104.043322,47.758553,0.0 -104.043322,47.677172,0.0 -104.157695,47.672773,0.0 -104.043322,47.758553,0.0"
VIDA,59274,47.8509,685,MT,1424.1321,-105.781,703,"-106.422059,48.000495,0.0 -106.423709,48.012043,0.0 -105.194749,48.06483,0.0 -105.194749,47.904268,0.0 -105.23489,47.790995,0.0 -105.36301,47.790445,0.0 -105.363559,47.617786,0.0 -105.493329,47.620535,0.0 -105.496628,47.717862,0.0 -105.662689,47.714013,0.0 -105.641244,47.586993,0.0 -106.177917,47.621635,0.0 -106.391267,47.963654,0.0 -106.280193,47.926813,0.0 -106.422059,48.000495,0.0"
WESTBY,59275,48.8546,366,MT,282.09638,-104.203,382,"-104.340251,48.765914,0.0 -104.395238,48.896234,0.0 -104.30561,48.999609,0.0 -104.04882,48.999609,0.0 -104.04882,48.894584,0.0 -104.04827,48.708178,0.0 -104.257771,48.708178,0.0 -104.340251,48.765914,0.0"
WHITETAIL,59276,48.9386,128,MT,226.41623,-105.338,132,"-105.27833,48.881937,0.0 -105.522472,48.852794,0.0 -105.703929,48.999609,0.0 -105.057282,48.999059,0.0 -105.038036,48.881937,0.0 -105.27833,48.881937,0.0"
MILES CITY,59301,46.3921,10415,MT,258.40704,-105.883,10563," -105.735821,46.503199,0.0 -105.620349,46.397074,0.0 -105.713827,46.295898,0.0 -105.966217,46.340438,0.0 -105.735821,46.503199,0.0 -106.154822,46.304696,0.0 -106.135027,46.483404,0.0 -106.120181,46.493302,0.0 -105.747919,46.497701,0.0 -106.154822,46.304696,0.0"
ALZADA,59311,45.1999,88,MT,475.84173,-104.236,90,"-104.040022,45.336925,0.0 -104.040022,45.212654,0.0 -104.057618,44.997655,0.0 -104.366645,44.998205,0.0 -104.411734,44.998205,0.0 -104.292413,45.19011,0.0 -104.484867,45.369917,0.0 -104.335852,45.419955,0.0 -104.040022,45.336925,0.0"
ANGELA,59312,46.7197,41,MT,321.62631,-106.293,42,"-106.135027,46.483404,0.0 -106.513338,46.730296,0.0 -106.543031,46.845219,0.0 -106.086639,46.845768,0.0 -106.120181,46.493302,0.0 -106.135027,46.483404,0.0"
BAKER,59313,46.3082,2373,MT,869.48503,-104.235,2399,"-104.39029,46.041858,0.0 -104.368295,46.194172,0.0 -104.489816,46.194172,0.0 -104.51676,46.32944,0.0 -104.328154,46.45811,0.0 -104.606938,46.67036,0.0 -104.606938,46.684656,0.0 -104.045521,46.641217,0.0 -104.044971,46.54114,0.0 -104.045521,46.279952,0.0 -104.045521,45.945081,0.0 -104.043871,45.881846,0.0 -104.39029,46.041858,0.0"
BIDDLE,59314,45.2857,443,MT,1279.9015,-105.316,459,"-105.540618,45.331976,0.0 -105.194749,45.689942,0.0 -105.061681,45.787269,0.0 -105.055082,45.787269,0.0 -104.98195,45.787269,0.0 -104.98195,45.755376,0.0 -105.038036,45.27259,0.0 -105.038586,45.000405,0.0 -105.089174,45.000405,0.0 -105.595055,45.000405,0.0 -105.909031,45.000954,0.0 -105.540618,45.331976,0.0"
BLOOMFIELD,59315,47.4228,206,MT,538.26931,-105.054,208,"-105.002295,47.253772,0.0 -105.406449,47.349999,0.0 -105.406449,47.490216,0.0 -105.141962,47.605139,0.0 -105.002845,47.501763,0.0 -104.661925,47.507812,0.0 -104.512911,47.529257,0.0 -104.512911,47.441827,0.0 -104.747705,47.482518,0.0 -104.917615,47.412684,0.0 -104.884623,47.227928,0.0 -105.002295,47.253772,0.0"
BOYES,59316,45.5076,83,MT,396.86745,-104.872,85,"-104.789495,45.765824,0.0 -104.669074,45.716335,0.0 -104.873625,45.562372,0.0 -104.627284,45.405109,0.0 -104.898919,45.218153,0.0 -105.038036,45.27259,0.0 -104.98195,45.755376,0.0 -104.789495,45.765824,0.0"
BROADUS,59317,45.5493,856,MT,345.80662,-105.505,862,"-105.651691,45.491439,0.0 -105.513674,45.566221,0.0 -105.775962,45.605811,0.0 -105.735272,45.714136,0.0 -105.344314,45.669596,0.0 -105.194749,45.689942,0.0 -105.540618,45.331976,0.0 -105.651691,45.491439,0.0"
BRUSETT,59318,47.3097,181,MT,1039.59467,-107.626,188,"-107.430521,47.589743,0.0 -107.315048,47.477019,0.0 -107.331544,47.273017,0.0 -107.195177,47.208683,0.0 -107.678512,47.039323,0.0 -107.889112,46.994783,0.0 -107.951248,47.362646,0.0 -107.697758,47.613937,0.0 -107.430521,47.589743,0.0"
COHAGEN,59322,47.0884,268,MT,1338.93951,-106.515,276,"-106.086639,46.860065,0.0 -106.086639,46.845768,0.0 -106.543031,46.845219,0.0 -106.923541,46.859515,0.0 -107.024717,46.926049,0.0 -106.936738,47.000282,0.0 -106.997773,47.193836,0.0 -106.342878,47.360447,0.0 -106.298339,47.500114,0.0 -106.298888,47.361546,0.0 -106.170769,47.325805,0.0 -106.170219,47.181739,0.0 -106.087188,47.181189,0.0 -106.086639,46.860065,0.0"
EKALAKA,59324,45.8796,868,MT,1021.61158,-104.497,874,"-104.171991,45.582717,0.0 -104.406236,45.759225,0.0 -104.789495,45.765824,0.0 -104.98195,45.755376,0.0 -104.98195,45.787269,0.0 -104.885722,46.136436,0.0 -104.572846,46.136436,0.0 -104.39029,46.041858,0.0 -104.043871,45.881846,0.0 -104.042222,45.567321,0.0 -104.171991,45.582717,0.0"
FALLON,59326,46.6763,275,MT,375.09236,-105.145,289," -105.116668,46.856766,0.0 -105.043535,46.890858,0.0 -105.011093,46.861715,0.0 -105.116668,46.856766,0.0 -104.921464,46.861165,0.0 -105.000645,46.759439,0.0 -104.870326,46.569184,0.0 -105.491679,46.624171,0.0 -105.146911,46.835871,0.0 -105.006694,46.861165,0.0 -104.921464,46.861165,0.0"
FORSYTH,59327,46.5066,2627,MT,1421.65796,-106.872,2673," -107.3079,46.482304,0.0 -107.174831,46.611524,0.0 -107.301851,46.859515,0.0 -106.923541,46.859515,0.0 -106.543031,46.845219,0.0 -106.513338,46.730296,0.0 -106.633209,46.662662,0.0 -106.558427,46.296998,0.0 -107.028566,46.307446,0.0 -107.3079,46.482304,0.0 -107.007671,46.265106,0.0 -107.007121,46.306896,0.0 -106.476496,46.273904,0.0 -106.635959,46.085848,0.0 -106.938937,46.07925,0.0 -107.007671,46.265106,0.0"
GLENDIVE,59330,47.1115,8282,MT,1266.92306,-104.744,8359," -105.043535,46.890858,0.0 -105.325069,46.983236,0.0 -105.324519,47.09321,0.0 -104.945108,47.138299,0.0 -105.002295,47.253772,0.0 -104.884623,47.227928,0.0 -104.917615,47.412684,0.0 -104.747705,47.482518,0.0 -104.512911,47.441827,0.0 -104.421632,47.354398,0.0 -105.011093,46.861715,0.0 -105.043535,46.890858,0.0 -104.603639,46.860615,0.0 -104.921464,46.861165,0.0 -105.006694,46.861165,0.0 -104.450225,47.318657,0.0 -104.310009,47.042072,0.0 -104.603639,46.860615,0.0"
HAMMOND,59332,45.3468,257,MT,1259.59586,-104.627,262,"-105.038036,45.27259,0.0 -104.898919,45.218153,0.0 -104.627284,45.405109,0.0 -104.873625,45.562372,0.0 -104.669074,45.716335,0.0 -104.789495,45.765824,0.0 -104.406236,45.759225,0.0 -104.171991,45.582717,0.0 -104.309459,45.599213,0.0 -104.335852,45.419955,0.0 -104.484867,45.369917,0.0 -104.292413,45.19011,0.0 -104.411734,44.998205,0.0 -105.038586,45.000405,0.0 -105.038036,45.27259,0.0"
ISMAY,59336,46.3565,333,MT,935.23296,-105.155,336,"-105.055082,45.787269,0.0 -105.005594,45.981923,0.0 -105.314071,46.421819,0.0 -105.620349,46.397074,0.0 -105.735821,46.503199,0.0 -105.509275,46.658263,0.0 -105.491679,46.624171,0.0 -104.870326,46.569184,0.0 -104.732859,46.612623,0.0 -104.732859,46.482304,0.0 -104.906068,46.474056,0.0 -104.885722,46.136436,0.0 -104.98195,45.787269,0.0 -105.055082,45.787269,0.0"
JORDAN,59337,47.5109,705,MT,1458.27083,-106.823,729,"-106.298339,47.500114,0.0 -106.342878,47.360447,0.0 -106.997773,47.193836,0.0 -107.050011,47.282365,0.0 -107.195177,47.208683,0.0 -107.331544,47.273017,0.0 -107.315048,47.477019,0.0 -107.430521,47.589743,0.0 -107.400278,47.689819,0.0 -107.05221,47.60184,0.0 -106.879551,47.671673,0.0 -106.906495,47.585344,0.0 -106.856457,47.72666,0.0 -106.554578,47.701366,0.0 -106.482545,47.905918,0.0 -106.260947,47.60019,0.0 -106.260947,47.59909,0.0 -106.260947,47.596341,0.0 -106.260947,47.592492,0.0 -106.260947,47.585344,0.0 -106.260947,47.563349,0.0 -106.288991,47.528707,0.0 -106.298339,47.500114,0.0"
KINSEY,59338,46.6648,375,MT,619.70754,-105.874,378,"-106.086639,46.845768,0.0 -106.086639,46.860065,0.0 -105.625298,46.832022,0.0 -105.548316,46.658263,0.0 -105.747919,46.497701,0.0 -106.120181,46.493302,0.0 -106.086639,46.845768,0.0"
LINDSAY,59339,47.208,81,MT,202.60797,-105.214,82,"-105.324519,47.09321,0.0 -105.406449,47.181739,0.0 -105.406449,47.349999,0.0 -105.002295,47.253772,0.0 -104.945108,47.138299,0.0 -105.324519,47.09321,0.0"
MILDRED,59341,46.7431,72,MT,272.09539,-104.791,76,"-104.606938,46.67036,0.0 -104.732859,46.612623,0.0 -104.870326,46.569184,0.0 -105.000645,46.759439,0.0 -104.921464,46.861165,0.0 -104.603639,46.860615,0.0 -104.606938,46.684656,0.0 -104.606938,46.67036,0.0"
OLIVE,59343,45.5418,52,MT,76.03046,-105.655,52,"-105.651691,45.491439,0.0 -105.8271,45.540377,0.0 -105.775962,45.605811,0.0 -105.513674,45.566221,0.0 -105.651691,45.491439,0.0"
PLEVNA,59344,46.3896,383,MT,677.09068,-104.645,390,"-104.489816,46.194172,0.0 -104.572846,46.136436,0.0 -104.885722,46.136436,0.0 -104.906068,46.474056,0.0 -104.732859,46.482304,0.0 -104.732859,46.612623,0.0 -104.606938,46.67036,0.0 -104.328154,46.45811,0.0 -104.51676,46.32944,0.0 -104.489816,46.194172,0.0"
POWDERVILLE,59345,45.743,18,MT,87.42621,-105.249,18,"-105.344314,45.669596,0.0 -105.420746,45.788368,0.0 -105.061681,45.787269,0.0 -105.194749,45.689942,0.0 -105.344314,45.669596,0.0"
ROSEBUD,59347,46.1082,3065,MT,1734.1664,-106.484,3142," -106.513338,46.730296,0.0 -106.135027,46.483404,0.0 -106.154822,46.304696,0.0 -106.558427,46.296998,0.0 -106.633209,46.662662,0.0 -106.513338,46.730296,0.0 -106.913093,45.683893,0.0 -106.938937,45.870299,0.0 -106.938937,46.07925,0.0 -106.635959,46.085848,0.0 -106.476496,46.273904,0.0 -106.154822,46.303597,0.0 -106.191664,45.788368,0.0 -106.233454,45.642653,0.0 -106.277443,45.633305,0.0 -106.727237,45.676745,0.0 -106.913093,45.683893,0.0"
TERRY,59349,46.9531,807,MT,1091.5449,-105.603,834," -105.548316,46.658263,0.0 -105.625298,46.832022,0.0 -106.086639,46.860065,0.0 -106.087188,47.181189,0.0 -105.960168,47.181189,0.0 -105.960168,47.09321,0.0 -105.512024,47.181189,0.0 -105.406449,47.181739,0.0 -105.324519,47.09321,0.0 -105.325069,46.983236,0.0 -105.043535,46.890858,0.0 -105.116668,46.856766,0.0 -105.548316,46.658263,0.0 -105.146911,46.835871,0.0 -105.491679,46.624171,0.0 -105.509275,46.658263,0.0 -105.419096,46.791881,0.0 -105.146911,46.835871,0.0"
VOLBORG,59351,46.0344,475,MT,2122.49093,-105.626,483,"-106.191664,45.788368,0.0 -106.154822,46.303597,0.0 -105.966217,46.340438,0.0 -105.713827,46.295898,0.0 -105.620349,46.397074,0.0 -105.314071,46.421819,0.0 -105.005594,45.981923,0.0 -105.055082,45.787269,0.0 -105.061681,45.787269,0.0 -105.420746,45.788368,0.0 -105.344314,45.669596,0.0 -105.735272,45.714136,0.0 -105.727573,45.788368,0.0 -106.191664,45.788368,0.0"
WIBAUX,59353,46.9658,1056,MT,889.25786,-104.248,1068,"-104.603639,46.860615,0.0 -104.310009,47.042072,0.0 -104.450225,47.318657,0.0 -104.396338,47.354398,0.0 -104.044971,47.397288,0.0 -104.045521,47.330204,0.0 -104.045521,46.745692,0.0 -104.045521,46.641217,0.0 -104.606938,46.684656,0.0 -104.603639,46.860615,0.0"
WILLARD,59354,46.1316,41,MT,75.17186,-104.46,42,"-104.572846,46.136436,0.0 -104.489816,46.194172,0.0 -104.368295,46.194172,0.0 -104.39029,46.041858,0.0 -104.572846,46.136436,0.0"
GREAT FALLS,59404,47.5366,24627,MT,211.44807,-111.363,24817,"-111.507257,47.433579,0.0 -111.637576,47.539704,0.0 -111.525403,47.5573,0.0 -111.3247,47.64253,0.0 -111.287309,47.665625,0.0 -111.035469,47.628233,0.0 -111.24332,47.529807,0.0 -111.290059,47.522109,0.0 -111.319752,47.391789,0.0 -111.501209,47.43138,0.0 -111.507257,47.433579,0.0"
GREAT FALLS,59405,47.3066,28921,MT,409.71007,-111.267,29227,"-111.054164,47.426431,0.0 -111.221325,47.450076,0.0 -111.229023,47.350549,0.0 -111.286209,47.000832,0.0 -111.491861,47.000832,0.0 -111.387935,47.227928,0.0 -111.502308,47.42973,0.0 -111.32525,47.38739,0.0 -111.310954,47.506712,0.0 -111.250468,47.523208,0.0 -111.048116,47.597991,0.0 -110.863909,47.524858,0.0 -111.054164,47.426431,0.0"
AUGUSTA,59410,47.4548,898,MT,1338.34138,-112.603,883,"-112.04723,47.51606,0.0 -112.04503,47.192736,0.0 -112.233086,47.216931,0.0 -112.371653,47.073964,0.0 -113.05954,47.488017,0.0 -113.14477,47.596341,0.0 -113.168415,47.731059,0.0 -112.984758,47.953756,0.0 -112.854439,47.629333,0.0 -112.417292,47.582594,0.0 -112.04723,47.51606,0.0"
BABB,59411,48.8995,559,MT,317.38051,-113.335,538,"-113.420255,48.721925,0.0 -113.60941,48.99851,0.0 -113.095282,48.99851,0.0 -113.0194,48.855543,0.0 -113.420255,48.721925,0.0"
BELT,59412,47.3265,1658,MT,376.0338,-110.895,1649,"-111.033269,47.164693,0.0 -111.144343,47.240575,0.0 -111.07286,47.382442,0.0 -111.054164,47.426431,0.0 -110.863909,47.524858,0.0 -110.639562,47.416533,0.0 -110.767132,47.359347,0.0 -110.772081,47.148747,0.0 -111.033269,47.164693,0.0"
BRADY,59416,48.0298,319,MT,152.55171,-111.661,322,"-111.408281,47.987299,0.0 -111.983995,47.984549,0.0 -111.983445,48.043385,0.0 -111.408831,48.088475,0.0 -111.408281,47.987299,0.0"
BROWNING,59417,48.5493,7885,MT,1144.64591,-112.928,7832,"-112.228687,48.481632,0.0 -112.322165,48.323819,0.0 -112.587752,48.310072,0.0 -113.048543,48.310072,0.0 -113.253644,48.424445,0.0 -113.420255,48.721925,0.0 -113.0194,48.855543,0.0 -112.753263,48.773613,0.0 -112.682329,48.502527,0.0 -112.228687,48.481632,0.0"
BUFFALO,59418,46.7996,86,MT,102.82709,-109.701,87,"-109.607456,46.896356,0.0 -109.63495,46.693454,0.0 -109.745474,46.694004,0.0 -109.830154,46.801779,0.0 -109.765819,46.896356,0.0 -109.607456,46.896356,0.0"
BYNUM,59419,47.9847,144,MT,47.22738,-112.288,139,"-112.21549,48.004345,0.0 -112.42609,47.977951,0.0 -112.327663,48.008194,0.0 -112.21549,48.004345,0.0"
CARTER,59420,47.785,84,MT,44.02729,-110.997,85,"-110.897451,47.760752,0.0 -111.110801,47.756353,0.0 -110.868858,47.765151,0.0 -110.897451,47.760752,0.0"
CASCADE,59421,47.2229,2591,MT,776.26103,-111.731,2584," -112.04723,47.51606,0.0 -111.932857,47.502313,0.0 -111.815184,47.502313,0.0 -111.854775,47.415984,0.0 -111.715658,47.369795,0.0 -111.507257,47.433579,0.0 -111.501209,47.43138,0.0 -111.896565,47.124003,0.0 -112.04503,47.192736,0.0 -112.04723,47.51606,0.0 -111.657922,46.913402,0.0 -111.782192,46.913952,0.0 -111.789341,47.125102,0.0 -111.885018,47.121253,0.0 -111.502308,47.42973,0.0 -111.387935,47.227928,0.0 -111.491861,47.000832,0.0 -111.657922,46.913402,0.0"
CHOTEAU,59422,47.8682,3060,MT,1327.09274,-112.489,3019,"-111.983995,47.984549,0.0 -112.023035,47.872376,0.0 -111.902614,47.784946,0.0 -111.837179,47.704665,0.0 -112.206692,47.766801,0.0 -112.417292,47.582594,0.0 -112.854439,47.629333,0.0 -112.984758,47.953756,0.0 -112.880283,47.9818,0.0 -113.01665,48.132464,0.0 -112.983108,48.132464,0.0 -112.455233,48.131914,0.0 -112.327663,48.008194,0.0 -112.42609,47.977951,0.0 -112.21549,48.004345,0.0 -112.152805,48.087375,0.0 -111.983445,48.043385,0.0 -111.983995,47.984549,0.0"
COFFEE CREEK,59424,47.3578,128,MT,114.18774,-110.06,130,"-110.033056,47.47427,0.0 -109.957174,47.229028,0.0 -110.211214,47.359347,0.0 -110.213413,47.416533,0.0 -110.033056,47.47427,0.0"
CONRAD,59425,48.1565,3485,MT,440.70214,-111.842,3540,"-112.152805,48.087375,0.0 -112.263878,48.131364,0.0 -111.839379,48.292476,0.0 -111.66672,48.219344,0.0 -111.408831,48.219344,0.0 -111.408831,48.131914,0.0 -111.408831,48.088475,0.0 -111.983445,48.043385,0.0 -112.152805,48.087375,0.0"
CUT BANK,59427,48.7718,4895,MT,1077.45664,-112.537,4937,"-112.189096,48.57346,0.0 -112.184697,48.510775,0.0 -112.184147,48.477783,0.0 -112.228687,48.481632,0.0 -112.682329,48.502527,0.0 -112.753263,48.773613,0.0 -113.0194,48.855543,0.0 -113.095282,48.99851,0.0 -112.193495,48.999059,0.0 -112.193495,48.935824,0.0 -112.189096,48.8275,0.0 -112.189096,48.704329,0.0 -112.189096,48.57346,0.0"
DENTON,59430,47.4255,561,MT,497.693,-109.78,569,"-109.755921,47.056369,0.0 -109.757021,47.185038,0.0 -109.872494,47.201534,0.0 -109.957174,47.229028,0.0 -110.033056,47.47427,0.0 -109.857647,47.529807,0.0 -109.830154,47.712913,0.0 -109.644298,47.734908,0.0 -109.589311,47.527607,0.0 -109.726778,47.313708,0.0 -109.672341,47.127302,0.0 -109.755921,47.054169,0.0 -109.755921,47.056369,0.0"
DUTTON,59433,47.8895,733,MT,355.69457,-111.689,736,"-111.983995,47.984549,0.0 -111.408281,47.987299,0.0 -111.408831,47.799793,0.0 -111.902614,47.784946,0.0 -112.023035,47.872376,0.0 -111.983995,47.984549,0.0"
EAST GLACIER PARK,59434,48.7099,47,MT,635.12618,-113.594,47,"-113.349322,48.310072,0.0 -113.35757,48.317221,0.0 -113.468644,48.552565,0.0 -113.701239,48.587207,0.0 -113.767223,48.82695,0.0 -113.973974,48.818702,0.0 -114.068002,48.999059,0.0 -113.60941,48.99851,0.0 -113.420255,48.721925,0.0 -113.253644,48.424445,0.0 -113.048543,48.310072,0.0 -113.349322,48.310072,0.0"
FAIRFIELD,59436,47.6172,1895,MT,314.67342,-112.101,1888,"-111.773944,47.611187,0.0 -111.922409,47.611187,0.0 -111.932857,47.502313,0.0 -112.04723,47.51606,0.0 -112.417292,47.582594,0.0 -112.206692,47.766801,0.0 -111.837179,47.704665,0.0 -111.773944,47.611187,0.0"
FLOWEREE,59440,47.6888,112,MT,113.55156,-111.111,113,"-111.035469,47.628233,0.0 -111.287309,47.665625,0.0 -111.297207,47.698067,0.0 -111.110801,47.756353,0.0 -110.897451,47.760752,0.0 -111.035469,47.628233,0.0"
FORESTGROVE,59441,46.8619,147,MT,249.58305,-109.046,149,"-108.843137,46.750091,0.0 -109.009748,46.750641,0.0 -109.191755,46.751191,0.0 -109.288532,46.854566,0.0 -109.135668,46.886459,0.0 -109.180207,46.995333,0.0 -108.923418,46.990934,0.0 -108.843137,46.750091,0.0"
FORT BENTON,59442,47.8169,2659,MT,2061.53885,-110.629,2660," -111.110801,47.756353,0.0 -111.297207,47.698067,0.0 -111.408831,47.698067,0.0 -111.408831,47.799793,0.0 -111.408281,47.987299,0.0 -111.408831,48.088475,0.0 -111.408831,48.131914,0.0 -110.840815,48.132464,0.0 -110.755585,48.219894,0.0 -110.632414,48.219344,0.0 -110.687951,48.043935,0.0 -110.600522,47.970802,0.0 -110.679703,47.907567,0.0 -110.593373,47.872376,0.0 -110.868858,47.765151,0.0 -111.110801,47.756353,0.0 -110.213413,47.416533,0.0 -110.576877,47.416533,0.0 -110.552133,47.566098,0.0 -110.202966,47.525408,0.0 -110.155127,47.604589,0.0 -110.555982,47.613387,0.0 -110.895252,47.760202,0.0 -110.168874,48.039536,0.0 -110.068247,47.821238,0.0 -109.830154,47.712913,0.0 -109.857647,47.529807,0.0 -110.033056,47.47427,0.0 -110.213413,47.416533,0.0"
FORT SHAW,59443,47.5548,902,MT,64.169,-111.838,819,"-111.710709,47.544653,0.0 -111.815184,47.502313,0.0 -111.932857,47.502313,0.0 -111.922409,47.611187,0.0 -111.773944,47.611187,0.0 -111.751949,47.611737,0.0 -111.710709,47.544653,0.0"
GALATA,59444,48.4549,57,MT,95.42917,-111.351,57,"-111.275212,48.351313,0.0 -111.480314,48.466235,0.0 -111.273562,48.581158,0.0 -111.275212,48.351313,0.0"
GERALDINE,59446,47.587,305,MT,103.1186,-110.344,303,"-110.552133,47.566098,0.0 -110.555982,47.613387,0.0 -110.155127,47.604589,0.0 -110.202966,47.525408,0.0 -110.552133,47.566098,0.0"
GEYSER,59447,47.2402,414,MT,399.25884,-110.44,402,"-110.645061,47.05197,0.0 -110.645061,47.059668,0.0 -110.576877,47.416533,0.0 -110.213413,47.416533,0.0 -110.211214,47.359347,0.0 -110.331085,47.186688,0.0 -110.257403,47.139399,0.0 -110.447658,47.042622,0.0 -110.645061,47.05197,0.0"
HEART BUTTE,59448,48.2409,788,MT,271.23556,-112.984,770,"-113.01665,48.132464,0.0 -113.349322,48.310072,0.0 -113.048543,48.310072,0.0 -112.587752,48.310072,0.0 -112.983108,48.132464,0.0 -113.01665,48.132464,0.0"
HIGHWOOD,59450,47.5918,442,MT,264.22548,-110.789,441,"-110.576877,47.416533,0.0 -110.639562,47.416533,0.0 -110.863909,47.524858,0.0 -111.048116,47.597991,0.0 -110.895252,47.760202,0.0 -110.555982,47.613387,0.0 -110.552133,47.566098,0.0 -110.576877,47.416533,0.0"
HILGER,59451,47.3056,728,MT,594.31317,-109.415,739,"-109.589311,47.527607,0.0 -109.020745,47.512211,0.0 -109.228046,47.348899,0.0 -109.109824,47.164693,0.0 -109.179657,47.127852,0.0 -109.322624,47.204284,0.0 -109.513429,47.087161,0.0 -109.672341,47.127302,0.0 -109.726778,47.313708,0.0 -109.589311,47.527607,0.0"
HOBSON,59452,46.871,711,MT,864.08868,-110.205,702,"-110.273349,46.7105,0.0 -110.574678,46.770436,0.0 -110.652759,46.823774,0.0 -110.645061,47.021727,0.0 -110.645061,47.05197,0.0 -110.447658,47.042622,0.0 -110.265651,46.957942,0.0 -110.030306,47.026126,0.0 -109.755921,47.056369,0.0 -109.755921,47.054169,0.0 -109.765819,46.896356,0.0 -109.830154,46.801779,0.0 -109.745474,46.694004,0.0 -109.764719,46.694004,0.0 -110.273349,46.7105,0.0"
JUDITH GAP,59453,46.6044,295,MT,243.77501,-109.6,300,"-109.388608,46.520245,0.0 -109.814207,46.50045,0.0 -109.764719,46.694004,0.0 -109.745474,46.694004,0.0 -109.63495,46.693454,0.0 -109.389158,46.693454,0.0 -109.389158,46.688506,0.0 -109.388608,46.520245,0.0"
KEVIN,59454,48.7483,229,MT,152.31706,-112.025,220,"-111.866322,48.82695,0.0 -111.96145,48.749418,0.0 -111.862473,48.696631,0.0 -112.189096,48.704329,0.0 -112.189096,48.8275,0.0 -111.866322,48.82695,0.0"
LEDGER,59456,48.2895,42,MT,61.77524,-111.743,43,"-111.839379,48.292476,0.0 -111.795939,48.350763,0.0 -111.66562,48.349663,0.0 -111.66672,48.219344,0.0 -111.839379,48.292476,0.0"
LEWISTOWN,59457,46.9334,8305,MT,523.96219,-109.373,8430,"-109.607456,46.896356,0.0 -109.482086,46.873262,0.0 -109.513429,47.087161,0.0 -109.322624,47.204284,0.0 -109.179657,47.127852,0.0 -109.180207,46.995333,0.0 -109.135668,46.886459,0.0 -109.288532,46.854566,0.0 -109.191755,46.751191,0.0 -109.389158,46.693454,0.0 -109.63495,46.693454,0.0 -109.607456,46.896356,0.0"
LOMA,59460,47.9749,203,MT,144.3424,-110.493,202,"-110.593373,47.872376,0.0 -110.679703,47.907567,0.0 -110.600522,47.970802,0.0 -110.459755,48.103321,0.0 -110.317339,48.015342,0.0 -110.593373,47.872376,0.0"
MOCCASIN,59462,47.1094,176,MT,113.81678,-109.885,174,"-110.030306,47.026126,0.0 -109.872494,47.201534,0.0 -109.757021,47.185038,0.0 -109.755921,47.056369,0.0 -110.030306,47.026126,0.0"
MONARCH,59463,47.0589,195,MT,174.1192,-110.869,190,"-111.043717,47.005231,0.0 -111.033269,47.164693,0.0 -110.772081,47.148747,0.0 -110.645061,47.059668,0.0 -110.645061,47.05197,0.0 -110.645061,47.021727,0.0 -110.856211,46.928799,0.0 -111.043717,47.005231,0.0"
MOORE,59464,46.9858,569,MT,168.39457,-109.629,573,"-109.765819,46.896356,0.0 -109.755921,47.054169,0.0 -109.672341,47.127302,0.0 -109.513429,47.087161,0.0 -109.482086,46.873262,0.0 -109.607456,46.896356,0.0 -109.765819,46.896356,0.0"
NEIHART,59465,46.9345,99,MT,91.95911,-110.718,96,"-110.652759,46.823774,0.0 -110.856211,46.928799,0.0 -110.645061,47.021727,0.0 -110.652759,46.823774,0.0"
OILMONT,59466,48.7532,104,MT,125.08216,-111.751,104,"-111.557295,48.696081,0.0 -111.862473,48.696631,0.0 -111.96145,48.749418,0.0 -111.866322,48.82695,0.0 -111.556746,48.782411,0.0 -111.557295,48.696081,0.0"
PENDROY,59467,48.0792,120,MT,84.60129,-112.288,118,"-112.327663,48.008194,0.0 -112.455233,48.131914,0.0 -112.263878,48.131364,0.0 -112.152805,48.087375,0.0 -112.21549,48.004345,0.0 -112.327663,48.008194,0.0"
POWER,59468,47.6974,666,MT,255.25567,-111.602,667,"-111.837179,47.704665,0.0 -111.902614,47.784946,0.0 -111.408831,47.799793,0.0 -111.408831,47.698067,0.0 -111.3247,47.64253,0.0 -111.525403,47.5573,0.0 -111.751949,47.611737,0.0 -111.773944,47.611187,0.0 -111.837179,47.704665,0.0"
RAYNESFORD,59469,47.2464,209,MT,150.60178,-110.684,203,"-110.645061,47.059668,0.0 -110.772081,47.148747,0.0 -110.767132,47.359347,0.0 -110.639562,47.416533,0.0 -110.576877,47.416533,0.0 -110.645061,47.059668,0.0"
ROY,59471,47.4063,418,MT,867.11297,-108.738,423,"-109.109824,47.164693,0.0 -109.228046,47.348899,0.0 -109.020745,47.512211,0.0 -108.676526,47.621635,0.0 -108.312512,47.575446,0.0 -108.314712,47.313158,0.0 -108.718316,47.225179,0.0 -109.109824,47.164693,0.0"
SAND COULEE,59472,47.403,617,MT,36.64201,-111.165,567,"-111.07286,47.382442,0.0 -111.229023,47.350549,0.0 -111.221325,47.450076,0.0 -111.054164,47.426431,0.0 -111.07286,47.382442,0.0"
SHELBY,59474,48.4971,3842,MT,937.15553,-111.684,3821,"-111.275212,48.351313,0.0 -111.274662,48.225942,0.0 -111.408831,48.219344,0.0 -111.66672,48.219344,0.0 -111.66562,48.349663,0.0 -111.795939,48.350763,0.0 -112.184147,48.477783,0.0 -112.184697,48.510775,0.0 -112.189096,48.57346,0.0 -112.189096,48.704329,0.0 -111.862473,48.696631,0.0 -111.557295,48.696081,0.0 -111.273562,48.675736,0.0 -111.273562,48.581158,0.0 -111.480314,48.466235,0.0 -111.275212,48.351313,0.0"
STANFORD,59479,47.1453,864,MT,344.41878,-110.159,859,"-110.030306,47.026126,0.0 -110.265651,46.957942,0.0 -110.447658,47.042622,0.0 -110.257403,47.139399,0.0 -110.331085,47.186688,0.0 -110.211214,47.359347,0.0 -109.957174,47.229028,0.0 -109.872494,47.201534,0.0 -110.030306,47.026126,0.0"
STOCKETT,59480,47.1849,544,MT,199.90973,-111.154,541,"-111.043717,47.005231,0.0 -111.15864,47.088261,0.0 -111.286209,47.000832,0.0 -111.229023,47.350549,0.0 -111.07286,47.382442,0.0 -111.144343,47.240575,0.0 -111.033269,47.164693,0.0 -111.043717,47.005231,0.0"
SUNBURST,59482,48.8699,826,MT,553.08258,-111.625,815,"-111.866322,48.82695,0.0 -112.189096,48.8275,0.0 -112.193495,48.935824,0.0 -111.66617,48.99741,0.0 -111.270813,48.99741,0.0 -111.273562,48.74062,0.0 -111.273562,48.675736,0.0 -111.557295,48.696081,0.0 -111.556746,48.782411,0.0 -111.866322,48.82695,0.0"
SUN RIVER,59483,47.448,754,MT,125.10412,-111.674,822,"-111.507257,47.433579,0.0 -111.715658,47.369795,0.0 -111.854775,47.415984,0.0 -111.815184,47.502313,0.0 -111.710709,47.544653,0.0 -111.637576,47.539704,0.0 -111.507257,47.433579,0.0"
SWEET GRASS,59484,48.9693,257,MT,72.67959,-111.989,247,"-112.193495,48.935824,0.0 -112.193495,48.999059,0.0 -111.66617,48.99741,0.0 -112.193495,48.935824,0.0"
VALIER,59486,48.2777,1659,MT,574.33223,-112.314,1642,"-112.983108,48.132464,0.0 -112.587752,48.310072,0.0 -112.322165,48.323819,0.0 -112.228687,48.481632,0.0 -112.184147,48.477783,0.0 -111.795939,48.350763,0.0 -111.839379,48.292476,0.0 -112.263878,48.131364,0.0 -112.455233,48.131914,0.0 -112.983108,48.132464,0.0"
VAUGHN,59487,47.5819,1101,MT,48.71379,-111.644,1074,"-111.710709,47.544653,0.0 -111.751949,47.611737,0.0 -111.525403,47.5573,0.0 -111.637576,47.539704,0.0 -111.710709,47.544653,0.0"
WINIFRED,59489,47.6315,327,MT,696.04315,-109.213,331,"-109.020745,47.512211,0.0 -109.589311,47.527607,0.0 -109.644298,47.734908,0.0 -108.994901,47.802542,0.0 -108.676526,47.621635,0.0 -109.020745,47.512211,0.0"
HAVRE,59501,48.7114,12899,MT,1192.00326,-109.794,13074,"-109.726778,48.147311,0.0 -109.617904,48.14841,0.0 -109.67784,48.382655,0.0 -109.913734,48.454138,0.0 -109.808709,48.556414,0.0 -109.942327,48.567411,0.0 -110.133682,48.798357,0.0 -110.384423,48.956719,0.0 -110.531238,48.99851,0.0 -109.489784,49.000709,0.0 -109.551919,48.257835,0.0 -109.534324,48.135214,0.0 -109.726778,48.147311,0.0"
BIG SANDY,59520,48.0584,2327,MT,1317.35563,-110.024,2234,"-110.600522,47.970802,0.0 -110.687951,48.043935,0.0 -110.632414,48.219344,0.0 -110.625266,48.306223,0.0 -110.496046,48.306773,0.0 -110.345382,48.306223,0.0 -110.106188,48.306223,0.0 -109.84555,48.306223,0.0 -109.726778,48.147311,0.0 -109.534324,48.135214,0.0 -109.538723,47.739307,0.0 -109.858747,47.718962,0.0 -110.067148,47.823437,0.0 -110.134782,48.029639,0.0 -110.317339,48.015342,0.0 -110.459755,48.103321,0.0 -110.600522,47.970802,0.0"
BOX ELDER,59521,48.322,2051,MT,230.03403,-109.836,2066,"-109.726778,48.147311,0.0 -109.84555,48.306223,0.0 -110.106188,48.306223,0.0 -110.106188,48.392553,0.0 -109.913734,48.454138,0.0 -109.67784,48.382655,0.0 -109.617904,48.14841,0.0 -109.726778,48.147311,0.0"
CHESTER,59522,48.4045,1372,MT,827.33051,-111.072,1403,"-111.275212,48.351313,0.0 -111.273562,48.581158,0.0 -111.273562,48.675736,0.0 -111.273562,48.74062,0.0 -110.85951,48.682334,0.0 -110.867758,48.279829,0.0 -110.755585,48.23639,0.0 -110.755585,48.219894,0.0 -110.840815,48.132464,0.0 -111.408831,48.131914,0.0 -111.408831,48.219344,0.0 -111.274662,48.225942,0.0 -111.275212,48.351313,0.0"
CHINOOK,59523,48.6429,2517,MT,1245.86614,-109.217,2567,"-108.888226,48.536069,0.0 -108.888226,48.268832,0.0 -108.950912,48.346914,0.0 -109.551919,48.257835,0.0 -109.489784,49.000709,0.0 -108.839838,48.999059,0.0 -109.031742,48.747219,0.0 -108.888226,48.536069,0.0"
DODSON,59524,48.1654,152,MT,186.46864,-108.379,158,"-108.346054,48.422246,0.0 -108.361451,47.914166,0.0 -108.473074,47.901519,0.0 -108.452179,47.977401,0.0 -108.411489,48.44479,0.0 -108.346054,48.422246,0.0"
GILDFORD,59525,48.5993,307,MT,337.82256,-110.265,310,"-110.345382,48.306223,0.0 -110.413566,48.928676,0.0 -110.384423,48.956719,0.0 -110.133682,48.798357,0.0 -110.220012,48.510775,0.0 -110.106188,48.392553,0.0 -110.106188,48.306223,0.0 -110.345382,48.306223,0.0"
HARLEM,59526,48.626,1115,MT,602.51548,-108.639,1139,"-108.319111,48.724124,0.0 -108.346054,48.422246,0.0 -108.411489,48.44479,0.0 -108.888226,48.536069,0.0 -109.031742,48.747219,0.0 -108.499468,48.770863,0.0 -108.319111,48.724124,0.0"
HAYS,59527,48.2129,2804,MT,786.54459,-108.67,2799,"-108.884927,47.922964,0.0 -108.888226,48.268832,0.0 -108.888226,48.536069,0.0 -108.411489,48.44479,0.0 -108.452179,47.977401,0.0 -108.884927,47.922964,0.0"
HINGHAM,59528,48.5978,307,MT,284.39258,-110.426,311,"-110.496046,48.306773,0.0 -110.510893,48.856643,0.0 -110.413566,48.928676,0.0 -110.345382,48.306223,0.0 -110.496046,48.306773,0.0"
HOGELAND,59529,48.8817,128,MT,320.42519,-108.715,131,"-109.031742,48.747219,0.0 -108.839838,48.999059,0.0 -108.512115,48.999609,0.0 -108.499468,48.770863,0.0 -109.031742,48.747219,0.0"
INVERNESS,59530,48.6257,197,MT,300.44862,-110.687,203,"-110.755585,48.23639,0.0 -110.742938,48.99851,0.0 -110.592274,48.999059,0.0 -110.625266,48.306223,0.0 -110.632414,48.219344,0.0 -110.755585,48.219894,0.0 -110.755585,48.23639,0.0"
JOPLIN,59531,48.6936,376,MT,312.67976,-110.824,381,"-110.755585,48.23639,0.0 -110.867758,48.279829,0.0 -110.85951,48.682334,0.0 -110.984881,48.99796,0.0 -110.742938,48.99851,0.0 -110.755585,48.23639,0.0"
KREMLIN,59532,48.5672,302,MT,265.10836,-110.069,305,"-110.133682,48.798357,0.0 -109.942327,48.567411,0.0 -109.808709,48.556414,0.0 -109.913734,48.454138,0.0 -110.106188,48.392553,0.0 -110.220012,48.510775,0.0 -110.133682,48.798357,0.0"
LLOYD,59535,48.0356,168,MT,1103.26468,-109.219,171,"-109.534324,48.135214,0.0 -109.551919,48.257835,0.0 -108.950912,48.346914,0.0 -108.888226,48.268832,0.0 -108.884927,47.922964,0.0 -108.890976,47.734908,0.0 -109.538723,47.739307,0.0 -109.534324,48.135214,0.0"
LORING,59537,48.822,211,MT,736.43445,-107.907,218,"-107.765392,48.547616,0.0 -108.258625,48.751068,0.0 -108.23663,48.999609,0.0 -107.586134,48.999609,0.0 -107.510252,48.915479,0.0 -107.627374,48.761516,0.0 -107.765392,48.547616,0.0"
MALTA,59538,48.3122,3573,MT,1903.83023,-107.89,3681,"-107.404677,48.087375,0.0 -107.81323,48.090124,0.0 -107.932552,47.975201,0.0 -108.361451,47.914166,0.0 -108.346054,48.422246,0.0 -108.319111,48.724124,0.0 -108.258625,48.751068,0.0 -107.765392,48.547616,0.0 -107.258412,48.514624,0.0 -107.281506,48.304574,0.0 -107.375534,48.305673,0.0 -107.404677,48.087375,0.0"
RUDYARD,59540,48.6523,384,MT,300.28009,-110.557,395,"-110.496046,48.306773,0.0 -110.625266,48.306223,0.0 -110.592274,48.999059,0.0 -110.531238,48.99851,0.0 -110.384423,48.956719,0.0 -110.413566,48.928676,0.0 -110.510893,48.856643,0.0 -110.496046,48.306773,0.0"
TURNER,59542,48.8708,207,MT,185.32367,-108.366,211,"-108.319111,48.724124,0.0 -108.499468,48.770863,0.0 -108.512115,48.999609,0.0 -108.23663,48.999609,0.0 -108.258625,48.751068,0.0 -108.319111,48.724124,0.0"
WHITEWATER,59544,48.8615,92,MT,312.74119,-107.379,95,"-107.206174,48.70158,0.0 -107.627374,48.761516,0.0 -107.510252,48.915479,0.0 -107.586134,48.999609,0.0 -107.17978,49.000159,0.0 -107.206174,48.70158,0.0"
WHITLASH,59545,48.8419,376,MT,314.20112,-111.097,374,"-110.85951,48.682334,0.0 -111.273562,48.74062,0.0 -111.270813,48.99741,0.0 -110.984881,48.99796,0.0 -110.85951,48.682334,0.0"
ZORTMAN,59546,47.7971,239,MT,1713.86265,-108.076,248,"-108.884927,47.922964,0.0 -108.452179,47.977401,0.0 -108.473074,47.901519,0.0 -108.361451,47.914166,0.0 -107.932552,47.975201,0.0 -107.81323,48.090124,0.0 -107.404677,48.087375,0.0 -107.415125,47.701366,0.0 -107.444818,47.625484,0.0 -107.775289,47.697517,0.0 -107.652668,47.658476,0.0 -107.880864,47.454474,0.0 -107.977642,47.590292,0.0 -108.668278,47.619436,0.0 -108.890976,47.734908,0.0 -108.884927,47.922964,0.0"
HELENA,59601,46.5313,27435,MT,107.21058,-112.166,27330,"-112.310617,46.421269,0.0 -112.308418,46.562035,0.0 -111.938355,46.617022,0.0 -111.958151,46.569184,0.0 -112.310617,46.421269,0.0"
BOULDER,59632,46.2042,1926,MT,515.95764,-112.093,1914,"-112.429939,46.07705,0.0 -112.503622,46.114441,0.0 -112.576754,46.178776,0.0 -112.586102,46.239262,0.0 -111.786041,46.352535,0.0 -111.785491,46.237612,0.0 -111.784392,46.094096,0.0 -111.887767,46.049557,0.0 -112.101667,46.051756,0.0 -112.112664,46.200221,0.0 -112.429939,46.07705,0.0"
CANYON CREEK,59633,46.8503,517,MT,446.28528,-112.313,497,"-112.313917,46.643416,0.0 -112.535514,46.771536,0.0 -112.47063,46.856216,0.0 -112.565757,46.962891,0.0 -112.371653,47.073964,0.0 -112.031283,46.767687,0.0 -112.267727,46.748441,0.0 -112.195695,46.656063,0.0 -112.313917,46.643416,0.0"
CLANCY,59634,46.4038,5073,MT,422.26084,-112.119,4957,"-112.558609,46.265656,0.0 -112.498123,46.342087,0.0 -112.310617,46.421269,0.0 -111.958151,46.569184,0.0 -111.787691,46.569184,0.0 -111.786041,46.352535,0.0 -112.586102,46.239262,0.0 -112.558609,46.265656,0.0"
EAST HELENA,59635,46.5952,6118,MT,44.80435,-111.809,5994,"-111.938355,46.617022,0.0 -111.718957,46.634068,0.0 -111.661221,46.569184,0.0 -111.787691,46.569184,0.0 -111.958151,46.569184,0.0 -111.938355,46.617022,0.0"
LINCOLN,59639,47.1109,1289,MT,596.66039,-112.73,1250,"-112.535514,46.771536,0.0 -112.698826,46.831472,0.0 -112.795053,46.832022,0.0 -112.796153,47.019527,0.0 -112.804401,47.17734,0.0 -113.05899,47.179539,0.0 -113.05954,47.488017,0.0 -112.371653,47.073964,0.0 -112.565757,46.962891,0.0 -112.47063,46.856216,0.0 -112.535514,46.771536,0.0"
RADERSBURG,59641,46.1288,355,MT,199.85499,-111.641,342,"-111.785491,46.237612,0.0 -111.507257,46.243111,0.0 -111.478664,46.187574,0.0 -111.446222,46.173827,0.0 -111.660121,45.946731,0.0 -111.784392,46.094096,0.0 -111.785491,46.237612,0.0"
RINGLING,59642,46.2901,55,MT,176.65065,-110.949,54,"-111.069011,46.351435,0.0 -110.9035,46.41797,0.0 -110.802874,46.347036,0.0 -110.822669,46.192523,0.0 -111.062412,46.193073,0.0 -111.082758,46.235413,0.0 -111.069011,46.351435,0.0"
TOSTON,59643,46.1966,155,MT,69.70667,-111.294,147,"-111.470416,46.242011,0.0 -111.082758,46.235413,0.0 -111.062412,46.193073,0.0 -111.28401,46.187574,0.0 -111.398383,46.105643,0.0 -111.470416,46.242011,0.0"
TOWNSEND,59644,46.448,3316,MT,576.72738,-111.387,3311," -111.639776,46.598327,0.0 -111.639226,46.717099,0.0 -111.497909,46.762738,0.0 -111.069011,46.351435,0.0 -111.082758,46.235413,0.0 -111.470416,46.242011,0.0 -111.639776,46.598327,0.0 -111.507257,46.243111,0.0 -111.572692,46.412471,0.0 -111.478664,46.187574,0.0 -111.507257,46.243111,0.0"
WHITE SULPHUR SPRINGS,59645,46.6226,1839,MT,2049.40859,-110.919,1821,"-110.281597,46.220566,0.0 -110.281597,46.184275,0.0 -110.784178,46.192523,0.0 -110.822669,46.192523,0.0 -110.802874,46.347036,0.0 -110.9035,46.41797,0.0 -111.069011,46.351435,0.0 -111.497909,46.762738,0.0 -111.657922,46.913402,0.0 -111.491861,47.000832,0.0 -111.286209,47.000832,0.0 -111.15864,47.088261,0.0 -111.043717,47.005231,0.0 -110.856211,46.928799,0.0 -110.652759,46.823774,0.0 -110.574678,46.770436,0.0 -110.568629,46.58623,0.0 -110.281597,46.485054,0.0 -110.281597,46.220566,0.0"
WINSTON,59647,46.3904,410,MT,231.13701,-111.677,395,"-111.507257,46.243111,0.0 -111.785491,46.237612,0.0 -111.786041,46.352535,0.0 -111.787691,46.569184,0.0 -111.661221,46.569184,0.0 -111.572692,46.412471,0.0 -111.507257,46.243111,0.0"
WOLF CREEK,59648,46.9698,892,MT,665.42706,-111.963,866,"-112.031283,46.767687,0.0 -112.371653,47.073964,0.0 -112.233086,47.216931,0.0 -112.04503,47.192736,0.0 -111.896565,47.124003,0.0 -112.011488,46.993683,0.0 -111.896565,47.122903,0.0 -111.894366,47.121253,0.0 -111.885018,47.121253,0.0 -111.789341,47.125102,0.0 -111.782192,46.913952,0.0 -111.657922,46.913402,0.0 -111.497909,46.762738,0.0 -111.639226,46.717099,0.0 -111.83553,46.722048,0.0 -112.00379,46.992034,0.0 -111.886668,46.744042,0.0 -112.031283,46.767687,0.0"
ANACONDA,59711,46.0183,8707,MT,581.95763,-113.15,8910,"-112.777457,46.074851,0.0 -112.923722,45.935184,0.0 -113.085384,45.860401,0.0 -113.375166,45.756476,0.0 -113.516482,45.938483,0.0 -113.517582,45.940132,0.0 -113.274539,46.059454,0.0 -113.283887,46.222766,0.0 -113.036996,46.223316,0.0 -112.777457,46.102344,0.0 -112.777457,46.074851,0.0"
BELGRADE,59714,45.9957,11534,MT,586.15582,-111.064,11067,"-110.839715,45.974224,0.0 -111.081658,45.765824,0.0 -111.225724,45.743279,0.0 -111.336798,45.891194,0.0 -111.28401,46.187574,0.0 -111.062412,46.193073,0.0 -110.822669,46.192523,0.0 -110.784178,46.192523,0.0 -110.839715,45.974224,0.0"
BOZEMAN,59715,45.6959,29875,MT,331.27219,-110.918,29264,"-110.917797,45.378165,0.0 -110.918896,45.351222,0.0 -110.958487,45.404009,0.0 -111.07231,45.564021,0.0 -111.081658,45.765824,0.0 -110.839715,45.974224,0.0 -110.789677,45.809813,0.0 -110.917797,45.378165,0.0"
BOZEMAN,59718,45.6554,16210,MT,111.72765,-111.173,15512,"-111.07231,45.564021,0.0 -111.15644,45.553024,0.0 -111.131696,45.641553,0.0 -111.351094,45.597563,0.0 -111.351094,45.642103,0.0 -111.225724,45.743279,0.0 -111.081658,45.765824,0.0 -111.07231,45.564021,0.0"
CAMERON,59720,44.9912,413,MT,873.80253,-111.613,309,"-111.377488,44.751863,0.0 -111.473165,44.708973,0.0 -111.893816,44.781006,0.0 -111.880619,45.246746,0.0 -111.731054,45.10598,0.0 -111.687615,45.298434,0.0 -111.373089,45.242897,0.0 -111.377488,44.751863,0.0"
CARDWELL,59721,45.8404,320,MT,338.26904,-111.861,312,"-111.873471,45.65585,0.0 -111.848177,45.634405,0.0 -112.030184,45.549725,0.0 -112.103866,45.616259,0.0 -112.013138,45.839506,0.0 -111.887767,46.049557,0.0 -111.784392,46.094096,0.0 -111.660121,45.946731,0.0 -111.660121,45.833458,0.0 -111.805287,45.798266,0.0 -111.92021,45.847204,0.0 -111.965299,45.689392,0.0 -111.886118,45.684443,0.0 -111.983995,45.645402,0.0 -111.873471,45.65585,0.0"
DEER LODGE,59722,46.3547,5841,MT,304.12024,-112.776,5829,"-112.558609,46.265656,0.0 -113.036996,46.266755,0.0 -113.035896,46.402573,0.0 -112.858838,46.450412,0.0 -112.72412,46.536741,0.0 -112.498123,46.342087,0.0 -112.558609,46.265656,0.0"
DELL,59724,44.8453,475,MT,860.78131,-112.962,293,"-112.550361,44.781556,0.0 -112.800552,44.548961,0.0 -113.05954,44.643539,0.0 -113.225601,44.818947,0.0 -113.421905,44.836543,0.0 -113.444999,44.974561,0.0 -113.446649,44.983359,0.0 -112.871485,44.987758,0.0 -112.730718,45.130724,0.0 -112.550361,44.781556,0.0"
DILLON,59725,45.2167,7635,MT,1761.19467,-112.839,7850,"-112.42499,45.31713,0.0 -112.456883,45.088384,0.0 -112.191296,44.999855,0.0 -112.167101,44.826646,0.0 -112.376602,44.927272,0.0 -112.550361,44.781556,0.0 -112.730718,45.130724,0.0 -112.871485,44.987758,0.0 -113.446649,44.983359,0.0 -113.584666,45.152719,0.0 -113.253644,45.164266,0.0 -113.107929,45.505735,0.0 -112.97486,45.468894,0.0 -112.971561,45.600313,0.0 -112.747214,45.705888,0.0 -112.686728,45.625057,0.0 -112.696076,45.488139,0.0 -112.452484,45.334726,0.0 -112.42499,45.31713,0.0"
DIVIDE,59727,45.8039,310,MT,313.10695,-112.721,312,"-112.352957,45.744929,0.0 -112.674631,45.631655,0.0 -112.686728,45.625057,0.0 -112.747214,45.705888,0.0 -113.068888,45.851054,0.0 -113.085384,45.860401,0.0 -112.923722,45.935184,0.0 -112.673532,45.882946,0.0 -112.344159,45.805964,0.0 -112.352957,45.744929,0.0"
ENNIS,59729,45.3257,1901,MT,237.2461,-111.712,1960,"-111.657922,45.451298,0.0 -111.373089,45.242897,0.0 -111.687615,45.298434,0.0 -111.731054,45.10598,0.0 -111.880619,45.246746,0.0 -111.87622,45.408408,0.0 -111.921309,45.446899,0.0 -111.657922,45.451298,0.0"
GALLATIN GATEWAY,59730,45.4834,1343,MT,241.1637,-111.183,1343,"-110.958487,45.404009,0.0 -111.351094,45.374866,0.0 -111.351094,45.597563,0.0 -111.131696,45.641553,0.0 -111.15644,45.553024,0.0 -111.07231,45.564021,0.0 -110.958487,45.404009,0.0"
GARRISON,59731,46.5851,839,MT,604.01495,-112.591,824,"-112.310617,46.421269,0.0 -112.498123,46.342087,0.0 -112.72412,46.536741,0.0 -112.858838,46.450412,0.0 -112.938569,46.54444,0.0 -112.867086,46.71325,0.0 -112.698826,46.831472,0.0 -112.535514,46.771536,0.0 -112.313917,46.643416,0.0 -112.308418,46.562035,0.0 -112.310617,46.421269,0.0"
GOLD CREEK,59733,46.5738,109,MT,156.02796,-112.96,109,"-113.035896,46.410821,0.0 -113.038095,46.556537,0.0 -113.038645,46.736344,0.0 -112.867086,46.71325,0.0 -112.938569,46.54444,0.0 -112.858838,46.450412,0.0 -113.035896,46.402573,0.0 -113.035896,46.410821,0.0"
HARRISON,59735,45.7044,414,MT,177.46602,-111.771,405,"-111.873471,45.65585,0.0 -111.886118,45.684443,0.0 -111.965299,45.689392,0.0 -111.92021,45.847204,0.0 -111.805287,45.798266,0.0 -111.528152,45.642103,0.0 -111.574341,45.606911,0.0 -111.848177,45.634405,0.0 -111.873471,45.65585,0.0"
JACKSON,59736,45.3978,241,MT,730.84152,-113.453,240,"-113.584666,45.152719,0.0 -113.691891,45.27259,0.0 -113.732581,45.386413,0.0 -113.827159,45.521132,0.0 -113.82056,45.549175,0.0 -113.172814,45.601962,0.0 -113.107929,45.505735,0.0 -113.253644,45.164266,0.0 -113.584666,45.152719,0.0"
LIMA,59739,44.6435,364,MT,1292.30678,-112.284,372,"-112.550361,44.781556,0.0 -112.376602,44.927272,0.0 -112.167101,44.826646,0.0 -111.893816,44.781006,0.0 -111.473165,44.708973,0.0 -111.466017,44.550061,0.0 -111.617231,44.550611,0.0 -112.301819,44.559409,0.0 -112.390898,44.443936,0.0 -112.72302,44.509371,0.0 -112.813748,44.376852,0.0 -113.011702,44.449985,0.0 -113.05954,44.643539,0.0 -112.800552,44.548961,0.0 -112.550361,44.781556,0.0"
MANHATTAN,59741,45.751,4344,MT,177.86228,-111.364,4194,"-111.351094,45.642103,0.0 -111.525953,45.642103,0.0 -111.436324,45.882946,0.0 -111.336798,45.891194,0.0 -111.225724,45.743279,0.0 -111.351094,45.642103,0.0"
NORRIS,59745,45.5353,287,MT,196.55982,-111.782,281,"-111.921309,45.446899,0.0 -112.030184,45.549725,0.0 -111.848177,45.634405,0.0 -111.574341,45.606911,0.0 -111.657922,45.451298,0.0 -111.921309,45.446899,0.0"
PONY,59747,45.6582,180,MT,6.52434,-111.93,176,"-111.886118,45.684443,0.0 -111.873471,45.65585,0.0 -111.983995,45.645402,0.0 -111.886118,45.684443,0.0"
RAMSAY,59748,46.1059,178,MT,93.17269,-112.633,174,"-112.642189,46.03416,0.0 -112.777457,46.074851,0.0 -112.777457,46.102344,0.0 -112.576754,46.178776,0.0 -112.503622,46.114441,0.0 -112.642189,46.03416,0.0"
SHERIDAN,59749,45.4176,1676,MT,389.15073,-112.145,1670,"-112.452484,45.334726,0.0 -112.278175,45.40181,0.0 -112.219889,45.622308,0.0 -112.103866,45.616259,0.0 -112.030184,45.549725,0.0 -111.921309,45.446899,0.0 -111.87622,45.408408,0.0 -112.126961,45.220353,0.0 -112.42499,45.31713,0.0 -112.452484,45.334726,0.0"
BUTTE,59750,45.9779,593,MT,108.08951,-112.769,510,"-112.673532,45.882946,0.0 -112.923722,45.935184,0.0 -112.777457,46.074851,0.0 -112.642189,46.03416,0.0 -112.673532,45.882946,0.0"
SILVER STAR,59751,45.6873,333,MT,260.71399,-112.306,333,"-112.219889,45.622308,0.0 -112.674631,45.631655,0.0 -112.352957,45.744929,0.0 -112.254531,45.681144,0.0 -112.013138,45.839506,0.0 -112.103866,45.616259,0.0 -112.219889,45.622308,0.0"
THREE FORKS,59752,45.9336,3195,MT,413.09699,-111.48,3037,"-111.525953,45.642103,0.0 -111.528152,45.642103,0.0 -111.805287,45.798266,0.0 -111.660121,45.833458,0.0 -111.660121,45.946731,0.0 -111.446222,46.173827,0.0 -111.428626,45.99292,0.0 -111.398383,46.105643,0.0 -111.28401,46.187574,0.0 -111.336798,45.891194,0.0 -111.436324,45.882946,0.0 -111.525953,45.642103,0.0"
TWIN BRIDGES,59754,45.5077,998,MT,281.27572,-112.459,991,"-112.452484,45.334726,0.0 -112.696076,45.488139,0.0 -112.686728,45.625057,0.0 -112.674631,45.631655,0.0 -112.219889,45.622308,0.0 -112.278175,45.40181,0.0 -112.452484,45.334726,0.0"
VIRGINIA CITY,59755,45.0819,275,MT,760.86126,-112.102,274,"-111.893816,44.781006,0.0 -112.167101,44.826646,0.0 -112.191296,44.999855,0.0 -112.456883,45.088384,0.0 -112.42499,45.31713,0.0 -112.126961,45.220353,0.0 -111.87622,45.408408,0.0 -111.880619,45.246746,0.0 -111.893816,44.781006,0.0"
WARM SPRINGS,59756,46.2029,560,MT,162.0844,-112.794,564,"-112.576754,46.178776,0.0 -112.777457,46.102344,0.0 -113.036996,46.223316,0.0 -113.036996,46.266755,0.0 -112.558609,46.265656,0.0 -112.586102,46.239262,0.0 -112.576754,46.178776,0.0"
WEST YELLOWSTONE,59758,45.1398,3028,MT,1051.43375,-111.28,2887,"-111.045366,45.073537,0.0 -111.153691,45.055941,0.0 -111.095954,44.486276,0.0 -111.377488,44.751863,0.0 -111.373089,45.242897,0.0 -111.657922,45.451298,0.0 -111.574341,45.606911,0.0 -111.528152,45.642103,0.0 -111.525953,45.642103,0.0 -111.351094,45.642103,0.0 -111.351094,45.597563,0.0 -111.351094,45.374866,0.0 -110.958487,45.404009,0.0 -110.918896,45.351222,0.0 -111.038218,45.351222,0.0 -111.047016,45.109279,0.0 -111.045366,45.073537,0.0"
WHITEHALL,59759,45.9496,3206,MT,532.84318,-112.197,3169,"-112.344159,45.805964,0.0 -112.429939,46.07705,0.0 -112.112664,46.200221,0.0 -112.101667,46.051756,0.0 -111.887767,46.049557,0.0 -112.013138,45.839506,0.0 -112.254531,45.681144,0.0 -112.352957,45.744929,0.0 -112.344159,45.805964,0.0"
WISDOM,59761,45.7082,217,MT,584.845,-113.545,216,"-113.068888,45.851054,0.0 -113.2311,45.862051,0.0 -113.172814,45.601962,0.0 -113.82056,45.549175,0.0 -113.938233,45.69599,0.0 -113.516482,45.938483,0.0 -113.375166,45.756476,0.0 -113.085384,45.860401,0.0 -113.068888,45.851054,0.0"
WISE RIVER,59762,45.6887,237,MT,341.90083,-113.031,232,"-113.172814,45.601962,0.0 -113.2311,45.862051,0.0 -113.068888,45.851054,0.0 -112.747214,45.705888,0.0 -112.971561,45.600313,0.0 -112.97486,45.468894,0.0 -113.107929,45.505735,0.0 -113.172814,45.601962,0.0"
MISSOULA,59801,46.856,28754,MT,6.91121,-114.015,28699,"-113.979473,46.857316,0.0 -114.050406,46.832572,0.0 -114.038859,46.88151,0.0 -114.018514,46.876011,0.0 -113.976724,46.863364,0.0 -113.979473,46.857316,0.0"
MISSOULA,59802,46.9904,17984,MT,242.10532,-113.886,17861,"-113.976174,46.862814,0.0 -113.976724,46.863364,0.0 -114.018514,46.876011,0.0 -114.063053,47.071215,0.0 -113.933834,47.147097,0.0 -113.846954,47.087711,0.0 -113.677594,46.984336,0.0 -113.882696,46.856766,0.0 -113.976174,46.862814,0.0"
MISSOULA,59804,46.8672,7418,MT,85.4107,-114.21,7326,"-114.097145,46.803428,0.0 -114.356684,46.873262,0.0 -114.209868,46.930998,0.0 -114.038859,46.88151,0.0 -114.050406,46.832572,0.0 -114.097145,46.803428,0.0"
MISSOULA,59808,46.9924,11677,MT,123.49654,-114.118,11321,"-114.018514,46.876011,0.0 -114.038859,46.88151,0.0 -114.209868,46.930998,0.0 -114.24726,46.999732,0.0 -114.153232,47.138299,0.0 -114.063053,47.071215,0.0 -114.018514,46.876011,0.0"
MISSOULA,59812,46.8613,0,MT,0.1044,-113.98,0,"-113.976724,46.863364,0.0 -113.976174,46.862814,0.0 -113.979473,46.857316,0.0 -113.976724,46.863364,0.0"
ALBERTON,59820,46.8946,1210,MT,358.84227,-114.573,1173,"-114.927449,46.841369,0.0 -114.557386,47.067366,0.0 -114.383077,47.021727,0.0 -114.24726,46.999732,0.0 -114.209868,46.930998,0.0 -114.356684,46.873262,0.0 -114.566184,46.888108,0.0 -114.553537,46.747342,0.0 -114.675058,46.736894,0.0 -114.927449,46.841369,0.0"
ARLEE,59821,47.1999,2095,MT,141.30163,-114.052,2134,"-114.153232,47.138299,0.0 -114.187324,47.138299,0.0 -114.20272,47.279616,0.0 -113.82166,47.223529,0.0 -113.933834,47.147097,0.0 -114.063053,47.071215,0.0 -114.153232,47.138299,0.0"
BONNER,59823,46.8525,1892,MT,177.04845,-113.674,1847,"-113.480191,46.802329,0.0 -113.726533,46.850717,0.0 -113.848054,46.725347,0.0 -113.936583,46.735794,0.0 -113.882696,46.856766,0.0 -113.677594,46.984336,0.0 -113.492838,46.938147,0.0 -113.447199,46.802879,0.0 -113.480191,46.802329,0.0"
CHARLO,59824,47.4258,1787,MT,92.993,-114.203,1752,"-114.014115,47.442377,0.0 -114.221416,47.356048,0.0 -114.341837,47.414334,0.0 -114.283001,47.470971,0.0 -114.014115,47.442377,0.0"
CLINTON,59825,46.7527,1551,MT,109.75034,-113.679,1526,"-113.480191,46.802329,0.0 -113.73698,46.658263,0.0 -113.848054,46.725347,0.0 -113.726533,46.850717,0.0 -113.480191,46.802329,0.0"
CONDON,59826,47.465,596,MT,386.18086,-113.701,585,"-113.466444,47.60019,0.0 -113.466444,47.275767,0.0 -113.563771,47.411035,0.0 -113.824959,47.274117,0.0 -113.901941,47.444027,0.0 -113.94868,47.60074,0.0 -113.634154,47.59964,0.0 -113.466444,47.60019,0.0"
CONNER,59827,45.8021,933,MT,336.6373,-114.193,578,"-113.951429,45.692141,0.0 -114.016864,45.69489,0.0 -114.308845,45.680044,0.0 -114.262656,45.804864,0.0 -114.502949,45.716885,0.0 -114.566734,45.771872,0.0 -114.388576,45.892294,0.0 -114.269804,45.802665,0.0 -114.126838,45.962677,0.0 -113.984972,45.960478,0.0 -113.951429,45.692141,0.0"
CORVALLIS,59828,46.3336,4791,MT,167.54921,-113.964,4342,"-113.78042,46.306896,0.0 -113.784269,46.284901,0.0 -114.155981,46.312944,0.0 -114.121339,46.41412,0.0 -113.858501,46.421269,0.0 -113.78042,46.306896,0.0"
DARBY,59829,45.9893,2177,MT,279.0806,-114.254,2457,"-114.388576,45.892294,0.0 -114.467208,46.104544,0.0 -113.90744,45.982472,0.0 -113.984972,45.960478,0.0 -114.126838,45.962677,0.0 -114.269804,45.802665,0.0 -114.388576,45.892294,0.0"
DIXON,59831,47.2703,471,MT,187.27047,-114.33,471,"-114.187324,47.138299,0.0 -114.28905,47.125652,0.0 -114.550238,47.251572,0.0 -114.304996,47.316457,0.0 -114.45731,47.478669,0.0 -114.303346,47.497364,0.0 -114.341837,47.414334,0.0 -114.221416,47.356048,0.0 -114.20272,47.279616,0.0 -114.187324,47.138299,0.0"
DRUMMOND,59832,46.6082,928,MT,640.03276,-113.49,915,"-113.038095,46.556537,0.0 -113.270141,46.614823,0.0 -113.348772,46.526844,0.0 -113.521431,46.573583,0.0 -113.622607,46.355834,0.0 -113.78042,46.306896,0.0 -113.858501,46.421269,0.0 -113.827709,46.661012,0.0 -113.73698,46.658263,0.0 -113.480191,46.802329,0.0 -113.447199,46.802879,0.0 -113.303133,46.832022,0.0 -113.038645,46.736344,0.0 -113.038095,46.556537,0.0"
FLORENCE,59833,46.616,5356,MT,217.29823,-114.189,5132,"-114.383627,46.466358,0.0 -114.333039,46.661012,0.0 -114.284651,46.75614,0.0 -114.061953,46.738544,0.0 -113.834857,46.661012,0.0 -114.130687,46.58513,0.0 -114.166979,46.470207,0.0 -114.383627,46.466358,0.0"
FRENCHTOWN,59834,47.0653,2441,MT,60.40098,-114.259,2370,"-114.24726,46.999732,0.0 -114.383077,47.021727,0.0 -114.28905,47.125652,0.0 -114.187324,47.138299,0.0 -114.153232,47.138299,0.0 -114.24726,46.999732,0.0"
GREENOUGH,59836,46.998,300,MT,297.83979,-113.481,289,"-113.303133,46.904055,0.0 -113.303133,46.832022,0.0 -113.447199,46.802879,0.0 -113.492838,46.938147,0.0 -113.677594,46.984336,0.0 -113.846954,47.087711,0.0 -113.303133,47.125102,0.0 -113.303133,46.904055,0.0"
HALL,59837,46.5279,241,MT,119.57023,-113.183,240,"-113.035896,46.410821,0.0 -113.211304,46.550488,0.0 -113.369117,46.447662,0.0 -113.348772,46.526844,0.0 -113.270141,46.614823,0.0 -113.038095,46.556537,0.0 -113.035896,46.410821,0.0"
HAMILTON,59840,46.1759,12829,MT,553.86878,-114.118,12858,"-113.784269,46.284901,0.0 -113.777121,46.031411,0.0 -113.90744,45.982472,0.0 -114.467208,46.104544,0.0 -114.421568,46.327241,0.0 -114.155981,46.312944,0.0 -113.784269,46.284901,0.0"
HELMVILLE,59843,46.8479,246,MT,392.30388,-113.005,246,"-113.303133,46.832022,0.0 -113.303133,46.904055,0.0 -113.232199,46.996433,0.0 -112.796153,47.019527,0.0 -112.795053,46.832022,0.0 -112.698826,46.831472,0.0 -112.867086,46.71325,0.0 -113.038645,46.736344,0.0 -113.303133,46.832022,0.0"
HERON,59844,48.0564,680,MT,168.37845,-115.938,678,"-115.774798,47.977951,0.0 -115.955156,47.89492,0.0 -116.048634,47.977401,0.0 -116.049733,48.088475,0.0 -116.049733,48.089574,0.0 -116.049733,48.214945,0.0 -115.858379,48.207796,0.0 -115.774798,47.977951,0.0"
HOT SPRINGS,59845,47.6603,1038,MT,309.1636,-114.611,1031,"-114.33139,47.587543,0.0 -114.383627,47.481968,0.0 -114.283001,47.470971,0.0 -114.341837,47.414334,0.0 -114.303346,47.497364,0.0 -114.45731,47.478669,0.0 -114.785582,47.511661,0.0 -114.720698,47.707965,0.0 -114.818575,47.875675,0.0 -114.66681,47.875675,0.0 -114.491952,47.886122,0.0 -114.477105,47.838284,0.0 -114.477105,47.808591,0.0 -114.604125,47.789895,0.0 -114.720698,47.663425,0.0 -114.58378,47.659576,0.0 -114.33139,47.587543,0.0"
HUSON,59846,47.1536,890,MT,200.14414,-114.513,868,"-114.383077,47.021727,0.0 -114.557386,47.067366,0.0 -114.79713,47.269168,0.0 -114.550238,47.251572,0.0 -114.28905,47.125652,0.0 -114.383077,47.021727,0.0"
LOLO,59847,46.7518,4922,MT,258.15869,-114.393,4881,"-114.333039,46.661012,0.0 -114.594777,46.633519,0.0 -114.675058,46.736894,0.0 -114.553537,46.747342,0.0 -114.566184,46.888108,0.0 -114.356684,46.873262,0.0 -114.097145,46.803428,0.0 -114.061953,46.738544,0.0 -114.284651,46.75614,0.0 -114.333039,46.661012,0.0"
LONEPINE,59848,47.7136,236,MT,48.17279,-114.639,235,"-114.604125,47.789895,0.0 -114.58378,47.659576,0.0 -114.720698,47.663425,0.0 -114.604125,47.789895,0.0"
NOXON,59853,48.099,532,MT,168.05693,-115.735,529,"-115.858379,48.207796,0.0 -115.737407,48.263333,0.0 -115.561449,48.014242,0.0 -115.774798,47.977951,0.0 -115.858379,48.207796,0.0"
OVANDO,59854,47.2565,297,MT,886.19105,-113.188,297,"-112.796153,47.019527,0.0 -113.232199,46.996433,0.0 -113.303133,46.904055,0.0 -113.303133,47.125102,0.0 -113.465894,47.17899,0.0 -113.466444,47.275767,0.0 -113.466444,47.60019,0.0 -113.14477,47.596341,0.0 -113.05954,47.488017,0.0 -113.05899,47.179539,0.0 -112.804401,47.17734,0.0 -112.796153,47.019527,0.0"
PHILIPSBURG,59858,46.255,1653,MT,967.4258,-113.44,1619,"-113.784269,46.284901,0.0 -113.78042,46.306896,0.0 -113.622607,46.355834,0.0 -113.521431,46.573583,0.0 -113.348772,46.526844,0.0 -113.369117,46.447662,0.0 -113.211304,46.550488,0.0 -113.035896,46.410821,0.0 -113.035896,46.402573,0.0 -113.036996,46.266755,0.0 -113.036996,46.223316,0.0 -113.283887,46.222766,0.0 -113.274539,46.059454,0.0 -113.517582,45.940132,0.0 -113.777121,46.031411,0.0 -113.784269,46.284901,0.0"
PLAINS,59859,47.5883,3402,MT,1112.25344,-114.894,3362,"-114.79713,47.269168,0.0 -114.967589,47.312608,0.0 -115.156745,47.447876,0.0 -115.295862,47.749755,0.0 -115.283215,47.891071,0.0 -115.010479,48.015892,0.0 -114.989034,47.872926,0.0 -114.818575,47.875675,0.0 -114.720698,47.707965,0.0 -114.785582,47.511661,0.0 -114.45731,47.478669,0.0 -114.304996,47.316457,0.0 -114.550238,47.251572,0.0 -114.79713,47.269168,0.0"
POLSON,59860,47.705,9164,MT,360.48243,-114.261,8990,"-114.03446,47.878974,0.0 -113.928335,47.885023,0.0 -113.94978,47.60184,0.0 -114.33139,47.587543,0.0 -114.58378,47.659576,0.0 -114.604125,47.789895,0.0 -114.477105,47.808591,0.0 -114.360533,47.779448,0.0 -114.237362,47.809691,0.0 -114.07515,47.692018,0.0 -114.03446,47.878974,0.0"
RONAN,59864,47.5325,7149,MT,190.19251,-114.12,6998,"-113.901941,47.444027,0.0 -114.014115,47.442377,0.0 -114.283001,47.470971,0.0 -114.383627,47.481968,0.0 -114.33139,47.587543,0.0 -113.94978,47.60184,0.0 -113.94868,47.60074,0.0 -113.901941,47.444027,0.0"
SAINT IGNATIUS,59865,47.3329,2934,MT,165.40115,-114.009,2864,"-113.824959,47.274117,0.0 -113.82166,47.223529,0.0 -114.20272,47.279616,0.0 -114.221416,47.356048,0.0 -114.014115,47.442377,0.0 -113.901941,47.444027,0.0 -113.824959,47.274117,0.0"
SAINT REGIS,59866,47.3529,1108,MT,454.80506,-115.298,1099,"-114.967589,47.312608,0.0 -115.216131,47.145448,0.0 -115.759402,47.423132,0.0 -115.628533,47.479769,0.0 -115.156745,47.447876,0.0 -114.967589,47.312608,0.0"
SEELEY LAKE,59868,47.2111,1919,MT,332.42367,-113.637,1848,"-113.303133,47.125102,0.0 -113.846954,47.087711,0.0 -113.933834,47.147097,0.0 -113.82166,47.223529,0.0 -113.824959,47.274117,0.0 -113.563771,47.411035,0.0 -113.466444,47.275767,0.0 -113.465894,47.17899,0.0 -113.303133,47.125102,0.0"
STEVENSVILLE,59870,46.5212,8589,MT,211.56197,-113.985,8271,"-114.121339,46.41412,0.0 -114.166979,46.470207,0.0 -114.130687,46.58513,0.0 -113.834857,46.661012,0.0 -113.827709,46.661012,0.0 -113.858501,46.421269,0.0 -114.121339,46.41412,0.0"
SULA,59871,45.7561,284,MT,576.26902,-114.064,272," -113.938233,45.69599,0.0 -113.951429,45.692141,0.0 -113.984972,45.960478,0.0 -113.90744,45.982472,0.0 -113.777121,46.031411,0.0 -113.517582,45.940132,0.0 -113.516482,45.938483,0.0 -113.938233,45.69599,0.0 -114.016864,45.69489,0.0 -114.151582,45.555773,0.0 -114.348436,45.461746,0.0 -114.565084,45.557973,0.0 -114.502949,45.716885,0.0 -114.262656,45.804864,0.0 -114.308845,45.680044,0.0 -114.016864,45.69489,0.0"
SUPERIOR,59872,47.0901,2246,MT,546.71593,-114.88,2230,"-114.927449,46.841369,0.0 -114.959341,46.932648,0.0 -115.216131,47.145448,0.0 -114.967589,47.312608,0.0 -114.79713,47.269168,0.0 -114.557386,47.067366,0.0 -114.927449,46.841369,0.0"
THOMPSON FALLS,59873,47.5909,2561,MT,367.76668,-115.442,2553,"-115.156745,47.447876,0.0 -115.628533,47.479769,0.0 -115.711014,47.51661,0.0 -115.751704,47.553451,0.0 -115.730809,47.665075,0.0 -115.295862,47.749755,0.0 -115.156745,47.447876,0.0"
TROUT CREEK,59874,47.8314,1475,MT,474.98484,-115.596,1456,"-115.295862,47.749755,0.0 -115.730809,47.665075,0.0 -115.955156,47.89492,0.0 -115.774798,47.977951,0.0 -115.561449,48.014242,0.0 -115.521308,47.905368,0.0 -115.283215,47.891071,0.0 -115.295862,47.749755,0.0"
VICTOR,59875,46.4091,3462,MT,118.47561,-114.259,3305,"-114.421568,46.327241,0.0 -114.383627,46.466358,0.0 -114.166979,46.470207,0.0 -114.121339,46.41412,0.0 -114.155981,46.312944,0.0 -114.421568,46.327241,0.0"
KALISPELL,59901,48.0815,42563,MT,2361.86145,-113.738,41954,"-112.984758,47.953756,0.0 -113.168415,47.731059,0.0 -113.14477,47.596341,0.0 -113.466444,47.60019,0.0 -113.634154,47.59964,0.0 -113.673745,47.900419,0.0 -113.912389,48.137413,0.0 -114.114741,48.092324,0.0 -114.324241,48.051083,0.0 -114.353934,48.029639,0.0 -114.565084,48.102221,0.0 -114.987385,48.225942,0.0 -114.847718,48.225942,0.0 -114.848267,48.359011,0.0 -114.300597,48.341965,0.0 -114.07515,48.286978,0.0 -114.072951,48.466785,0.0 -113.847504,48.497028,0.0 -113.539577,48.23309,0.0 -113.35757,48.317221,0.0 -113.349322,48.310072,0.0 -113.01665,48.132464,0.0 -112.880283,47.9818,0.0 -112.984758,47.953756,0.0"
BIG ARM,59910,47.784,389,MT,21.13259,-114.303,374,"-114.360533,47.779448,0.0 -114.348986,47.823987,0.0 -114.237362,47.809691,0.0 -114.360533,47.779448,0.0"
BIGFORK,59911,47.8504,6858,MT,489.09277,-113.858,6816,"-113.94978,47.60184,0.0 -113.928335,47.885023,0.0 -114.03446,47.878974,0.0 -114.127938,48.057682,0.0 -114.114741,48.092324,0.0 -113.912389,48.137413,0.0 -113.673745,47.900419,0.0 -113.634154,47.59964,0.0 -113.94868,47.60074,0.0 -113.94978,47.60184,0.0"
COLUMBIA FALLS,59912,48.3857,11672,MT,122.55389,-114.164,11447,"-114.300597,48.341965,0.0 -114.228564,48.48823,0.0 -114.139485,48.507476,0.0 -114.072951,48.466785,0.0 -114.07515,48.286978,0.0 -114.300597,48.341965,0.0"
DAYTON,59914,47.876,285,MT,6.34269,-114.276,227,"-114.275853,47.85423,0.0 -114.33139,47.885023,0.0 -114.212068,47.885573,0.0 -114.275853,47.85423,0.0"
ELMO,59915,47.8322,146,MT,33.69086,-114.385,212,"-114.477105,47.838284,0.0 -114.347886,47.885023,0.0 -114.33139,47.885023,0.0 -114.275853,47.85423,0.0 -114.348986,47.823987,0.0 -114.360533,47.779448,0.0 -114.477105,47.808591,0.0 -114.477105,47.838284,0.0"
ESSEX,59916,48.6503,205,MT,995.4112,-113.903,209,"-113.35757,48.317221,0.0 -113.539577,48.23309,0.0 -113.847504,48.497028,0.0 -114.072951,48.466785,0.0 -114.139485,48.507476,0.0 -114.476005,49.000709,0.0 -114.068002,48.999059,0.0 -113.973974,48.818702,0.0 -113.767223,48.82695,0.0 -113.701239,48.587207,0.0 -113.468644,48.552565,0.0 -113.35757,48.317221,0.0"
EUREKA,59917,48.7762,4566,MT,568.69368,-114.91,4515,"-114.648665,48.731273,0.0 -114.639317,48.65924,0.0 -114.88126,48.65869,0.0 -114.848267,48.366709,0.0 -114.984085,48.48878,0.0 -114.955492,48.605902,0.0 -115.158394,48.580608,0.0 -115.057218,48.876438,0.0 -115.171041,48.999609,0.0 -114.727846,49.000709,0.0 -114.648665,48.731273,0.0"
KILA,59920,48.0028,878,MT,190.79379,-114.551,842,"-114.66681,47.875675,0.0 -114.699253,48.058232,0.0 -114.565084,48.102221,0.0 -114.353934,48.029639,0.0 -114.368231,47.962005,0.0 -114.491952,47.886122,0.0 -114.66681,47.875675,0.0"
LAKESIDE,59922,47.9989,1887,MT,40.91017,-114.284,1787,"-114.187324,47.963104,0.0 -114.301147,47.962554,0.0 -114.368231,47.962005,0.0 -114.353934,48.029639,0.0 -114.324241,48.051083,0.0 -114.224715,48.051083,0.0 -114.187324,47.963104,0.0"
LIBBY,59923,48.3359,10044,MT,1733.11103,-115.343,10161,"-115.737407,48.263333,0.0 -115.797893,48.631746,0.0 -115.613137,48.594355,0.0 -115.520759,48.845646,0.0 -115.158394,48.580608,0.0 -114.955492,48.605902,0.0 -114.984085,48.48878,0.0 -114.848267,48.366709,0.0 -114.848267,48.359011,0.0 -114.847718,48.225942,0.0 -114.987385,48.225942,0.0 -115.010479,48.015892,0.0 -115.283215,47.891071,0.0 -115.521308,47.905368,0.0 -115.561449,48.014242,0.0 -115.737407,48.263333,0.0"
MARION,59925,48.0464,779,MT,345.35741,-114.83,756,"-114.818575,47.875675,0.0 -114.989034,47.872926,0.0 -115.010479,48.015892,0.0 -114.987385,48.225942,0.0 -114.565084,48.102221,0.0 -114.699253,48.058232,0.0 -114.66681,47.875675,0.0 -114.818575,47.875675,0.0"
POLEBRIDGE,59928,48.7538,138,MT,519.36787,-114.44,138,"-114.228564,48.48823,0.0 -114.648665,48.731273,0.0 -114.727846,49.000709,0.0 -114.476005,49.000709,0.0 -114.139485,48.507476,0.0 -114.228564,48.48823,0.0"
PROCTOR,59929,47.912,113,MT,53.8303,-114.411,107,"-114.477105,47.838284,0.0 -114.491952,47.886122,0.0 -114.368231,47.962005,0.0 -114.301147,47.962554,0.0 -114.347886,47.885023,0.0 -114.477105,47.838284,0.0"
REXFORD,59930,48.8194,932,MT,325.96037,-115.262,868,"-115.158394,48.580608,0.0 -115.520759,48.845646,0.0 -115.352498,48.903382,0.0 -115.412434,49.000159,0.0 -115.171041,48.999609,0.0 -115.057218,48.876438,0.0 -115.158394,48.580608,0.0"
ROLLINS,59931,47.9246,339,MT,33.40657,-114.256,321,"-114.33139,47.885023,0.0 -114.347886,47.885023,0.0 -114.301147,47.962554,0.0 -114.187324,47.963104,0.0 -114.212068,47.885573,0.0 -114.33139,47.885023,0.0"
SOMERS,59932,48.0734,1330,MT,19.68322,-114.248,1307,"-114.114741,48.092324,0.0 -114.127938,48.057682,0.0 -114.224715,48.051083,0.0 -114.324241,48.051083,0.0 -114.114741,48.092324,0.0"
TROY,59935,48.6688,3279,MT,1049.15711,-115.819,3293,"-115.858379,48.207796,0.0 -116.049733,48.214945,0.0 -116.049733,48.261134,0.0 -116.049184,48.501977,0.0 -116.049184,48.619649,0.0 -116.049184,49.000709,0.0 -115.412434,49.000159,0.0 -115.352498,48.903382,0.0 -115.520759,48.845646,0.0 -115.613137,48.594355,0.0 -115.797893,48.631746,0.0 -115.737407,48.263333,0.0 -115.858379,48.207796,0.0"
WHITEFISH,59937,48.5019,11766,MT,491.57159,-114.58,11661,"-114.300597,48.341965,0.0 -114.848267,48.359011,0.0 -114.848267,48.366709,0.0 -114.88126,48.65869,0.0 -114.639317,48.65924,0.0 -114.648665,48.731273,0.0 -114.228564,48.48823,0.0 -114.300597,48.341965,0.0"
BUTTE,59701,45.9478,33175,MT,192.06063,-112.521,33517,"-112.429939,46.07705,0.0 -112.344159,45.805964,0.0 -112.673532,45.882946,0.0 -112.642189,46.03416,0.0 -112.503622,46.114441,0.0 -112.429939,46.07705,0.0"
MISSOULA,59803,46.7445,14543,MT,128.60265,-113.945,14268,"-113.827709,46.661012,0.0 -113.834857,46.661012,0.0 -114.061953,46.738544,0.0 -114.097145,46.803428,0.0 -114.050406,46.832572,0.0 -113.979473,46.857316,0.0 -113.976174,46.862814,0.0 -113.882696,46.856766,0.0 -113.936583,46.735794,0.0 -113.848054,46.725347,0.0 -113.73698,46.658263,0.0 -113.827709,46.661012,0.0"
HELENA,59602,46.6735,18747,MT,279.83566,-112.001,18377," -111.83553,46.722048,0.0 -111.639226,46.717099,0.0 -111.639776,46.598327,0.0 -111.83553,46.722048,0.0 -112.308418,46.562035,0.0 -112.313917,46.643416,0.0 -112.195695,46.656063,0.0 -112.267727,46.748441,0.0 -112.031283,46.767687,0.0 -111.886668,46.744042,0.0 -111.718957,46.634068,0.0 -111.938355,46.617022,0.0 -112.308418,46.562035,0.0"
FAIRVIEW,59221,47.9722,1324,MT,825.97172,-104.608,1351,"-104.043871,47.994997,0.0 -104.042772,47.808041,0.0 -104.070265,47.801442,0.0 -104.274817,47.836084,0.0 -105.194749,47.904268,0.0 -105.194749,48.06483,0.0 -104.609138,48.141812,0.0 -104.043871,47.994997,0.0"
MUSSELSHELL,59059,46.5133,440,MT,577.63805,-108.026,444,"-108.297116,46.264006,0.0 -108.231682,46.5021,0.0 -108.099713,46.530693,0.0 -108.178344,46.75449,0.0 -107.827527,46.75614,0.0 -107.781338,46.496051,0.0 -107.781888,46.395425,0.0 -107.907808,46.395425,0.0 -108.172296,46.261257,0.0 -108.297116,46.264006,0.0"
