COLEBROOK,6021,42.0222,292,CT,6.62156,-73.1069,291,"<Polygon><outerBoundaryIs><LinearRing><coordinates>-73.077128,42.040668,0.0 -73.137288,42.008879,0.0 -73.127375,42.042035,0.0 -73.077128,42.040668,0.0</coordinates></LinearRing></outerBoundaryIs></Polygon>"
COLLINSVILLE,6022,41.8761,4498,CT,19.5989,-72.9317,3541,"<Polygon><outerBoundaryIs><LinearRing><coordinates>-72.920916,41.806864,0.0 -72.952705,41.805838,0.0 -72.951338,41.910093,0.0 -72.945527,41.931628,0.0 -72.892545,41.894028,0.0 -72.917156,41.807206,0.0 -72.920916,41.806864,0.0</coordinates></LinearRing></outerBoundaryIs></Polygon>"
EAST BERLIN,6023,41.6144,1413,CT,1.07252,-72.7202,1397,"<Polygon><outerBoundaryIs><LinearRing><coordinates>-72.714116,41.604165,0.0 -72.720269,41.60314,0.0 -72.713432,41.628093,0.0 -72.713774,41.627751,0.0 -72.714116,41.604165,0.0</coordinates></LinearRing></outerBoundaryIs></Polygon>"
EAST CANAAN,6024,42.0074,753,CT,5.68492,-73.2859,753,"<Polygon><outerBoundaryIs><LinearRing><coordinates>-73.243593,41.994181,0.0 -73.328364,42.000675,0.0 -73.241201,42.006144,0.0 -73.243593,41.994181,0.0</coordinates></LinearRing></outerBoundaryIs></Polygon>"
EAST HARTLAND,6027,42.0078,1604,CT,28.50122,-72.9378,1585,"<Polygon><outerBoundaryIs><LinearRing><coordinates>-72.887076,41.97333,0.0 -72.954073,41.970595,0.0 -72.976291,41.96957,0.0 -72.987571,42.020842,0.0 -73.023462,41.990421,0.0 -73.008764,42.038959,0.0 -72.863833,42.037592,0.0 -72.880924,41.990079,0.0 -72.887076,41.97333,0.0</coordinates></LinearRing></outerBoundaryIs></Polygon>"
FARMINGTON,6030,41.7322,0,CT,0.09304,-72.7921,0,
BOLTON,6043,41.7663,5076,CT,14.83207,-72.4396,5097,"<Polygon><outerBoundaryIs><LinearRing><coordinates>-72.410581,41.765846,0.0 -72.422886,41.732005,0.0 -72.460144,41.72722,0.0 -72.474159,41.744653,0.0 -72.473475,41.798318,0.0 -72.419126,41.806864,0.0 -72.410581,41.765846,0.0</coordinates></LinearRing></outerBoundaryIs></Polygon>"
NORTH CANTON,6059,41.9425,945,CT,10.30973,-72.9137,932,"<Polygon><outerBoundaryIs><LinearRing><coordinates>-72.945527,41.931628,0.0 -72.954073,41.970595,0.0 -72.887076,41.97333,0.0 -72.876822,41.921031,0.0 -72.874771,41.884115,0.0 -72.892545,41.894028,0.0 -72.945527,41.931628,0.0</coordinates></LinearRing></outerBoundaryIs></Polygon>"
NORTH GRANBY,6060,42.0124,1973,CT,9.29006,-72.846,1921,"<Polygon><outerBoundaryIs><LinearRing><coordinates>-72.863833,42.037592,0.0 -72.824182,42.036566,0.0 -72.808458,41.998282,0.0 -72.829309,41.994181,0.0 -72.880924,41.990079,0.0 -72.863833,42.037592,0.0</coordinates></LinearRing></outerBoundaryIs></Polygon>"
BARKHAMSTED,6063,41.9427,546,CT,11.47362,-72.979,541,"<Polygon><outerBoundaryIs><LinearRing><coordinates>-72.987913,41.912828,0.0 -73.020044,41.959657,0.0 -72.976291,41.96957,0.0 -72.954073,41.970595,0.0 -72.945527,41.931628,0.0 -72.951338,41.910093,0.0 -72.987913,41.912828,0.0</coordinates></LinearRing></outerBoundaryIs></Polygon>"
RIVERTON,6065,41.9843,670,CT,7.86573,-73.0064,653,"<Polygon><outerBoundaryIs><LinearRing><coordinates>-73.020044,41.959657,0.0 -73.023462,41.990421,0.0 -72.987571,42.020842,0.0 -72.976291,41.96957,0.0 -73.020044,41.959657,0.0</coordinates></LinearRing></outerBoundaryIs></Polygon>"
TARIFFVILLE,6081,41.9072,1372,CT,0.67354,-72.7679,1371,"<Polygon><outerBoundaryIs><LinearRing><coordinates>-72.769491,41.917613,0.0 -72.760261,41.90565,0.0 -72.766756,41.89642,0.0 -72.769491,41.917613,0.0</coordinates></LinearRing></outerBoundaryIs></Polygon>"
WEST GRANBY,6090,41.9543,1102,CT,15.99992,-72.8605,1087,"<Polygon><outerBoundaryIs><LinearRing><coordinates>-72.854945,41.920348,0.0 -72.876822,41.921031,0.0 -72.887076,41.97333,0.0 -72.880924,41.990079,0.0 -72.829309,41.994181,0.0 -72.826574,41.91898,0.0 -72.854945,41.920348,0.0</coordinates></LinearRing></outerBoundaryIs></Polygon>"
WEST SIMSBURY,6092,41.8755,3549,CT,8.19804,-72.8603,3605,"<Polygon><outerBoundaryIs><LinearRing><coordinates>-72.870327,41.816093,0.0 -72.874771,41.884115,0.0 -72.876822,41.921031,0.0 -72.854945,41.920348,0.0 -72.866567,41.816435,0.0 -72.870327,41.816093,0.0</coordinates></LinearRing></outerBoundaryIs></Polygon>"
WINDSOR,6095,41.8711,28393,CT,31.18553,-72.6732,28336,"<Polygon><outerBoundaryIs><LinearRing><coordinates>-72.645752,41.805838,0.0 -72.686087,41.803104,0.0 -72.738385,41.892319,0.0 -72.696341,41.92274,0.0 -72.621825,41.904624,0.0 -72.616697,41.868733,0.0 -72.645752,41.805838,0.0</coordinates></LinearRing></outerBoundaryIs></Polygon>"
AMSTON,6231,41.6259,3492,CT,16.36879,-72.3684,3798,"<Polygon><outerBoundaryIs><LinearRing><coordinates>-72.410581,41.601772,0.0 -72.420835,41.647918,0.0 -72.343926,41.668427,0.0 -72.334355,41.643474,0.0 -72.31453,41.61066,0.0 -72.410581,41.601772,0.0</coordinates></LinearRing></outerBoundaryIs></Polygon>"
ANDOVER,6232,41.7333,3149,CT,15.65043,-72.3759,3033,"<Polygon><outerBoundaryIs><LinearRing><coordinates>-72.328544,41.7385,0.0 -72.356573,41.701584,0.0 -72.422886,41.732005,0.0 -72.410581,41.765846,0.0 -72.328544,41.7385,0.0</coordinates></LinearRing></outerBoundaryIs></Polygon>"
CHAPLIN,6235,41.801,590,CT,10.30039,-72.1292,1131,"<Polygon><outerBoundaryIs><LinearRing><coordinates>-72.156267,41.75354,0.0 -72.128922,41.834209,0.0 -72.100551,41.831817,0.0 -72.092689,41.818486,0.0 -72.093715,41.801737,0.0 -72.156267,41.75354,0.0</coordinates></LinearRing></outerBoundaryIs></Polygon>"
EAST KILLINGLY,6243,41.846,87,CT,0.7589,-71.8046,86,
HAMPTON,6247,41.7669,2514,CT,32.38977,-72.0648,2484,"<Polygon><outerBoundaryIs><LinearRing><coordinates>-72.055773,41.701242,0.0 -72.081751,41.698507,0.0 -72.112515,41.697482,0.0 -72.118667,41.725511,0.0 -72.093715,41.801737,0.0 -72.092689,41.818486,0.0 -72.044834,41.831475,0.0 -72.016122,41.812675,0.0 -72.022958,41.759693,0.0 -72.055773,41.701242,0.0</coordinates></LinearRing></outerBoundaryIs></Polygon>"
SCOTLAND,6264,41.6968,163,CT,1.60135,-72.0954,158,"<Polygon><outerBoundaryIs><LinearRing><coordinates>-72.08346,41.692696,0.0 -72.112515,41.697482,0.0 -72.081751,41.698507,0.0 -72.08346,41.692696,0.0</coordinates></LinearRing></outerBoundaryIs></Polygon>"
SOUTH WINDHAM,6266,41.6697,377,CT,0.88505,-72.1683,377,"<Polygon><outerBoundaryIs><LinearRing><coordinates>-72.157635,41.657831,0.0 -72.18498,41.675264,0.0 -72.168573,41.679707,0.0 -72.153875,41.664667,0.0 -72.157635,41.657831,0.0</coordinates></LinearRing></outerBoundaryIs></Polygon>"
THOMPSON,6277,41.9691,3519,CT,22.09379,-71.8371,3506,"<Polygon><outerBoundaryIs><LinearRing><coordinates>-71.919045,41.931628,0.0 -71.845554,42.023919,0.0 -71.804536,42.023577,0.0 -71.799408,42.008195,0.0 -71.798383,41.958631,0.0 -71.797699,41.927526,0.0 -71.919045,41.931628,0.0</coordinates></LinearRing></outerBoundaryIs></Polygon>"
ASHFORD,6278,41.8889,4237,CT,42.60179,-72.1662,4212,"<Polygon><outerBoundaryIs><LinearRing><coordinates>-72.190449,41.834893,0.0 -72.217795,41.835235,0.0 -72.217111,41.95829,0.0 -72.16242,41.959315,0.0 -72.100551,41.831817,0.0 -72.128922,41.834209,0.0 -72.190449,41.834893,0.0</coordinates></LinearRing></outerBoundaryIs></Polygon>"
WINDHAM,6280,41.6927,3076,CT,16.26956,-72.138,3129,"<Polygon><outerBoundaryIs><LinearRing><coordinates>-72.168573,41.679707,0.0 -72.18874,41.714231,0.0 -72.118667,41.725511,0.0 -72.112515,41.697482,0.0 -72.08346,41.692696,0.0 -72.120376,41.661933,0.0 -72.153875,41.664667,0.0 -72.168573,41.679707,0.0</coordinates></LinearRing></outerBoundaryIs></Polygon>"
WOODSTOCK VALLEY,6282,41.9408,1262,CT,7.53265,-72.0762,1205,"<Polygon><outerBoundaryIs><LinearRing><coordinates>-72.099525,41.966151,0.0 -72.025351,41.968886,0.0 -72.073889,41.908042,0.0 -72.099525,41.966151,0.0</coordinates></LinearRing></outerBoundaryIs></Polygon>"
BOZRAH,6334,41.545,2413,CT,20.38207,-72.1751,2454,"<Polygon><outerBoundaryIs><LinearRing><coordinates>-72.141911,41.504012,0.0 -72.227708,41.51871,0.0 -72.219162,41.538878,0.0 -72.227708,41.546056,0.0 -72.202755,41.573402,0.0 -72.197627,41.58434,0.0 -72.194209,41.590492,0.0 -72.126529,41.560754,0.0 -72.135416,41.504012,0.0 -72.141911,41.504012,0.0</coordinates></LinearRing></outerBoundaryIs></Polygon>"
GILMAN,6336,41.5764,21,CT,0.2828,-72.1968,39,
OAKDALE,6370,41.4673,6561,CT,22.73105,-72.1893,6533,"<Polygon><outerBoundaryIs><LinearRing><coordinates>-72.153875,41.420608,0.0 -72.16994,41.418558,0.0 -72.219504,41.412063,0.0 -72.24514,41.443169,0.0 -72.227708,41.51871,0.0 -72.141911,41.504012,0.0 -72.189766,41.450005,0.0 -72.153875,41.420608,0.0</coordinates></LinearRing></outerBoundaryIs></Polygon>"
STERLING,6377,41.7204,2811,CT,19.10999,-71.8158,2728,"<Polygon><outerBoundaryIs><LinearRing><coordinates>-71.839059,41.763795,0.0 -71.791205,41.774391,0.0 -71.789838,41.724827,0.0 -71.787445,41.666034,0.0 -71.847605,41.692013,0.0 -71.839059,41.763795,0.0</coordinates></LinearRing></outerBoundaryIs></Polygon>"
VOLUNTOWN,6384,41.5706,3836,CT,52.00253,-71.8498,4965,"<Polygon><outerBoundaryIs><LinearRing><coordinates>-71.787787,41.640398,0.0 -71.789496,41.596987,0.0 -71.791547,41.545372,0.0 -71.793256,41.505721,0.0 -71.90298,41.52042,0.0 -71.950151,41.562463,0.0 -71.853074,41.644158,0.0 -71.787787,41.640398,0.0</coordinates></LinearRing></outerBoundaryIs></Polygon>"
DEEP RIVER,6417,41.3691,4683,CT,13.76863,-72.4612,4610,"<Polygon><outerBoundaryIs><LinearRing><coordinates>-72.51381,41.346092,0.0 -72.523723,41.376172,0.0 -72.425621,41.400783,0.0 -72.382552,41.382325,0.0 -72.424595,41.364892,0.0 -72.475526,41.335496,0.0 -72.51381,41.346092,0.0</coordinates></LinearRing></outerBoundaryIs></Polygon>"
DERBY,6418,41.3264,12447,CT,5.3936,-73.0831,12371,"<Polygon><outerBoundaryIs><LinearRing><coordinates>-73.040553,41.313961,0.0 -73.067898,41.300972,0.0 -73.12464,41.345408,0.0 -73.102422,41.352928,0.0 -73.039186,41.326608,0.0 -73.040553,41.313961,0.0</coordinates></LinearRing></outerBoundaryIs></Polygon>"
KILLINGWORTH,6419,41.379,6169,CT,36.07047,-72.5777,6014,"<Polygon><outerBoundaryIs><LinearRing><coordinates>-72.51381,41.346092,0.0 -72.512101,41.341306,0.0 -72.585592,41.310201,0.0 -72.653272,41.438041,0.0 -72.608836,41.443169,0.0 -72.538421,41.421634,0.0 -72.523723,41.376172,0.0 -72.51381,41.346092,0.0</coordinates></LinearRing></outerBoundaryIs></Polygon>"
SALEM,6420,41.4851,3847,CT,29.83078,-72.2667,3798,"<Polygon><outerBoundaryIs><LinearRing><coordinates>-72.276588,41.440434,0.0 -72.305642,41.436332,0.0 -72.312479,41.47735,0.0 -72.323075,41.518027,0.0 -72.219162,41.538878,0.0 -72.227708,41.51871,0.0 -72.24514,41.443169,0.0 -72.276588,41.440434,0.0</coordinates></LinearRing></outerBoundaryIs></Polygon>"
DURHAM,6422,41.4622,6826,CT,23.62954,-72.6833,6594,"<Polygon><outerBoundaryIs><LinearRing><coordinates>-72.678909,41.433939,0.0 -72.72061,41.427445,0.0 -72.746247,41.423343,0.0 -72.733941,41.485554,0.0 -72.677883,41.49615,0.0 -72.633788,41.500252,0.0 -72.608836,41.443169,0.0 -72.653272,41.438041,0.0 -72.678909,41.433939,0.0</coordinates></LinearRing></outerBoundaryIs></Polygon>"
EAST HADDAM,6423,41.4663,5158,CT,39.03625,-72.391,4974,"<Polygon><outerBoundaryIs><LinearRing><coordinates>-72.450915,41.433598,0.0 -72.467323,41.460943,0.0 -72.476552,41.484187,0.0 -72.402377,41.527256,0.0 -72.312479,41.47735,0.0 -72.305642,41.436332,0.0 -72.433824,41.424027,0.0 -72.450915,41.433598,0.0</coordinates></LinearRing></outerBoundaryIs></Polygon>"
EAST HAMPTON,6424,41.5581,13741,CT,43.50349,-72.5067,13564,"<Polygon><outerBoundaryIs><LinearRing><coordinates>-72.430748,41.524521,0.0 -72.476552,41.484187,0.0 -72.467323,41.460943,0.0 -72.529875,41.496834,0.0 -72.554828,41.51119,0.0 -72.560981,41.553918,0.0 -72.544232,41.642791,0.0 -72.505606,41.646893,0.0 -72.466639,41.583998,0.0 -72.430748,41.524521,0.0</coordinates></LinearRing></outerBoundaryIs></Polygon>"
ESSEX,6426,41.3541,3256,CT,6.94031,-72.3978,3220,"<Polygon><outerBoundaryIs><LinearRing><coordinates>-72.429039,41.325583,0.0 -72.417759,41.336863,0.0 -72.416733,41.351561,0.0 -72.424595,41.364892,0.0 -72.382552,41.382325,0.0 -72.369221,41.342332,0.0 -72.425621,41.324216,0.0 -72.429039,41.325583,0.0</coordinates></LinearRing></outerBoundaryIs></Polygon>"
FAIRFIELD,6430,41.1759,33226,CT,20.41997,-73.2806,32772,"<Polygon><outerBoundaryIs><LinearRing><coordinates>-73.229921,41.160826,0.0 -73.234364,41.144077,0.0 -73.285979,41.127328,0.0 -73.306146,41.152964,0.0 -73.337252,41.193299,0.0 -73.329048,41.213466,0.0 -73.262393,41.212783,0.0 -73.229921,41.160826,0.0</coordinates></LinearRing></outerBoundaryIs></Polygon>"
FAIRFIELD,6432,41.197,20247,CT,6.69956,-73.2418,20195,"<Polygon><outerBoundaryIs><LinearRing><coordinates>-73.218982,41.197743,0.0 -73.223084,41.17655,0.0 -73.229921,41.160826,0.0 -73.262393,41.212783,0.0 -73.248037,41.231583,0.0 -73.244277,41.226797,0.0 -73.242568,41.224746,0.0 -73.237782,41.219277,0.0 -73.218982,41.197743,0.0</coordinates></LinearRing></outerBoundaryIs></Polygon>"
MIDDLETOWN,6459,41.5562,150,CT,0.06159,-72.6559,147,
ROCKFALL,6481,41.5344,1193,CT,2.09763,-72.7009,1181,
BETHANY,6524,41.4255,5114,CT,21.51147,-72.9931,5058,"<Polygon><outerBoundaryIs><LinearRing><coordinates>-73.041578,41.42095,0.0 -73.025855,41.459576,0.0 -73.000902,41.470172,0.0 -72.952705,41.464703,0.0 -72.94792,41.464019,0.0 -72.943476,41.407619,0.0 -72.954756,41.39463,0.0 -73.047731,41.395656,0.0 -73.041578,41.42095,0.0</coordinates></LinearRing></outerBoundaryIs></Polygon>"
EASTON,6612,41.2651,7281,CT,27.77817,-73.3012,7170,"<Polygon><outerBoundaryIs><LinearRing><coordinates>-73.329048,41.213466,0.0 -73.369725,41.274652,0.0 -73.325288,41.322165,0.0 -73.306146,41.332419,0.0 -73.274357,41.293794,0.0 -73.248037,41.231583,0.0 -73.262393,41.212783,0.0 -73.329048,41.213466,0.0</coordinates></LinearRing></outerBoundaryIs></Polygon>"
STRATFORD,6614,41.23,32523,CT,11.62437,-73.1279,32366,"<Polygon><outerBoundaryIs><LinearRing><coordinates>-73.110626,41.200135,0.0 -73.155404,41.189881,0.0 -73.157455,41.228506,0.0 -73.145491,41.254484,0.0 -73.086698,41.254484,0.0 -73.110626,41.200135,0.0</coordinates></LinearRing></outerBoundaryIs></Polygon>"
WATERBURY,6704,41.587,24813,CT,7.88511,-73.0326,24781,"<Polygon><outerBoundaryIs><LinearRing><coordinates>-73.035767,41.560071,0.0 -73.049098,41.585707,0.0 -73.064138,41.588442,0.0 -73.057986,41.6069,0.0 -73.050466,41.609634,0.0 -73.018677,41.614078,0.0 -73.002269,41.574427,0.0 -73.027564,41.554943,0.0 -73.035767,41.560071,0.0</coordinates></LinearRing></outerBoundaryIs></Polygon>"
WATERBURY,6710,41.5696,10104,CT,0.97468,-73.0463,9843,"<Polygon><outerBoundaryIs><LinearRing><coordinates>-73.054909,41.566565,0.0 -73.049098,41.585707,0.0 -73.035767,41.560071,0.0 -73.054909,41.566565,0.0</coordinates></LinearRing></outerBoundaryIs></Polygon>"
BANTAM,6750,41.7216,1388,CT,6.94452,-73.2646,1388,"<Polygon><outerBoundaryIs><LinearRing><coordinates>-73.278459,41.697482,0.0 -73.292815,41.719016,0.0 -73.293841,41.739526,0.0 -73.222401,41.710471,0.0 -73.241201,41.709787,0.0 -73.275383,41.695089,0.0 -73.278459,41.697482,0.0</coordinates></LinearRing></outerBoundaryIs></Polygon>"
GAYLORDSVILLE,6755,41.6505,1188,CT,5.28818,-73.4822,1152,"<Polygon><outerBoundaryIs><LinearRing><coordinates>-73.488678,41.617496,0.0 -73.518074,41.666718,0.0 -73.517732,41.67082,0.0 -73.507819,41.675947,0.0 -73.453128,41.675264,0.0 -73.449368,41.593227,0.0 -73.488678,41.617496,0.0</coordinates></LinearRing></outerBoundaryIs></Polygon>"
LAKESIDE,6758,41.6875,533,CT,4.63386,-73.2521,525,"<Polygon><outerBoundaryIs><LinearRing><coordinates>-73.261368,41.664667,0.0 -73.266495,41.688253,0.0 -73.275383,41.695089,0.0 -73.241201,41.709787,0.0 -73.224793,41.666376,0.0 -73.261368,41.664667,0.0</coordinates></LinearRing></outerBoundaryIs></Polygon>"
NORTHFIELD,6778,41.7163,1182,CT,5.26721,-73.1049,1190,"<Polygon><outerBoundaryIs><LinearRing><coordinates>-73.070633,41.705002,0.0 -73.118488,41.685518,0.0 -73.114044,41.747387,0.0 -73.070633,41.705002,0.0</coordinates></LinearRing></outerBoundaryIs></Polygon>"
PLYMOUTH,6782,41.6499,2169,CT,8.68832,-73.0444,2172,"<Polygon><outerBoundaryIs><LinearRing><coordinates>-73.050466,41.609634,0.0 -73.054568,41.702609,0.0 -73.002953,41.629118,0.0 -73.018677,41.614078,0.0 -73.050466,41.609634,0.0</coordinates></LinearRing></outerBoundaryIs></Polygon>"
SOUTH KENT,6785,41.7011,570,CT,11.99288,-73.4458,563,"<Polygon><outerBoundaryIs><LinearRing><coordinates>-73.453128,41.675264,0.0 -73.507819,41.675947,0.0 -73.400146,41.746704,0.0 -73.398779,41.736449,0.0 -73.41963,41.678682,0.0 -73.453128,41.675264,0.0</coordinates></LinearRing></outerBoundaryIs></Polygon>"
WASHINGTON,6793,41.6327,1276,CT,14.97348,-73.2875,1291,"<Polygon><outerBoundaryIs><LinearRing><coordinates>-73.338961,41.595962,0.0 -73.266495,41.688253,0.0 -73.261368,41.664667,0.0 -73.253506,41.604507,0.0 -73.267521,41.60314,0.0 -73.338961,41.595962,0.0</coordinates></LinearRing></outerBoundaryIs></Polygon>"
WEST CORNWALL,6796,41.8769,976,CT,29.42145,-73.3255,973,"<Polygon><outerBoundaryIs><LinearRing><coordinates>-73.322554,41.822588,0.0 -73.378954,41.857453,0.0 -73.366306,41.918297,0.0 -73.267179,41.901206,0.0 -73.28803,41.827031,0.0 -73.322554,41.822588,0.0</coordinates></LinearRing></outerBoundaryIs></Polygon>"
RIDGEFIELD,6877,41.3062,23969,CT,34.95484,-73.5021,23647,"<Polygon><outerBoundaryIs><LinearRing><coordinates>-73.438088,41.265081,0.0 -73.502692,41.237394,0.0 -73.549863,41.301997,0.0 -73.544736,41.366259,0.0 -73.543369,41.376514,0.0 -73.470219,41.325583,0.0 -73.438088,41.265081,0.0</coordinates></LinearRing></outerBoundaryIs></Polygon>"
STAMFORD,6903,41.1349,14525,CT,18.26082,-73.5739,14453,"<Polygon><outerBoundaryIs><LinearRing><coordinates>-73.62438,41.148179,0.0 -73.613783,41.153306,0.0 -73.555332,41.179626,0.0 -73.522518,41.118782,0.0 -73.535165,41.116048,0.0 -73.561485,41.103401,0.0 -73.5943,41.092804,0.0 -73.599085,41.098957,0.0 -73.62438,41.148179,0.0</coordinates></LinearRing></outerBoundaryIs></Polygon>"
CHESTER,6412,41.4058,3790,CT,16.75058,-72.4831,3743,"<Polygon><outerBoundaryIs><LinearRing><coordinates>-72.425621,41.400783,0.0 -72.523723,41.376172,0.0 -72.538421,41.421634,0.0 -72.531585,41.423343,0.0 -72.450915,41.433598,0.0 -72.433824,41.424027,0.0 -72.425621,41.400783,0.0</coordinates></LinearRing></outerBoundaryIs></Polygon>"
WILTON,6897,41.2068,17812,CT,27.4008,-73.44,17665,"<Polygon><outerBoundaryIs><LinearRing><coordinates>-73.424757,41.155357,0.0 -73.449027,41.153648,0.0 -73.485259,41.211415,0.0 -73.502692,41.237394,0.0 -73.438088,41.265081,0.0 -73.429885,41.254143,0.0 -73.379295,41.185437,0.0 -73.387157,41.170397,0.0 -73.424757,41.155357,0.0</coordinates></LinearRing></outerBoundaryIs></Polygon>"
DARIEN,6820,41.081,19679,CT,12.78816,-73.4825,19435,"<Polygon><outerBoundaryIs><LinearRing><coordinates>-73.50987,41.068535,0.0 -73.518074,41.075371,0.0 -73.501667,41.113997,0.0 -73.473979,41.115022,0.0 -73.453812,41.091779,0.0 -73.446976,41.08255,0.0 -73.447659,41.072979,0.0 -73.507136,41.061015,0.0 -73.50987,41.068535,0.0</coordinates></LinearRing></outerBoundaryIs></Polygon>"
ORANGE,6477,41.2827,13293,CT,17.43439,-73.0272,13250,"<Polygon><outerBoundaryIs><LinearRing><coordinates>-73.086698,41.276703,0.0 -73.067898,41.300972,0.0 -73.040553,41.313961,0.0 -72.998167,41.313961,0.0 -72.98928,41.313277,0.0 -72.992015,41.244914,0.0 -73.086698,41.276703,0.0</coordinates></LinearRing></outerBoundaryIs></Polygon>"
BRIDGEPORT,6605,41.1638,24018,CT,2.37604,-73.2177,24015,"<Polygon><outerBoundaryIs><LinearRing><coordinates>-73.229921,41.160826,0.0 -73.223084,41.17655,0.0 -73.207019,41.161168,0.0 -73.234364,41.144077,0.0 -73.229921,41.160826,0.0</coordinates></LinearRing></outerBoundaryIs></Polygon>"
WOLCOTT,6716,41.6009,15410,CT,21.07261,-72.9733,15250,"<Polygon><outerBoundaryIs><LinearRing><coordinates>-72.946211,41.556652,0.0 -72.955098,41.555627,0.0 -73.002269,41.574427,0.0 -73.018677,41.614078,0.0 -73.002953,41.629118,0.0 -72.983127,41.639714,0.0 -72.938691,41.644158,0.0 -72.935615,41.598354,0.0 -72.946211,41.556652,0.0</coordinates></LinearRing></outerBoundaryIs></Polygon>"
HARTFORD,6103,41.7661,740,CT,0.52555,-72.6719,738,"<Polygon><outerBoundaryIs><LinearRing><coordinates>-72.665578,41.769264,0.0 -72.661476,41.758667,0.0 -72.679592,41.766187,0.0 -72.681643,41.770631,0.0 -72.665578,41.769264,0.0</coordinates></LinearRing></outerBoundaryIs></Polygon>"
WATERBURY,6708,41.5497,28625,CT,9.60049,-73.0665,28442,"<Polygon><outerBoundaryIs><LinearRing><coordinates>-73.053884,41.51495,0.0 -73.069949,41.514267,0.0 -73.093877,41.570325,0.0 -73.089433,41.575111,0.0 -73.064138,41.588442,0.0 -73.049098,41.585707,0.0 -73.054909,41.566565,0.0 -73.042604,41.551525,0.0 -73.053884,41.51495,0.0</coordinates></LinearRing></outerBoundaryIs></Polygon>"
NORWALK,6854,41.0938,28122,CT,5.02283,-73.4316,27804,"<Polygon><outerBoundaryIs><LinearRing><coordinates>-73.446976,41.08255,0.0 -73.453812,41.091779,0.0 -73.410743,41.107502,0.0 -73.414503,41.098957,0.0 -73.429543,41.070586,0.0 -73.446976,41.08255,0.0</coordinates></LinearRing></outerBoundaryIs></Polygon>"
HAMDEN,6514,41.375,25545,CT,11.8928,-72.9399,25189,"<Polygon><outerBoundaryIs><LinearRing><coordinates>-72.914422,41.374121,0.0 -72.935273,41.335837,0.0 -72.944502,41.330368,0.0 -72.973215,41.347459,0.0 -72.954756,41.39463,0.0 -72.943476,41.407619,0.0 -72.914422,41.374121,0.0</coordinates></LinearRing></outerBoundaryIs></Polygon>"
NEW HAVEN,6513,41.3198,35760,CT,7.66048,-72.8682,35195,"<Polygon><outerBoundaryIs><LinearRing><coordinates>-72.891862,41.328317,0.0 -72.888785,41.332419,0.0 -72.817687,41.339939,0.0 -72.822814,41.322848,0.0 -72.905876,41.30063,0.0 -72.891862,41.328317,0.0</coordinates></LinearRing></outerBoundaryIs></Polygon>"
IVORYTON,6442,41.3441,2891,CT,4.29172,-72.4414,2802,"<Polygon><outerBoundaryIs><LinearRing><coordinates>-72.429039,41.325583,0.0 -72.475526,41.335496,0.0 -72.424595,41.364892,0.0 -72.416733,41.351561,0.0 -72.417759,41.336863,0.0 -72.429039,41.325583,0.0</coordinates></LinearRing></outerBoundaryIs></Polygon>"
MILFORD,6460,41.2257,52416,CT,23.51056,-73.0616,52096,"<Polygon><outerBoundaryIs><LinearRing><coordinates>-73.110626,41.200135,0.0 -73.086698,41.254484,0.0 -73.086698,41.276703,0.0 -72.992015,41.244914,0.0 -72.983811,41.233292,0.0 -73.111651,41.171081,0.0 -73.110626,41.200135,0.0</coordinates></LinearRing></outerBoundaryIs></Polygon>"
NORTH HAVEN,6473,41.3808,23387,CT,21.87005,-72.856,23234,"<Polygon><outerBoundaryIs><LinearRing><coordinates>-72.817687,41.339939,0.0 -72.888785,41.332419,0.0 -72.906218,41.371045,0.0 -72.851185,41.434281,0.0 -72.817687,41.399758,0.0 -72.817687,41.339939,0.0</coordinates></LinearRing></outerBoundaryIs></Polygon>"
GRANBY,6035,41.9593,7389,CT,15.57946,-72.801,7339,"<Polygon><outerBoundaryIs><LinearRing><coordinates>-72.826574,41.91898,0.0 -72.829309,41.994181,0.0 -72.808458,41.998282,0.0 -72.774618,42.002042,0.0 -72.762996,41.986319,0.0 -72.785556,41.917955,0.0 -72.826574,41.91898,0.0</coordinates></LinearRing></outerBoundaryIs></Polygon>"
GLASTONBURY,6033,41.7049,27671,CT,38.03272,-72.5384,26391,"<Polygon><outerBoundaryIs><LinearRing><coordinates>-72.608494,41.673554,0.0 -72.647119,41.72346,0.0 -72.571919,41.735082,0.0 -72.474159,41.744653,0.0 -72.460144,41.72722,0.0 -72.452283,41.688936,0.0 -72.501846,41.654413,0.0 -72.608494,41.673554,0.0</coordinates></LinearRing></outerBoundaryIs></Polygon>"
NORWICH,6360,41.5486,35354,CT,28.28963,-72.0891,33615,"<Polygon><outerBoundaryIs><LinearRing><coordinates>-72.126529,41.560754,0.0 -72.103969,41.600747,0.0 -72.047911,41.594594,0.0 -72.045176,41.566223,0.0 -72.045518,41.556994,0.0 -72.080725,41.49239,0.0 -72.135416,41.504012,0.0 -72.126529,41.560754,0.0</coordinates></LinearRing></outerBoundaryIs></Polygon>"
WESTPORT,6880,41.1453,26264,CT,20.36796,-73.3466,25966,"<Polygon><outerBoundaryIs><LinearRing><coordinates>-73.387157,41.170397,0.0 -73.379295,41.185437,0.0 -73.337252,41.193299,0.0 -73.306146,41.152964,0.0 -73.298968,41.124935,0.0 -73.384081,41.100666,0.0 -73.381688,41.118441,0.0 -73.387157,41.170397,0.0</coordinates></LinearRing></outerBoundaryIs></Polygon>"
COS COB,6807,41.0617,6850,CT,3.32952,-73.5923,6790,"<Polygon><outerBoundaryIs><LinearRing><coordinates>-73.595325,41.030593,0.0 -73.591223,41.089386,0.0 -73.576525,41.070244,0.0 -73.578918,41.057597,0.0 -73.589514,41.041873,0.0 -73.595325,41.030593,0.0</coordinates></LinearRing></outerBoundaryIs></Polygon>"
PROSPECT,6712,41.499,8782,CT,14.50748,-72.9762,8694,"<Polygon><outerBoundaryIs><LinearRing><coordinates>-72.952705,41.464703,0.0 -73.000902,41.470172,0.0 -73.017993,41.519394,0.0 -72.991673,41.528965,0.0 -72.969796,41.530332,0.0 -72.952705,41.464703,0.0</coordinates></LinearRing></outerBoundaryIs></Polygon>"
SOUTHINGTON,6489,41.6134,30194,CT,28.26843,-72.872,29927,"<Polygon><outerBoundaryIs><LinearRing><coordinates>-72.935615,41.598354,0.0 -72.938691,41.644158,0.0 -72.883316,41.649285,0.0 -72.822131,41.656122,0.0 -72.813927,41.6445,0.0 -72.840247,41.568958,0.0 -72.852894,41.546398,0.0 -72.871694,41.556994,0.0 -72.935615,41.598354,0.0</coordinates></LinearRing></outerBoundaryIs></Polygon>"
NEW CANAAN,6840,41.1596,19730,CT,22.90086,-73.5005,19373,"<Polygon><outerBoundaryIs><LinearRing><coordinates>-73.449027,41.153648,0.0 -73.473979,41.115022,0.0 -73.501667,41.113997,0.0 -73.522518,41.118782,0.0 -73.555332,41.179626,0.0 -73.512947,41.199452,0.0 -73.485259,41.211415,0.0 -73.449027,41.153648,0.0</coordinates></LinearRing></outerBoundaryIs></Polygon>"
BRIDGEPORT,6606,41.2118,45392,CT,5.52732,-73.2081,44877,"<Polygon><outerBoundaryIs><LinearRing><coordinates>-73.237782,41.219277,0.0 -73.242568,41.224746,0.0 -73.244277,41.226797,0.0 -73.178648,41.222353,0.0 -73.188219,41.202528,0.0 -73.186851,41.194324,0.0 -73.218982,41.197743,0.0 -73.237782,41.219277,0.0</coordinates></LinearRing></outerBoundaryIs></Polygon>"
COLUMBIA,6237,41.6946,5011,CT,21.67137,-72.3067,4557,"<Polygon><outerBoundaryIs><LinearRing><coordinates>-72.343926,41.668427,0.0 -72.356573,41.701584,0.0 -72.328544,41.7385,0.0 -72.249584,41.723118,0.0 -72.239671,41.714231,0.0 -72.334355,41.643474,0.0 -72.343926,41.668427,0.0</coordinates></LinearRing></outerBoundaryIs></Polygon>"
REDDING,6896,41.305,8362,CT,32.11566,-73.3914,8283,"<Polygon><outerBoundaryIs><LinearRing><coordinates>-73.470219,41.325583,0.0 -73.424757,41.335154,0.0 -73.34819,41.350194,0.0 -73.325288,41.322165,0.0 -73.369725,41.274652,0.0 -73.429885,41.254143,0.0 -73.438088,41.265081,0.0 -73.470219,41.325583,0.0</coordinates></LinearRing></outerBoundaryIs></Polygon>"
BRISTOL,6010,41.6812,60524,CT,26.83008,-72.9407,60029,"<Polygon><outerBoundaryIs><LinearRing><coordinates>-72.883316,41.649285,0.0 -72.938691,41.644158,0.0 -72.983127,41.639714,0.0 -72.998509,41.712522,0.0 -72.898014,41.723118,0.0 -72.896647,41.717307,0.0 -72.892887,41.696456,0.0 -72.883316,41.649285,0.0</coordinates></LinearRing></outerBoundaryIs></Polygon>"
HARTFORD,6114,41.739,26765,CT,4.01702,-72.6692,26273,"<Polygon><outerBoundaryIs><LinearRing><coordinates>-72.656007,41.754224,0.0 -72.654298,41.752856,0.0 -72.647461,41.727904,0.0 -72.691898,41.725511,0.0 -72.656007,41.754224,0.0</coordinates></LinearRing></outerBoundaryIs></Polygon>"
TERRYVILLE,6786,41.6738,9479,CT,13.87311,-73.0156,9469,"<Polygon><outerBoundaryIs><LinearRing><coordinates>-72.983127,41.639714,0.0 -73.002953,41.629118,0.0 -73.054568,41.702609,0.0 -73.063797,41.702951,0.0 -72.998851,41.714573,0.0 -72.998509,41.712522,0.0 -72.983127,41.639714,0.0</coordinates></LinearRing></outerBoundaryIs></Polygon>"
BLOOMFIELD,6002,41.8437,19730,CT,25.27035,-72.7381,19585,"<Polygon><outerBoundaryIs><LinearRing><coordinates>-72.738385,41.892319,0.0 -72.686087,41.803104,0.0 -72.686087,41.800027,0.0 -72.718218,41.806522,0.0 -72.781796,41.805155,0.0 -72.787607,41.825322,0.0 -72.766756,41.89642,0.0 -72.760261,41.90565,0.0 -72.738385,41.892319,0.0</coordinates></LinearRing></outerBoundaryIs></Polygon>"
BURLINGTON,6013,41.7597,8306,CT,30.46917,-72.9589,8213,"<Polygon><outerBoundaryIs><LinearRing><coordinates>-72.998851,41.714573,0.0 -73.016967,41.797977,0.0 -72.952705,41.805838,0.0 -72.920916,41.806864,0.0 -72.908611,41.776784,0.0 -72.898014,41.723118,0.0 -72.998509,41.712522,0.0 -72.998851,41.714573,0.0</coordinates></LinearRing></outerBoundaryIs></Polygon>"
CLINTON,6413,41.2993,13219,CT,16.36159,-72.5299,13038,"<Polygon><outerBoundaryIs><LinearRing><coordinates>-72.512101,41.341306,0.0 -72.486123,41.27055,0.0 -72.544916,41.273285,0.0 -72.585592,41.310201,0.0 -72.512101,41.341306,0.0</coordinates></LinearRing></outerBoundaryIs></Polygon>"
PRESTON,6365,41.5215,4708,CT,32.70443,-72.0003,4721,"<Polygon><outerBoundaryIs><LinearRing><coordinates>-72.057824,41.48111,0.0 -72.070129,41.463678,0.0 -72.080725,41.49239,0.0 -72.045518,41.556994,0.0 -71.950151,41.562463,0.0 -71.90298,41.52042,0.0 -71.9669,41.528623,0.0 -71.956303,41.487605,0.0 -72.057824,41.48111,0.0</coordinates></LinearRing></outerBoundaryIs></Polygon>"
DANBURY,6810,41.3765,45200,CT,21.34512,-73.4601,44278,"<Polygon><outerBoundaryIs><LinearRing><coordinates>-73.424757,41.335154,0.0 -73.470219,41.325583,0.0 -73.543369,41.376514,0.0 -73.542685,41.390187,0.0 -73.419972,41.42095,0.0 -73.405957,41.428128,0.0 -73.424757,41.335154,0.0</coordinates></LinearRing></outerBoundaryIs></Polygon>"
LAKEVILLE,6039,41.9463,2145,CT,20.39888,-73.4384,2137,"<Polygon><outerBoundaryIs><LinearRing><coordinates>-73.366306,41.918297,0.0 -73.496539,41.921715,0.0 -73.491754,41.974013,0.0 -73.410401,41.975722,0.0 -73.366306,41.918297,0.0</coordinates></LinearRing></outerBoundaryIs></Polygon>"
EAST HAVEN,6512,41.2808,28602,CT,11.06557,-72.8721,28374,"<Polygon><outerBoundaryIs><LinearRing><coordinates>-72.905876,41.298921,0.0 -72.905876,41.30063,0.0 -72.822814,41.322848,0.0 -72.822814,41.318405,0.0 -72.856654,41.252434,0.0 -72.905876,41.298921,0.0</coordinates></LinearRing></outerBoundaryIs></Polygon>"
CANTERBURY,6331,41.6981,4660,CT,39.62348,-72.0003,4654,"<Polygon><outerBoundaryIs><LinearRing><coordinates>-71.91426,41.741235,0.0 -71.954936,41.634929,0.0 -72.018514,41.645183,0.0 -72.055773,41.701242,0.0 -72.022958,41.759693,0.0 -71.91426,41.741235,0.0</coordinates></LinearRing></outerBoundaryIs></Polygon>"
JEWETT CITY,6351,41.6049,11761,CT,40.41407,-71.9629,12143,"<Polygon><outerBoundaryIs><LinearRing><coordinates>-71.853074,41.644158,0.0 -71.950151,41.562463,0.0 -72.045518,41.556994,0.0 -72.045176,41.566223,0.0 -72.047911,41.594594,0.0 -72.018514,41.645183,0.0 -71.954936,41.634929,0.0 -71.857518,41.644158,0.0 -71.853074,41.644158,0.0</coordinates></LinearRing></outerBoundaryIs></Polygon>"
MADISON,6443,41.3395,18053,CT,36.87586,-72.6277,17839,"<Polygon><outerBoundaryIs><LinearRing><coordinates>-72.678909,41.433939,0.0 -72.653272,41.438041,0.0 -72.585592,41.310201,0.0 -72.544916,41.273285,0.0 -72.66421,41.270208,0.0 -72.678909,41.433939,0.0</coordinates></LinearRing></outerBoundaryIs></Polygon>"
BROAD BROOK,6016,41.9045,5021,CT,15.19694,-72.5444,5201,"<Polygon><outerBoundaryIs><LinearRing><coordinates>-72.517228,41.869759,0.0 -72.587643,41.868391,0.0 -72.559956,41.940173,0.0 -72.511417,41.945642,0.0 -72.517228,41.869759,0.0</coordinates></LinearRing></outerBoundaryIs></Polygon>"
WEATOGUE,6089,41.8385,3354,CT,3.04047,-72.8237,3319,
SOUTH WINDSOR,6074,41.8353,24738,CT,28.75569,-72.5735,24412,"<Polygon><outerBoundaryIs><LinearRing><coordinates>-72.583199,41.800711,0.0 -72.646094,41.797635,0.0 -72.645752,41.805838,0.0 -72.616697,41.868733,0.0 -72.587643,41.868391,0.0 -72.517228,41.869759,0.0 -72.497061,41.860871,0.0 -72.505265,41.820195,0.0 -72.583199,41.800711,0.0</coordinates></LinearRing></outerBoundaryIs></Polygon>"
SOUTHBURY,6488,41.4748,18937,CT,40.55031,-73.2319,18582,"<Polygon><outerBoundaryIs><LinearRing><coordinates>-73.31059,41.468805,0.0 -73.318794,41.50538,0.0 -73.252139,41.512216,0.0 -73.155062,41.514267,0.0 -73.144124,41.489314,0.0 -73.207702,41.420608,0.0 -73.298968,41.449663,0.0 -73.31059,41.468805,0.0</coordinates></LinearRing></outerBoundaryIs></Polygon>"
SOUTHPORT,6490,41.1483,4394,CT,3.38952,-73.2901,4318,"<Polygon><outerBoundaryIs><LinearRing><coordinates>-73.298968,41.124935,0.0 -73.306146,41.152964,0.0 -73.285979,41.127328,0.0 -73.298968,41.124935,0.0</coordinates></LinearRing></outerBoundaryIs></Polygon>"
WOODBURY,6798,41.5615,9245,CT,36.57115,-73.2069,9138,"<Polygon><outerBoundaryIs><LinearRing><coordinates>-73.155062,41.514267,0.0 -73.252139,41.512216,0.0 -73.267521,41.60314,0.0 -73.253506,41.604507,0.0 -73.157797,41.613053,0.0 -73.14515,41.557678,0.0 -73.155062,41.514267,0.0</coordinates></LinearRing></outerBoundaryIs></Polygon>"
DANBURY,6811,41.4245,30334,CT,22.53856,-73.4825,30095,"<Polygon><outerBoundaryIs><LinearRing><coordinates>-73.542685,41.390187,0.0 -73.536874,41.441118,0.0 -73.42715,41.464361,0.0 -73.419972,41.42095,0.0 -73.542685,41.390187,0.0</coordinates></LinearRing></outerBoundaryIs></Polygon>"
MERIDEN,6450,41.5329,34696,CT,13.97207,-72.7734,34465,"<Polygon><outerBoundaryIs><LinearRing><coordinates>-72.748981,41.544347,0.0 -72.74488,41.49786,0.0 -72.809142,41.507089,0.0 -72.779745,41.575794,0.0 -72.752058,41.578871,0.0 -72.748981,41.544347,0.0</coordinates></LinearRing></outerBoundaryIs></Polygon>"
STAMFORD,6906,41.0713,8720,CT,1.13004,-73.5228,8050,"<Polygon><outerBoundaryIs><LinearRing><coordinates>-73.50987,41.068535,0.0 -73.534139,41.072979,0.0 -73.528329,41.086993,0.0 -73.518074,41.075371,0.0 -73.50987,41.068535,0.0</coordinates></LinearRing></outerBoundaryIs></Polygon>"
SEYMOUR,6483,41.3804,15389,CT,14.74492,-73.0874,15306,"<Polygon><outerBoundaryIs><LinearRing><coordinates>-73.102422,41.352928,0.0 -73.12464,41.345408,0.0 -73.147542,41.367627,0.0 -73.08328,41.403859,0.0 -73.041578,41.42095,0.0 -73.047731,41.395656,0.0 -73.047047,41.360448,0.0 -73.102422,41.352928,0.0</coordinates></LinearRing></outerBoundaryIs></Polygon>"
OLD LYME,6371,41.3651,9512,CT,59.16642,-72.3267,9391,"<Polygon><outerBoundaryIs><LinearRing><coordinates>-72.254028,41.309859,0.0 -72.2489,41.299605,0.0 -72.349395,41.310543,0.0 -72.369221,41.342332,0.0 -72.382552,41.382325,0.0 -72.425621,41.400783,0.0 -72.433824,41.424027,0.0 -72.305642,41.436332,0.0 -72.276588,41.440434,0.0 -72.254028,41.309859,0.0</coordinates></LinearRing></outerBoundaryIs></Polygon>"
BEACON FALLS,6403,41.4387,5336,CT,9.97526,-73.0569,5276,"<Polygon><outerBoundaryIs><LinearRing><coordinates>-73.041578,41.42095,0.0 -73.08328,41.403859,0.0 -73.077469,41.465387,0.0 -73.025855,41.459576,0.0 -73.041578,41.42095,0.0</coordinates></LinearRing></outerBoundaryIs></Polygon>"
NAUGATUCK,6770,41.489,30791,CT,16.47987,-73.0518,30993,"<Polygon><outerBoundaryIs><LinearRing><coordinates>-73.104131,41.489314,0.0 -73.069949,41.514267,0.0 -73.053884,41.51495,0.0 -73.017993,41.519394,0.0 -73.000902,41.470172,0.0 -73.025855,41.459576,0.0 -73.077469,41.465387,0.0 -73.104131,41.489314,0.0</coordinates></LinearRing></outerBoundaryIs></Polygon>"
TAFTVILLE,6380,41.5647,2359,CT,0.90893,-72.0538,2375,
AVON,6001,41.7915,16268,CT,24.59015,-72.851,16012,"<Polygon><outerBoundaryIs><LinearRing><coordinates>-72.908611,41.776784,0.0 -72.920916,41.806864,0.0 -72.917156,41.807206,0.0 -72.870327,41.816093,0.0 -72.866567,41.816435,0.0 -72.839905,41.820195,0.0 -72.819738,41.822246,0.0 -72.787607,41.825322,0.0 -72.781796,41.805155,0.0 -72.796494,41.758667,0.0 -72.864516,41.762086,0.0 -72.908611,41.776784,0.0</coordinates></LinearRing></outerBoundaryIs></Polygon>"
ELLINGTON,6029,41.9138,13104,CT,32.56998,-72.4544,12761,"<Polygon><outerBoundaryIs><LinearRing><coordinates>-72.511417,41.945642,0.0 -72.492617,41.947351,0.0 -72.406479,41.957264,0.0 -72.327177,41.940173,0.0 -72.428013,41.874544,0.0 -72.497061,41.860871,0.0 -72.517228,41.869759,0.0 -72.511417,41.945642,0.0</coordinates></LinearRing></outerBoundaryIs></Polygon>"
MYSTIC,6355,41.3707,12079,CT,14.10451,-71.9753,11624,"<Polygon><outerBoundaryIs><LinearRing><coordinates>-72.014071,41.399074,0.0 -71.951518,41.423685,0.0 -71.954252,41.33447,0.0 -71.985358,41.33071,0.0 -72.014071,41.399074,0.0</coordinates></LinearRing></outerBoundaryIs></Polygon>"
WINDSOR LOCKS,6096,41.9268,12079,CT,9.40025,-72.6543,12043,"<Polygon><outerBoundaryIs><LinearRing><coordinates>-72.621825,41.904624,0.0 -72.696341,41.92274,0.0 -72.687454,41.948035,0.0 -72.613963,41.943591,0.0 -72.621483,41.934704,0.0 -72.621825,41.904624,0.0</coordinates></LinearRing></outerBoundaryIs></Polygon>"
BALTIC,6330,41.6418,3646,CT,19.48709,-72.0726,3588,"<Polygon><outerBoundaryIs><LinearRing><coordinates>-72.120376,41.661933,0.0 -72.08346,41.692696,0.0 -72.081751,41.698507,0.0 -72.055773,41.701242,0.0 -72.018514,41.645183,0.0 -72.047911,41.594594,0.0 -72.103969,41.600747,0.0 -72.120376,41.661933,0.0</coordinates></LinearRing></outerBoundaryIs></Polygon>"
MORRIS,6763,41.6897,1751,CT,12.51924,-73.1969,1767,"<Polygon><outerBoundaryIs><LinearRing><coordinates>-73.14139,41.672529,0.0 -73.170786,41.669111,0.0 -73.224793,41.666376,0.0 -73.241201,41.709787,0.0 -73.222401,41.710471,0.0 -73.141048,41.672871,0.0 -73.14139,41.672529,0.0</coordinates></LinearRing></outerBoundaryIs></Polygon>"
NORTH BRANFORD,6471,41.3309,7633,CT,8.78631,-72.773,7514,"<Polygon><outerBoundaryIs><LinearRing><coordinates>-72.746247,41.310543,0.0 -72.822814,41.318405,0.0 -72.822814,41.322848,0.0 -72.817687,41.339939,0.0 -72.745905,41.372412,0.0 -72.746247,41.310543,0.0</coordinates></LinearRing></outerBoundaryIs></Polygon>"
MOOSUP,6354,41.701,5624,CT,22.77512,-71.8545,5608,"<Polygon><outerBoundaryIs><LinearRing><coordinates>-71.857518,41.644158,0.0 -71.896827,41.740209,0.0 -71.839059,41.763795,0.0 -71.847605,41.692013,0.0 -71.787445,41.666034,0.0 -71.787103,41.656122,0.0 -71.787787,41.640398,0.0 -71.853074,41.644158,0.0 -71.857518,41.644158,0.0</coordinates></LinearRing></outerBoundaryIs></Polygon>"
UNIONVILLE,6085,41.7486,6030,CT,4.31118,-72.8894,5730,"<Polygon><outerBoundaryIs><LinearRing><coordinates>-72.896647,41.717307,0.0 -72.898014,41.723118,0.0 -72.908611,41.776784,0.0 -72.864516,41.762086,0.0 -72.896647,41.717307,0.0</coordinates></LinearRing></outerBoundaryIs></Polygon>"
BROOKFIELD,6804,41.4669,16279,CT,20.86222,-73.3931,16104,"<Polygon><outerBoundaryIs><LinearRing><coordinates>-73.405957,41.428128,0.0 -73.419972,41.42095,0.0 -73.42715,41.464361,0.0 -73.441507,41.491365,0.0 -73.388525,41.514267,0.0 -73.331099,41.472565,0.0 -73.381005,41.423001,0.0 -73.405957,41.428128,0.0</coordinates></LinearRing></outerBoundaryIs></Polygon>"
OAKVILLE,6779,41.5954,8324,CT,3.63812,-73.0804,8373,"<Polygon><outerBoundaryIs><LinearRing><coordinates>-73.089433,41.575111,0.0 -73.057644,41.615445,0.0 -73.057986,41.6069,0.0 -73.064138,41.588442,0.0 -73.089433,41.575111,0.0</coordinates></LinearRing></outerBoundaryIs></Polygon>"
PUTNAM,6260,41.9093,8921,CT,20.33933,-71.8712,8926,"<Polygon><outerBoundaryIs><LinearRing><coordinates>-71.797699,41.927526,0.0 -71.796674,41.904282,0.0 -71.917678,41.869417,0.0 -71.933743,41.91693,0.0 -71.931692,41.931628,0.0 -71.919045,41.931628,0.0 -71.797699,41.927526,0.0</coordinates></LinearRing></outerBoundaryIs></Polygon>"
DAYVILLE,6241,41.8568,6196,CT,28.08195,-71.8495,6148,"<Polygon><outerBoundaryIs><LinearRing><coordinates>-71.9293,41.848224,0.0 -71.917678,41.869417,0.0 -71.796674,41.904282,0.0 -71.794623,41.854377,0.0 -71.794623,41.849249,0.0 -71.794281,41.841729,0.0 -71.792572,41.804129,0.0 -71.906398,41.826689,0.0 -71.9293,41.848224,0.0</coordinates></LinearRing></outerBoundaryIs></Polygon>"
BETHLEHEM,6751,41.6375,3472,CT,19.65867,-73.2112,3422,"<Polygon><outerBoundaryIs><LinearRing><coordinates>-73.157797,41.613053,0.0 -73.253506,41.604507,0.0 -73.261368,41.664667,0.0 -73.224793,41.666376,0.0 -73.170786,41.669111,0.0 -73.157797,41.613053,0.0</coordinates></LinearRing></outerBoundaryIs></Polygon>"
QUAKER HILL,6375,41.4045,4206,CT,8.43394,-72.1229,4185,"<Polygon><outerBoundaryIs><LinearRing><coordinates>-72.093031,41.38711,0.0 -72.12482,41.371387,0.0 -72.16994,41.418558,0.0 -72.153875,41.420608,0.0 -72.095082,41.425052,0.0 -72.095765,41.400441,0.0 -72.093031,41.388819,0.0 -72.093031,41.38711,0.0</coordinates></LinearRing></outerBoundaryIs></Polygon>"
COLCHESTER,6415,41.5552,15658,CT,57.39622,-72.3472,15323,"<Polygon><outerBoundaryIs><LinearRing><coordinates>-72.430748,41.524521,0.0 -72.466639,41.583998,0.0 -72.410581,41.601772,0.0 -72.31453,41.61066,0.0 -72.227708,41.546056,0.0 -72.219162,41.538878,0.0 -72.323075,41.518027,0.0 -72.312479,41.47735,0.0 -72.402377,41.527256,0.0 -72.430748,41.524521,0.0</coordinates></LinearRing></outerBoundaryIs></Polygon>"
EAST HARTFORD,6108,41.7806,24251,CT,8.68869,-72.6218,24055,"<Polygon><outerBoundaryIs><LinearRing><coordinates>-72.661476,41.758667,0.0 -72.665578,41.769264,0.0 -72.646094,41.797635,0.0 -72.583199,41.800711,0.0 -72.578072,41.774049,0.0 -72.654298,41.752856,0.0 -72.656007,41.754224,0.0 -72.661476,41.758667,0.0</coordinates></LinearRing></outerBoundaryIs></Polygon>"
WALLINGFORD,6492,41.4589,43321,CT,39.79165,-72.804,43043,"<Polygon><outerBoundaryIs><LinearRing><coordinates>-72.746247,41.423343,0.0 -72.817687,41.399758,0.0 -72.851185,41.434281,0.0 -72.886734,41.447954,0.0 -72.850843,41.51666,0.0 -72.809142,41.507089,0.0 -72.74488,41.49786,0.0 -72.733941,41.485554,0.0 -72.746247,41.423343,0.0</coordinates></LinearRing></outerBoundaryIs></Polygon>"
STAMFORD,6901,41.0536,6894,CT,0.47734,-73.5389,6543,
CENTERBROOK,6409,41.346,485,CT,0.60236,-72.4153,483,
OLD GREENWICH,6870,41.0338,7156,CT,2.24589,-73.5686,7098,"<Polygon><outerBoundaryIs><LinearRing><coordinates>-73.576525,41.070244,0.0 -73.555332,41.026149,0.0 -73.57379,41.026833,0.0 -73.578918,41.057597,0.0 -73.576525,41.070244,0.0</coordinates></LinearRing></outerBoundaryIs></Polygon>"
CANTON,6019,41.8462,4280,CT,11.9458,-72.8966,5568,"<Polygon><outerBoundaryIs><LinearRing><coordinates>-72.917156,41.807206,0.0 -72.892545,41.894028,0.0 -72.874771,41.884115,0.0 -72.870327,41.816093,0.0 -72.917156,41.807206,0.0</coordinates></LinearRing></outerBoundaryIs></Polygon>"
HADDAM,6438,41.4571,2368,CT,16.27803,-72.5104,2348,"<Polygon><outerBoundaryIs><LinearRing><coordinates>-72.531585,41.423343,0.0 -72.529875,41.496834,0.0 -72.467323,41.460943,0.0 -72.450915,41.433598,0.0 -72.531585,41.423343,0.0</coordinates></LinearRing></outerBoundaryIs></Polygon>"
NORTHFORD,6472,41.3805,6541,CT,18.18424,-72.7787,6545,"<Polygon><outerBoundaryIs><LinearRing><coordinates>-72.817687,41.339939,0.0 -72.817687,41.399758,0.0 -72.746247,41.423343,0.0 -72.72061,41.427445,0.0 -72.745905,41.372412,0.0 -72.817687,41.339939,0.0</coordinates></LinearRing></outerBoundaryIs></Polygon>"
HARTFORD,6120,41.789,13447,CT,3.96059,-72.6658,13437,"<Polygon><outerBoundaryIs><LinearRing><coordinates>-72.68677,41.774733,0.0 -72.686087,41.800027,0.0 -72.686087,41.803104,0.0 -72.645752,41.805838,0.0 -72.646094,41.797635,0.0 -72.665578,41.769264,0.0 -72.681643,41.770631,0.0 -72.68677,41.774733,0.0</coordinates></LinearRing></outerBoundaryIs></Polygon>"
PORTLAND,6480,41.5985,8952,CT,25.15163,-72.5883,8845,"<Polygon><outerBoundaryIs><LinearRing><coordinates>-72.560981,41.553918,0.0 -72.64917,41.575111,0.0 -72.63037,41.63322,0.0 -72.544232,41.642791,0.0 -72.560981,41.553918,0.0</coordinates></LinearRing></outerBoundaryIs></Polygon>"
WETHERSFIELD,6109,41.6982,26403,CT,15.10495,-72.6645,26235,"<Polygon><outerBoundaryIs><LinearRing><coordinates>-72.706254,41.668769,0.0 -72.708305,41.724485,0.0 -72.691898,41.725511,0.0 -72.647461,41.727904,0.0 -72.647119,41.72346,0.0 -72.608494,41.673554,0.0 -72.629345,41.666376,0.0 -72.706254,41.668769,0.0</coordinates></LinearRing></outerBoundaryIs></Polygon>"
WOODBRIDGE,6525,41.3563,9100,CT,18.96835,-73.0104,8965,"<Polygon><outerBoundaryIs><LinearRing><coordinates>-72.998167,41.313961,0.0 -73.040553,41.313961,0.0 -73.039186,41.326608,0.0 -73.047047,41.360448,0.0 -73.047731,41.395656,0.0 -72.954756,41.39463,0.0 -72.973215,41.347459,0.0 -72.998167,41.313961,0.0</coordinates></LinearRing></outerBoundaryIs></Polygon>"
WILLINGTON,6279,41.8897,6011,CT,33.5147,-72.2593,5959,"<Polygon><outerBoundaryIs><LinearRing><coordinates>-72.217795,41.835235,0.0 -72.310086,41.836602,0.0 -72.306668,41.940857,0.0 -72.217111,41.95829,0.0 -72.217795,41.835235,0.0</coordinates></LinearRing></outerBoundaryIs></Polygon>"
NEW BRITAIN,6051,41.665,27446,CT,4.05751,-72.7693,27767,"<Polygon><outerBoundaryIs><LinearRing><coordinates>-72.79,41.647576,0.0 -72.785556,41.669453,0.0 -72.757527,41.688594,0.0 -72.749323,41.650311,0.0 -72.79,41.647576,0.0</coordinates></LinearRing></outerBoundaryIs></Polygon>"
MANCHESTER,6040,41.7754,55162,CT,27.42949,-72.5246,54665,"<Polygon><outerBoundaryIs><LinearRing><coordinates>-72.473475,41.798318,0.0 -72.474159,41.744653,0.0 -72.571919,41.735082,0.0 -72.578072,41.774049,0.0 -72.583199,41.800711,0.0 -72.505265,41.820195,0.0 -72.473475,41.798318,0.0</coordinates></LinearRing></outerBoundaryIs></Polygon>"
TOLLAND,6084,41.8801,13421,CT,40.97726,-72.3634,13117,"<Polygon><outerBoundaryIs><LinearRing><coordinates>-72.310086,41.836602,0.0 -72.310086,41.835577,0.0 -72.420493,41.827715,0.0 -72.428013,41.874544,0.0 -72.327177,41.940173,0.0 -72.306668,41.940857,0.0 -72.310086,41.836602,0.0</coordinates></LinearRing></outerBoundaryIs></Polygon>"
NEW BRITAIN,6052,41.6572,8109,CT,2.56103,-72.8042,8377,"<Polygon><outerBoundaryIs><LinearRing><coordinates>-72.813927,41.6445,0.0 -72.822131,41.656122,0.0 -72.823498,41.668769,0.0 -72.785556,41.669453,0.0 -72.79,41.647576,0.0 -72.813927,41.6445,0.0</coordinates></LinearRing></outerBoundaryIs></Polygon>"
MONROE,6468,41.3373,19284,CT,25.41814,-73.2246,18993,"<Polygon><outerBoundaryIs><LinearRing><coordinates>-73.157113,41.376856,0.0 -73.204968,41.299263,0.0 -73.274357,41.293794,0.0 -73.306146,41.332419,0.0 -73.255899,41.357372,0.0 -73.171811,41.38335,0.0 -73.157113,41.376856,0.0</coordinates></LinearRing></outerBoundaryIs></Polygon>"
GROTON,6349,41.3951,6,CT,0.19335,-72.0931,1,"<Polygon><outerBoundaryIs><LinearRing><coordinates>-72.093031,41.388819,0.0 -72.095765,41.400441,0.0 -72.091664,41.400441,0.0 -72.093031,41.388819,0.0</coordinates></LinearRing></outerBoundaryIs></Polygon>"
WOODSTOCK,6281,41.9722,6624,CT,58.86389,-72.0126,6573,"<Polygon><outerBoundaryIs><LinearRing><coordinates>-72.073889,41.908042,0.0 -72.025351,41.968886,0.0 -72.099525,41.966151,0.0 -72.10226,42.028704,0.0 -72.099867,42.028704,0.0 -71.99322,42.026995,0.0 -71.94434,42.025628,0.0 -71.931692,41.931628,0.0 -71.933743,41.91693,0.0 -72.066027,41.902573,0.0 -72.073889,41.908042,0.0</coordinates></LinearRing></outerBoundaryIs></Polygon>"
PLANTSVILLE,6479,41.5757,9821,CT,8.70723,-72.9061,9832,"<Polygon><outerBoundaryIs><LinearRing><coordinates>-72.946211,41.556652,0.0 -72.935615,41.598354,0.0 -72.871694,41.556994,0.0 -72.946211,41.556652,0.0</coordinates></LinearRing></outerBoundaryIs></Polygon>"
NEW BRITAIN,6053,41.6894,36205,CT,6.93692,-72.7887,35363,"<Polygon><outerBoundaryIs><LinearRing><coordinates>-72.823498,41.668769,0.0 -72.815294,41.687569,0.0 -72.762312,41.71594,0.0 -72.757527,41.688594,0.0 -72.785556,41.669453,0.0 -72.823498,41.668769,0.0</coordinates></LinearRing></outerBoundaryIs></Polygon>"
W HARTFORD,6117,41.7863,17483,CT,10.21173,-72.7631,17597,"<Polygon><outerBoundaryIs><LinearRing><coordinates>-72.781796,41.805155,0.0 -72.718218,41.806522,0.0 -72.716167,41.792849,0.0 -72.713774,41.777126,0.0 -72.737018,41.778835,0.0 -72.781454,41.748413,0.0 -72.796494,41.758667,0.0 -72.781796,41.805155,0.0</coordinates></LinearRing></outerBoundaryIs></Polygon>"
ROXBURY,6783,41.5539,2235,CT,26.47967,-73.3003,2196,"<Polygon><outerBoundaryIs><LinearRing><coordinates>-73.267521,41.60314,0.0 -73.252139,41.512216,0.0 -73.318794,41.50538,0.0 -73.343063,41.565882,0.0 -73.348532,41.595278,0.0 -73.338961,41.595962,0.0 -73.267521,41.60314,0.0</coordinates></LinearRing></outerBoundaryIs></Polygon>"
HIGGANUM,6441,41.4659,4577,CT,23.37332,-72.5825,4493,"<Polygon><outerBoundaryIs><LinearRing><coordinates>-72.531585,41.423343,0.0 -72.538421,41.421634,0.0 -72.608836,41.443169,0.0 -72.633788,41.500252,0.0 -72.554828,41.51119,0.0 -72.529875,41.496834,0.0 -72.531585,41.423343,0.0</coordinates></LinearRing></outerBoundaryIs></Polygon>"
W HARTFORD,6107,41.7542,18432,CT,6.49948,-72.7578,18160,"<Polygon><outerBoundaryIs><LinearRing><coordinates>-72.734283,41.748755,0.0 -72.759236,41.726878,0.0 -72.781454,41.748413,0.0 -72.737018,41.778835,0.0 -72.734283,41.748755,0.0</coordinates></LinearRing></outerBoundaryIs></Polygon>"
RIVERSIDE,6878,41.0348,7917,CT,2.42691,-73.5823,7858,"<Polygon><outerBoundaryIs><LinearRing><coordinates>-73.589514,41.041873,0.0 -73.578918,41.057597,0.0 -73.57379,41.026833,0.0 -73.589514,41.041873,0.0</coordinates></LinearRing></outerBoundaryIs></Polygon>"
EAST LYME,6333,41.3833,6069,CT,25.12952,-72.2446,5957,"<Polygon><outerBoundaryIs><LinearRing><coordinates>-72.193184,41.368652,0.0 -72.254028,41.309859,0.0 -72.276588,41.440434,0.0 -72.24514,41.443169,0.0 -72.219504,41.412063,0.0 -72.193184,41.368652,0.0</coordinates></LinearRing></outerBoundaryIs></Polygon>"
OXFORD,6478,41.4311,10123,CT,33.39653,-73.1349,9988,"<Polygon><outerBoundaryIs><LinearRing><coordinates>-73.171811,41.38335,0.0 -73.207702,41.420608,0.0 -73.144124,41.489314,0.0 -73.104131,41.489314,0.0 -73.077469,41.465387,0.0 -73.08328,41.403859,0.0 -73.147542,41.367627,0.0 -73.157113,41.376856,0.0 -73.171811,41.38335,0.0</coordinates></LinearRing></outerBoundaryIs></Polygon>"
GUILFORD,6437,41.335,21567,CT,47.72519,-72.7004,21338,"<Polygon><outerBoundaryIs><LinearRing><coordinates>-72.678909,41.433939,0.0 -72.66421,41.270208,0.0 -72.736676,41.261663,0.0 -72.746247,41.310543,0.0 -72.745905,41.372412,0.0 -72.72061,41.427445,0.0 -72.678909,41.433939,0.0</coordinates></LinearRing></outerBoundaryIs></Polygon>"
MIDDLEFIELD,6455,41.5138,3004,CT,10.96389,-72.7175,2959,"<Polygon><outerBoundaryIs><LinearRing><coordinates>-72.686429,41.534776,0.0 -72.677883,41.49615,0.0 -72.733941,41.485554,0.0 -72.74488,41.49786,0.0 -72.748981,41.544347,0.0 -72.711381,41.545372,0.0 -72.686429,41.534776,0.0</coordinates></LinearRing></outerBoundaryIs></Polygon>"
EAST GRANBY,6026,41.9425,4855,CT,18.02632,-72.7402,4809,"<Polygon><outerBoundaryIs><LinearRing><coordinates>-72.760261,41.90565,0.0 -72.769491,41.917613,0.0 -72.785556,41.917955,0.0 -72.762996,41.986319,0.0 -72.700443,41.952821,0.0 -72.687454,41.948035,0.0 -72.696341,41.92274,0.0 -72.738385,41.892319,0.0 -72.760261,41.90565,0.0</coordinates></LinearRing></outerBoundaryIs></Polygon>"
MIDDLEBURY,6762,41.5282,7116,CT,18.13233,-73.1218,6702,"<Polygon><outerBoundaryIs><LinearRing><coordinates>-73.155062,41.514267,0.0 -73.14515,41.557678,0.0 -73.093877,41.570325,0.0 -73.069949,41.514267,0.0 -73.104131,41.489314,0.0 -73.144124,41.489314,0.0 -73.155062,41.514267,0.0</coordinates></LinearRing></outerBoundaryIs></Polygon>"
WATERTOWN,6795,41.6188,13499,CT,25.88545,-73.1229,13345,"<Polygon><outerBoundaryIs><LinearRing><coordinates>-73.093877,41.570325,0.0 -73.14515,41.557678,0.0 -73.157797,41.613053,0.0 -73.170786,41.669111,0.0 -73.14139,41.672529,0.0 -73.057644,41.615445,0.0 -73.089433,41.575111,0.0 -73.093877,41.570325,0.0</coordinates></LinearRing></outerBoundaryIs></Polygon>"
NEW HAVEN,6511,41.3159,53159,CT,6.10845,-72.9265,53503,"<Polygon><outerBoundaryIs><LinearRing><coordinates>-72.934247,41.304732,0.0 -72.950655,41.297212,0.0 -72.956124,41.310543,0.0 -72.944502,41.330368,0.0 -72.935273,41.335837,0.0 -72.891862,41.328317,0.0 -72.905876,41.30063,0.0 -72.905876,41.298921,0.0 -72.927069,41.283881,0.0 -72.924335,41.301314,0.0 -72.934247,41.304732,0.0</coordinates></LinearRing></outerBoundaryIs></Polygon>"
ROCKY HILL,6067,41.6539,18189,CT,11.99495,-72.6692,17986,"<Polygon><outerBoundaryIs><LinearRing><coordinates>-72.715141,41.652704,0.0 -72.706254,41.668769,0.0 -72.629345,41.666376,0.0 -72.627978,41.640056,0.0 -72.713774,41.627751,0.0 -72.713432,41.628093,0.0 -72.715141,41.652704,0.0</coordinates></LinearRing></outerBoundaryIs></Polygon>"
HEBRON,6248,41.6847,5382,CT,21.58285,-72.4057,5241,"<Polygon><outerBoundaryIs><LinearRing><coordinates>-72.343926,41.668427,0.0 -72.420835,41.647918,0.0 -72.452283,41.688936,0.0 -72.460144,41.72722,0.0 -72.422886,41.732005,0.0 -72.356573,41.701584,0.0 -72.343926,41.668427,0.0</coordinates></LinearRing></outerBoundaryIs></Polygon>"
POMFRET CENTER,6259,41.8707,4081,CT,42.60112,-71.9929,4002,"<Polygon><outerBoundaryIs><LinearRing><coordinates>-72.066027,41.902573,0.0 -71.933743,41.91693,0.0 -71.917678,41.869417,0.0 -71.9293,41.848224,0.0 -72.016122,41.812675,0.0 -72.044834,41.831475,0.0 -72.066027,41.902573,0.0</coordinates></LinearRing></outerBoundaryIs></Polygon>"
CANAAN,6018,42.0284,2618,CT,13.80154,-73.2967,2597,"<Polygon><outerBoundaryIs><LinearRing><coordinates>-73.241201,42.006144,0.0 -73.328364,42.000675,0.0 -73.358103,42.005119,0.0 -73.341012,42.048188,0.0 -73.328364,42.047846,0.0 -73.296233,42.047163,0.0 -73.232997,42.045112,0.0 -73.241201,42.006144,0.0</coordinates></LinearRing></outerBoundaryIs></Polygon>"
WATERFORD,6385,41.3585,15034,CT,26.27832,-72.1565,14898,"<Polygon><outerBoundaryIs><LinearRing><coordinates>-72.193184,41.368652,0.0 -72.219504,41.412063,0.0 -72.16994,41.418558,0.0 -72.12482,41.371387,0.0 -72.100893,41.304732,0.0 -72.17746,41.322165,0.0 -72.193184,41.368652,0.0</coordinates></LinearRing></outerBoundaryIs></Polygon>"
NORWALK,6855,41.1012,7955,CT,2.08729,-73.3966,7865,"<Polygon><outerBoundaryIs><LinearRing><coordinates>-73.410743,41.107502,0.0 -73.410059,41.107844,0.0 -73.381688,41.118441,0.0 -73.384081,41.100666,0.0 -73.414503,41.098957,0.0 -73.410743,41.107502,0.0</coordinates></LinearRing></outerBoundaryIs></Polygon>"
W HARTFORD,6119,41.7641,15784,CT,2.24132,-72.7265,15632,"<Polygon><outerBoundaryIs><LinearRing><coordinates>-72.734283,41.748755,0.0 -72.737018,41.778835,0.0 -72.713774,41.777126,0.0 -72.7148,41.757642,0.0 -72.715141,41.74978,0.0 -72.734283,41.748755,0.0</coordinates></LinearRing></outerBoundaryIs></Polygon>"
MANSFIELD CENTER,6250,41.7784,4968,CT,21.51965,-72.1909,4879,"<Polygon><outerBoundaryIs><LinearRing><coordinates>-72.269068,41.762427,0.0 -72.198653,41.765846,0.0 -72.190449,41.834893,0.0 -72.128922,41.834209,0.0 -72.156267,41.75354,0.0 -72.198311,41.727904,0.0 -72.252319,41.728245,0.0 -72.269068,41.762427,0.0</coordinates></LinearRing></outerBoundaryIs></Polygon>"
WESTBROOK,6498,41.307,6434,CT,16.18148,-72.4665,6292,"<Polygon><outerBoundaryIs><LinearRing><coordinates>-72.486123,41.27055,0.0 -72.512101,41.341306,0.0 -72.51381,41.346092,0.0 -72.475526,41.335496,0.0 -72.429039,41.325583,0.0 -72.425621,41.324216,0.0 -72.416733,41.278754,0.0 -72.486123,41.27055,0.0</coordinates></LinearRing></outerBoundaryIs></Polygon>"
LITCHFIELD,6759,41.7538,5854,CT,54.27712,-73.21,5835,"<Polygon><outerBoundaryIs><LinearRing><coordinates>-73.114044,41.747387,0.0 -73.118488,41.685518,0.0 -73.141048,41.672871,0.0 -73.222401,41.710471,0.0 -73.293841,41.739526,0.0 -73.322554,41.822588,0.0 -73.28803,41.827031,0.0 -73.201891,41.790115,0.0 -73.118488,41.776784,0.0 -73.114044,41.747387,0.0</coordinates></LinearRing></outerBoundaryIs></Polygon>"
FARMINGTON,6032,41.7252,17724,CT,24.31107,-72.8321,17741,"<Polygon><outerBoundaryIs><LinearRing><coordinates>-72.762312,41.717991,0.0 -72.762312,41.71594,0.0 -72.815294,41.687569,0.0 -72.892887,41.696456,0.0 -72.896647,41.717307,0.0 -72.864516,41.762086,0.0 -72.796494,41.758667,0.0 -72.781454,41.748413,0.0 -72.759236,41.726878,0.0 -72.762312,41.717991,0.0</coordinates></LinearRing></outerBoundaryIs></Polygon>"
STONINGTON,6378,41.383,5505,CT,20.98003,-71.916,5779,"<Polygon><outerBoundaryIs><LinearRing><coordinates>-71.951518,41.423685,0.0 -71.943314,41.433598,0.0 -71.875292,41.416165,0.0 -71.882812,41.34575,0.0 -71.954252,41.33447,0.0 -71.951518,41.423685,0.0</coordinates></LinearRing></outerBoundaryIs></Polygon>"
LEDYARD,6339,41.444,7985,CT,26.16748,-71.9939,7943,"<Polygon><outerBoundaryIs><LinearRing><coordinates>-72.057824,41.48111,0.0 -71.956303,41.487605,0.0 -71.943314,41.433598,0.0 -71.951518,41.423685,0.0 -72.014071,41.399074,0.0 -72.034922,41.400099,0.0 -72.057824,41.48111,0.0</coordinates></LinearRing></outerBoundaryIs></Polygon>"
NEW FAIRFIELD,6812,41.4878,14152,CT,24.76797,-73.4878,14016,"<Polygon><outerBoundaryIs><LinearRing><coordinates>-73.536874,41.441118,0.0 -73.533114,41.49034,0.0 -73.531747,41.508114,0.0 -73.451761,41.53546,0.0 -73.441507,41.491365,0.0 -73.42715,41.464361,0.0 -73.536874,41.441118,0.0</coordinates></LinearRing></outerBoundaryIs></Polygon>"
BRIDGEPORT,6608,41.188,13345,CT,1.08012,-73.1808,13407,"<Polygon><outerBoundaryIs><LinearRing><coordinates>-73.188902,41.186121,0.0 -73.186851,41.194324,0.0 -73.188219,41.202528,0.0 -73.171128,41.185437,0.0 -73.17147,41.185437,0.0 -73.188902,41.186121,0.0</coordinates></LinearRing></outerBoundaryIs></Polygon>"
WESTON,6883,41.2284,10086,CT,20.68394,-73.3724,10033,"<Polygon><outerBoundaryIs><LinearRing><coordinates>-73.379295,41.185437,0.0 -73.429885,41.254143,0.0 -73.369725,41.274652,0.0 -73.329048,41.213466,0.0 -73.337252,41.193299,0.0 -73.379295,41.185437,0.0</coordinates></LinearRing></outerBoundaryIs></Polygon>"
WILLIMANTIC,6226,41.707,17912,CT,7.17041,-72.207,17862,"<Polygon><outerBoundaryIs><LinearRing><coordinates>-72.18874,41.714231,0.0 -72.168573,41.679707,0.0 -72.18498,41.675264,0.0 -72.239671,41.714231,0.0 -72.249584,41.723118,0.0 -72.252319,41.728245,0.0 -72.198311,41.727904,0.0 -72.18874,41.714231,0.0</coordinates></LinearRing></outerBoundaryIs></Polygon>"
WATERBURY,6706,41.532,13834,CT,3.75483,-73.0247,13801,"<Polygon><outerBoundaryIs><LinearRing><coordinates>-73.017993,41.519394,0.0 -73.053884,41.51495,0.0 -73.042604,41.551525,0.0 -73.028247,41.552551,0.0 -72.991673,41.528965,0.0 -73.017993,41.519394,0.0</coordinates></LinearRing></outerBoundaryIs></Polygon>"
BERLIN,6037,41.6111,16993,CT,26.20924,-72.7773,16822,"<Polygon><outerBoundaryIs><LinearRing><coordinates>-72.752058,41.578871,0.0 -72.779745,41.575794,0.0 -72.840247,41.568958,0.0 -72.813927,41.6445,0.0 -72.79,41.647576,0.0 -72.749323,41.650311,0.0 -72.715141,41.652704,0.0 -72.713432,41.628093,0.0 -72.720269,41.60314,0.0 -72.752058,41.578871,0.0</coordinates></LinearRing></outerBoundaryIs></Polygon>"
HAMDEN,6518,41.4276,17414,CT,16.07298,-72.9135,17245,"<Polygon><outerBoundaryIs><LinearRing><coordinates>-72.943476,41.407619,0.0 -72.94792,41.464019,0.0 -72.886734,41.447954,0.0 -72.851185,41.434281,0.0 -72.906218,41.371045,0.0 -72.914422,41.374121,0.0 -72.943476,41.407619,0.0</coordinates></LinearRing></outerBoundaryIs></Polygon>"
BRIDGEPORT,6607,41.1772,7516,CT,1.0627,-73.1657,7586,"<Polygon><outerBoundaryIs><LinearRing><coordinates>-73.15472,41.184753,0.0 -73.161215,41.166637,0.0 -73.17147,41.185437,0.0 -73.171128,41.185437,0.0 -73.15472,41.184753,0.0</coordinates></LinearRing></outerBoundaryIs></Polygon>"
NEW LONDON,6320,41.3515,25681,CT,6.84308,-72.1037,25619,"<Polygon><outerBoundaryIs><LinearRing><coordinates>-72.100893,41.304732,0.0 -72.12482,41.371387,0.0 -72.093031,41.38711,0.0 -72.086878,41.32319,0.0 -72.100893,41.304732,0.0</coordinates></LinearRing></outerBoundaryIs></Polygon>"
SHARON,6069,41.8581,2880,CT,54.36293,-73.4431,2879,"<Polygon><outerBoundaryIs><LinearRing><coordinates>-73.378954,41.857453,0.0 -73.410401,41.788406,0.0 -73.507819,41.791482,0.0 -73.507136,41.800711,0.0 -73.49859,41.890268,0.0 -73.496539,41.921715,0.0 -73.366306,41.918297,0.0 -73.378954,41.857453,0.0</coordinates></LinearRing></outerBoundaryIs></Polygon>"
COVENTRY,6238,41.7831,11741,CT,38.29263,-72.3397,11503,"<Polygon><outerBoundaryIs><LinearRing><coordinates>-72.269068,41.762427,0.0 -72.252319,41.728245,0.0 -72.249584,41.723118,0.0 -72.328544,41.7385,0.0 -72.410581,41.765846,0.0 -72.419126,41.806864,0.0 -72.420493,41.827715,0.0 -72.310086,41.835577,0.0 -72.269068,41.762427,0.0</coordinates></LinearRing></outerBoundaryIs></Polygon>"
OLD SAYBROOK,6475,41.3022,10494,CT,16.40383,-72.3866,10367,"<Polygon><outerBoundaryIs><LinearRing><coordinates>-72.416733,41.278754,0.0 -72.425621,41.324216,0.0 -72.369221,41.342332,0.0 -72.349395,41.310543,0.0 -72.342901,41.268499,0.0 -72.416733,41.278754,0.0</coordinates></LinearRing></outerBoundaryIs></Polygon>"
WEST SUFFIELD,6093,42.004,3210,CT,16.42309,-72.7245,3167,"<Polygon><outerBoundaryIs><LinearRing><coordinates>-72.762996,41.986319,0.0 -72.774618,42.002042,0.0 -72.714116,42.036908,0.0 -72.678225,42.035541,0.0 -72.700443,41.952821,0.0 -72.762996,41.986319,0.0</coordinates></LinearRing></outerBoundaryIs></Polygon>"
W HARTFORD,6110,41.7326,12334,CT,3.18585,-72.7333,12234,"<Polygon><outerBoundaryIs><LinearRing><coordinates>-72.714116,41.723802,0.0 -72.762312,41.717991,0.0 -72.759236,41.726878,0.0 -72.734283,41.748755,0.0 -72.715141,41.74978,0.0 -72.714116,41.723802,0.0</coordinates></LinearRing></outerBoundaryIs></Polygon>"
PAWCATUCK,6379,41.368,8724,CT,13.58827,-71.8597,8651,"<Polygon><outerBoundaryIs><LinearRing><coordinates>-71.842819,41.408303,0.0 -71.85991,41.320456,0.0 -71.882812,41.34575,0.0 -71.875292,41.416165,0.0 -71.842819,41.408303,0.0</coordinates></LinearRing></outerBoundaryIs></Polygon>"
BROOKLYN,6234,41.7882,5231,CT,28.47286,-71.959,5221,"<Polygon><outerBoundaryIs><LinearRing><coordinates>-71.906398,41.826689,0.0 -71.914943,41.747729,0.0 -71.91426,41.741235,0.0 -72.022958,41.759693,0.0 -72.016122,41.812675,0.0 -71.9293,41.848224,0.0 -71.906398,41.826689,0.0</coordinates></LinearRing></outerBoundaryIs></Polygon>"
SIMSBURY,6070,41.8755,15189,CT,22.44594,-72.8147,14944,"<Polygon><outerBoundaryIs><LinearRing><coordinates>-72.819738,41.822246,0.0 -72.839905,41.820195,0.0 -72.866567,41.816435,0.0 -72.854945,41.920348,0.0 -72.826574,41.91898,0.0 -72.785556,41.917955,0.0 -72.769491,41.917613,0.0 -72.766756,41.89642,0.0 -72.787607,41.825322,0.0 -72.819738,41.822246,0.0</coordinates></LinearRing></outerBoundaryIs></Polygon>"
HARWINTON,6791,41.7546,5313,CT,31.45662,-73.0585,5304,"<Polygon><outerBoundaryIs><LinearRing><coordinates>-73.114044,41.747387,0.0 -73.118488,41.776784,0.0 -73.076786,41.798318,0.0 -73.016967,41.797977,0.0 -72.998851,41.714573,0.0 -73.063797,41.702951,0.0 -73.070633,41.705002,0.0 -73.114044,41.747387,0.0</coordinates></LinearRing></outerBoundaryIs></Polygon>"
STAFFORD SPRINGS,6076,41.9887,11801,CT,86.07558,-72.2579,11788,"<Polygon><outerBoundaryIs><LinearRing><coordinates>-72.306668,41.940857,0.0 -72.327177,41.940173,0.0 -72.406479,41.957264,0.0 -72.361017,41.970595,0.0 -72.397592,42.033148,0.0 -72.36717,42.032806,0.0 -72.270435,42.031781,0.0 -72.198995,42.031097,0.0 -72.135758,42.030413,0.0 -72.10226,42.028704,0.0 -72.099525,41.966151,0.0 -72.16242,41.959315,0.0 -72.217111,41.95829,0.0 -72.306668,41.940857,0.0</coordinates></LinearRing></outerBoundaryIs></Polygon>"
BRANFORD,6405,41.2852,28770,CT,22.4021,-72.799,28562,"<Polygon><outerBoundaryIs><LinearRing><coordinates>-72.856654,41.252434,0.0 -72.822814,41.318405,0.0 -72.746247,41.310543,0.0 -72.736676,41.261663,0.0 -72.856654,41.252434,0.0</coordinates></LinearRing></outerBoundaryIs></Polygon>"
GOSHEN,6756,41.8417,2618,CT,36.64627,-73.2374,2588,"<Polygon><outerBoundaryIs><LinearRing><coordinates>-73.177964,41.869759,0.0 -73.201891,41.790115,0.0 -73.28803,41.827031,0.0 -73.267179,41.901206,0.0 -73.212488,41.898813,0.0 -73.177964,41.869759,0.0</coordinates></LinearRing></outerBoundaryIs></Polygon>"
NORFOLK,6058,41.9724,1742,CT,51.18883,-73.1956,1740,"<Polygon><outerBoundaryIs><LinearRing><coordinates>-73.243593,41.994181,0.0 -73.241201,42.006144,0.0 -73.232997,42.045112,0.0 -73.172153,42.043403,0.0 -73.127375,42.042035,0.0 -73.137288,42.008879,0.0 -73.165317,41.912486,0.0 -73.177964,41.869759,0.0 -73.212488,41.898813,0.0 -73.263077,41.916246,0.0 -73.243593,41.994181,0.0</coordinates></LinearRing></outerBoundaryIs></Polygon>"
GROTON,6340,41.358,31842,CT,25.5308,-72.0455,31782,"<Polygon><outerBoundaryIs><LinearRing><coordinates>-72.014071,41.399074,0.0 -71.985358,41.33071,0.0 -72.086878,41.32319,0.0 -72.093031,41.38711,0.0 -72.093031,41.388819,0.0 -72.091664,41.400441,0.0 -72.034922,41.400099,0.0 -72.014071,41.399074,0.0</coordinates></LinearRing></outerBoundaryIs></Polygon>"
TORRINGTON,6790,41.8397,35762,CT,43.95827,-73.1296,35490,"<Polygon><outerBoundaryIs><LinearRing><coordinates>-73.177964,41.869759,0.0 -73.165317,41.912486,0.0 -73.059011,41.867024,0.0 -73.076786,41.798318,0.0 -73.118488,41.776784,0.0 -73.201891,41.790115,0.0 -73.177964,41.869759,0.0</coordinates></LinearRing></outerBoundaryIs></Polygon>"
NEWINGTON,6111,41.6871,29421,CT,12.98346,-72.7308,29306,"<Polygon><outerBoundaryIs><LinearRing><coordinates>-72.715141,41.652704,0.0 -72.749323,41.650311,0.0 -72.757527,41.688594,0.0 -72.762312,41.71594,0.0 -72.762312,41.717991,0.0 -72.714116,41.723802,0.0 -72.708305,41.724485,0.0 -72.706254,41.668769,0.0 -72.715141,41.652704,0.0</coordinates></LinearRing></outerBoundaryIs></Polygon>"
MERIDEN,6451,41.542,23734,CT,10.2052,-72.8228,23762,"<Polygon><outerBoundaryIs><LinearRing><coordinates>-72.809142,41.507089,0.0 -72.850843,41.51666,0.0 -72.852894,41.546398,0.0 -72.840247,41.568958,0.0 -72.779745,41.575794,0.0 -72.809142,41.507089,0.0</coordinates></LinearRing></outerBoundaryIs></Polygon>"
UNCASVILLE,6382,41.4598,11865,CT,21.27661,-72.1228,11793,"<Polygon><outerBoundaryIs><LinearRing><coordinates>-72.095082,41.425052,0.0 -72.153875,41.420608,0.0 -72.189766,41.450005,0.0 -72.141911,41.504012,0.0 -72.135416,41.504012,0.0 -72.080725,41.49239,0.0 -72.070129,41.463678,0.0 -72.095082,41.425052,0.0</coordinates></LinearRing></outerBoundaryIs></Polygon>"
NORTH GROSVENORDALE,6255,41.9877,4868,CT,22.62668,-71.8983,4861,"<Polygon><outerBoundaryIs><LinearRing><coordinates>-71.845554,42.023919,0.0 -71.919045,41.931628,0.0 -71.931692,41.931628,0.0 -71.94434,42.025628,0.0 -71.939554,42.025628,0.0 -71.920754,42.025286,0.0 -71.887598,42.024602,0.0 -71.845554,42.023919,0.0</coordinates></LinearRing></outerBoundaryIs></Polygon>"
NORTH WINDHAM,6256,41.7531,3363,CT,14.63761,-72.1363,2730,"<Polygon><outerBoundaryIs><LinearRing><coordinates>-72.198311,41.727904,0.0 -72.156267,41.75354,0.0 -72.093715,41.801737,0.0 -72.118667,41.725511,0.0 -72.18874,41.714231,0.0 -72.198311,41.727904,0.0</coordinates></LinearRing></outerBoundaryIs></Polygon>"
BRIDGEPORT,6610,41.2049,22272,CT,3.10315,-73.1693,22026,"<Polygon><outerBoundaryIs><LinearRing><coordinates>-73.188219,41.202528,0.0 -73.178648,41.222353,0.0 -73.157455,41.228506,0.0 -73.155404,41.189881,0.0 -73.15472,41.184753,0.0 -73.171128,41.185437,0.0 -73.188219,41.202528,0.0</coordinates></LinearRing></outerBoundaryIs></Polygon>"
VERNON ROCKVILLE,6066,41.8363,28269,CT,18.29642,-72.4604,28126,"<Polygon><outerBoundaryIs><LinearRing><coordinates>-72.420493,41.827715,0.0 -72.419126,41.806864,0.0 -72.473475,41.798318,0.0 -72.505265,41.820195,0.0 -72.497061,41.860871,0.0 -72.428013,41.874544,0.0 -72.420493,41.827715,0.0</coordinates></LinearRing></outerBoundaryIs></Polygon>"
STORRS MANSFIELD,6269,41.8073,2135,CT,0.30524,-72.2527,2137,
NEW MILFORD,6776,41.6006,26164,CT,59.00764,-73.4166,25854,"<Polygon><outerBoundaryIs><LinearRing><coordinates>-73.451761,41.53546,0.0 -73.488678,41.617496,0.0 -73.449368,41.593227,0.0 -73.453128,41.675264,0.0 -73.41963,41.678682,0.0 -73.38203,41.683125,0.0 -73.376219,41.657831,0.0 -73.348532,41.595278,0.0 -73.343063,41.565882,0.0 -73.388525,41.514267,0.0 -73.441507,41.491365,0.0 -73.451761,41.53546,0.0</coordinates></LinearRing></outerBoundaryIs></Polygon>"
WATERBURY,6702,41.5569,3870,CT,0.66294,-73.0451,4010,"<Polygon><outerBoundaryIs><LinearRing><coordinates>-73.028247,41.552551,0.0 -73.042604,41.551525,0.0 -73.054909,41.566565,0.0 -73.035767,41.560071,0.0 -73.027564,41.554943,0.0 -73.028247,41.552551,0.0</coordinates></LinearRing></outerBoundaryIs></Polygon>"
CROMWELL,6416,41.6118,13093,CT,13.10154,-72.6637,12871,"<Polygon><outerBoundaryIs><LinearRing><coordinates>-72.63037,41.63322,0.0 -72.64917,41.575111,0.0 -72.714116,41.604165,0.0 -72.713774,41.627751,0.0 -72.627978,41.640056,0.0 -72.63037,41.63322,0.0</coordinates></LinearRing></outerBoundaryIs></Polygon>"
MOODUS,6469,41.5094,2664,CT,9.50389,-72.4489,2628,"<Polygon><outerBoundaryIs><LinearRing><coordinates>-72.476552,41.484187,0.0 -72.430748,41.524521,0.0 -72.402377,41.527256,0.0 -72.476552,41.484187,0.0</coordinates></LinearRing></outerBoundaryIs></Polygon>"
CHESHIRE,6410,41.5108,28720,CT,33.02694,-72.9039,28377,"<Polygon><outerBoundaryIs><LinearRing><coordinates>-72.94792,41.464019,0.0 -72.952705,41.464703,0.0 -72.969796,41.530332,0.0 -72.955098,41.555627,0.0 -72.946211,41.556652,0.0 -72.871694,41.556994,0.0 -72.852894,41.546398,0.0 -72.850843,41.51666,0.0 -72.886734,41.447954,0.0 -72.94792,41.464019,0.0</coordinates></LinearRing></outerBoundaryIs></Polygon>"
STAMFORD,6902,41.0611,61909,CT,10.36374,-73.5486,62045,"<Polygon><outerBoundaryIs><LinearRing><coordinates>-73.561485,41.103401,0.0 -73.542001,41.062382,0.0 -73.533798,41.060331,0.0 -73.534139,41.072979,0.0 -73.50987,41.068535,0.0 -73.507136,41.061015,0.0 -73.555332,41.026149,0.0 -73.576525,41.070244,0.0 -73.591223,41.089386,0.0 -73.5943,41.092804,0.0 -73.561485,41.103401,0.0</coordinates></LinearRing></outerBoundaryIs></Polygon>"
DANIELSON,6239,41.7933,13050,CT,26.5048,-71.8621,13040,"<Polygon><outerBoundaryIs><LinearRing><coordinates>-71.906398,41.826689,0.0 -71.792572,41.804129,0.0 -71.791205,41.774391,0.0 -71.839059,41.763795,0.0 -71.896827,41.740209,0.0 -71.914943,41.747729,0.0 -71.906398,41.826689,0.0</coordinates></LinearRing></outerBoundaryIs></Polygon>"
HAMDEN,6517,41.348,14455,CT,5.49463,-72.9053,14322,"<Polygon><outerBoundaryIs><LinearRing><coordinates>-72.891862,41.328317,0.0 -72.935273,41.335837,0.0 -72.914422,41.374121,0.0 -72.906218,41.371045,0.0 -72.888785,41.332419,0.0 -72.891862,41.328317,0.0</coordinates></LinearRing></outerBoundaryIs></Polygon>"
WINSTED,6098,41.9472,13925,CT,70.24818,-73.0743,13914,"<Polygon><outerBoundaryIs><LinearRing><coordinates>-73.137288,42.008879,0.0 -73.077128,42.040668,0.0 -73.0532,42.039984,0.0 -73.008764,42.038959,0.0 -73.023462,41.990421,0.0 -73.020044,41.959657,0.0 -72.987913,41.912828,0.0 -73.059011,41.867024,0.0 -73.165317,41.912486,0.0 -73.137288,42.008879,0.0</coordinates></LinearRing></outerBoundaryIs></Polygon>"
THOMASTON,6787,41.6687,7581,CT,12.02895,-73.0867,7500,"<Polygon><outerBoundaryIs><LinearRing><coordinates>-73.050466,41.609634,0.0 -73.057986,41.6069,0.0 -73.057644,41.615445,0.0 -73.14139,41.672529,0.0 -73.141048,41.672871,0.0 -73.118488,41.685518,0.0 -73.070633,41.705002,0.0 -73.063797,41.702951,0.0 -73.054568,41.702609,0.0 -73.050466,41.609634,0.0</coordinates></LinearRing></outerBoundaryIs></Polygon>"
NEW PRESTON MARBLE DALE,6777,41.6951,1840,CT,16.72568,-73.3437,1844,"<Polygon><outerBoundaryIs><LinearRing><coordinates>-73.278459,41.697482,0.0 -73.376219,41.657831,0.0 -73.38203,41.683125,0.0 -73.39331,41.726536,0.0 -73.292815,41.719016,0.0 -73.278459,41.697482,0.0</coordinates></LinearRing></outerBoundaryIs></Polygon>"
BETHEL,6801,41.3747,18184,CT,16.89636,-73.393,18057,"<Polygon><outerBoundaryIs><LinearRing><coordinates>-73.34819,41.350194,0.0 -73.424757,41.335154,0.0 -73.405957,41.428128,0.0 -73.381005,41.423001,0.0 -73.34819,41.350194,0.0</coordinates></LinearRing></outerBoundaryIs></Polygon>"
NEW HAVEN,6515,41.3275,16662,CT,4.54509,-72.9701,16619,"<Polygon><outerBoundaryIs><LinearRing><coordinates>-72.956124,41.310543,0.0 -72.98928,41.313277,0.0 -72.998167,41.313961,0.0 -72.973215,41.347459,0.0 -72.944502,41.330368,0.0 -72.956124,41.310543,0.0</coordinates></LinearRing></outerBoundaryIs></Polygon>"
NORTH STONINGTON,6359,41.4699,4967,CT,54.53116,-71.8747,4945,"<Polygon><outerBoundaryIs><LinearRing><coordinates>-71.875292,41.416165,0.0 -71.943314,41.433598,0.0 -71.956303,41.487605,0.0 -71.9669,41.528623,0.0 -71.90298,41.52042,0.0 -71.793256,41.505721,0.0 -71.793598,41.495809,0.0 -71.794623,41.476325,0.0 -71.797699,41.416848,0.0 -71.842819,41.408303,0.0 -71.875292,41.416165,0.0</coordinates></LinearRing></outerBoundaryIs></Polygon>"
PLAINVILLE,6062,41.674,17184,CT,9.80799,-72.8574,17294,"<Polygon><outerBoundaryIs><LinearRing><coordinates>-72.822131,41.656122,0.0 -72.883316,41.649285,0.0 -72.892887,41.696456,0.0 -72.815294,41.687569,0.0 -72.823498,41.668769,0.0 -72.822131,41.656122,0.0</coordinates></LinearRing></outerBoundaryIs></Polygon>"
TRUMBULL,6611,41.2601,34475,CT,24.25496,-73.21,34179,"<Polygon><outerBoundaryIs><LinearRing><coordinates>-73.248037,41.231583,0.0 -73.274357,41.293794,0.0 -73.204968,41.299263,0.0 -73.145491,41.254484,0.0 -73.157455,41.228506,0.0 -73.178648,41.222353,0.0 -73.244277,41.226797,0.0 -73.248037,41.231583,0.0</coordinates></LinearRing></outerBoundaryIs></Polygon>"
STAMFORD,6905,41.0889,17375,CT,4.90595,-73.5431,17019,"<Polygon><outerBoundaryIs><LinearRing><coordinates>-73.533798,41.060331,0.0 -73.542001,41.062382,0.0 -73.561485,41.103401,0.0 -73.535165,41.116048,0.0 -73.528329,41.086993,0.0 -73.534139,41.072979,0.0 -73.533798,41.060331,0.0</coordinates></LinearRing></outerBoundaryIs></Polygon>"
SHELTON,6484,41.306,38480,CT,31.98732,-73.1385,38211,"<Polygon><outerBoundaryIs><LinearRing><coordinates>-73.086698,41.254484,0.0 -73.145491,41.254484,0.0 -73.204968,41.299263,0.0 -73.157113,41.376856,0.0 -73.147542,41.367627,0.0 -73.12464,41.345408,0.0 -73.067898,41.300972,0.0 -73.086698,41.276703,0.0 -73.086698,41.254484,0.0</coordinates></LinearRing></outerBoundaryIs></Polygon>"
STRATFORD,6615,41.172,17692,CT,6.93901,-73.1345,17589,"<Polygon><outerBoundaryIs><LinearRing><coordinates>-73.15472,41.184753,0.0 -73.155404,41.189881,0.0 -73.110626,41.200135,0.0 -73.111651,41.171081,0.0 -73.161215,41.166637,0.0 -73.15472,41.184753,0.0</coordinates></LinearRing></outerBoundaryIs></Polygon>"
EAST WINDSOR,6088,41.9062,4743,CT,11.28441,-72.5962,4689,"<Polygon><outerBoundaryIs><LinearRing><coordinates>-72.587643,41.868391,0.0 -72.616697,41.868733,0.0 -72.621825,41.904624,0.0 -72.621483,41.934704,0.0 -72.559956,41.940173,0.0 -72.587643,41.868391,0.0</coordinates></LinearRing></outerBoundaryIs></Polygon>"
BRIDGEWATER,6752,41.5207,1845,CT,17.27942,-73.3602,1824,"<Polygon><outerBoundaryIs><LinearRing><coordinates>-73.31059,41.468805,0.0 -73.331099,41.472565,0.0 -73.388525,41.514267,0.0 -73.343063,41.565882,0.0 -73.318794,41.50538,0.0 -73.31059,41.468805,0.0</coordinates></LinearRing></outerBoundaryIs></Polygon>"
NORWALK,6851,41.1393,25793,CT,7.56633,-73.404,25588,"<Polygon><outerBoundaryIs><LinearRing><coordinates>-73.381688,41.118441,0.0 -73.410059,41.107844,0.0 -73.424757,41.155357,0.0 -73.387157,41.170397,0.0 -73.381688,41.118441,0.0</coordinates></LinearRing></outerBoundaryIs></Polygon>"
QUINEBAUG,6262,42.019,200,CT,1.06906,-71.9272,198,
NEW HAVEN,6519,41.2953,16084,CT,1.5469,-72.938,16114,"<Polygon><outerBoundaryIs><LinearRing><coordinates>-72.950655,41.297212,0.0 -72.934247,41.304732,0.0 -72.924335,41.301314,0.0 -72.927069,41.283881,0.0 -72.939033,41.28183,0.0 -72.950655,41.297212,0.0</coordinates></LinearRing></outerBoundaryIs></Polygon>"
LEBANON,6249,41.6317,6972,CT,54.82476,-72.2403,6829,"<Polygon><outerBoundaryIs><LinearRing><coordinates>-72.197627,41.58434,0.0 -72.202755,41.573402,0.0 -72.227708,41.546056,0.0 -72.31453,41.61066,0.0 -72.334355,41.643474,0.0 -72.239671,41.714231,0.0 -72.18498,41.675264,0.0 -72.157635,41.657831,0.0 -72.194209,41.590492,0.0 -72.197627,41.58434,0.0</coordinates></LinearRing></outerBoundaryIs></Polygon>"
NIANTIC,6357,41.3273,12211,CT,10.16012,-72.212,12161,"<Polygon><outerBoundaryIs><LinearRing><coordinates>-72.2489,41.299605,0.0 -72.254028,41.309859,0.0 -72.193184,41.368652,0.0 -72.17746,41.322165,0.0 -72.2489,41.299605,0.0</coordinates></LinearRing></outerBoundaryIs></Polygon>"
PLAINFIELD,6374,41.6804,8667,CT,26.44897,-71.9151,8636,"<Polygon><outerBoundaryIs><LinearRing><coordinates>-71.91426,41.741235,0.0 -71.914943,41.747729,0.0 -71.896827,41.740209,0.0 -71.857518,41.644158,0.0 -71.954936,41.634929,0.0 -71.91426,41.741235,0.0</coordinates></LinearRing></outerBoundaryIs></Polygon>"
SANDY HOOK,6482,41.4061,10691,CT,21.53877,-73.2445,10496,"<Polygon><outerBoundaryIs><LinearRing><coordinates>-73.255899,41.357372,0.0 -73.298968,41.449663,0.0 -73.207702,41.420608,0.0 -73.171811,41.38335,0.0 -73.255899,41.357372,0.0</coordinates></LinearRing></outerBoundaryIs></Polygon>"
GREENWICH,6830,41.0506,24569,CT,13.27821,-73.6236,24816,"<Polygon><outerBoundaryIs><LinearRing><coordinates>-73.65446,41.011451,0.0 -73.648649,41.095539,0.0 -73.599085,41.098957,0.0 -73.5943,41.092804,0.0 -73.591223,41.089386,0.0 -73.595325,41.030593,0.0 -73.657536,40.989917,0.0 -73.65446,41.011451,0.0</coordinates></LinearRing></outerBoundaryIs></Polygon>"
ANSONIA,6401,41.3442,18606,CT,6.19783,-73.0688,18540,"<Polygon><outerBoundaryIs><LinearRing><coordinates>-73.039186,41.326608,0.0 -73.102422,41.352928,0.0 -73.047047,41.360448,0.0 -73.039186,41.326608,0.0</coordinates></LinearRing></outerBoundaryIs></Polygon>"
NEW HAVEN,6510,41.3062,2290,CT,0.27306,-72.9258,2048,
WEST HAVEN,6516,41.2735,52438,CT,11.04872,-72.9667,52307,"<Polygon><outerBoundaryIs><LinearRing><coordinates>-72.98928,41.313277,0.0 -72.956124,41.310543,0.0 -72.950655,41.297212,0.0 -72.939033,41.28183,0.0 -72.983811,41.233292,0.0 -72.992015,41.244914,0.0 -72.98928,41.313277,0.0</coordinates></LinearRing></outerBoundaryIs></Polygon>"
HARTFORD,6106,41.7478,40499,CT,4.30793,-72.6951,40224,"<Polygon><outerBoundaryIs><LinearRing><coordinates>-72.691898,41.725511,0.0 -72.708305,41.724485,0.0 -72.714116,41.723802,0.0 -72.715141,41.74978,0.0 -72.7148,41.757642,0.0 -72.679592,41.766187,0.0 -72.661476,41.758667,0.0 -72.656007,41.754224,0.0 -72.691898,41.725511,0.0</coordinates></LinearRing></outerBoundaryIs></Polygon>"
CORNWALL BRIDGE,6754,41.7765,1286,CT,37.14739,-73.3571,1269,"<Polygon><outerBoundaryIs><LinearRing><coordinates>-73.39331,41.726536,0.0 -73.398779,41.736449,0.0 -73.400146,41.746704,0.0 -73.410401,41.788406,0.0 -73.378954,41.857453,0.0 -73.322554,41.822588,0.0 -73.293841,41.739526,0.0 -73.292815,41.719016,0.0 -73.39331,41.726536,0.0</coordinates></LinearRing></outerBoundaryIs></Polygon>"
NEWTOWN,6470,41.3938,14967,CT,38.27622,-73.3191,14746,"<Polygon><outerBoundaryIs><LinearRing><coordinates>-73.306146,41.332419,0.0 -73.325288,41.322165,0.0 -73.34819,41.350194,0.0 -73.381005,41.423001,0.0 -73.331099,41.472565,0.0 -73.31059,41.468805,0.0 -73.298968,41.449663,0.0 -73.255899,41.357372,0.0 -73.306146,41.332419,0.0</coordinates></LinearRing></outerBoundaryIs></Polygon>"
NORWALK,6853,41.0701,3332,CT,1.17747,-73.4388,3321,"<Polygon><outerBoundaryIs><LinearRing><coordinates>-73.447659,41.072979,0.0 -73.446976,41.08255,0.0 -73.429543,41.070586,0.0 -73.447659,41.072979,0.0</coordinates></LinearRing></outerBoundaryIs></Polygon>"
GALES FERRY,6335,41.4311,6741,CT,13.23026,-72.0598,6744,"<Polygon><outerBoundaryIs><LinearRing><coordinates>-72.091664,41.400441,0.0 -72.095765,41.400441,0.0 -72.095082,41.425052,0.0 -72.070129,41.463678,0.0 -72.057824,41.48111,0.0 -72.034922,41.400099,0.0 -72.091664,41.400441,0.0</coordinates></LinearRing></outerBoundaryIs></Polygon>"
SOMERS,6071,41.9945,10887,CT,31.87497,-72.4461,10737,"<Polygon><outerBoundaryIs><LinearRing><coordinates>-72.492617,41.947351,0.0 -72.509025,42.034173,0.0 -72.458094,42.034173,0.0 -72.397592,42.033148,0.0 -72.361017,41.970595,0.0 -72.406479,41.957264,0.0 -72.492617,41.947351,0.0</coordinates></LinearRing></outerBoundaryIs></Polygon>"
FALLS VILLAGE,6031,41.9581,1520,CT,44.14484,-73.3192,1515,"<Polygon><outerBoundaryIs><LinearRing><coordinates>-73.267179,41.901206,0.0 -73.366306,41.918297,0.0 -73.410401,41.975722,0.0 -73.358103,42.005119,0.0 -73.328364,42.000675,0.0 -73.243593,41.994181,0.0 -73.263077,41.916246,0.0 -73.212488,41.898813,0.0 -73.267179,41.901206,0.0</coordinates></LinearRing></outerBoundaryIs></Polygon>"
SOUTH GLASTONBURY,6073,41.6568,4651,CT,13.88659,-72.5702,5203,"<Polygon><outerBoundaryIs><LinearRing><coordinates>-72.629345,41.666376,0.0 -72.608494,41.673554,0.0 -72.501846,41.654413,0.0 -72.505606,41.646893,0.0 -72.544232,41.642791,0.0 -72.63037,41.63322,0.0 -72.627978,41.640056,0.0 -72.629345,41.666376,0.0</coordinates></LinearRing></outerBoundaryIs></Polygon>"
SHERMAN,6784,41.5794,4043,CT,23.6008,-73.4993,3940,"<Polygon><outerBoundaryIs><LinearRing><coordinates>-73.531747,41.508114,0.0 -73.530038,41.527256,0.0 -73.52115,41.619889,0.0 -73.518074,41.666718,0.0 -73.488678,41.617496,0.0 -73.451761,41.53546,0.0 -73.531747,41.508114,0.0</coordinates></LinearRing></outerBoundaryIs></Polygon>"
MARLBOROUGH,6447,41.633,5744,CT,23.43159,-72.4546,5709,"<Polygon><outerBoundaryIs><LinearRing><coordinates>-72.410581,41.601772,0.0 -72.466639,41.583998,0.0 -72.505606,41.646893,0.0 -72.501846,41.654413,0.0 -72.452283,41.688936,0.0 -72.420835,41.647918,0.0 -72.410581,41.601772,0.0</coordinates></LinearRing></outerBoundaryIs></Polygon>"
WATERBURY,6705,41.5486,26197,CT,5.97132,-72.9936,26179,"<Polygon><outerBoundaryIs><LinearRing><coordinates>-72.969796,41.530332,0.0 -72.991673,41.528965,0.0 -73.028247,41.552551,0.0 -73.027564,41.554943,0.0 -73.002269,41.574427,0.0 -72.955098,41.555627,0.0 -72.969796,41.530332,0.0</coordinates></LinearRing></outerBoundaryIs></Polygon>"
WASHINGTON DEPOT,6794,41.6502,974,CT,13.67592,-73.3246,978,"<Polygon><outerBoundaryIs><LinearRing><coordinates>-73.338961,41.595962,0.0 -73.348532,41.595278,0.0 -73.376219,41.657831,0.0 -73.278459,41.697482,0.0 -73.275383,41.695089,0.0 -73.266495,41.688253,0.0 -73.338961,41.595962,0.0</coordinates></LinearRing></outerBoundaryIs></Polygon>"
HARTFORD,6112,41.7931,21500,CT,3.03556,-72.6984,21555,"<Polygon><outerBoundaryIs><LinearRing><coordinates>-72.686087,41.800027,0.0 -72.68677,41.774733,0.0 -72.716167,41.792849,0.0 -72.718218,41.806522,0.0 -72.686087,41.800027,0.0</coordinates></LinearRing></outerBoundaryIs></Polygon>"
STORRS MANSFIELD,6268,41.8004,14027,CT,26.82616,-72.2496,13922,"<Polygon><outerBoundaryIs><LinearRing><coordinates>-72.310086,41.835577,0.0 -72.310086,41.836602,0.0 -72.217795,41.835235,0.0 -72.190449,41.834893,0.0 -72.198653,41.765846,0.0 -72.269068,41.762427,0.0 -72.310086,41.835577,0.0</coordinates></LinearRing></outerBoundaryIs></Polygon>"
HARTFORD,6105,41.7719,19383,CT,2.18586,-72.7022,19268,"<Polygon><outerBoundaryIs><LinearRing><coordinates>-72.679592,41.766187,0.0 -72.7148,41.757642,0.0 -72.713774,41.777126,0.0 -72.716167,41.792849,0.0 -72.68677,41.774733,0.0 -72.681643,41.770631,0.0 -72.679592,41.766187,0.0</coordinates></LinearRing></outerBoundaryIs></Polygon>"
EASTFORD,6242,41.8934,1066,CT,21.10445,-72.0977,1063,"<Polygon><outerBoundaryIs><LinearRing><coordinates>-72.066027,41.902573,0.0 -72.044834,41.831475,0.0 -72.092689,41.818486,0.0 -72.100551,41.831817,0.0 -72.16242,41.959315,0.0 -72.099525,41.966151,0.0 -72.073889,41.908042,0.0 -72.066027,41.902573,0.0</coordinates></LinearRing></outerBoundaryIs></Polygon>"
EAST HARTFORD,6118,41.7484,25564,CT,10.19225,-72.6097,25795,"<Polygon><outerBoundaryIs><LinearRing><coordinates>-72.647119,41.72346,0.0 -72.647461,41.727904,0.0 -72.654298,41.752856,0.0 -72.578072,41.774049,0.0 -72.571919,41.735082,0.0 -72.647119,41.72346,0.0</coordinates></LinearRing></outerBoundaryIs></Polygon>"
NORTH FRANKLIN,6254,41.6149,1924,CT,19.70507,-72.1431,1904,"<Polygon><outerBoundaryIs><LinearRing><coordinates>-72.157635,41.657831,0.0 -72.153875,41.664667,0.0 -72.120376,41.661933,0.0 -72.103969,41.600747,0.0 -72.126529,41.560754,0.0 -72.194209,41.590492,0.0 -72.157635,41.657831,0.0</coordinates></LinearRing></outerBoundaryIs></Polygon>"
STAMFORD,6907,41.1008,8539,CT,2.09108,-73.5198,8483,"<Polygon><outerBoundaryIs><LinearRing><coordinates>-73.518074,41.075371,0.0 -73.528329,41.086993,0.0 -73.535165,41.116048,0.0 -73.522518,41.118782,0.0 -73.501667,41.113997,0.0 -73.518074,41.075371,0.0</coordinates></LinearRing></outerBoundaryIs></Polygon>"
BRIDGEPORT,6604,41.1776,28325,CT,3.08493,-73.201,27686,"<Polygon><outerBoundaryIs><LinearRing><coordinates>-73.207019,41.161168,0.0 -73.223084,41.17655,0.0 -73.218982,41.197743,0.0 -73.186851,41.194324,0.0 -73.188902,41.186121,0.0 -73.207019,41.161168,0.0</coordinates></LinearRing></outerBoundaryIs></Polygon>"
NORWALK,6850,41.1265,17998,CT,6.78121,-73.4431,17927,"<Polygon><outerBoundaryIs><LinearRing><coordinates>-73.410059,41.107844,0.0 -73.410743,41.107502,0.0 -73.453812,41.091779,0.0 -73.473979,41.115022,0.0 -73.449027,41.153648,0.0 -73.424757,41.155357,0.0 -73.410059,41.107844,0.0</coordinates></LinearRing></outerBoundaryIs></Polygon>"
ENFIELD,6082,41.984,45124,CT,34.21334,-72.5548,45140,"<Polygon><outerBoundaryIs><LinearRing><coordinates>-72.559956,41.940173,0.0 -72.621483,41.934704,0.0 -72.613963,41.943591,0.0 -72.606785,42.024944,0.0 -72.524748,42.034173,0.0 -72.509025,42.034173,0.0 -72.492617,41.947351,0.0 -72.511417,41.945642,0.0 -72.559956,41.940173,0.0</coordinates></LinearRing></outerBoundaryIs></Polygon>"
SUFFIELD,6078,41.9891,10394,CT,26.14106,-72.6499,10321,"<Polygon><outerBoundaryIs><LinearRing><coordinates>-72.606785,42.024944,0.0 -72.613963,41.943591,0.0 -72.687454,41.948035,0.0 -72.700443,41.952821,0.0 -72.678225,42.035541,0.0 -72.657374,42.033832,0.0 -72.60781,42.030755,0.0 -72.606785,42.024944,0.0</coordinates></LinearRing></outerBoundaryIs></Polygon>"
NEW HARTFORD,6057,41.8439,5301,CT,33.24055,-73.0053,5247,"<Polygon><outerBoundaryIs><LinearRing><coordinates>-73.076786,41.798318,0.0 -73.059011,41.867024,0.0 -72.987913,41.912828,0.0 -72.951338,41.910093,0.0 -72.952705,41.805838,0.0 -73.016967,41.797977,0.0 -73.076786,41.798318,0.0</coordinates></LinearRing></outerBoundaryIs></Polygon>"
KENT,6757,41.739,2262,CT,35.63894,-73.4584,2247,"<MultiGeometry><Polygon><outerBoundaryIs><LinearRing><coordinates>-73.517732,41.67082,0.0 -73.511238,41.752856,0.0 -73.507819,41.791482,0.0 -73.410401,41.788406,0.0 -73.400146,41.746704,0.0 -73.507819,41.675947,0.0 -73.517732,41.67082,0.0</coordinates></LinearRing></outerBoundaryIs></Polygon><Polygon><outerBoundaryIs><LinearRing><coordinates>-73.41963,41.678682,0.0 -73.398779,41.736449,0.0 -73.39331,41.726536,0.0 -73.38203,41.683125,0.0 -73.41963,41.678682,0.0</coordinates></LinearRing></outerBoundaryIs></Polygon></MultiGeometry>"
SALISBURY,6068,42.0169,1385,CT,31.32761,-73.4269,1390,"<Polygon><outerBoundaryIs><LinearRing><coordinates>-73.491754,41.974013,0.0 -73.48731,42.049555,0.0 -73.436721,42.050581,0.0 -73.341012,42.048188,0.0 -73.358103,42.005119,0.0 -73.410401,41.975722,0.0 -73.491754,41.974013,0.0</coordinates></LinearRing></outerBoundaryIs></Polygon>"
MONTVILLE,6353,41.4467,225,CT,0.19355,-72.1277,226,
MIDDLETOWN,6457,41.5471,43733,CT,42.15678,-72.6544,43104,"<Polygon><outerBoundaryIs><LinearRing><coordinates>-72.554828,41.51119,0.0 -72.633788,41.500252,0.0 -72.677883,41.49615,0.0 -72.686429,41.534776,0.0 -72.711381,41.545372,0.0 -72.748981,41.544347,0.0 -72.752058,41.578871,0.0 -72.720269,41.60314,0.0 -72.714116,41.604165,0.0 -72.64917,41.575111,0.0 -72.560981,41.553918,0.0 -72.554828,41.51119,0.0</coordinates></LinearRing></outerBoundaryIs></Polygon>"
GREENWICH,6831,41.0866,14864,CT,27.84591,-73.6616,14219,"<Polygon><outerBoundaryIs><LinearRing><coordinates>-73.65446,41.011451,0.0 -73.694794,41.059648,0.0 -73.706416,41.074004,0.0 -73.718038,41.089386,0.0 -73.639762,41.141342,0.0 -73.62438,41.148179,0.0 -73.599085,41.098957,0.0 -73.648649,41.095539,0.0 -73.65446,41.011451,0.0</coordinates></LinearRing></outerBoundaryIs></Polygon>"
