BEANS PURCHASE,168,44.2908,4,NH,67.7694,-71.1202,4,"<Polygon><outerBoundaryIs><LinearRing><coordinates>-71.243269,44.244033,0.0 -71.220709,44.284026,0.0 -71.203618,44.31308,0.0 -71.202934,44.340426,0.0 -71.198491,44.340767,0.0 -71.189945,44.340767,0.0 -71.012883,44.344186,0.0 -71.010149,44.284709,0.0 -71.097654,44.235487,0.0 -71.243269,44.244033,0.0</coordinates></LinearRing></outerBoundaryIs></Polygon>"
SUCCESS,169,44.5125,2,NH,59.55423,-71.0774,2,"<Polygon><outerBoundaryIs><LinearRing><coordinates>-71.028607,44.610463,0.0 -71.018694,44.440579,0.0 -71.160891,44.450491,0.0 -71.123632,44.528426,0.0 -71.089109,44.610463,0.0 -71.028607,44.610463,0.0</coordinates></LinearRing></outerBoundaryIs></Polygon>"
SECOND COLLEGE GRANT,170,44.9132,0,NH,41.80214,-71.1071,0,"<Polygon><outerBoundaryIs><LinearRing><coordinates>-71.046381,44.863409,0.0 -71.175589,44.857598,0.0 -71.152687,44.955016,0.0 -71.055952,44.973474,0.0 -71.046381,44.863409,0.0</coordinates></LinearRing></outerBoundaryIs></Polygon>"
HADLEYS PURCHASE,172,44.1256,0,NH,7.23857,-71.3336,0,"<Polygon><outerBoundaryIs><LinearRing><coordinates>-71.308898,44.111749,0.0 -71.357437,44.163022,0.0 -71.333509,44.173276,0.0 -71.308898,44.111749,0.0</coordinates></LinearRing></outerBoundaryIs></Polygon>"
CUTTS GRANT,173,44.2051,0,NH,11.09949,-71.3369,0,"<Polygon><outerBoundaryIs><LinearRing><coordinates>-71.357437,44.163022,0.0 -71.373844,44.174302,0.0 -71.352993,44.223524,0.0 -71.346157,44.231044,0.0 -71.291124,44.240615,0.0 -71.333509,44.173276,0.0 -71.357437,44.163022,0.0</coordinates></LinearRing></outerBoundaryIs></Polygon>"
BEANS GRANT,174,44.2229,0,NH,9.69058,-71.3769,0,"<Polygon><outerBoundaryIs><LinearRing><coordinates>-71.373844,44.174302,0.0 -71.395378,44.21532,0.0 -71.411786,44.228309,0.0 -71.367691,44.276847,0.0 -71.352993,44.223524,0.0 -71.373844,44.174302,0.0</coordinates></LinearRing></outerBoundaryIs></Polygon>"
SARGENTS PURCHASE,176,44.2189,0,NH,25.64701,-71.3008,0,"<Polygon><outerBoundaryIs><LinearRing><coordinates>-71.26036,44.228651,0.0 -71.306164,44.135676,0.0 -71.308898,44.111749,0.0 -71.333509,44.173276,0.0 -71.291124,44.240615,0.0 -71.346157,44.231044,0.0 -71.355727,44.267618,0.0 -71.30548,44.271036,0.0 -71.292833,44.276506,0.0 -71.241902,44.284026,0.0 -71.26036,44.228651,0.0</coordinates></LinearRing></outerBoundaryIs></Polygon>"
PINKHAM GRANT,177,44.2608,0,NH,3.63319,-71.2452,0,"<Polygon><outerBoundaryIs><LinearRing><coordinates>-71.243269,44.244033,0.0 -71.26036,44.228651,0.0 -71.241902,44.284026,0.0 -71.239509,44.28676,0.0 -71.220709,44.284026,0.0 -71.243269,44.244033,0.0</coordinates></LinearRing></outerBoundaryIs></Polygon>"
CHANDLERS PURCHASE,179,44.2613,0,NH,2.14147,-71.3587,0,"<Polygon><outerBoundaryIs><LinearRing><coordinates>-71.346157,44.231044,0.0 -71.352993,44.223524,0.0 -71.367691,44.276847,0.0 -71.372135,44.293255,0.0 -71.363931,44.296673,0.0 -71.355727,44.267618,0.0 -71.346157,44.231044,0.0</coordinates></LinearRing></outerBoundaryIs></Polygon>"
THOMPSON/MESERVES PURCH,180,44.3013,0,NH,17.81669,-71.292,0,"<Polygon><outerBoundaryIs><LinearRing><coordinates>-71.292833,44.276506,0.0 -71.30548,44.271036,0.0 -71.355727,44.267618,0.0 -71.363931,44.296673,0.0 -71.24532,44.339742,0.0 -71.230964,44.340084,0.0 -71.237458,44.313422,0.0 -71.239509,44.28676,0.0 -71.241902,44.284026,0.0 -71.292833,44.276506,0.0</coordinates></LinearRing></outerBoundaryIs></Polygon>"
LOW AND BURBANKS GRANT,181,44.3229,0,NH,25.91791,-71.3653,0,"<Polygon><outerBoundaryIs><LinearRing><coordinates>-71.372135,44.293255,0.0 -71.423749,44.273771,0.0 -71.437764,44.348971,0.0 -71.344106,44.348971,0.0 -71.24532,44.339742,0.0 -71.363931,44.296673,0.0 -71.372135,44.293255,0.0</coordinates></LinearRing></outerBoundaryIs></Polygon>"
CRAWFORDS PURCHASE,182,44.2627,0,NH,8.1828,-71.4016,0,"<Polygon><outerBoundaryIs><LinearRing><coordinates>-71.411786,44.228309,0.0 -71.423749,44.273771,0.0 -71.372135,44.293255,0.0 -71.367691,44.276847,0.0 -71.411786,44.228309,0.0</coordinates></LinearRing></outerBoundaryIs></Polygon>"
GREENS GRANT,183,44.2987,0,NH,3.68805,-71.2216,0,"<Polygon><outerBoundaryIs><LinearRing><coordinates>-71.220709,44.284026,0.0 -71.239509,44.28676,0.0 -71.237458,44.313422,0.0 -71.203618,44.31308,0.0 -71.220709,44.284026,0.0</coordinates></LinearRing></outerBoundaryIs></Polygon>"
MARTINS LOCATION,184,44.3255,0,NH,2.67982,-71.2184,0,"<Polygon><outerBoundaryIs><LinearRing><coordinates>-71.237458,44.313422,0.0 -71.230964,44.340084,0.0 -71.202934,44.340426,0.0 -71.203618,44.31308,0.0 -71.237458,44.313422,0.0</coordinates></LinearRing></outerBoundaryIs></Polygon>"
KILKENNY,185,44.5283,34,NH,39.15479,-71.3851,34,"<Polygon><outerBoundaryIs><LinearRing><coordinates>-71.370768,44.496295,0.0 -71.386833,44.407764,0.0 -71.428535,44.460062,0.0 -71.43708,44.519197,0.0 -71.389226,44.619692,0.0 -71.319153,44.607386,0.0 -71.370768,44.496295,0.0</coordinates></LinearRing></outerBoundaryIs></Polygon>"
ERVINGS LOCATION,186,44.8008,1,NH,3.66047,-71.344,1,"<Polygon><outerBoundaryIs><LinearRing><coordinates>-71.328382,44.782398,0.0 -71.360513,44.795728,0.0 -71.330091,44.818289,0.0 -71.328382,44.782398,0.0</coordinates></LinearRing></outerBoundaryIs></Polygon>"
DIX GRANT,187,44.9128,0,NH,19.99285,-71.1928,0,"<Polygon><outerBoundaryIs><LinearRing><coordinates>-71.175589,44.857598,0.0 -71.217974,44.855205,0.0 -71.225494,44.964587,0.0 -71.152687,44.955016,0.0 -71.175589,44.857598,0.0</coordinates></LinearRing></outerBoundaryIs></Polygon>"
AMHERST,3031,42.8707,10974,NH,35.03661,-71.6072,10654,"<Polygon><outerBoundaryIs><LinearRing><coordinates>-71.570048,42.896241,0.0 -71.558768,42.803608,0.0 -71.608332,42.797797,0.0 -71.666099,42.866844,0.0 -71.640121,42.93555,0.0 -71.609015,42.940677,0.0 -71.570048,42.896241,0.0</coordinates></LinearRing></outerBoundaryIs></Polygon>"
AUBURN,3032,42.99,4793,NH,29.34764,-71.3428,4695,"<Polygon><outerBoundaryIs><LinearRing><coordinates>-71.346157,42.941019,0.0 -71.377262,42.947172,0.0 -71.39196,43.003572,0.0 -71.392302,43.009041,0.0 -71.391277,43.041514,0.0 -71.288047,43.021346,0.0 -71.310949,42.936234,0.0 -71.346157,42.941019,0.0</coordinates></LinearRing></outerBoundaryIs></Polygon>"
BROOKLINE,3033,42.7464,4362,NH,20.24471,-71.6712,4181,"<Polygon><outerBoundaryIs><LinearRing><coordinates>-71.642514,42.777971,0.0 -71.63055,42.704822,0.0 -71.651743,42.705164,0.0 -71.701306,42.706531,0.0 -71.716005,42.776262,0.0 -71.642514,42.777971,0.0</coordinates></LinearRing></outerBoundaryIs></Polygon>"
CANDIA,3034,43.0647,3969,NH,34.45379,-71.3117,4069,"<Polygon><outerBoundaryIs><LinearRing><coordinates>-71.391277,43.041514,0.0 -71.356411,43.102016,0.0 -71.341713,43.125601,0.0 -71.230964,43.080139,0.0 -71.261385,43.016219,0.0 -71.288047,43.021346,0.0 -71.391277,43.041514,0.0</coordinates></LinearRing></outerBoundaryIs></Polygon>"
CHESTER,3036,42.9681,3883,NH,24.05637,-71.2499,3656,"<Polygon><outerBoundaryIs><LinearRing><coordinates>-71.288047,43.021346,0.0 -71.261385,43.016219,0.0 -71.168069,42.98443,0.0 -71.179691,42.960503,0.0 -71.219684,42.919143,0.0 -71.310949,42.936234,0.0 -71.288047,43.021346,0.0</coordinates></LinearRing></outerBoundaryIs></Polygon>"
DEERFIELD,3037,43.1401,3771,NH,48.91252,-71.2509,3561,"<Polygon><outerBoundaryIs><LinearRing><coordinates>-71.341713,43.125601,0.0 -71.317786,43.162518,0.0 -71.280869,43.218576,0.0 -71.156105,43.167303,0.0 -71.214214,43.077405,0.0 -71.230964,43.080139,0.0 -71.341713,43.125601,0.0</coordinates></LinearRing></outerBoundaryIs></Polygon>"
DERRY,3038,42.8899,34826,NH,37.75389,-71.2804,34222,"<Polygon><outerBoundaryIs><LinearRing><coordinates>-71.207036,42.852488,0.0 -71.242585,42.848386,0.0 -71.335902,42.840866,0.0 -71.346157,42.941019,0.0 -71.310949,42.936234,0.0 -71.219684,42.919143,0.0 -71.219342,42.912306,0.0 -71.211138,42.873681,0.0 -71.207036,42.852488,0.0</coordinates></LinearRing></outerBoundaryIs></Polygon>"
EPPING,3042,43.0497,5573,NH,27.53043,-71.0753,5435,"<Polygon><outerBoundaryIs><LinearRing><coordinates>-71.149952,43.021688,0.0 -71.143458,43.065441,0.0 -71.070651,43.081848,0.0 -71.012541,43.081848,0.0 -71.013567,43.052794,0.0 -71.011174,43.022714,0.0 -71.080563,43.021005,0.0 -71.149952,43.021688,0.0</coordinates></LinearRing></outerBoundaryIs></Polygon>"
FRANCESTOWN,3043,42.9957,1523,NH,31.00248,-71.8151,1482,"<Polygon><outerBoundaryIs><LinearRing><coordinates>-71.76215,43.013485,0.0 -71.750528,42.957768,0.0 -71.807954,42.950248,0.0 -71.885889,43.011092,0.0 -71.883496,43.032285,0.0 -71.786761,43.040488,0.0 -71.76215,43.013485,0.0</coordinates></LinearRing></outerBoundaryIs></Polygon>"
FREMONT,3044,42.989,3664,NH,17.47646,-71.1251,3548,"<Polygon><outerBoundaryIs><LinearRing><coordinates>-71.080563,43.021005,0.0 -71.088083,42.959135,0.0 -71.092527,42.959477,0.0 -71.149611,42.959819,0.0 -71.179691,42.960503,0.0 -71.168069,42.98443,0.0 -71.149952,43.021688,0.0 -71.080563,43.021005,0.0</coordinates></LinearRing></outerBoundaryIs></Polygon>"
GOFFSTOWN,3045,43.0203,13042,NH,36.3529,-71.5685,12760,"<Polygon><outerBoundaryIs><LinearRing><coordinates>-71.511255,43.048008,0.0 -71.504419,42.982037,0.0 -71.600812,42.972808,0.0 -71.637386,43.028183,0.0 -71.641146,43.054161,0.0 -71.51775,43.068859,0.0 -71.511255,43.048008,0.0</coordinates></LinearRing></outerBoundaryIs></Polygon>"
DUNBARTON,3046,43.1006,2299,NH,31.08214,-71.6042,2296,"<Polygon><outerBoundaryIs><LinearRing><coordinates>-71.641146,43.054161,0.0 -71.658237,43.143718,0.0 -71.616194,43.152947,0.0 -71.511255,43.079797,0.0 -71.51775,43.068859,0.0 -71.641146,43.054161,0.0</coordinates></LinearRing></outerBoundaryIs></Polygon>"
GREENFIELD,3047,42.9406,1786,NH,30.18576,-71.8636,1732,"<Polygon><outerBoundaryIs><LinearRing><coordinates>-71.807954,42.950248,0.0 -71.77719,42.911281,0.0 -71.853758,42.883252,0.0 -71.881787,42.878124,0.0 -71.934769,42.956743,0.0 -71.933401,42.982379,0.0 -71.885889,43.011092,0.0 -71.807954,42.950248,0.0</coordinates></LinearRing></outerBoundaryIs></Polygon>"
GREENVILLE,3048,42.7499,3412,NH,30.4921,-71.7606,3324,"<Polygon><outerBoundaryIs><LinearRing><coordinates>-71.701306,42.706531,0.0 -71.750528,42.707557,0.0 -71.772405,42.707899,0.0 -71.805561,42.708924,0.0 -71.82231,42.786517,0.0 -71.719423,42.795746,0.0 -71.716005,42.776262,0.0 -71.701306,42.706531,0.0</coordinates></LinearRing></outerBoundaryIs></Polygon>"
HUDSON,3051,42.7644,23534,NH,29.33535,-71.4069,23009,"<Polygon><outerBoundaryIs><LinearRing><coordinates>-71.431269,42.700037,0.0 -71.445284,42.76635,0.0 -71.463742,42.797455,0.0 -71.426484,42.824459,0.0 -71.360513,42.799164,0.0 -71.362222,42.78344,0.0 -71.386491,42.698669,0.0 -71.431269,42.700037,0.0</coordinates></LinearRing></outerBoundaryIs></Polygon>"
LITCHFIELD,3052,42.8441,7422,NH,15.27505,-71.4552,7281,"<Polygon><outerBoundaryIs><LinearRing><coordinates>-71.463742,42.797455,0.0 -71.467844,42.799506,0.0 -71.45383,42.903077,0.0 -71.441182,42.890088,0.0 -71.426484,42.824459,0.0 -71.463742,42.797455,0.0</coordinates></LinearRing></outerBoundaryIs></Polygon>"
LONDONDERRY,3053,42.8791,23771,NH,40.99118,-71.387,23121,"<Polygon><outerBoundaryIs><LinearRing><coordinates>-71.441182,42.890088,0.0 -71.412811,42.935208,0.0 -71.377262,42.947172,0.0 -71.346157,42.941019,0.0 -71.335902,42.840866,0.0 -71.360513,42.799164,0.0 -71.426484,42.824459,0.0 -71.441182,42.890088,0.0</coordinates></LinearRing></outerBoundaryIs></Polygon>"
MERRIMACK,3054,42.8546,25688,NH,33.44363,-71.5188,25206,"<Polygon><outerBoundaryIs><LinearRing><coordinates>-71.499291,42.805317,0.0 -71.554666,42.794379,0.0 -71.558768,42.803608,0.0 -71.570048,42.896241,0.0 -71.452462,42.910939,0.0 -71.45383,42.903077,0.0 -71.467844,42.799506,0.0 -71.499291,42.805317,0.0</coordinates></LinearRing></outerBoundaryIs></Polygon>"
MILFORD,3055,42.8186,13870,NH,25.11491,-71.6745,13535,"<Polygon><outerBoundaryIs><LinearRing><coordinates>-71.642514,42.777971,0.0 -71.716005,42.776262,0.0 -71.719423,42.795746,0.0 -71.730019,42.851121,0.0 -71.698914,42.855222,0.0 -71.666099,42.866844,0.0 -71.608332,42.797797,0.0 -71.642514,42.777971,0.0</coordinates></LinearRing></outerBoundaryIs></Polygon>"
MONT VERNON,3057,42.9016,2042,NH,15.00999,-71.6785,1948,"<Polygon><outerBoundaryIs><LinearRing><coordinates>-71.698914,42.855222,0.0 -71.72831,42.894873,0.0 -71.640121,42.93555,0.0 -71.666099,42.866844,0.0 -71.698914,42.855222,0.0</coordinates></LinearRing></outerBoundaryIs></Polygon>"
NASHUA,3060,42.7409,30076,NH,7.07129,-71.4589,29539,"<Polygon><outerBoundaryIs><LinearRing><coordinates>-71.431269,42.700037,0.0 -71.449728,42.700378,0.0 -71.493481,42.760197,0.0 -71.493481,42.763957,0.0 -71.445284,42.76635,0.0 -71.431269,42.700037,0.0</coordinates></LinearRing></outerBoundaryIs></Polygon>"
NASHUA,3062,42.7217,26634,NH,12.03814,-71.4956,26237,"<Polygon><outerBoundaryIs><LinearRing><coordinates>-71.449728,42.700378,0.0 -71.457931,42.700378,0.0 -71.542019,42.702771,0.0 -71.528346,42.739688,0.0 -71.493481,42.760197,0.0 -71.449728,42.700378,0.0</coordinates></LinearRing></outerBoundaryIs></Polygon>"
NASHUA,3064,42.7791,14867,NH,4.53804,-71.4745,14654,"<Polygon><outerBoundaryIs><LinearRing><coordinates>-71.499291,42.805317,0.0 -71.467844,42.799506,0.0 -71.463742,42.797455,0.0 -71.445284,42.76635,0.0 -71.493481,42.763957,0.0 -71.499291,42.805317,0.0</coordinates></LinearRing></outerBoundaryIs></Polygon>"
NEW BOSTON,3070,42.9753,4304,NH,45.00408,-71.6866,4211,"<Polygon><outerBoundaryIs><LinearRing><coordinates>-71.640121,42.93555,0.0 -71.72831,42.894873,0.0 -71.750528,42.957768,0.0 -71.76215,43.013485,0.0 -71.637386,43.028183,0.0 -71.600812,42.972808,0.0 -71.609015,42.940677,0.0 -71.640121,42.93555,0.0</coordinates></LinearRing></outerBoundaryIs></Polygon>"
NEW IPSWICH,3071,42.7491,4370,NH,33.37765,-71.8747,4336,"<Polygon><outerBoundaryIs><LinearRing><coordinates>-71.928958,42.712342,0.0 -71.944681,42.788568,0.0 -71.906398,42.787884,0.0 -71.829147,42.786859,0.0 -71.82231,42.786517,0.0 -71.805561,42.708924,0.0 -71.898878,42.711317,0.0 -71.928958,42.712342,0.0</coordinates></LinearRing></outerBoundaryIs></Polygon>"
PELHAM,3076,42.7333,11130,NH,26.90692,-71.3239,10911,"<Polygon><outerBoundaryIs><LinearRing><coordinates>-71.362222,42.78344,0.0 -71.284629,42.760197,0.0 -71.245662,42.742422,0.0 -71.255916,42.736269,0.0 -71.369058,42.698328,0.0 -71.386491,42.698669,0.0 -71.362222,42.78344,0.0</coordinates></LinearRing></outerBoundaryIs></Polygon>"
RAYMOND,3077,43.0313,9700,NH,29.20622,-71.201,9633,"<Polygon><outerBoundaryIs><LinearRing><coordinates>-71.230964,43.080139,0.0 -71.214214,43.077405,0.0 -71.143458,43.065441,0.0 -71.149952,43.021688,0.0 -71.168069,42.98443,0.0 -71.261385,43.016219,0.0 -71.230964,43.080139,0.0</coordinates></LinearRing></outerBoundaryIs></Polygon>"
SALEM,3079,42.7903,28199,NH,25.90429,-71.2201,27787,"<Polygon><outerBoundaryIs><LinearRing><coordinates>-71.284629,42.760197,0.0 -71.242585,42.848386,0.0 -71.207036,42.852488,0.0 -71.166702,42.808393,0.0 -71.182425,42.794379,0.0 -71.181742,42.737637,0.0 -71.245662,42.742422,0.0 -71.284629,42.760197,0.0</coordinates></LinearRing></outerBoundaryIs></Polygon>"
LYNDEBOROUGH,3082,42.9006,1560,NH,27.37338,-71.7708,1503,"<Polygon><outerBoundaryIs><LinearRing><coordinates>-71.698914,42.855222,0.0 -71.730019,42.851121,0.0 -71.828121,42.865477,0.0 -71.853758,42.883252,0.0 -71.77719,42.911281,0.0 -71.807954,42.950248,0.0 -71.750528,42.957768,0.0 -71.72831,42.894873,0.0 -71.698914,42.855222,0.0</coordinates></LinearRing></outerBoundaryIs></Polygon>"
TEMPLE,3084,42.8327,954,NH,19.45438,-71.8626,928,"<Polygon><outerBoundaryIs><LinearRing><coordinates>-71.828121,42.865477,0.0 -71.829147,42.786859,0.0 -71.906398,42.787884,0.0 -71.881787,42.878124,0.0 -71.853758,42.883252,0.0 -71.828121,42.865477,0.0</coordinates></LinearRing></outerBoundaryIs></Polygon>"
WILTON,3086,42.8285,4253,NH,29.89985,-71.7808,4112,"<Polygon><outerBoundaryIs><LinearRing><coordinates>-71.82231,42.786517,0.0 -71.829147,42.786859,0.0 -71.828121,42.865477,0.0 -71.730019,42.851121,0.0 -71.719423,42.795746,0.0 -71.82231,42.786517,0.0</coordinates></LinearRing></outerBoundaryIs></Polygon>"
WINDHAM,3087,42.8076,10940,NH,27.89774,-71.2992,10699,"<Polygon><outerBoundaryIs><LinearRing><coordinates>-71.284629,42.760197,0.0 -71.362222,42.78344,0.0 -71.360513,42.799164,0.0 -71.335902,42.840866,0.0 -71.242585,42.848386,0.0 -71.284629,42.760197,0.0</coordinates></LinearRing></outerBoundaryIs></Polygon>"
MANCHESTER,3101,42.988,2315,NH,0.79452,-71.4654,2281,"<Polygon><outerBoundaryIs><LinearRing><coordinates>-71.459299,42.990925,0.0 -71.471262,42.974175,0.0 -71.469553,43.003572,0.0 -71.459299,42.990925,0.0</coordinates></LinearRing></outerBoundaryIs></Polygon>"
MANCHESTER,3102,43.0078,30704,NH,8.90246,-71.4904,30053,"<Polygon><outerBoundaryIs><LinearRing><coordinates>-71.471262,42.974175,0.0 -71.475364,42.966314,0.0 -71.504419,42.982037,0.0 -71.511255,43.048008,0.0 -71.473997,43.035361,0.0 -71.469553,43.003572,0.0 -71.471262,42.974175,0.0</coordinates></LinearRing></outerBoundaryIs></Polygon>"
MANCHESTER,3104,43.0096,32351,NH,8.5413,-71.4414,31895,"<Polygon><outerBoundaryIs><LinearRing><coordinates>-71.469553,43.003572,0.0 -71.473997,43.035361,0.0 -71.392302,43.009041,0.0 -71.39196,43.003572,0.0 -71.433662,42.988874,0.0 -71.459299,42.990925,0.0 -71.469553,43.003572,0.0</coordinates></LinearRing></outerBoundaryIs></Polygon>"
HOOKSETT,3106,43.0708,12286,NH,36.79549,-71.437,12075,"<Polygon><outerBoundaryIs><LinearRing><coordinates>-71.511255,43.048008,0.0 -71.51775,43.068859,0.0 -71.511255,43.079797,0.0 -71.466477,43.122867,0.0 -71.356411,43.102016,0.0 -71.391277,43.041514,0.0 -71.392302,43.009041,0.0 -71.473997,43.035361,0.0 -71.511255,43.048008,0.0</coordinates></LinearRing></outerBoundaryIs></Polygon>"
MANCHESTER,3109,42.9664,9624,NH,7.99292,-71.4014,9334,"<Polygon><outerBoundaryIs><LinearRing><coordinates>-71.412811,42.935208,0.0 -71.433662,42.988874,0.0 -71.39196,43.003572,0.0 -71.377262,42.947172,0.0 -71.412811,42.935208,0.0</coordinates></LinearRing></outerBoundaryIs></Polygon>"
ANDOVER,3216,43.4462,2196,NH,42.43299,-71.7937,2138,"<Polygon><outerBoundaryIs><LinearRing><coordinates>-71.731045,43.431871,0.0 -71.790179,43.401449,0.0 -71.856834,43.388802,0.0 -71.8917,43.443493,0.0 -71.775823,43.488955,0.0 -71.732754,43.504678,0.0 -71.731045,43.431871,0.0</coordinates></LinearRing></outerBoundaryIs></Polygon>"
ASHLAND,3217,43.7152,2456,NH,20.73781,-71.5984,2444,"<Polygon><outerBoundaryIs><LinearRing><coordinates>-71.523219,43.707719,0.0 -71.646957,43.685159,0.0 -71.675328,43.746686,0.0 -71.528004,43.734039,0.0 -71.523561,43.709428,0.0 -71.523219,43.707719,0.0</coordinates></LinearRing></outerBoundaryIs></Polygon>"
BARNSTEAD,3218,43.3163,1538,NH,19.39754,-71.2664,1463,"<Polygon><outerBoundaryIs><LinearRing><coordinates>-71.189603,43.238401,0.0 -71.247371,43.273267,0.0 -71.336244,43.35838,0.0 -71.310266,43.387093,0.0 -71.216607,43.303005,0.0 -71.189603,43.238401,0.0</coordinates></LinearRing></outerBoundaryIs></Polygon>"
BELMONT,3220,43.4657,6919,NH,33.04287,-71.4742,6888,"<Polygon><outerBoundaryIs><LinearRing><coordinates>-71.485277,43.407944,0.0 -71.547146,43.451696,0.0 -71.512622,43.502286,0.0 -71.499633,43.514933,0.0 -71.436739,43.502627,0.0 -71.394695,43.481093,0.0 -71.464426,43.408627,0.0 -71.473655,43.401791,0.0 -71.485277,43.407944,0.0</coordinates></LinearRing></outerBoundaryIs></Polygon>"
BRADFORD,3221,43.2363,1524,NH,41.45227,-71.9644,1516,"<Polygon><outerBoundaryIs><LinearRing><coordinates>-71.849998,43.218576,0.0 -71.913234,43.207296,0.0 -72.009285,43.187812,0.0 -72.065344,43.255151,0.0 -72.071154,43.271558,0.0 -71.924172,43.28318,0.0 -71.849998,43.218576,0.0</coordinates></LinearRing></outerBoundaryIs></Polygon>"
BRISTOL,3222,43.6267,5060,NH,72.21468,-71.7769,4979,"<Polygon><outerBoundaryIs><LinearRing><coordinates>-71.654477,43.654053,0.0 -71.72831,43.563129,0.0 -71.820259,43.548431,0.0 -71.84863,43.601071,0.0 -71.905372,43.639013,0.0 -71.883496,43.696097,0.0 -71.759757,43.674562,0.0 -71.735146,43.688235,0.0 -71.654477,43.654053,0.0</coordinates></LinearRing></outerBoundaryIs></Polygon>"
CAMPTON,3223,43.9497,5110,NH,258.84759,-71.5639,5036,"<Polygon><outerBoundaryIs><LinearRing><coordinates>-71.36188,43.915545,0.0 -71.458615,43.903923,0.0 -71.564579,43.893327,0.0 -71.544412,43.79625,0.0 -71.745059,43.810948,0.0 -71.735488,43.931952,0.0 -71.801118,43.951094,0.0 -71.791205,43.976389,0.0 -71.700623,44.030396,0.0 -71.670201,43.968868,0.0 -71.641488,44.023901,0.0 -71.465793,43.992112,0.0 -71.537917,44.095341,0.0 -71.400848,44.118243,0.0 -71.422724,44.168833,0.0 -71.412811,44.16644,0.0 -71.347524,44.070047,0.0 -71.383073,44.022192,0.0 -71.36188,43.915545,0.0</coordinates></LinearRing></outerBoundaryIs></Polygon>"
CANTERBURY,3224,43.3521,2003,NH,41.53134,-71.5488,1945,"<Polygon><outerBoundaryIs><LinearRing><coordinates>-71.525611,43.303005,0.0 -71.586797,43.289674,0.0 -71.640804,43.361456,0.0 -71.485277,43.407944,0.0 -71.473655,43.401791,0.0 -71.525611,43.303005,0.0</coordinates></LinearRing></outerBoundaryIs></Polygon>"
CENTER BARNSTEAD,3225,43.3599,3024,NH,29.16936,-71.2389,2788,"<Polygon><outerBoundaryIs><LinearRing><coordinates>-71.159865,43.355987,0.0 -71.2002,43.315653,0.0 -71.216607,43.303005,0.0 -71.310266,43.387093,0.0 -71.283604,43.418882,0.0 -71.209429,43.38094,0.0 -71.159865,43.355987,0.0</coordinates></LinearRing></outerBoundaryIs></Polygon>"
CENTER HARBOR,3226,43.7187,474,NH,9.00085,-71.4957,466,"<Polygon><outerBoundaryIs><LinearRing><coordinates>-71.454513,43.687552,0.0 -71.523561,43.709428,0.0 -71.528004,43.734039,0.0 -71.53279,43.764461,0.0 -71.458957,43.709086,0.0 -71.454513,43.687552,0.0</coordinates></LinearRing></outerBoundaryIs></Polygon>"
CENTER SANDWICH,3227,43.8291,1043,NH,71.03879,-71.4646,1007,"<Polygon><outerBoundaryIs><LinearRing><coordinates>-71.336927,43.825305,0.0 -71.330775,43.782577,0.0 -71.53279,43.764461,0.0 -71.544412,43.79625,0.0 -71.564579,43.893327,0.0 -71.458615,43.903923,0.0 -71.36188,43.820861,0.0 -71.336927,43.825305,0.0</coordinates></LinearRing></outerBoundaryIs></Polygon>"
DANBURY,3230,43.5144,1254,NH,48.11377,-71.8693,1260,"<Polygon><outerBoundaryIs><LinearRing><coordinates>-71.8917,43.443493,0.0 -71.946391,43.46742,0.0 -71.923147,43.518351,0.0 -71.84863,43.601071,0.0 -71.820259,43.548431,0.0 -71.775823,43.488955,0.0 -71.8917,43.443493,0.0</coordinates></LinearRing></outerBoundaryIs></Polygon>"
EAST HEBRON,3232,43.6914,42,NH,2.95448,-71.7557,41,"<Polygon><outerBoundaryIs><LinearRing><coordinates>-71.759757,43.674562,0.0 -71.747794,43.709428,0.0 -71.735146,43.688235,0.0 -71.759757,43.674562,0.0</coordinates></LinearRing></outerBoundaryIs></Polygon>"
EPSOM,3234,43.2138,6167,NH,33.02886,-71.339,3984,"<Polygon><outerBoundaryIs><LinearRing><coordinates>-71.317786,43.162518,0.0 -71.40324,43.201827,0.0 -71.338978,43.264722,0.0 -71.266171,43.243871,0.0 -71.280869,43.218576,0.0 -71.317786,43.162518,0.0</coordinates></LinearRing></outerBoundaryIs></Polygon>"
FRANKLIN,3235,43.4484,8586,NH,31.70821,-71.6714,8513,"<Polygon><outerBoundaryIs><LinearRing><coordinates>-71.624739,43.470155,0.0 -71.64559,43.386409,0.0 -71.667125,43.375813,0.0 -71.731045,43.431871,0.0 -71.732754,43.504678,0.0 -71.69071,43.518009,0.0 -71.624739,43.470155,0.0</coordinates></LinearRing></outerBoundaryIs></Polygon>"
GILMANTON,3237,43.4238,2099,NH,35.61304,-71.3864,2035,"<Polygon><outerBoundaryIs><LinearRing><coordinates>-71.353677,43.368634,0.0 -71.373502,43.360089,0.0 -71.464426,43.408627,0.0 -71.394695,43.481093,0.0 -71.394011,43.481777,0.0 -71.318811,43.456482,0.0 -71.353677,43.368634,0.0</coordinates></LinearRing></outerBoundaryIs></Polygon>"
GRAFTON,3240,43.5788,1127,NH,46.74295,-71.9582,1100,"<Polygon><outerBoundaryIs><LinearRing><coordinates>-71.940921,43.524504,0.0 -72.054405,43.54262,0.0 -72.0233,43.609617,0.0 -71.905372,43.639013,0.0 -71.84863,43.601071,0.0 -71.923147,43.518351,0.0 -71.940921,43.524504,0.0</coordinates></LinearRing></outerBoundaryIs></Polygon>"
HEBRON,3241,43.7216,626,NH,44.62452,-71.829,616,"<Polygon><outerBoundaryIs><LinearRing><coordinates>-71.759757,43.674562,0.0 -71.883496,43.696097,0.0 -71.932718,43.705668,0.0 -71.852049,43.789755,0.0 -71.776165,43.771297,0.0 -71.747794,43.709428,0.0 -71.759757,43.674562,0.0</coordinates></LinearRing></outerBoundaryIs></Polygon>"
HENNIKER,3242,43.173,4464,NH,43.26614,-71.8223,4296,"<Polygon><outerBoundaryIs><LinearRing><coordinates>-71.73959,43.153972,0.0 -71.806245,43.110903,0.0 -71.913234,43.207296,0.0 -71.849998,43.218576,0.0 -71.788812,43.232249,0.0 -71.73959,43.153972,0.0</coordinates></LinearRing></outerBoundaryIs></Polygon>"
HILL,3243,43.5306,1047,NH,23.29942,-71.7599,1009,"<Polygon><outerBoundaryIs><LinearRing><coordinates>-71.732754,43.504678,0.0 -71.775823,43.488955,0.0 -71.820259,43.548431,0.0 -71.72831,43.563129,0.0 -71.706092,43.538177,0.0 -71.69071,43.518009,0.0 -71.732754,43.504678,0.0</coordinates></LinearRing></outerBoundaryIs></Polygon>"
HILLSBORO,3244,43.1191,6772,NH,86.69548,-71.923,6979,"<Polygon><outerBoundaryIs><LinearRing><coordinates>-71.806245,43.110903,0.0 -71.786761,43.040488,0.0 -71.883496,43.032285,0.0 -71.908107,43.053136,0.0 -71.948783,43.115347,0.0 -72.043125,43.08219,0.0 -72.073547,43.129019,0.0 -72.009285,43.187812,0.0 -71.913234,43.207296,0.0 -71.806245,43.110903,0.0</coordinates></LinearRing></outerBoundaryIs></Polygon>"
LACONIA,3246,43.567,16356,NH,21.68992,-71.4756,16258,"<Polygon><outerBoundaryIs><LinearRing><coordinates>-71.429219,43.596628,0.0 -71.436739,43.502627,0.0 -71.499633,43.514933,0.0 -71.501342,43.529631,0.0 -71.532106,43.604148,0.0 -71.47468,43.628075,0.0 -71.468186,43.528264,0.0 -71.429219,43.596628,0.0</coordinates></LinearRing></outerBoundaryIs></Polygon>"
GILFORD,3249,43.5418,7413,NH,39.77584,-71.3848,7205,"<Polygon><outerBoundaryIs><LinearRing><coordinates>-71.325647,43.507071,0.0 -71.394011,43.481777,0.0 -71.394695,43.481093,0.0 -71.436739,43.502627,0.0 -71.429219,43.596628,0.0 -71.294542,43.545697,0.0 -71.325647,43.507071,0.0</coordinates></LinearRing></outerBoundaryIs></Polygon>"
LINCOLN,3251,44.0921,1284,NH,129.56801,-71.5816,1271,"<Polygon><outerBoundaryIs><LinearRing><coordinates>-71.641488,44.023901,0.0 -71.772405,44.071414,0.0 -71.758048,44.099102,0.0 -71.726943,44.158578,0.0 -71.58167,44.112091,0.0 -71.537575,44.197887,0.0 -71.422724,44.168833,0.0 -71.400848,44.118243,0.0 -71.537917,44.095341,0.0 -71.465793,43.992112,0.0 -71.641488,44.023901,0.0</coordinates></LinearRing></outerBoundaryIs></Polygon>"
MEREDITH,3253,43.6282,6223,NH,42.93149,-71.5145,6026,"<Polygon><outerBoundaryIs><LinearRing><coordinates>-71.501342,43.529631,0.0 -71.61175,43.604831,0.0 -71.523219,43.707719,0.0 -71.523561,43.709428,0.0 -71.454513,43.687552,0.0 -71.413495,43.631151,0.0 -71.47468,43.628075,0.0 -71.532106,43.604148,0.0 -71.501342,43.529631,0.0</coordinates></LinearRing></outerBoundaryIs></Polygon>"
MOULTONBOROUGH,3254,43.7456,4820,NH,78.408,-71.3623,4573,"<Polygon><outerBoundaryIs><LinearRing><coordinates>-71.53279,43.764461,0.0 -71.330775,43.782577,0.0 -71.336927,43.825305,0.0 -71.266513,43.831457,0.0 -71.219684,43.821886,0.0 -71.24532,43.770272,0.0 -71.303087,43.714897,0.0 -71.266855,43.691312,0.0 -71.328382,43.691312,0.0 -71.458957,43.709086,0.0 -71.53279,43.764461,0.0</coordinates></LinearRing></outerBoundaryIs></Polygon>"
NEWBURY,3255,43.3203,2384,NH,49.2451,-72.0084,2313,"<Polygon><outerBoundaryIs><LinearRing><coordinates>-72.071154,43.271558,0.0 -72.078333,43.338554,0.0 -72.049962,43.380256,0.0 -72.014754,43.383333,0.0 -71.924172,43.28318,0.0 -72.071154,43.271558,0.0</coordinates></LinearRing></outerBoundaryIs></Polygon>"
NEW HAMPTON,3256,43.6323,2459,NH,43.33332,-71.6228,2382,"<Polygon><outerBoundaryIs><LinearRing><coordinates>-71.654477,43.654053,0.0 -71.646957,43.685159,0.0 -71.523219,43.707719,0.0 -71.61175,43.604831,0.0 -71.706092,43.538177,0.0 -71.72831,43.563129,0.0 -71.654477,43.654053,0.0</coordinates></LinearRing></outerBoundaryIs></Polygon>"
NEW LONDON,3257,43.4174,4338,NH,26.78808,-71.9901,4235,"<Polygon><outerBoundaryIs><LinearRing><coordinates>-72.049962,43.380256,0.0 -72.062609,43.442126,0.0 -71.991852,43.464344,0.0 -71.907765,43.402133,0.0 -72.014754,43.383333,0.0 -72.049962,43.380256,0.0</coordinates></LinearRing></outerBoundaryIs></Polygon>"
CHICHESTER,3258,43.2551,0,NH,22.50168,-71.3982,2258,"<Polygon><outerBoundaryIs><LinearRing><coordinates>-71.40324,43.201827,0.0 -71.462375,43.233958,0.0 -71.454513,43.244212,0.0 -71.378629,43.312918,0.0 -71.338978,43.264722,0.0 -71.40324,43.201827,0.0</coordinates></LinearRing></outerBoundaryIs></Polygon>"
NORTH SANDWICH,3259,43.873,294,NH,20.71142,-71.3916,284,"<Polygon><outerBoundaryIs><LinearRing><coordinates>-71.343764,43.843421,0.0 -71.36188,43.820861,0.0 -71.458615,43.903923,0.0 -71.36188,43.915545,0.0 -71.359487,43.907683,0.0 -71.343764,43.843421,0.0</coordinates></LinearRing></outerBoundaryIs></Polygon>"
NORTHWOOD,3261,43.2128,3663,NH,28.28219,-71.2115,3527,"<Polygon><outerBoundaryIs><LinearRing><coordinates>-71.173538,43.229172,0.0 -71.131494,43.1967,0.0 -71.156105,43.167303,0.0 -71.280869,43.218576,0.0 -71.266171,43.243871,0.0 -71.247371,43.273267,0.0 -71.189603,43.238401,0.0 -71.173538,43.229172,0.0</coordinates></LinearRing></outerBoundaryIs></Polygon>"
NORTH WOODSTOCK,3262,44.0224,866,NH,31.91757,-71.7442,872,"<Polygon><outerBoundaryIs><LinearRing><coordinates>-71.791205,43.976389,0.0 -71.821968,43.988352,0.0 -71.772405,44.071414,0.0 -71.641488,44.023901,0.0 -71.670201,43.968868,0.0 -71.700623,44.030396,0.0 -71.791205,43.976389,0.0</coordinates></LinearRing></outerBoundaryIs></Polygon>"
PITTSFIELD,3263,43.298,4078,NH,26.76539,-71.3116,4064,"<Polygon><outerBoundaryIs><LinearRing><coordinates>-71.378629,43.312918,0.0 -71.373502,43.360089,0.0 -71.353677,43.368634,0.0 -71.336244,43.35838,0.0 -71.247371,43.273267,0.0 -71.266171,43.243871,0.0 -71.338978,43.264722,0.0 -71.378629,43.312918,0.0</coordinates></LinearRing></outerBoundaryIs></Polygon>"
PLYMOUTH,3264,43.7436,7815,NH,66.5181,-71.6675,7742,"<Polygon><outerBoundaryIs><LinearRing><coordinates>-71.646957,43.685159,0.0 -71.654477,43.654053,0.0 -71.735146,43.688235,0.0 -71.747794,43.709428,0.0 -71.776165,43.771297,0.0 -71.745059,43.810948,0.0 -71.544412,43.79625,0.0 -71.53279,43.764461,0.0 -71.528004,43.734039,0.0 -71.675328,43.746686,0.0 -71.646957,43.685159,0.0</coordinates></LinearRing></outerBoundaryIs></Polygon>"
RUMNEY,3266,43.8184,2630,NH,138.05735,-71.8752,2606,"<Polygon><outerBoundaryIs><LinearRing><coordinates>-72.057824,43.736773,0.0 -72.02706,43.837952,0.0 -71.893067,43.819835,0.0 -71.897852,43.899479,0.0 -71.82607,43.885807,0.0 -71.801118,43.951094,0.0 -71.735488,43.931952,0.0 -71.745059,43.810948,0.0 -71.776165,43.771297,0.0 -71.852049,43.789755,0.0 -71.932718,43.705668,0.0 -72.057824,43.736773,0.0</coordinates></LinearRing></outerBoundaryIs></Polygon>"
SALISBURY,3268,43.3879,1092,NH,22.09517,-71.7338,1075,"<Polygon><outerBoundaryIs><LinearRing><coordinates>-71.779241,43.359064,0.0 -71.790179,43.401449,0.0 -71.731045,43.431871,0.0 -71.667125,43.375813,0.0 -71.779241,43.359064,0.0</coordinates></LinearRing></outerBoundaryIs></Polygon>"
SANBORNTON,3269,43.5321,2672,NH,54.11783,-71.6017,2608,"<Polygon><outerBoundaryIs><LinearRing><coordinates>-71.512622,43.502286,0.0 -71.624739,43.470155,0.0 -71.69071,43.518009,0.0 -71.706092,43.538177,0.0 -71.61175,43.604831,0.0 -71.501342,43.529631,0.0 -71.499633,43.514933,0.0 -71.512622,43.502286,0.0</coordinates></LinearRing></outerBoundaryIs></Polygon>"
SUNCOOK,3275,43.1594,12148,NH,44.11703,-71.4185,11744,"<Polygon><outerBoundaryIs><LinearRing><coordinates>-71.466477,43.122867,0.0 -71.49519,43.158416,0.0 -71.462375,43.233958,0.0 -71.40324,43.201827,0.0 -71.317786,43.162518,0.0 -71.341713,43.125601,0.0 -71.356411,43.102016,0.0 -71.466477,43.122867,0.0</coordinates></LinearRing></outerBoundaryIs></Polygon>"
TILTON,3276,43.4275,8105,NH,39.50712,-71.5743,7780,"<Polygon><outerBoundaryIs><LinearRing><coordinates>-71.640804,43.361456,0.0 -71.64559,43.386409,0.0 -71.624739,43.470155,0.0 -71.512622,43.502286,0.0 -71.547146,43.451696,0.0 -71.485277,43.407944,0.0 -71.640804,43.361456,0.0</coordinates></LinearRing></outerBoundaryIs></Polygon>"
WARNER,3278,43.3144,3405,NH,95.00938,-71.8518,3513,"<Polygon><outerBoundaryIs><LinearRing><coordinates>-71.788812,43.232249,0.0 -71.849998,43.218576,0.0 -71.924172,43.28318,0.0 -72.014754,43.383333,0.0 -71.907765,43.402133,0.0 -71.856834,43.388802,0.0 -71.790179,43.401449,0.0 -71.779241,43.359064,0.0 -71.745059,43.247631,0.0 -71.788812,43.232249,0.0</coordinates></LinearRing></outerBoundaryIs></Polygon>"
WARREN,3279,43.948,881,NH,51.43933,-71.8844,881,"<Polygon><outerBoundaryIs><LinearRing><coordinates>-71.959038,43.91657,0.0 -71.96314,43.998265,0.0 -71.951176,44.02732,0.0 -71.821968,43.988352,0.0 -71.791205,43.976389,0.0 -71.801118,43.951094,0.0 -71.82607,43.885807,0.0 -71.897852,43.899479,0.0 -71.959038,43.91657,0.0</coordinates></LinearRing></outerBoundaryIs></Polygon>"
WASHINGTON,3280,43.1843,908,NH,45.75283,-72.0914,871,"<Polygon><outerBoundaryIs><LinearRing><coordinates>-72.178486,43.132096,0.0 -72.156267,43.182001,0.0 -72.123453,43.250023,0.0 -72.065344,43.255151,0.0 -72.009285,43.187812,0.0 -72.073547,43.129019,0.0 -72.178486,43.132096,0.0</coordinates></LinearRing></outerBoundaryIs></Polygon>"
WEARE,3281,43.0824,8182,NH,61.16494,-71.7225,7947,"<Polygon><outerBoundaryIs><LinearRing><coordinates>-71.637386,43.028183,0.0 -71.76215,43.013485,0.0 -71.786761,43.040488,0.0 -71.806245,43.110903,0.0 -71.73959,43.153972,0.0 -71.658237,43.143718,0.0 -71.641146,43.054161,0.0 -71.637386,43.028183,0.0</coordinates></LinearRing></outerBoundaryIs></Polygon>"
WENTWORTH,3282,43.8616,385,NH,25.67026,-71.9535,375,"<Polygon><outerBoundaryIs><LinearRing><coordinates>-72.02706,43.837952,0.0 -71.967925,43.914519,0.0 -71.959038,43.91657,0.0 -71.897852,43.899479,0.0 -71.893067,43.819835,0.0 -72.02706,43.837952,0.0</coordinates></LinearRing></outerBoundaryIs></Polygon>"
SPRINGFIELD,3284,43.4934,926,NH,40.24247,-72.0322,814,"<Polygon><outerBoundaryIs><LinearRing><coordinates>-72.07218,43.442467,0.0 -72.090638,43.528948,0.0 -72.054405,43.54262,0.0 -71.940921,43.524504,0.0 -71.991852,43.464344,0.0 -72.062609,43.442126,0.0 -72.07218,43.442467,0.0</coordinates></LinearRing></outerBoundaryIs></Polygon>"
WILMOT,3287,43.4423,971,NH,21.11834,-71.9208,899,"<Polygon><outerBoundaryIs><LinearRing><coordinates>-71.991852,43.464344,0.0 -71.940921,43.524504,0.0 -71.923147,43.518351,0.0 -71.946391,43.46742,0.0 -71.8917,43.443493,0.0 -71.856834,43.388802,0.0 -71.907765,43.402133,0.0 -71.991852,43.464344,0.0</coordinates></LinearRing></outerBoundaryIs></Polygon>"
NOTTINGHAM,3290,43.1228,3728,NH,45.73457,-71.1209,3601,"<Polygon><outerBoundaryIs><LinearRing><coordinates>-71.156105,43.167303,0.0 -71.131494,43.1967,0.0 -71.03305,43.142009,0.0 -71.070651,43.081848,0.0 -71.143458,43.065441,0.0 -71.214214,43.077405,0.0 -71.156105,43.167303,0.0</coordinates></LinearRing></outerBoundaryIs></Polygon>"
WEST NOTTINGHAM,3291,43.1396,0,NH,1.58654,-71.1247,0,
CONCORD,3301,43.2248,32264,NH,51.27199,-71.5437,31743,"<Polygon><outerBoundaryIs><LinearRing><coordinates>-71.638754,43.216183,0.0 -71.586797,43.289674,0.0 -71.525611,43.303005,0.0 -71.454513,43.244212,0.0 -71.462375,43.233958,0.0 -71.49519,43.158416,0.0 -71.601153,43.16115,0.0 -71.638754,43.216183,0.0</coordinates></LinearRing></outerBoundaryIs></Polygon>"
CONCORD,3303,43.2993,14544,NH,71.47701,-71.6742,14204,"<Polygon><outerBoundaryIs><LinearRing><coordinates>-71.779241,43.359064,0.0 -71.667125,43.375813,0.0 -71.64559,43.386409,0.0 -71.640804,43.361456,0.0 -71.586797,43.289674,0.0 -71.638754,43.216183,0.0 -71.745059,43.247631,0.0 -71.779241,43.359064,0.0</coordinates></LinearRing></outerBoundaryIs></Polygon>"
BOW,3304,43.1311,7244,NH,27.91335,-71.5305,6917,"<Polygon><outerBoundaryIs><LinearRing><coordinates>-71.511255,43.079797,0.0 -71.616194,43.152947,0.0 -71.601153,43.16115,0.0 -71.49519,43.158416,0.0 -71.466477,43.122867,0.0 -71.511255,43.079797,0.0</coordinates></LinearRing></outerBoundaryIs></Polygon>"
LOUDON,3307,43.3233,4596,NH,49.73177,-71.4429,4473,"<Polygon><outerBoundaryIs><LinearRing><coordinates>-71.473655,43.401791,0.0 -71.464426,43.408627,0.0 -71.373502,43.360089,0.0 -71.378629,43.312918,0.0 -71.454513,43.244212,0.0 -71.525611,43.303005,0.0 -71.473655,43.401791,0.0</coordinates></LinearRing></outerBoundaryIs></Polygon>"
KEENE,3431,42.974,25049,NH,76.0128,-72.2925,24719,"<Polygon><outerBoundaryIs><LinearRing><coordinates>-72.367853,42.927346,0.0 -72.384602,43.018612,0.0 -72.359308,43.054845,0.0 -72.29402,43.066467,0.0 -72.29573,42.990583,0.0 -72.246166,43.048692,0.0 -72.240355,42.971099,0.0 -72.178486,42.975201,0.0 -72.169598,42.962554,0.0 -72.23386,42.907179,0.0 -72.347002,42.908204,0.0 -72.367853,42.927346,0.0</coordinates></LinearRing></outerBoundaryIs></Polygon>"
KEENE,3435,42.9275,0,NH,0.01588,-72.279,0,
ASHUELOT,3441,42.8101,403,NH,16.91645,-72.4394,402,"<Polygon><outerBoundaryIs><LinearRing><coordinates>-72.433483,42.84907,0.0 -72.393832,42.77968,0.0 -72.458094,42.761222,0.0 -72.477577,42.852146,0.0 -72.433483,42.84907,0.0</coordinates></LinearRing></outerBoundaryIs></Polygon>"
BENNINGTON,3442,43.0146,1427,NH,10.50622,-71.9109,1404,"<Polygon><outerBoundaryIs><LinearRing><coordinates>-71.933401,42.982379,0.0 -71.941605,43.019637,0.0 -71.908107,43.053136,0.0 -71.883496,43.032285,0.0 -71.885889,43.011092,0.0 -71.933401,42.982379,0.0</coordinates></LinearRing></outerBoundaryIs></Polygon>"
CHESTERFIELD,3443,42.8767,864,NH,17.98005,-72.4433,675,"<Polygon><outerBoundaryIs><LinearRing><coordinates>-72.477577,42.852146,0.0 -72.497744,42.854539,0.0 -72.471424,42.931448,0.0 -72.454675,42.929055,0.0 -72.378108,42.861717,0.0 -72.388704,42.847019,0.0 -72.433483,42.84907,0.0 -72.477577,42.852146,0.0</coordinates></LinearRing></outerBoundaryIs></Polygon>"
DUBLIN,3444,42.8944,1448,NH,27.9617,-72.0713,1440,"<Polygon><outerBoundaryIs><LinearRing><coordinates>-72.00074,42.919484,0.0 -71.990143,42.865477,0.0 -72.137467,42.868212,0.0 -72.152507,42.922561,0.0 -72.00074,42.919484,0.0</coordinates></LinearRing></outerBoundaryIs></Polygon>"
SULLIVAN,3445,43.0142,606,NH,17.3073,-72.2081,588,"<Polygon><outerBoundaryIs><LinearRing><coordinates>-72.174726,43.04459,0.0 -72.178486,42.975201,0.0 -72.240355,42.971099,0.0 -72.246166,43.048692,0.0 -72.200362,43.054161,0.0 -72.174726,43.04459,0.0</coordinates></LinearRing></outerBoundaryIs></Polygon>"
SWANZEY,3446,42.86,5886,NH,42.28588,-72.2983,6022,"<Polygon><outerBoundaryIs><LinearRing><coordinates>-72.378108,42.861717,0.0 -72.347002,42.908204,0.0 -72.23386,42.907179,0.0 -72.223948,42.873681,0.0 -72.237962,42.814888,0.0 -72.388704,42.847019,0.0 -72.378108,42.861717,0.0</coordinates></LinearRing></outerBoundaryIs></Polygon>"
FITZWILLIAM,3447,42.7575,1893,NH,30.73847,-72.1469,1883,"<Polygon><outerBoundaryIs><LinearRing><coordinates>-72.091322,42.793353,0.0 -72.078333,42.716102,0.0 -72.111147,42.717128,0.0 -72.174726,42.718837,0.0 -72.216086,42.791986,0.0 -72.125504,42.794379,0.0 -72.091322,42.793353,0.0</coordinates></LinearRing></outerBoundaryIs></Polygon>"
GILSUM,3448,43.0464,602,NH,12.05438,-72.2614,602,"<Polygon><outerBoundaryIs><LinearRing><coordinates>-72.246166,43.048692,0.0 -72.29573,42.990583,0.0 -72.29402,43.066467,0.0 -72.243089,43.07091,0.0 -72.193526,43.076721,0.0 -72.200362,43.054161,0.0 -72.246166,43.048692,0.0</coordinates></LinearRing></outerBoundaryIs></Polygon>"
HANCOCK,3449,42.977,1715,NH,30.89738,-71.9969,1676,"<Polygon><outerBoundaryIs><LinearRing><coordinates>-71.934769,42.956743,0.0 -72.002791,42.931106,0.0 -72.061925,42.966997,0.0 -72.059191,43.004939,0.0 -71.941605,43.019637,0.0 -71.933401,42.982379,0.0 -71.934769,42.956743,0.0</coordinates></LinearRing></outerBoundaryIs></Polygon>"
HARRISVILLE,3450,42.9409,950,NH,19.22069,-72.0875,1019,"<Polygon><outerBoundaryIs><LinearRing><coordinates>-72.002791,42.931106,0.0 -72.00074,42.919484,0.0 -72.152507,42.922561,0.0 -72.067736,42.968023,0.0 -72.061925,42.966997,0.0 -72.002791,42.931106,0.0</coordinates></LinearRing></outerBoundaryIs></Polygon>"
HINSDALE,3451,42.8083,4105,NH,22.87351,-72.5,4139,"<Polygon><outerBoundaryIs><LinearRing><coordinates>-72.458094,42.761222,0.0 -72.44613,42.726357,0.0 -72.458435,42.726699,0.0 -72.545941,42.823775,0.0 -72.554828,42.858299,0.0 -72.497744,42.854539,0.0 -72.477577,42.852146,0.0 -72.458094,42.761222,0.0</coordinates></LinearRing></outerBoundaryIs></Polygon>"
JAFFREY,3452,42.8303,5558,NH,40.43413,-72.0588,5429,"<Polygon><outerBoundaryIs><LinearRing><coordinates>-72.125504,42.794379,0.0 -72.136442,42.83027,0.0 -72.137467,42.868212,0.0 -71.990143,42.865477,0.0 -71.974762,42.78891,0.0 -72.091322,42.793353,0.0 -72.125504,42.794379,0.0</coordinates></LinearRing></outerBoundaryIs></Polygon>"
MARLBOROUGH,3455,42.9071,2333,NH,28.07102,-72.1718,2251,"<Polygon><outerBoundaryIs><LinearRing><coordinates>-72.137467,42.868212,0.0 -72.136442,42.83027,0.0 -72.223948,42.873681,0.0 -72.23386,42.907179,0.0 -72.169598,42.962554,0.0 -72.067736,42.968023,0.0 -72.152507,42.922561,0.0 -72.137467,42.868212,0.0</coordinates></LinearRing></outerBoundaryIs></Polygon>"
MARLOW,3456,43.1326,763,NH,24.64039,-72.213,747,"<Polygon><outerBoundaryIs><LinearRing><coordinates>-72.178486,43.132096,0.0 -72.193526,43.076721,0.0 -72.243089,43.07091,0.0 -72.255737,43.17038,0.0 -72.219846,43.174823,0.0 -72.156267,43.182001,0.0 -72.178486,43.132096,0.0</coordinates></LinearRing></outerBoundaryIs></Polygon>"
NELSON,3457,43.0015,592,NH,20.32415,-72.1235,591,"<Polygon><outerBoundaryIs><LinearRing><coordinates>-72.067736,42.968023,0.0 -72.169598,42.962554,0.0 -72.178486,42.975201,0.0 -72.174726,43.04459,0.0 -72.057824,43.018954,0.0 -72.059191,43.004939,0.0 -72.061925,42.966997,0.0 -72.067736,42.968023,0.0</coordinates></LinearRing></outerBoundaryIs></Polygon>"
PETERBOROUGH,3458,42.872,6425,NH,53.75195,-71.9387,6315,"<Polygon><outerBoundaryIs><LinearRing><coordinates>-71.944681,42.788568,0.0 -71.974762,42.78891,0.0 -71.990143,42.865477,0.0 -72.00074,42.919484,0.0 -72.002791,42.931106,0.0 -71.934769,42.956743,0.0 -71.881787,42.878124,0.0 -71.906398,42.787884,0.0 -71.944681,42.788568,0.0</coordinates></LinearRing></outerBoundaryIs></Polygon>"
RINDGE,3461,42.7524,5480,NH,40.83756,-72.0122,5534,"<Polygon><outerBoundaryIs><LinearRing><coordinates>-71.928958,42.712342,0.0 -71.981256,42.713368,0.0 -72.078333,42.716102,0.0 -72.091322,42.793353,0.0 -71.974762,42.78891,0.0 -71.944681,42.788568,0.0 -71.928958,42.712342,0.0</coordinates></LinearRing></outerBoundaryIs></Polygon>"
SPOFFORD,3462,42.9058,1616,NH,14.95265,-72.4024,1578,"<Polygon><outerBoundaryIs><LinearRing><coordinates>-72.378108,42.861717,0.0 -72.454675,42.929055,0.0 -72.367853,42.927346,0.0 -72.347002,42.908204,0.0 -72.378108,42.861717,0.0</coordinates></LinearRing></outerBoundaryIs></Polygon>"
STODDARD,3464,43.0787,881,NH,50.38284,-72.1138,864,"<Polygon><outerBoundaryIs><LinearRing><coordinates>-72.200362,43.054161,0.0 -72.193526,43.076721,0.0 -72.178486,43.132096,0.0 -72.073547,43.129019,0.0 -72.043125,43.08219,0.0 -72.057824,43.018954,0.0 -72.174726,43.04459,0.0 -72.200362,43.054161,0.0</coordinates></LinearRing></outerBoundaryIs></Polygon>"
TROY,3465,42.8246,2087,NH,21.54998,-72.1877,2089,"<Polygon><outerBoundaryIs><LinearRing><coordinates>-72.216086,42.791986,0.0 -72.237962,42.814888,0.0 -72.223948,42.873681,0.0 -72.136442,42.83027,0.0 -72.125504,42.794379,0.0 -72.216086,42.791986,0.0</coordinates></LinearRing></outerBoundaryIs></Polygon>"
WEST CHESTERFIELD,3466,42.8928,1146,NH,15.37308,-72.5117,1299,"<Polygon><outerBoundaryIs><LinearRing><coordinates>-72.497744,42.854539,0.0 -72.554828,42.858299,0.0 -72.524406,42.916408,0.0 -72.526799,42.934183,0.0 -72.471424,42.931448,0.0 -72.497744,42.854539,0.0</coordinates></LinearRing></outerBoundaryIs></Polygon>"
WESTMORELAND,3467,42.9696,1755,NH,36.91652,-72.4313,1748,"<Polygon><outerBoundaryIs><LinearRing><coordinates>-72.471424,42.931448,0.0 -72.526799,42.934183,0.0 -72.459461,43.020663,0.0 -72.384602,43.018612,0.0 -72.367853,42.927346,0.0 -72.454675,42.929055,0.0 -72.471424,42.931448,0.0</coordinates></LinearRing></outerBoundaryIs></Polygon>"
WINCHESTER,3470,42.7706,4894,NH,77.03563,-72.3256,4799,"<Polygon><outerBoundaryIs><LinearRing><coordinates>-72.458094,42.761222,0.0 -72.393832,42.77968,0.0 -72.433483,42.84907,0.0 -72.388704,42.847019,0.0 -72.237962,42.814888,0.0 -72.216086,42.791986,0.0 -72.174726,42.718837,0.0 -72.283082,42.721571,0.0 -72.411948,42.725331,0.0 -72.44613,42.726357,0.0 -72.458094,42.761222,0.0</coordinates></LinearRing></outerBoundaryIs></Polygon>"
LITTLETON,3561,44.3339,6137,NH,62.22991,-71.7956,5995,"<Polygon><outerBoundaryIs><LinearRing><coordinates>-71.648324,44.324018,0.0 -71.794281,44.271036,0.0 -71.9293,44.316498,0.0 -71.984674,44.336324,0.0 -71.837692,44.347946,0.0 -71.742325,44.402637,0.0 -71.722499,44.411182,0.0 -71.648324,44.324018,0.0</coordinates></LinearRing></outerBoundaryIs></Polygon>"
BERLIN,3570,44.4509,10551,NH,94.15733,-71.2741,10569,"<Polygon><outerBoundaryIs><LinearRing><coordinates>-71.344106,44.348971,0.0 -71.386833,44.407764,0.0 -71.370768,44.496295,0.0 -71.123632,44.528426,0.0 -71.160891,44.450491,0.0 -71.248396,44.44844,0.0 -71.24532,44.339742,0.0 -71.344106,44.348971,0.0</coordinates></LinearRing></outerBoundaryIs></Polygon>"
BETHLEHEM,3574,44.2528,2171,NH,89.36886,-71.5966,2166,"<Polygon><outerBoundaryIs><LinearRing><coordinates>-71.537575,44.197887,0.0 -71.747794,44.253262,0.0 -71.794281,44.271036,0.0 -71.648324,44.324018,0.0 -71.415888,44.212244,0.0 -71.412811,44.16644,0.0 -71.422724,44.168833,0.0 -71.537575,44.197887,0.0</coordinates></LinearRing></outerBoundaryIs></Polygon>"
COLEBROOK,3576,44.8884,4224,NH,199.86622,-71.3954,4205,"<Polygon><outerBoundaryIs><LinearRing><coordinates>-71.360513,44.795728,0.0 -71.602521,44.771801,0.0 -71.496557,44.909212,0.0 -71.534499,44.995693,0.0 -71.464426,45.013467,0.0 -71.225494,44.964587,0.0 -71.217974,44.855205,0.0 -71.330091,44.818289,0.0 -71.360513,44.795728,0.0</coordinates></LinearRing></outerBoundaryIs></Polygon>"
ERROL,3579,44.7771,363,NH,133.9929,-71.1747,363,"<Polygon><outerBoundaryIs><LinearRing><coordinates>-71.046381,44.863409,0.0 -71.03476,44.709932,0.0 -71.325306,44.705146,0.0 -71.328382,44.782398,0.0 -71.330091,44.818289,0.0 -71.217974,44.855205,0.0 -71.175589,44.857598,0.0 -71.046381,44.863409,0.0</coordinates></LinearRing></outerBoundaryIs></Polygon>"
FRANCONIA,3580,44.1778,1097,NH,78.8727,-71.6791,1081,"<Polygon><outerBoundaryIs><LinearRing><coordinates>-71.758048,44.099102,0.0 -71.804194,44.178745,0.0 -71.747794,44.253262,0.0 -71.537575,44.197887,0.0 -71.58167,44.112091,0.0 -71.726943,44.158578,0.0 -71.758048,44.099102,0.0</coordinates></LinearRing></outerBoundaryIs></Polygon>"
GORHAM,3581,44.3925,3255,NH,80.0548,-71.1341,3274,"<Polygon><outerBoundaryIs><LinearRing><coordinates>-71.230964,44.340084,0.0 -71.24532,44.339742,0.0 -71.248396,44.44844,0.0 -71.160891,44.450491,0.0 -71.018694,44.440579,0.0 -71.017327,44.415284,0.0 -71.012883,44.344186,0.0 -71.189945,44.340767,0.0 -71.198491,44.340767,0.0 -71.202934,44.340426,0.0 -71.230964,44.340084,0.0</coordinates></LinearRing></outerBoundaryIs></Polygon>"
GROVETON,3582,44.6018,2588,NH,66.81771,-71.4499,2579,"<Polygon><outerBoundaryIs><LinearRing><coordinates>-71.43708,44.519197,0.0 -71.536208,44.588586,0.0 -71.558084,44.64191,0.0 -71.32428,44.661735,0.0 -71.319153,44.607386,0.0 -71.389226,44.619692,0.0 -71.43708,44.519197,0.0</coordinates></LinearRing></outerBoundaryIs></Polygon>"
JEFFERSON,3583,44.3946,1002,NH,48.31173,-71.4357,985,"<Polygon><outerBoundaryIs><LinearRing><coordinates>-71.437764,44.348971,0.0 -71.520484,44.339058,0.0 -71.471604,44.366746,0.0 -71.531422,44.449466,0.0 -71.428535,44.460062,0.0 -71.386833,44.407764,0.0 -71.344106,44.348971,0.0 -71.437764,44.348971,0.0</coordinates></LinearRing></outerBoundaryIs></Polygon>"
LANCASTER,3584,44.4903,3611,NH,67.62882,-71.5399,3621,"<Polygon><outerBoundaryIs><LinearRing><coordinates>-71.660972,44.441604,0.0 -71.606281,44.485015,0.0 -71.536208,44.588586,0.0 -71.43708,44.519197,0.0 -71.428535,44.460062,0.0 -71.531422,44.449466,0.0 -71.660972,44.441604,0.0</coordinates></LinearRing></outerBoundaryIs></Polygon>"
LISBON,3585,44.2336,2960,NH,87.61499,-71.8777,2967,"<Polygon><outerBoundaryIs><LinearRing><coordinates>-71.804194,44.178745,0.0 -71.924514,44.159603,0.0 -72.015096,44.240615,0.0 -71.9293,44.316498,0.0 -71.794281,44.271036,0.0 -71.747794,44.253262,0.0 -71.804194,44.178745,0.0</coordinates></LinearRing></outerBoundaryIs></Polygon>"
MILAN,3588,44.618,1661,NH,168.79488,-71.1998,1656,"<Polygon><outerBoundaryIs><LinearRing><coordinates>-71.123632,44.528426,0.0 -71.370768,44.496295,0.0 -71.319153,44.607386,0.0 -71.32428,44.661735,0.0 -71.325306,44.705146,0.0 -71.03476,44.709932,0.0 -71.028607,44.610463,0.0 -71.089109,44.610463,0.0 -71.123632,44.528426,0.0</coordinates></LinearRing></outerBoundaryIs></Polygon>"
MOUNT WASHINGTON,3589,44.2856,0,NH,1.25014,-71.2976,0,
NORTH STRATFORD,3590,44.719,934,NH,124.91635,-71.4656,927,"<Polygon><outerBoundaryIs><LinearRing><coordinates>-71.32428,44.661735,0.0 -71.558084,44.64191,0.0 -71.602521,44.771801,0.0 -71.360513,44.795728,0.0 -71.328382,44.782398,0.0 -71.325306,44.705146,0.0 -71.32428,44.661735,0.0</coordinates></LinearRing></outerBoundaryIs></Polygon>"
PITTSBURG,3592,45.1127,1139,NH,370.1731,-71.2547,1121,"<Polygon><outerBoundaryIs><LinearRing><coordinates>-71.152687,44.955016,0.0 -71.225494,44.964587,0.0 -71.464426,45.013467,0.0 -71.502368,45.013467,0.0 -71.395037,45.205569,0.0 -71.442549,45.238384,0.0 -71.296251,45.301279,0.0 -71.137989,45.240435,0.0 -71.084323,45.30538,0.0 -71.05732,44.990565,0.0 -71.055952,44.973474,0.0 -71.152687,44.955016,0.0</coordinates></LinearRing></outerBoundaryIs></Polygon>"
WHITEFIELD,3598,44.3474,3490,NH,116.92558,-71.563,3627,"<Polygon><outerBoundaryIs><LinearRing><coordinates>-71.395378,44.21532,0.0 -71.415888,44.212244,0.0 -71.648324,44.324018,0.0 -71.722499,44.411182,0.0 -71.660972,44.441604,0.0 -71.531422,44.449466,0.0 -71.471604,44.366746,0.0 -71.520484,44.339058,0.0 -71.437764,44.348971,0.0 -71.423749,44.273771,0.0 -71.411786,44.228309,0.0 -71.395378,44.21532,0.0</coordinates></LinearRing></outerBoundaryIs></Polygon>"
ALSTEAD,3602,43.1163,1918,NH,45.61722,-72.3101,2157,"<Polygon><outerBoundaryIs><LinearRing><coordinates>-72.359308,43.054845,0.0 -72.392122,43.133121,0.0 -72.255737,43.17038,0.0 -72.243089,43.07091,0.0 -72.29402,43.066467,0.0 -72.359308,43.054845,0.0</coordinates></LinearRing></outerBoundaryIs></Polygon>"
CHARLESTOWN,3603,43.2439,4882,NH,42.09592,-72.3874,4837,"<Polygon><outerBoundaryIs><LinearRing><coordinates>-72.443737,43.160809,0.0 -72.451941,43.161492,0.0 -72.433824,43.233274,0.0 -72.406821,43.337529,0.0 -72.351788,43.334794,0.0 -72.338457,43.259936,0.0 -72.307693,43.223703,0.0 -72.432115,43.159783,0.0 -72.443737,43.160809,0.0</coordinates></LinearRing></outerBoundaryIs></Polygon>"
LEMPSTER,3605,43.233,1341,NH,49.80113,-72.2177,1326,"<Polygon><outerBoundaryIs><LinearRing><coordinates>-72.156267,43.182001,0.0 -72.219846,43.174823,0.0 -72.307693,43.223703,0.0 -72.338457,43.259936,0.0 -72.243773,43.280787,0.0 -72.159344,43.280787,0.0 -72.123453,43.250023,0.0 -72.156267,43.182001,0.0</coordinates></LinearRing></outerBoundaryIs></Polygon>"
SOUTH ACWORTH,3607,43.1817,1013,NH,32.12801,-72.3286,913,"<Polygon><outerBoundaryIs><LinearRing><coordinates>-72.392122,43.133121,0.0 -72.432115,43.159783,0.0 -72.307693,43.223703,0.0 -72.219846,43.174823,0.0 -72.255737,43.17038,0.0 -72.392122,43.133121,0.0</coordinates></LinearRing></outerBoundaryIs></Polygon>"
WALPOLE,3608,43.0729,2898,NH,29.96923,-72.4129,2729,"<Polygon><outerBoundaryIs><LinearRing><coordinates>-72.459461,43.020663,0.0 -72.450232,43.068176,0.0 -72.437926,43.124918,0.0 -72.440661,43.131412,0.0 -72.443737,43.160809,0.0 -72.432115,43.159783,0.0 -72.392122,43.133121,0.0 -72.359308,43.054845,0.0 -72.384602,43.018612,0.0 -72.459461,43.020663,0.0</coordinates></LinearRing></outerBoundaryIs></Polygon>"
NORTH WALPOLE,3609,43.1475,601,NH,1.04011,-72.4473,593,"<Polygon><outerBoundaryIs><LinearRing><coordinates>-72.440661,43.131412,0.0 -72.451941,43.161492,0.0 -72.443737,43.160809,0.0 -72.440661,43.131412,0.0</coordinates></LinearRing></outerBoundaryIs></Polygon>"
BATH,3740,44.18,917,NH,38.60452,-71.9868,916,"<Polygon><outerBoundaryIs><LinearRing><coordinates>-72.040049,44.155843,0.0 -72.042784,44.156527,0.0 -72.053038,44.217713,0.0 -72.015096,44.240615,0.0 -71.924514,44.159603,0.0 -71.912892,44.113116,0.0 -72.040049,44.155843,0.0</coordinates></LinearRing></outerBoundaryIs></Polygon>"
CANAAN,3741,43.6687,2776,NH,60.69465,-71.9879,2749,"<Polygon><outerBoundaryIs><LinearRing><coordinates>-71.905372,43.639013,0.0 -72.0233,43.609617,0.0 -72.07594,43.741217,0.0 -72.057824,43.736773,0.0 -71.932718,43.705668,0.0 -71.883496,43.696097,0.0 -71.905372,43.639013,0.0</coordinates></LinearRing></outerBoundaryIs></Polygon>"
CLAREMONT,3743,43.3506,14146,NH,66.45013,-72.3258,14130,"<Polygon><outerBoundaryIs><LinearRing><coordinates>-72.338457,43.259936,0.0 -72.351788,43.334794,0.0 -72.406821,43.337529,0.0 -72.401693,43.403842,0.0 -72.396224,43.428795,0.0 -72.269409,43.423326,0.0 -72.243773,43.280787,0.0 -72.338457,43.259936,0.0</coordinates></LinearRing></outerBoundaryIs></Polygon>"
CORNISH,3745,43.4715,1619,NH,39.04039,-72.3295,1557,"<Polygon><outerBoundaryIs><LinearRing><coordinates>-72.396224,43.428795,0.0 -72.395882,43.520402,0.0 -72.30154,43.532024,0.0 -72.285817,43.51254,0.0 -72.266333,43.476649,0.0 -72.269409,43.423326,0.0 -72.396224,43.428795,0.0</coordinates></LinearRing></outerBoundaryIs></Polygon>"
ENFIELD,3748,43.6266,6050,NH,72.63217,-72.1143,5940,"<Polygon><outerBoundaryIs><LinearRing><coordinates>-72.170966,43.574409,0.0 -72.224973,43.587399,0.0 -72.171991,43.661231,0.0 -72.175751,43.682082,0.0 -72.159002,43.715581,0.0 -72.110464,43.686526,0.0 -72.121744,43.751472,0.0 -72.07594,43.741217,0.0 -72.0233,43.609617,0.0 -72.054405,43.54262,0.0 -72.090638,43.528948,0.0 -72.170966,43.574409,0.0</coordinates></LinearRing></outerBoundaryIs></Polygon>"
ETNA,3750,43.7143,988,NH,14.20375,-72.2003,977,"<Polygon><outerBoundaryIs><LinearRing><coordinates>-72.175751,43.682082,0.0 -72.257446,43.711137,0.0 -72.187031,43.756941,0.0 -72.159002,43.715581,0.0 -72.175751,43.682082,0.0</coordinates></LinearRing></outerBoundaryIs></Polygon>"
GOSHEN,3752,43.2892,731,NH,22.31268,-72.1146,727,"<Polygon><outerBoundaryIs><LinearRing><coordinates>-72.065344,43.255151,0.0 -72.123453,43.250023,0.0 -72.159344,43.280787,0.0 -72.127213,43.329667,0.0 -72.078333,43.338554,0.0 -72.071154,43.271558,0.0 -72.065344,43.255151,0.0</coordinates></LinearRing></outerBoundaryIs></Polygon>"
GRANTHAM,3753,43.512,2286,NH,31.33558,-72.1468,2241,"<Polygon><outerBoundaryIs><LinearRing><coordinates>-72.07218,43.442467,0.0 -72.114565,43.446227,0.0 -72.21506,43.488613,0.0 -72.170966,43.574409,0.0 -72.090638,43.528948,0.0 -72.07218,43.442467,0.0</coordinates></LinearRing></outerBoundaryIs></Polygon>"
HANOVER,3755,43.7195,9904,NH,29.14463,-72.1966,9844,"<Polygon><outerBoundaryIs><LinearRing><coordinates>-72.175751,43.682082,0.0 -72.171991,43.661231,0.0 -72.270777,43.684817,0.0 -72.3053,43.692679,0.0 -72.205148,43.770955,0.0 -72.121744,43.751472,0.0 -72.110464,43.686526,0.0 -72.159002,43.715581,0.0 -72.187031,43.756941,0.0 -72.257446,43.711137,0.0 -72.175751,43.682082,0.0</coordinates></LinearRing></outerBoundaryIs></Polygon>"
HAVERHILL,3765,44.0367,262,NH,4.01629,-72.0555,331,"<Polygon><outerBoundaryIs><LinearRing><coordinates>-72.026718,44.057741,0.0 -72.028085,44.017749,0.0 -72.0797,44.030054,0.0 -72.052013,44.066287,0.0 -72.026718,44.057741,0.0</coordinates></LinearRing></outerBoundaryIs></Polygon>"
LEBANON,3766,43.6318,8454,NH,27.62542,-72.2363,8454,"<Polygon><outerBoundaryIs><LinearRing><coordinates>-72.224973,43.587399,0.0 -72.301882,43.597653,0.0 -72.270777,43.684817,0.0 -72.171991,43.661231,0.0 -72.224973,43.587399,0.0</coordinates></LinearRing></outerBoundaryIs></Polygon>"
LYME,3768,43.8096,1944,NH,59.02525,-72.1173,1920,"<Polygon><outerBoundaryIs><LinearRing><coordinates>-72.121744,43.751472,0.0 -72.205148,43.770955,0.0 -72.183271,43.84137,0.0 -72.18498,43.862905,0.0 -72.169257,43.872476,0.0 -72.02706,43.837952,0.0 -72.057824,43.736773,0.0 -72.07594,43.741217,0.0 -72.121744,43.751472,0.0</coordinates></LinearRing></outerBoundaryIs></Polygon>"
MERIDEN,3770,43.5283,202,NH,3.15542,-72.2712,198,"<Polygon><outerBoundaryIs><LinearRing><coordinates>-72.30154,43.532024,0.0 -72.250268,43.541253,0.0 -72.285817,43.51254,0.0 -72.30154,43.532024,0.0</coordinates></LinearRing></outerBoundaryIs></Polygon>"
MONROE,3771,44.2849,757,NH,23.60429,-72.0098,759,"<Polygon><outerBoundaryIs><LinearRing><coordinates>-72.053038,44.217713,0.0 -72.059533,44.255655,0.0 -71.984674,44.336324,0.0 -71.9293,44.316498,0.0 -72.015096,44.240615,0.0 -72.053038,44.217713,0.0</coordinates></LinearRing></outerBoundaryIs></Polygon>"
NEWPORT,3773,43.3847,7601,NH,94.95927,-72.1987,7511,"<Polygon><outerBoundaryIs><LinearRing><coordinates>-72.269409,43.423326,0.0 -72.266333,43.476649,0.0 -72.21506,43.488613,0.0 -72.114565,43.446227,0.0 -72.127213,43.329667,0.0 -72.159344,43.280787,0.0 -72.243773,43.280787,0.0 -72.269409,43.423326,0.0</coordinates></LinearRing></outerBoundaryIs></Polygon>"
NORTH HAVERHILL,3774,44.0943,1315,NH,22.61115,-71.9938,1309,"<Polygon><outerBoundaryIs><LinearRing><coordinates>-71.94058,44.049538,0.0 -72.026718,44.057741,0.0 -72.052013,44.066287,0.0 -72.053038,44.103887,0.0 -72.034238,44.132258,0.0 -71.918361,44.09876,0.0 -71.94058,44.049538,0.0</coordinates></LinearRing></outerBoundaryIs></Polygon>"
ORFORD,3777,43.8965,859,NH,44.72675,-72.0597,850,"<Polygon><outerBoundaryIs><LinearRing><coordinates>-72.02706,43.837952,0.0 -72.169257,43.872476,0.0 -72.115933,43.947334,0.0 -72.098842,43.957588,0.0 -71.967925,43.914519,0.0 -72.02706,43.837952,0.0</coordinates></LinearRing></outerBoundaryIs></Polygon>"
PIERMONT,3779,43.9748,727,NH,39.9045,-72.0308,719,"<Polygon><outerBoundaryIs><LinearRing><coordinates>-71.959038,43.91657,0.0 -71.967925,43.914519,0.0 -72.098842,43.957588,0.0 -72.092005,44.024585,0.0 -72.0797,44.030054,0.0 -72.028085,44.017749,0.0 -71.96314,43.998265,0.0 -71.959038,43.91657,0.0</coordinates></LinearRing></outerBoundaryIs></Polygon>"
PIKE,3780,44.0395,819,NH,18.7083,-71.9883,749,"<Polygon><outerBoundaryIs><LinearRing><coordinates>-72.028085,44.017749,0.0 -72.026718,44.057741,0.0 -71.94058,44.049538,0.0 -71.951176,44.02732,0.0 -71.96314,43.998265,0.0 -72.028085,44.017749,0.0</coordinates></LinearRing></outerBoundaryIs></Polygon>"
PLAINFIELD,3781,43.5478,2110,NH,53.45722,-72.2798,2155,"<Polygon><outerBoundaryIs><LinearRing><coordinates>-72.21506,43.488613,0.0 -72.266333,43.476649,0.0 -72.285817,43.51254,0.0 -72.250268,43.541253,0.0 -72.30154,43.532024,0.0 -72.395882,43.520402,0.0 -72.392806,43.52758,0.0 -72.346319,43.590475,0.0 -72.32957,43.600046,0.0 -72.301882,43.597653,0.0 -72.224973,43.587399,0.0 -72.170966,43.574409,0.0 -72.21506,43.488613,0.0</coordinates></LinearRing></outerBoundaryIs></Polygon>"
SUNAPEE,3782,43.3917,3104,NH,25.12719,-72.0904,3031,"<Polygon><outerBoundaryIs><LinearRing><coordinates>-72.078333,43.338554,0.0 -72.127213,43.329667,0.0 -72.114565,43.446227,0.0 -72.07218,43.442467,0.0 -72.062609,43.442126,0.0 -72.049962,43.380256,0.0 -72.078333,43.338554,0.0</coordinates></LinearRing></outerBoundaryIs></Polygon>"
WEST LEBANON,3784,43.6444,3779,NH,12.47159,-72.2972,3798,"<Polygon><outerBoundaryIs><LinearRing><coordinates>-72.301882,43.597653,0.0 -72.32957,43.600046,0.0 -72.328202,43.606199,0.0 -72.305984,43.683792,0.0 -72.3053,43.692679,0.0 -72.270777,43.684817,0.0 -72.301882,43.597653,0.0</coordinates></LinearRing></outerBoundaryIs></Polygon>"
WOODSVILLE,3785,44.0795,2457,NH,84.99785,-71.8707,2447,"<Polygon><outerBoundaryIs><LinearRing><coordinates>-71.94058,44.049538,0.0 -71.918361,44.09876,0.0 -72.034238,44.132258,0.0 -72.040049,44.155843,0.0 -71.912892,44.113116,0.0 -71.924514,44.159603,0.0 -71.804194,44.178745,0.0 -71.758048,44.099102,0.0 -71.772405,44.071414,0.0 -71.821968,43.988352,0.0 -71.951176,44.02732,0.0 -71.94058,44.049538,0.0</coordinates></LinearRing></outerBoundaryIs></Polygon>"
ALTON,3809,43.4711,3884,NH,62.02507,-71.2395,3672,"<Polygon><outerBoundaryIs><LinearRing><coordinates>-71.283604,43.418882,0.0 -71.248396,43.436998,0.0 -71.325647,43.507071,0.0 -71.294542,43.545697,0.0 -71.257284,43.496817,0.0 -71.23404,43.470497,0.0 -71.255916,43.526897,0.0 -71.199174,43.559028,0.0 -71.164309,43.540228,0.0 -71.166702,43.380598,0.0 -71.209429,43.38094,0.0 -71.283604,43.418882,0.0</coordinates></LinearRing></outerBoundaryIs></Polygon>"
ALTON BAY,3810,43.4828,202,NH,0.62171,-71.2467,193,
ATKINSON,3811,42.8381,6367,NH,11.74732,-71.1615,6248,"<Polygon><outerBoundaryIs><LinearRing><coordinates>-71.116112,42.817622,0.0 -71.166702,42.808393,0.0 -71.207036,42.852488,0.0 -71.211138,42.873681,0.0 -71.135938,42.860692,0.0 -71.116112,42.817622,0.0</coordinates></LinearRing></outerBoundaryIs></Polygon>"
BARTLETT,3812,44.0875,1733,NH,82.1569,-71.2794,1681,"<Polygon><outerBoundaryIs><LinearRing><coordinates>-71.159865,44.098076,0.0 -71.139356,44.076541,0.0 -71.157131,44.02561,0.0 -71.383073,44.022192,0.0 -71.347524,44.070047,0.0 -71.412811,44.16644,0.0 -71.415888,44.212244,0.0 -71.395378,44.21532,0.0 -71.373844,44.174302,0.0 -71.357437,44.163022,0.0 -71.308898,44.111749,0.0 -71.306164,44.135676,0.0 -71.188578,44.13636,0.0 -71.179007,44.110723,0.0 -71.159865,44.098076,0.0</coordinates></LinearRing></outerBoundaryIs></Polygon>"
CENTER CONWAY,3813,44.0041,2544,NH,53.06115,-71.0398,2532,"<Polygon><outerBoundaryIs><LinearRing><coordinates>-71.004679,44.164047,0.0 -70.994767,43.960665,0.0 -70.993058,43.915203,0.0 -71.111327,43.931268,0.0 -71.103807,43.986301,0.0 -71.031341,44.078251,0.0 -71.004679,44.164047,0.0</coordinates></LinearRing></outerBoundaryIs></Polygon>"
CENTER OSSIPEE,3814,43.7646,3511,NH,69.31182,-71.1281,3415,"<Polygon><outerBoundaryIs><LinearRing><coordinates>-71.207036,43.710112,0.0 -71.24532,43.770272,0.0 -71.219684,43.821886,0.0 -71.190287,43.830774,0.0 -71.184476,43.832825,0.0 -70.988956,43.792148,0.0 -70.985196,43.755915,0.0 -71.019378,43.682424,0.0 -71.133203,43.748737,0.0 -71.207036,43.710112,0.0</coordinates></LinearRing></outerBoundaryIs></Polygon>"
CENTER STRAFFORD,3815,43.2603,536,NH,5.39963,-71.1027,526,"<Polygon><outerBoundaryIs><LinearRing><coordinates>-71.070309,43.233958,0.0 -71.103807,43.236351,0.0 -71.143458,43.279078,0.0 -71.070309,43.233958,0.0</coordinates></LinearRing></outerBoundaryIs></Polygon>"
CENTER TUFTONBORO,3816,43.7017,1218,NH,25.85558,-71.2484,1239,"<Polygon><outerBoundaryIs><LinearRing><coordinates>-71.207036,43.710112,0.0 -71.185843,43.679348,0.0 -71.277451,43.648584,0.0 -71.296251,43.682082,0.0 -71.328382,43.691312,0.0 -71.266855,43.691312,0.0 -71.303087,43.714897,0.0 -71.24532,43.770272,0.0 -71.207036,43.710112,0.0</coordinates></LinearRing></outerBoundaryIs></Polygon>"
CHOCORUA,3817,43.8975,292,NH,6.90671,-71.2285,283,"<Polygon><outerBoundaryIs><LinearRing><coordinates>-71.221393,43.877261,0.0 -71.253524,43.912468,0.0 -71.212505,43.924432,0.0 -71.221393,43.877261,0.0</coordinates></LinearRing></outerBoundaryIs></Polygon>"
CONWAY,3818,43.9735,2389,NH,81.03829,-71.2602,2278,"<Polygon><outerBoundaryIs><LinearRing><coordinates>-71.253524,43.912468,0.0 -71.359487,43.907683,0.0 -71.36188,43.915545,0.0 -71.383073,44.022192,0.0 -71.157131,44.02561,0.0 -71.103807,43.986301,0.0 -71.111327,43.931268,0.0 -71.212164,43.924774,0.0 -71.212505,43.924432,0.0 -71.253524,43.912468,0.0</coordinates></LinearRing></outerBoundaryIs></Polygon>"
DANVILLE,3819,42.93,4121,NH,11.20384,-71.122,3918,"<Polygon><outerBoundaryIs><LinearRing><coordinates>-71.146876,42.897608,0.0 -71.149611,42.959819,0.0 -71.092527,42.959477,0.0 -71.096629,42.906837,0.0 -71.146876,42.897608,0.0</coordinates></LinearRing></outerBoundaryIs></Polygon>"
DOVER,3820,43.1874,28879,NH,40.07469,-70.9034,28474,"<Polygon><outerBoundaryIs><LinearRing><coordinates>-70.99921,43.171063,0.0 -70.952723,43.225754,0.0 -70.949305,43.229514,0.0 -70.92777,43.254809,0.0 -70.873763,43.228831,0.0 -70.820097,43.197041,0.0 -70.824883,43.179609,0.0 -70.824883,43.172772,0.0 -70.862141,43.133463,0.0 -70.99921,43.171063,0.0</coordinates></LinearRing></outerBoundaryIs></Polygon>"
DURHAM,3824,43.1189,17032,NH,42.93863,-70.9618,16732,"<Polygon><outerBoundaryIs><LinearRing><coordinates>-70.891537,43.082874,0.0 -71.012541,43.081848,0.0 -71.070651,43.081848,0.0 -71.03305,43.142009,0.0 -70.99921,43.171063,0.0 -70.862141,43.133463,0.0 -70.917516,43.131412,0.0 -70.891537,43.082874,0.0</coordinates></LinearRing></outerBoundaryIs></Polygon>"
BARRINGTON,3825,43.2066,7426,NH,45.68694,-71.047,7355,"<Polygon><outerBoundaryIs><LinearRing><coordinates>-70.99921,43.171063,0.0 -71.03305,43.142009,0.0 -71.131494,43.1967,0.0 -71.173538,43.229172,0.0 -71.103807,43.236351,0.0 -71.070309,43.233958,0.0 -71.020403,43.26814,0.0 -70.952723,43.225754,0.0 -70.99921,43.171063,0.0</coordinates></LinearRing></outerBoundaryIs></Polygon>"
EAST HAMPSTEAD,3826,42.8894,2981,NH,3.8791,-71.1235,2963,"<Polygon><outerBoundaryIs><LinearRing><coordinates>-71.125342,42.877441,0.0 -71.132178,42.866161,0.0 -71.159182,42.89795,0.0 -71.146876,42.897608,0.0 -71.096629,42.906837,0.0 -71.125342,42.877441,0.0</coordinates></LinearRing></outerBoundaryIs></Polygon>"
EAST WAKEFIELD,3830,43.6405,1131,NH,11.26413,-70.9951,1102,"<Polygon><outerBoundaryIs><LinearRing><coordinates>-70.98041,43.684133,0.0 -70.979727,43.673195,0.0 -70.975283,43.613035,0.0 -70.974258,43.592868,0.0 -71.020061,43.672511,0.0 -71.013225,43.679006,0.0 -70.98041,43.684133,0.0</coordinates></LinearRing></outerBoundaryIs></Polygon>"
EXETER,3833,42.9727,19544,NH,48.58489,-70.9872,19055,"<Polygon><outerBoundaryIs><LinearRing><coordinates>-70.998527,42.952983,0.0 -71.088083,42.959135,0.0 -71.080563,43.021005,0.0 -71.011174,43.022714,0.0 -70.934948,43.022372,0.0 -70.889145,42.971441,0.0 -70.890512,42.970757,0.0 -70.90145,42.967339,0.0 -70.92025,42.906495,0.0 -70.91649,42.897608,0.0 -70.998527,42.952983,0.0</coordinates></LinearRing></outerBoundaryIs></Polygon>"
FARMINGTON,3835,43.3616,5679,NH,37.71679,-71.0747,5739,"<Polygon><outerBoundaryIs><LinearRing><coordinates>-71.159865,43.355987,0.0 -71.087741,43.425035,0.0 -71.086716,43.425718,0.0 -70.990665,43.374787,0.0 -70.990323,43.373078,0.0 -71.051167,43.298903,0.0 -71.159865,43.355987,0.0</coordinates></LinearRing></outerBoundaryIs></Polygon>"
FREEDOM,3836,43.8276,1371,NH,39.10931,-71.07,1311,"<Polygon><outerBoundaryIs><LinearRing><coordinates>-70.99169,43.877603,0.0 -70.988956,43.79249,0.0 -70.988956,43.792148,0.0 -71.184476,43.832825,0.0 -71.144142,43.844788,0.0 -70.99169,43.877603,0.0</coordinates></LinearRing></outerBoundaryIs></Polygon>"
GILMANTON IRON WORKS,3837,43.4317,873,NH,19.92341,-71.3204,1049,"<Polygon><outerBoundaryIs><LinearRing><coordinates>-71.394011,43.481777,0.0 -71.325647,43.507071,0.0 -71.248396,43.436998,0.0 -71.283604,43.418882,0.0 -71.310266,43.387093,0.0 -71.336244,43.35838,0.0 -71.353677,43.368634,0.0 -71.318811,43.456482,0.0 -71.394011,43.481777,0.0</coordinates></LinearRing></outerBoundaryIs></Polygon>"
GLEN,3838,44.104,66,NH,1.24068,-71.1777,64,
ROCHESTER,3839,43.2624,3522,NH,7.48443,-70.9828,3389,"<Polygon><outerBoundaryIs><LinearRing><coordinates>-71.020403,43.26814,0.0 -70.949305,43.229514,0.0 -70.952723,43.225754,0.0 -71.020403,43.26814,0.0</coordinates></LinearRing></outerBoundaryIs></Polygon>"
GREENLAND,3840,43.0326,3363,NH,10.47538,-70.841,3232,"<Polygon><outerBoundaryIs><LinearRing><coordinates>-70.809843,43.019637,0.0 -70.814628,43.001521,0.0 -70.863166,43.00323,0.0 -70.886068,43.057237,0.0 -70.832745,43.059288,0.0 -70.809843,43.019637,0.0</coordinates></LinearRing></outerBoundaryIs></Polygon>"
HAMPSTEAD,3841,42.8818,5713,NH,10.99248,-71.1788,5579,"<Polygon><outerBoundaryIs><LinearRing><coordinates>-71.132178,42.866161,0.0 -71.135938,42.860692,0.0 -71.211138,42.873681,0.0 -71.219342,42.912306,0.0 -71.159182,42.89795,0.0 -71.132178,42.866161,0.0</coordinates></LinearRing></outerBoundaryIs></Polygon>"
HAMPTON FALLS,3844,42.9278,1940,NH,12.15402,-70.8878,1880,"<Polygon><outerBoundaryIs><LinearRing><coordinates>-70.839239,42.901368,0.0 -70.92025,42.906495,0.0 -70.90145,42.967339,0.0 -70.835479,42.912306,0.0 -70.839239,42.901368,0.0</coordinates></LinearRing></outerBoundaryIs></Polygon>"
INTERVALE,3845,44.1607,1357,NH,59.26678,-71.0701,1191,"<Polygon><outerBoundaryIs><LinearRing><coordinates>-71.031341,44.078251,0.0 -71.139356,44.076541,0.0 -71.159865,44.098076,0.0 -71.179007,44.110723,0.0 -71.188578,44.13636,0.0 -71.097996,44.124738,0.0 -71.097654,44.235487,0.0 -71.010149,44.284709,0.0 -71.009807,44.273087,0.0 -71.004679,44.164047,0.0 -71.031341,44.078251,0.0</coordinates></LinearRing></outerBoundaryIs></Polygon>"
JACKSON,3846,44.1835,871,NH,68.03872,-71.1888,835,"<Polygon><outerBoundaryIs><LinearRing><coordinates>-71.306164,44.135676,0.0 -71.26036,44.228651,0.0 -71.243269,44.244033,0.0 -71.097654,44.235487,0.0 -71.097996,44.124738,0.0 -71.188578,44.13636,0.0 -71.306164,44.135676,0.0</coordinates></LinearRing></outerBoundaryIs></Polygon>"
KINGSTON,3848,42.9165,5807,NH,20.91677,-71.0653,5912,"<Polygon><outerBoundaryIs><LinearRing><coordinates>-71.096629,42.906837,0.0 -71.092527,42.959477,0.0 -71.088083,42.959135,0.0 -70.998527,42.952983,0.0 -71.023479,42.893848,0.0 -71.079196,42.857615,0.0 -71.125342,42.877441,0.0 -71.096629,42.906837,0.0</coordinates></LinearRing></outerBoundaryIs></Polygon>"
MADISON,3849,43.9026,1738,NH,47.13943,-71.1063,1692,"<Polygon><outerBoundaryIs><LinearRing><coordinates>-71.144142,43.844788,0.0 -71.212164,43.924774,0.0 -71.111327,43.931268,0.0 -70.993058,43.915203,0.0 -70.992032,43.886148,0.0 -70.99169,43.877603,0.0 -71.144142,43.844788,0.0</coordinates></LinearRing></outerBoundaryIs></Polygon>"
MILTON,3851,43.4385,3385,NH,28.04272,-71.0147,3325,"<Polygon><outerBoundaryIs><LinearRing><coordinates>-71.086716,43.425718,0.0 -70.999552,43.507413,0.0 -70.975967,43.4787,0.0 -70.966054,43.435973,0.0 -70.986563,43.41102,0.0 -70.990665,43.374787,0.0 -71.086716,43.425718,0.0</coordinates></LinearRing></outerBoundaryIs></Polygon>"
MILTON MILLS,3852,43.5063,550,NH,5.82721,-70.9761,538,"<Polygon><outerBoundaryIs><LinearRing><coordinates>-70.962294,43.540911,0.0 -70.975967,43.4787,0.0 -70.999552,43.507413,0.0 -70.962294,43.540911,0.0</coordinates></LinearRing></outerBoundaryIs></Polygon>"
MIRROR LAKE,3853,43.6399,518,NH,7.20505,-71.2795,503,"<Polygon><outerBoundaryIs><LinearRing><coordinates>-71.277451,43.648584,0.0 -71.260702,43.613377,0.0 -71.296251,43.682082,0.0 -71.277451,43.648584,0.0</coordinates></LinearRing></outerBoundaryIs></Polygon>"
NEW DURHAM,3855,43.4603,2407,NH,46.29274,-71.1418,2386,"<Polygon><outerBoundaryIs><LinearRing><coordinates>-71.159865,43.355987,0.0 -71.209429,43.38094,0.0 -71.166702,43.380598,0.0 -71.164309,43.540228,0.0 -71.127392,43.5727,0.0 -71.110985,43.506729,0.0 -71.087741,43.425035,0.0 -71.159865,43.355987,0.0</coordinates></LinearRing></outerBoundaryIs></Polygon>"
NEWFIELDS,3856,43.039,1655,NH,7.81422,-70.9717,1560,"<Polygon><outerBoundaryIs><LinearRing><coordinates>-70.913414,43.051768,0.0 -70.934948,43.022372,0.0 -71.011174,43.022714,0.0 -71.013567,43.052794,0.0 -70.915123,43.051768,0.0 -70.913414,43.051768,0.0</coordinates></LinearRing></outerBoundaryIs></Polygon>"
NEWMARKET,3857,43.0694,8243,NH,12.80744,-70.957,8062,"<Polygon><outerBoundaryIs><LinearRing><coordinates>-70.915123,43.051768,0.0 -71.013567,43.052794,0.0 -71.012541,43.081848,0.0 -70.891537,43.082874,0.0 -70.915123,43.051768,0.0</coordinates></LinearRing></outerBoundaryIs></Polygon>"
NEWTON,3858,42.868,4417,NH,9.95033,-71.0433,4209,"<Polygon><outerBoundaryIs><LinearRing><coordinates>-70.997501,42.864452,0.0 -71.004338,42.863426,0.0 -71.05356,42.833004,0.0 -71.079196,42.857615,0.0 -71.023479,42.893848,0.0 -70.997501,42.864452,0.0</coordinates></LinearRing></outerBoundaryIs></Polygon>"
NORTH CONWAY,3860,44.0407,4663,NH,30.98721,-71.1,4706,"<Polygon><outerBoundaryIs><LinearRing><coordinates>-71.103807,43.986301,0.0 -71.157131,44.02561,0.0 -71.139356,44.076541,0.0 -71.031341,44.078251,0.0 -71.103807,43.986301,0.0</coordinates></LinearRing></outerBoundaryIs></Polygon>"
NORTH HAMPTON,3862,42.9787,4265,NH,13.77586,-70.8301,4188,"<Polygon><outerBoundaryIs><LinearRing><coordinates>-70.814628,43.001521,0.0 -70.770192,42.96939,0.0 -70.783864,42.952299,0.0 -70.890512,42.970757,0.0 -70.889145,42.971441,0.0 -70.863166,43.00323,0.0 -70.814628,43.001521,0.0</coordinates></LinearRing></outerBoundaryIs></Polygon>"
OSSIPEE,3864,43.6927,1775,NH,36.22603,-71.1104,1716,"<Polygon><outerBoundaryIs><LinearRing><coordinates>-71.020061,43.672511,0.0 -71.059029,43.636279,0.0 -71.185843,43.679348,0.0 -71.207036,43.710112,0.0 -71.133203,43.748737,0.0 -71.019378,43.682424,0.0 -71.013225,43.679006,0.0 -71.020061,43.672511,0.0</coordinates></LinearRing></outerBoundaryIs></Polygon>"
PLAISTOW,3865,42.8401,7854,NH,10.47387,-71.0958,7747,"<Polygon><outerBoundaryIs><LinearRing><coordinates>-71.05356,42.833004,0.0 -71.112694,42.816939,0.0 -71.116112,42.817622,0.0 -71.135938,42.860692,0.0 -71.132178,42.866161,0.0 -71.125342,42.877441,0.0 -71.079196,42.857615,0.0 -71.05356,42.833004,0.0</coordinates></LinearRing></outerBoundaryIs></Polygon>"
ROCHESTER,3867,43.2994,22262,NH,56.20069,-71.0466,21806,"<Polygon><outerBoundaryIs><LinearRing><coordinates>-71.070309,43.233958,0.0 -71.143458,43.279078,0.0 -71.2002,43.315653,0.0 -71.159865,43.355987,0.0 -71.051167,43.298903,0.0 -70.990323,43.373078,0.0 -70.90521,43.279762,0.0 -70.92777,43.254809,0.0 -70.949305,43.229514,0.0 -71.020403,43.26814,0.0 -71.070309,43.233958,0.0</coordinates></LinearRing></outerBoundaryIs></Polygon>"
ROCHESTER,3868,43.3243,4974,NH,8.10374,-70.9437,4918,"<Polygon><outerBoundaryIs><LinearRing><coordinates>-70.898374,43.287623,0.0 -70.90521,43.279762,0.0 -70.990323,43.373078,0.0 -70.990665,43.374787,0.0 -70.986563,43.41102,0.0 -70.940076,43.33582,0.0 -70.898374,43.287623,0.0</coordinates></LinearRing></outerBoundaryIs></Polygon>"
ROLLINSFORD,3869,43.221,2506,NH,6.8993,-70.84,2482,"<Polygon><outerBoundaryIs><LinearRing><coordinates>-70.873763,43.228831,0.0 -70.838897,43.244554,0.0 -70.817705,43.23806,0.0 -70.820097,43.197041,0.0 -70.873763,43.228831,0.0</coordinates></LinearRing></outerBoundaryIs></Polygon>"
RYE,3870,43.0126,5180,NH,12.67918,-70.7636,5017,"<Polygon><outerBoundaryIs><LinearRing><coordinates>-70.770192,42.96939,0.0 -70.814628,43.001521,0.0 -70.809843,43.019637,0.0 -70.743188,43.053136,0.0 -70.770192,42.96939,0.0</coordinates></LinearRing></outerBoundaryIs></Polygon>"
SANBORNVILLE,3872,43.5784,3333,NH,42.5214,-71.0312,3239,"<Polygon><outerBoundaryIs><LinearRing><coordinates>-71.037494,43.529631,0.0 -71.124658,43.575777,0.0 -71.052192,43.582955,0.0 -71.059029,43.636279,0.0 -71.020061,43.672511,0.0 -70.974258,43.592868,0.0 -70.962294,43.540911,0.0 -70.999552,43.507413,0.0 -71.037494,43.529631,0.0</coordinates></LinearRing></outerBoundaryIs></Polygon>"
SANDOWN,3873,42.9333,5213,NH,14.38182,-71.1833,5062,"<Polygon><outerBoundaryIs><LinearRing><coordinates>-71.219342,42.912306,0.0 -71.219684,42.919143,0.0 -71.179691,42.960503,0.0 -71.149611,42.959819,0.0 -71.146876,42.897608,0.0 -71.159182,42.89795,0.0 -71.219342,42.912306,0.0</coordinates></LinearRing></outerBoundaryIs></Polygon>"
SEABROOK,3874,42.8869,8285,NH,8.93999,-70.8634,8049,"<Polygon><outerBoundaryIs><LinearRing><coordinates>-70.91649,42.897608,0.0 -70.92025,42.906495,0.0 -70.839239,42.901368,0.0 -70.824541,42.870946,0.0 -70.914781,42.887353,0.0 -70.91649,42.897608,0.0</coordinates></LinearRing></outerBoundaryIs></Polygon>"
SILVER LAKE,3875,43.8727,680,NH,11.00065,-71.1826,515,"<Polygon><outerBoundaryIs><LinearRing><coordinates>-71.184476,43.832825,0.0 -71.190287,43.830774,0.0 -71.178323,43.88649,0.0 -71.206353,43.855385,0.0 -71.221393,43.877261,0.0 -71.212505,43.924432,0.0 -71.212164,43.924774,0.0 -71.144142,43.844788,0.0 -71.184476,43.832825,0.0</coordinates></LinearRing></outerBoundaryIs></Polygon>"
SOMERSWORTH,3878,43.2526,11446,NH,9.56509,-70.8846,11328,"<Polygon><outerBoundaryIs><LinearRing><coordinates>-70.873763,43.228831,0.0 -70.92777,43.254809,0.0 -70.90521,43.279762,0.0 -70.898374,43.287623,0.0 -70.838897,43.244554,0.0 -70.873763,43.228831,0.0</coordinates></LinearRing></outerBoundaryIs></Polygon>"
EFFINGHAM,3882,43.7172,261,NH,9.02573,-71.0029,250,"<Polygon><outerBoundaryIs><LinearRing><coordinates>-71.013225,43.679006,0.0 -71.019378,43.682424,0.0 -70.985196,43.755915,0.0 -70.98041,43.684133,0.0 -71.013225,43.679006,0.0</coordinates></LinearRing></outerBoundaryIs></Polygon>"
SOUTH TAMWORTH,3883,43.8358,66,NH,5.86635,-71.326,137,"<Polygon><outerBoundaryIs><LinearRing><coordinates>-71.343764,43.843421,0.0 -71.266513,43.831457,0.0 -71.336927,43.825305,0.0 -71.36188,43.820861,0.0 -71.343764,43.843421,0.0</coordinates></LinearRing></outerBoundaryIs></Polygon>"
STRAFFORD,3884,43.2651,1812,NH,20.32655,-71.1664,1767,"<Polygon><outerBoundaryIs><LinearRing><coordinates>-71.103807,43.236351,0.0 -71.173538,43.229172,0.0 -71.189603,43.238401,0.0 -71.216607,43.303005,0.0 -71.2002,43.315653,0.0 -71.143458,43.279078,0.0 -71.103807,43.236351,0.0</coordinates></LinearRing></outerBoundaryIs></Polygon>"
STRATHAM,3885,43.016,6582,NH,15.87601,-70.9003,6434,"<Polygon><outerBoundaryIs><LinearRing><coordinates>-70.889145,42.971441,0.0 -70.934948,43.022372,0.0 -70.913414,43.051768,0.0 -70.886068,43.057237,0.0 -70.863166,43.00323,0.0 -70.889145,42.971441,0.0</coordinates></LinearRing></outerBoundaryIs></Polygon>"
TAMWORTH,3886,43.8716,1669,NH,32.91876,-71.2848,1554,"<Polygon><outerBoundaryIs><LinearRing><coordinates>-71.343764,43.843421,0.0 -71.359487,43.907683,0.0 -71.253524,43.912468,0.0 -71.221393,43.877261,0.0 -71.206353,43.855385,0.0 -71.209087,43.851283,0.0 -71.208404,43.83761,0.0 -71.219684,43.821886,0.0 -71.266513,43.831457,0.0 -71.343764,43.843421,0.0</coordinates></LinearRing></outerBoundaryIs></Polygon>"
UNION,3887,43.486,1869,NH,20.62029,-71.063,1830,"<Polygon><outerBoundaryIs><LinearRing><coordinates>-71.087741,43.425035,0.0 -71.110985,43.506729,0.0 -71.037494,43.529631,0.0 -70.999552,43.507413,0.0 -71.086716,43.425718,0.0 -71.087741,43.425035,0.0</coordinates></LinearRing></outerBoundaryIs></Polygon>"
WEST OSSIPEE,3890,43.8362,430,NH,3.80164,-71.1955,561,"<Polygon><outerBoundaryIs><LinearRing><coordinates>-71.208404,43.83761,0.0 -71.209087,43.851283,0.0 -71.206353,43.855385,0.0 -71.178323,43.88649,0.0 -71.190287,43.830774,0.0 -71.219684,43.821886,0.0 -71.208404,43.83761,0.0</coordinates></LinearRing></outerBoundaryIs></Polygon>"
WOLFEBORO,3894,43.6065,6731,NH,71.42444,-71.1588,6437,"<Polygon><outerBoundaryIs><LinearRing><coordinates>-71.037494,43.529631,0.0 -71.110985,43.506729,0.0 -71.127392,43.5727,0.0 -71.164309,43.540228,0.0 -71.199174,43.559028,0.0 -71.260702,43.613377,0.0 -71.277451,43.648584,0.0 -71.185843,43.679348,0.0 -71.059029,43.636279,0.0 -71.052192,43.582955,0.0 -71.124658,43.575777,0.0 -71.037494,43.529631,0.0</coordinates></LinearRing></outerBoundaryIs></Polygon>"
EAST KINGSTON,3827,42.9058,2662,NH,16.97811,-70.9889,2592,"<Polygon><outerBoundaryIs><LinearRing><coordinates>-70.914781,42.887353,0.0 -70.997501,42.864452,0.0 -71.023479,42.893848,0.0 -70.998527,42.952983,0.0 -70.91649,42.897608,0.0 -70.914781,42.887353,0.0</coordinates></LinearRing></outerBoundaryIs></Polygon>"
PORTSMOUTH,3801,43.0695,21735,NH,23.66787,-70.8004,21543,"<Polygon><outerBoundaryIs><LinearRing><coordinates>-70.809843,43.019637,0.0 -70.832745,43.059288,0.0 -70.855646,43.121841,0.0 -70.743188,43.053136,0.0 -70.809843,43.019637,0.0</coordinates></LinearRing></outerBoundaryIs></Polygon>"
NEW CASTLE,3854,43.0657,1057,NH,0.78875,-70.7202,1010,
ANTRIM,3440,43.0541,2880,NH,36.527,-71.9835,2514,"<Polygon><outerBoundaryIs><LinearRing><coordinates>-71.941605,43.019637,0.0 -72.059191,43.004939,0.0 -72.057824,43.018954,0.0 -72.043125,43.08219,0.0 -71.948783,43.115347,0.0 -71.908107,43.053136,0.0 -71.941605,43.019637,0.0</coordinates></LinearRing></outerBoundaryIs></Polygon>"
MANCHESTER,3103,42.9546,37695,NH,9.95601,-71.4441,37101,"<Polygon><outerBoundaryIs><LinearRing><coordinates>-71.452462,42.910939,0.0 -71.475364,42.966314,0.0 -71.471262,42.974175,0.0 -71.459299,42.990925,0.0 -71.433662,42.988874,0.0 -71.412811,42.935208,0.0 -71.441182,42.890088,0.0 -71.45383,42.903077,0.0 -71.452462,42.910939,0.0</coordinates></LinearRing></outerBoundaryIs></Polygon>"
CONTOOCOOK,3229,43.1978,5722,NH,45.73581,-71.6953,5505,"<Polygon><outerBoundaryIs><LinearRing><coordinates>-71.601153,43.16115,0.0 -71.616194,43.152947,0.0 -71.658237,43.143718,0.0 -71.73959,43.153972,0.0 -71.788812,43.232249,0.0 -71.745059,43.247631,0.0 -71.638754,43.216183,0.0 -71.601153,43.16115,0.0</coordinates></LinearRing></outerBoundaryIs></Polygon>"
HAMPTON,3842,42.9402,15216,NH,13.46765,-70.8374,14836,"<Polygon><outerBoundaryIs><LinearRing><coordinates>-70.835479,42.912306,0.0 -70.90145,42.967339,0.0 -70.890512,42.970757,0.0 -70.783864,42.952299,0.0 -70.835479,42.912306,0.0</coordinates></LinearRing></outerBoundaryIs></Polygon>"
HOLLIS,3049,42.7498,7219,NH,32.71941,-71.5837,7043,"<Polygon><outerBoundaryIs><LinearRing><coordinates>-71.642514,42.777971,0.0 -71.608332,42.797797,0.0 -71.558768,42.803608,0.0 -71.554666,42.794379,0.0 -71.528346,42.739688,0.0 -71.542019,42.702771,0.0 -71.63055,42.704822,0.0 -71.642514,42.777971,0.0</coordinates></LinearRing></outerBoundaryIs></Polygon>"
NASHUA,3063,42.779,16354,NH,8.18701,-71.5184,16175,"<Polygon><outerBoundaryIs><LinearRing><coordinates>-71.528346,42.739688,0.0 -71.554666,42.794379,0.0 -71.499291,42.805317,0.0 -71.493481,42.763957,0.0 -71.493481,42.760197,0.0 -71.528346,42.739688,0.0</coordinates></LinearRing></outerBoundaryIs></Polygon>"
BEDFORD,3110,42.9408,19004,NH,33.12382,-71.5306,18402,"<Polygon><outerBoundaryIs><LinearRing><coordinates>-71.452462,42.910939,0.0 -71.570048,42.896241,0.0 -71.609015,42.940677,0.0 -71.600812,42.972808,0.0 -71.504419,42.982037,0.0 -71.475364,42.966314,0.0 -71.452462,42.910939,0.0</coordinates></LinearRing></outerBoundaryIs></Polygon>"
