LAKE MEMPHREMAGOG,82,44.9817,10,VT,8.12703,-72.2188,13,"<Polygon><outerBoundaryIs><LinearRing><coordinates>-72.2113,45.005263,0.0 -72.235228,44.959118,0.0 -72.255395,45.00458,0.0 -72.2113,45.005263,0.0</coordinates></LinearRing></outerBoundaryIs></Polygon>"
WARNERS GRANT,190,44.922,0,VT,3.23075,-71.9129,0,"<Polygon><outerBoundaryIs><LinearRing><coordinates>-71.895801,44.94442,0.0 -71.9105,44.895198,0.0 -71.921096,44.932114,0.0 -71.917678,44.943736,0.0 -71.895801,44.94442,0.0</coordinates></LinearRing></outerBoundaryIs></Polygon>"
WEST WARREN GORE,191,44.9113,10,VT,11.71276,-71.8759,10,"<Polygon><outerBoundaryIs><LinearRing><coordinates>-71.895801,44.94442,0.0 -71.846238,44.945103,0.0 -71.858543,44.863067,0.0 -71.874609,44.876398,0.0 -71.9105,44.895198,0.0 -71.895801,44.94442,0.0</coordinates></LinearRing></outerBoundaryIs></Polygon>"
LEWIS MCD,192,44.8664,0,VT,40.75042,-71.7504,0,"<Polygon><outerBoundaryIs><LinearRing><coordinates>-71.741983,44.805983,0.0 -71.838376,44.85247,0.0 -71.766936,44.932798,0.0 -71.663365,44.879132,0.0 -71.741983,44.805983,0.0</coordinates></LinearRing></outerBoundaryIs></Polygon>"
WHITE RIVER JUNCTION,5001,43.6722,10741,VT,53.07918,-72.3861,10694,"<Polygon><outerBoundaryIs><LinearRing><coordinates>-72.305984,43.683792,0.0 -72.328202,43.606199,0.0 -72.354181,43.60278,0.0 -72.455017,43.6291,0.0 -72.465955,43.658497,0.0 -72.462879,43.708061,0.0 -72.426304,43.721733,0.0 -72.398617,43.742584,0.0 -72.305984,43.683792,0.0</coordinates></LinearRing></outerBoundaryIs></Polygon>"
BETHEL,5032,43.8111,2936,VT,86.33674,-72.6721,2906,"<Polygon><outerBoundaryIs><LinearRing><coordinates>-72.692923,43.693704,0.0 -72.675832,43.774032,0.0 -72.7524,43.777108,0.0 -72.783163,43.806163,0.0 -72.707963,43.911101,0.0 -72.617723,43.886832,0.0 -72.564741,43.87145,0.0 -72.627294,43.809581,0.0 -72.597556,43.723101,0.0 -72.674807,43.688577,0.0 -72.692923,43.693704,0.0</coordinates></LinearRing></outerBoundaryIs></Polygon>"
BRADFORD,5033,44.0064,2745,VT,31.64849,-72.163,2672,"<Polygon><outerBoundaryIs><LinearRing><coordinates>-72.242406,43.975363,0.0 -72.243431,43.97673,0.0 -72.204464,44.039283,0.0 -72.179511,44.058083,0.0 -72.092005,44.024585,0.0 -72.098842,43.957588,0.0 -72.115933,43.947334,0.0 -72.242406,43.975363,0.0</coordinates></LinearRing></outerBoundaryIs></Polygon>"
BRIDGEWATER,5034,43.575,120,VT,3.17684,-72.643,118,"<Polygon><outerBoundaryIs><LinearRing><coordinates>-72.620457,43.586373,0.0 -72.634814,43.558002,0.0 -72.646436,43.560737,0.0 -72.631054,43.588082,0.0 -72.620457,43.586373,0.0</coordinates></LinearRing></outerBoundaryIs></Polygon>"
BRIDGEWATER CORNERS,5035,43.6029,831,VT,35.20509,-72.6866,722,"<Polygon><outerBoundaryIs><LinearRing><coordinates>-72.646436,43.560737,0.0 -72.653272,43.515275,0.0 -72.757527,43.588082,0.0 -72.700101,43.680373,0.0 -72.692923,43.693704,0.0 -72.674807,43.688577,0.0 -72.631054,43.588082,0.0 -72.646436,43.560737,0.0</coordinates></LinearRing></outerBoundaryIs></Polygon>"
BROOKFIELD,5036,44.033,642,VT,20.93919,-72.5879,642,"<Polygon><outerBoundaryIs><LinearRing><coordinates>-72.535003,44.061501,0.0 -72.557221,43.979123,0.0 -72.568159,43.981858,0.0 -72.624901,43.996898,0.0 -72.635839,44.072098,0.0 -72.535003,44.061501,0.0</coordinates></LinearRing></outerBoundaryIs></Polygon>"
CHELSEA,5038,43.9949,1339,VT,49.91576,-72.4727,1416,"<Polygon><outerBoundaryIs><LinearRing><coordinates>-72.510734,43.965792,0.0 -72.557221,43.979123,0.0 -72.535003,44.061501,0.0 -72.473817,44.04065,0.0 -72.37845,44.017749,0.0 -72.381868,44.008178,0.0 -72.394857,43.929559,0.0 -72.510734,43.965792,0.0</coordinates></LinearRing></outerBoundaryIs></Polygon>"
CORINTH,5039,44.0368,1167,VT,42.67921,-72.2988,1199,"<Polygon><outerBoundaryIs><LinearRing><coordinates>-72.37845,44.017749,0.0 -72.348711,44.095683,0.0 -72.260864,44.078251,0.0 -72.204464,44.039283,0.0 -72.243431,43.97673,0.0 -72.381868,44.008178,0.0 -72.37845,44.017749,0.0</coordinates></LinearRing></outerBoundaryIs></Polygon>"
EAST CORINTH,5040,44.0692,424,VT,11.0366,-72.2065,464,"<Polygon><outerBoundaryIs><LinearRing><coordinates>-72.260864,44.078251,0.0 -72.224289,44.099102,0.0 -72.175067,44.06868,0.0 -72.179511,44.058083,0.0 -72.204464,44.039283,0.0 -72.260864,44.078251,0.0</coordinates></LinearRing></outerBoundaryIs></Polygon>"
EAST RANDOLPH,5041,43.9537,377,VT,7.20274,-72.5463,374,"<Polygon><outerBoundaryIs><LinearRing><coordinates>-72.510734,43.965792,0.0 -72.54389,43.918621,0.0 -72.568159,43.981858,0.0 -72.557221,43.979123,0.0 -72.510734,43.965792,0.0</coordinates></LinearRing></outerBoundaryIs></Polygon>"
EAST RYEGATE,5042,44.2213,490,VT,16.23184,-72.0827,484,"<Polygon><outerBoundaryIs><LinearRing><coordinates>-72.059533,44.255655,0.0 -72.053038,44.217713,0.0 -72.042784,44.156527,0.0 -72.08722,44.168833,0.0 -72.143962,44.270011,0.0 -72.059533,44.255655,0.0</coordinates></LinearRing></outerBoundaryIs></Polygon>"
EAST THETFORD,5043,43.7987,962,VT,6.59953,-72.2138,492,"<Polygon><outerBoundaryIs><LinearRing><coordinates>-72.205148,43.770955,0.0 -72.254369,43.785654,0.0 -72.183271,43.84137,0.0 -72.205148,43.770955,0.0</coordinates></LinearRing></outerBoundaryIs></Polygon>"
FAIRLEE,5045,43.9204,1897,VT,45.41611,-72.1953,1648,"<Polygon><outerBoundaryIs><LinearRing><coordinates>-72.261889,43.881705,0.0 -72.262915,43.909392,0.0 -72.256762,43.951778,0.0 -72.242406,43.975363,0.0 -72.115933,43.947334,0.0 -72.169257,43.872476,0.0 -72.18498,43.862905,0.0 -72.261889,43.881705,0.0</coordinates></LinearRing></outerBoundaryIs></Polygon>"
GROTON,5046,44.2407,989,VT,57.79562,-72.2513,990,"<Polygon><outerBoundaryIs><LinearRing><coordinates>-72.188057,44.276847,0.0 -72.166522,44.190709,0.0 -72.209591,44.190025,0.0 -72.303591,44.182847,0.0 -72.345293,44.216345,0.0 -72.314871,44.299066,0.0 -72.166522,44.314789,0.0 -72.188057,44.276847,0.0</coordinates></LinearRing></outerBoundaryIs></Polygon>"
HARTLAND,5048,43.5802,2131,VT,27.97333,-72.4204,2183,"<Polygon><outerBoundaryIs><LinearRing><coordinates>-72.471766,43.542962,0.0 -72.496719,43.566206,0.0 -72.455017,43.6291,0.0 -72.354181,43.60278,0.0 -72.346319,43.590475,0.0 -72.392806,43.52758,0.0 -72.471766,43.542962,0.0</coordinates></LinearRing></outerBoundaryIs></Polygon>"
NEWBURY,5051,44.0634,699,VT,12.94091,-72.0943,649,"<Polygon><outerBoundaryIs><LinearRing><coordinates>-72.179511,44.058083,0.0 -72.175067,44.06868,0.0 -72.10978,44.064236,0.0 -72.053038,44.103887,0.0 -72.052013,44.066287,0.0 -72.0797,44.030054,0.0 -72.092005,44.024585,0.0 -72.179511,44.058083,0.0</coordinates></LinearRing></outerBoundaryIs></Polygon>"
NORTH HARTLAND,5052,43.5982,354,VT,1.34856,-72.3482,178,"<Polygon><outerBoundaryIs><LinearRing><coordinates>-72.354181,43.60278,0.0 -72.328202,43.606199,0.0 -72.32957,43.600046,0.0 -72.346319,43.590475,0.0 -72.354181,43.60278,0.0</coordinates></LinearRing></outerBoundaryIs></Polygon>"
NORTH POMFRET,5053,43.7209,198,VT,6.17544,-72.4989,194,"<Polygon><outerBoundaryIs><LinearRing><coordinates>-72.475526,43.706693,0.0 -72.50629,43.705668,0.0 -72.541497,43.72105,0.0 -72.491592,43.746003,0.0 -72.460144,43.736773,0.0 -72.475526,43.706693,0.0</coordinates></LinearRing></outerBoundaryIs></Polygon>"
NORWICH,5055,43.7565,3405,VT,38.50849,-72.3091,3345,"<Polygon><outerBoundaryIs><LinearRing><coordinates>-72.398617,43.742584,0.0 -72.380842,43.768904,0.0 -72.339141,43.809581,0.0 -72.254369,43.785654,0.0 -72.205148,43.770955,0.0 -72.3053,43.692679,0.0 -72.305984,43.683792,0.0 -72.398617,43.742584,0.0</coordinates></LinearRing></outerBoundaryIs></Polygon>"
PLYMOUTH,5056,43.523,343,VT,39.4363,-72.7268,401,"<Polygon><outerBoundaryIs><LinearRing><coordinates>-72.653272,43.515275,0.0 -72.658058,43.475624,0.0 -72.74864,43.473231,0.0 -72.7712,43.478017,0.0 -72.772909,43.5915,0.0 -72.757527,43.588082,0.0 -72.653272,43.515275,0.0</coordinates></LinearRing></outerBoundaryIs></Polygon>"
POST MILLS,5058,43.8856,261,VT,3.65257,-72.2707,333,"<Polygon><outerBoundaryIs><LinearRing><coordinates>-72.261889,43.881705,0.0 -72.284449,43.902214,0.0 -72.278639,43.914177,0.0 -72.262915,43.909392,0.0 -72.261889,43.881705,0.0</coordinates></LinearRing></outerBoundaryIs></Polygon>"
RANDOLPH,5060,43.9693,4470,VT,66.59075,-72.6907,4455,"<Polygon><outerBoundaryIs><LinearRing><coordinates>-72.707963,43.911101,0.0 -72.791709,43.962032,0.0 -72.741803,44.02937,0.0 -72.670363,44.034498,0.0 -72.644385,44.076541,0.0 -72.635839,44.072098,0.0 -72.624901,43.996898,0.0 -72.617723,43.886832,0.0 -72.707963,43.911101,0.0</coordinates></LinearRing></outerBoundaryIs></Polygon>"
RANDOLPH CENTER,5061,43.9319,1520,VT,23.06674,-72.5897,1508,"<Polygon><outerBoundaryIs><LinearRing><coordinates>-72.617723,43.886832,0.0 -72.624901,43.996898,0.0 -72.568159,43.981858,0.0 -72.54389,43.918621,0.0 -72.549701,43.87145,0.0 -72.564741,43.87145,0.0 -72.617723,43.886832,0.0</coordinates></LinearRing></outerBoundaryIs></Polygon>"
READING,5062,43.4981,778,VT,43.54437,-72.5912,762,"<Polygon><outerBoundaryIs><LinearRing><coordinates>-72.618748,43.453064,0.0 -72.66045,43.456482,0.0 -72.658058,43.475624,0.0 -72.653272,43.515275,0.0 -72.646436,43.560737,0.0 -72.634814,43.558002,0.0 -72.532952,43.534075,0.0 -72.514152,43.477675,0.0 -72.530217,43.444176,0.0 -72.618748,43.453064,0.0</coordinates></LinearRing></outerBoundaryIs></Polygon>"
SHARON,5065,43.7769,979,VT,24.677,-72.4285,906,"<Polygon><outerBoundaryIs><LinearRing><coordinates>-72.491592,43.746003,0.0 -72.435533,43.832141,0.0 -72.403402,43.824621,0.0 -72.380842,43.768904,0.0 -72.398617,43.742584,0.0 -72.426304,43.721733,0.0 -72.460144,43.736773,0.0 -72.491592,43.746003,0.0</coordinates></LinearRing></outerBoundaryIs></Polygon>"
SOUTH POMFRET,5067,43.6879,240,VT,9.27248,-72.5366,179,"<Polygon><outerBoundaryIs><LinearRing><coordinates>-72.50629,43.705668,0.0 -72.500479,43.68721,0.0 -72.572603,43.688919,0.0 -72.541497,43.72105,0.0 -72.50629,43.705668,0.0</coordinates></LinearRing></outerBoundaryIs></Polygon>"
SOUTH ROYALTON,5068,43.7949,3416,VT,67.63648,-72.5349,3362,"<Polygon><outerBoundaryIs><LinearRing><coordinates>-72.541497,43.72105,0.0 -72.572603,43.688919,0.0 -72.597556,43.723101,0.0 -72.627294,43.809581,0.0 -72.564741,43.87145,0.0 -72.549701,43.87145,0.0 -72.441344,43.863588,0.0 -72.435533,43.832141,0.0 -72.491592,43.746003,0.0 -72.541497,43.72105,0.0</coordinates></LinearRing></outerBoundaryIs></Polygon>"
SOUTH RYEGATE,5069,44.1649,1196,VT,53.82949,-72.1588,1203,"<Polygon><outerBoundaryIs><LinearRing><coordinates>-72.224289,44.099102,0.0 -72.209591,44.190025,0.0 -72.166522,44.190709,0.0 -72.188057,44.276847,0.0 -72.143962,44.270011,0.0 -72.08722,44.168833,0.0 -72.143278,44.126789,0.0 -72.10978,44.064236,0.0 -72.175067,44.06868,0.0 -72.224289,44.099102,0.0</coordinates></LinearRing></outerBoundaryIs></Polygon>"
SOUTH STRAFFORD,5070,43.8265,497,VT,13.96471,-72.3573,401,"<Polygon><outerBoundaryIs><LinearRing><coordinates>-72.380842,43.768904,0.0 -72.403402,43.824621,0.0 -72.324784,43.861537,0.0 -72.339141,43.809581,0.0 -72.380842,43.768904,0.0</coordinates></LinearRing></outerBoundaryIs></Polygon>"
SOUTH WOODSTOCK,5071,43.5615,471,VT,19.10715,-72.5575,452,"<Polygon><outerBoundaryIs><LinearRing><coordinates>-72.634814,43.558002,0.0 -72.620457,43.586373,0.0 -72.496719,43.566206,0.0 -72.471766,43.542962,0.0 -72.532952,43.534075,0.0 -72.634814,43.558002,0.0</coordinates></LinearRing></outerBoundaryIs></Polygon>"
STRAFFORD,5072,43.8779,559,VT,30.42486,-72.3834,621,"<Polygon><outerBoundaryIs><LinearRing><coordinates>-72.441344,43.863588,0.0 -72.394857,43.929559,0.0 -72.300515,43.904948,0.0 -72.324784,43.861537,0.0 -72.403402,43.824621,0.0 -72.435533,43.832141,0.0 -72.441344,43.863588,0.0</coordinates></LinearRing></outerBoundaryIs></Polygon>"
TAFTSVILLE,5073,43.6869,134,VT,6.33067,-72.4775,131,"<Polygon><outerBoundaryIs><LinearRing><coordinates>-72.465955,43.658497,0.0 -72.500479,43.68721,0.0 -72.50629,43.705668,0.0 -72.475526,43.706693,0.0 -72.462879,43.708061,0.0 -72.465955,43.658497,0.0</coordinates></LinearRing></outerBoundaryIs></Polygon>"
THETFORD CENTER,5075,43.8369,976,VT,31.50208,-72.2685,1634,"<Polygon><outerBoundaryIs><LinearRing><coordinates>-72.324784,43.861537,0.0 -72.300515,43.904948,0.0 -72.284449,43.902214,0.0 -72.261889,43.881705,0.0 -72.18498,43.862905,0.0 -72.183271,43.84137,0.0 -72.254369,43.785654,0.0 -72.339141,43.809581,0.0 -72.324784,43.861537,0.0</coordinates></LinearRing></outerBoundaryIs></Polygon>"
TUNBRIDGE,5077,43.9052,1147,VT,38.47093,-72.4827,1142,"<Polygon><outerBoundaryIs><LinearRing><coordinates>-72.441344,43.863588,0.0 -72.549701,43.87145,0.0 -72.54389,43.918621,0.0 -72.510734,43.965792,0.0 -72.394857,43.929559,0.0 -72.441344,43.863588,0.0</coordinates></LinearRing></outerBoundaryIs></Polygon>"
VERSHIRE,5079,43.9583,631,VT,33.60064,-72.3308,587,"<Polygon><outerBoundaryIs><LinearRing><coordinates>-72.394857,43.929559,0.0 -72.381868,44.008178,0.0 -72.243431,43.97673,0.0 -72.242406,43.975363,0.0 -72.256762,43.951778,0.0 -72.307693,43.948018,0.0 -72.278639,43.914177,0.0 -72.284449,43.902214,0.0 -72.300515,43.904948,0.0 -72.394857,43.929559,0.0</coordinates></LinearRing></outerBoundaryIs></Polygon>"
WELLS RIVER,5081,44.1245,829,VT,26.51963,-72.094,830,"<Polygon><outerBoundaryIs><LinearRing><coordinates>-72.08722,44.168833,0.0 -72.042784,44.156527,0.0 -72.040049,44.155843,0.0 -72.034238,44.132258,0.0 -72.053038,44.103887,0.0 -72.10978,44.064236,0.0 -72.143278,44.126789,0.0 -72.08722,44.168833,0.0</coordinates></LinearRing></outerBoundaryIs></Polygon>"
WEST FAIRLEE,5083,43.9309,264,VT,7.64258,-72.2679,258,"<Polygon><outerBoundaryIs><LinearRing><coordinates>-72.262915,43.909392,0.0 -72.278639,43.914177,0.0 -72.307693,43.948018,0.0 -72.256762,43.951778,0.0 -72.262915,43.909392,0.0</coordinates></LinearRing></outerBoundaryIs></Polygon>"
WEST HARTFORD,5084,43.7172,167,VT,3.8807,-72.452,164,"<Polygon><outerBoundaryIs><LinearRing><coordinates>-72.475526,43.706693,0.0 -72.460144,43.736773,0.0 -72.426304,43.721733,0.0 -72.462879,43.708061,0.0 -72.475526,43.706693,0.0</coordinates></LinearRing></outerBoundaryIs></Polygon>"
WEST TOPSHAM,5086,44.1315,1191,VT,44.26007,-72.2821,1165,"<Polygon><outerBoundaryIs><LinearRing><coordinates>-72.348711,44.095683,0.0 -72.369221,44.099102,0.0 -72.398959,44.131916,0.0 -72.356231,44.144222,0.0 -72.303591,44.182847,0.0 -72.209591,44.190025,0.0 -72.224289,44.099102,0.0 -72.260864,44.078251,0.0 -72.348711,44.095683,0.0</coordinates></LinearRing></outerBoundaryIs></Polygon>"
WINDSOR,5089,43.4903,5413,VT,40.28939,-72.4443,5228,"<Polygon><outerBoundaryIs><LinearRing><coordinates>-72.443395,43.409995,0.0 -72.455017,43.435631,0.0 -72.514152,43.477675,0.0 -72.532952,43.534075,0.0 -72.471766,43.542962,0.0 -72.392806,43.52758,0.0 -72.395882,43.520402,0.0 -72.396224,43.428795,0.0 -72.401693,43.403842,0.0 -72.443395,43.409995,0.0</coordinates></LinearRing></outerBoundaryIs></Polygon>"
WOODSTOCK,5091,43.6418,3704,VT,74.84021,-72.5695,3695,"<Polygon><outerBoundaryIs><LinearRing><coordinates>-72.631054,43.588082,0.0 -72.674807,43.688577,0.0 -72.597556,43.723101,0.0 -72.572603,43.688919,0.0 -72.500479,43.68721,0.0 -72.465955,43.658497,0.0 -72.455017,43.6291,0.0 -72.496719,43.566206,0.0 -72.620457,43.586373,0.0 -72.631054,43.588082,0.0</coordinates></LinearRing></outerBoundaryIs></Polygon>"
BELLOWS FALLS,5101,43.174,5196,VT,39.34876,-72.5032,5005,"<Polygon><outerBoundaryIs><LinearRing><coordinates>-72.515177,43.127652,0.0 -72.562348,43.115688,0.0 -72.58901,43.13859,0.0 -72.557563,43.163543,0.0 -72.557221,43.196016,0.0 -72.51005,43.2343,0.0 -72.433824,43.233274,0.0 -72.451941,43.161492,0.0 -72.440661,43.131412,0.0 -72.437926,43.124918,0.0 -72.489199,43.125943,0.0 -72.515177,43.127652,0.0</coordinates></LinearRing></outerBoundaryIs></Polygon>"
CAMBRIDGEPORT,5141,43.152,101,VT,1.27546,-72.569,100,
CAVENDISH,5142,43.4041,819,VT,27.31701,-72.585,807,"<Polygon><outerBoundaryIs><LinearRing><coordinates>-72.625585,43.349151,0.0 -72.618748,43.453064,0.0 -72.530217,43.444176,0.0 -72.538079,43.380598,0.0 -72.625585,43.349151,0.0</coordinates></LinearRing></outerBoundaryIs></Polygon>"
CHESTER,5143,43.2813,3844,VT,95.73515,-72.6424,4077,"<Polygon><outerBoundaryIs><LinearRing><coordinates>-72.735309,43.219601,0.0 -72.755134,43.239427,0.0 -72.75992,43.353594,0.0 -72.707621,43.281812,0.0 -72.661818,43.349834,0.0 -72.625585,43.349151,0.0 -72.538079,43.380598,0.0 -72.545257,43.345049,0.0 -72.546283,43.317362,0.0 -72.51005,43.2343,0.0 -72.557221,43.196016,0.0 -72.677541,43.198409,0.0 -72.735309,43.219601,0.0</coordinates></LinearRing></outerBoundaryIs></Polygon>"
GRAFTON,5146,43.1664,789,VT,44.96473,-72.6195,715,"<Polygon><outerBoundaryIs><LinearRing><coordinates>-72.562348,43.115688,0.0 -72.576363,43.072619,0.0 -72.605759,43.071936,0.0 -72.639941,43.125259,0.0 -72.677541,43.198409,0.0 -72.557221,43.196016,0.0 -72.557563,43.163543,0.0 -72.58901,43.13859,0.0 -72.562348,43.115688,0.0</coordinates></LinearRing></outerBoundaryIs></Polygon>"
LONDONDERRY,5148,43.2525,1441,VT,56.24419,-72.8779,1422,"<Polygon><outerBoundaryIs><LinearRing><coordinates>-72.849818,43.228489,0.0 -72.942109,43.208321,0.0 -72.978342,43.209347,0.0 -72.975949,43.292409,0.0 -72.867934,43.300954,0.0 -72.755134,43.239427,0.0 -72.735309,43.219601,0.0 -72.804014,43.184736,0.0 -72.849818,43.228489,0.0</coordinates></LinearRing></outerBoundaryIs></Polygon>"
LUDLOW,5149,43.3882,2638,VT,45.33024,-72.7046,2638,"<Polygon><outerBoundaryIs><LinearRing><coordinates>-72.75992,43.353594,0.0 -72.770858,43.358038,0.0 -72.74864,43.473231,0.0 -72.658058,43.475624,0.0 -72.66045,43.456482,0.0 -72.661818,43.349834,0.0 -72.707621,43.281812,0.0 -72.75992,43.353594,0.0</coordinates></LinearRing></outerBoundaryIs></Polygon>"
NORTH SPRINGFIELD,5150,43.3353,954,VT,2.62127,-72.5293,946,"<Polygon><outerBoundaryIs><LinearRing><coordinates>-72.501846,43.342998,0.0 -72.546283,43.317362,0.0 -72.545257,43.345049,0.0 -72.501846,43.342998,0.0</coordinates></LinearRing></outerBoundaryIs></Polygon>"
PERKINSVILLE,5151,43.3962,1333,VT,26.515,-72.495,1463,"<Polygon><outerBoundaryIs><LinearRing><coordinates>-72.538079,43.380598,0.0 -72.530217,43.444176,0.0 -72.455017,43.435631,0.0 -72.443395,43.409995,0.0 -72.501846,43.342998,0.0 -72.545257,43.345049,0.0 -72.538079,43.380598,0.0</coordinates></LinearRing></outerBoundaryIs></Polygon>"
PERU,5152,43.219,159,VT,6.74375,-72.8848,156,"<Polygon><outerBoundaryIs><LinearRing><coordinates>-72.861782,43.204903,0.0 -72.942109,43.208321,0.0 -72.849818,43.228489,0.0 -72.861782,43.204903,0.0</coordinates></LinearRing></outerBoundaryIs></Polygon>"
PROCTORSVILLE,5153,43.4064,674,VT,12.72618,-72.6421,665,"<Polygon><outerBoundaryIs><LinearRing><coordinates>-72.625585,43.349151,0.0 -72.661818,43.349834,0.0 -72.66045,43.456482,0.0 -72.618748,43.453064,0.0 -72.625585,43.349151,0.0</coordinates></LinearRing></outerBoundaryIs></Polygon>"
SAXTONS RIVER,5154,43.1346,597,VT,1.50639,-72.5018,602,
SOUTH LONDONDERRY,5155,43.1776,860,VT,28.80267,-72.796,850,"<Polygon><outerBoundaryIs><LinearRing><coordinates>-72.774276,43.142009,0.0 -72.866909,43.145085,0.0 -72.861782,43.204903,0.0 -72.849818,43.228489,0.0 -72.804014,43.184736,0.0 -72.735309,43.219601,0.0 -72.715825,43.166278,0.0 -72.774276,43.142009,0.0</coordinates></LinearRing></outerBoundaryIs></Polygon>"
SPRINGFIELD,5156,43.3078,8854,VT,62.81725,-72.4689,8925,"<Polygon><outerBoundaryIs><LinearRing><coordinates>-72.546283,43.317362,0.0 -72.501846,43.342998,0.0 -72.443395,43.409995,0.0 -72.401693,43.403842,0.0 -72.406821,43.337529,0.0 -72.433824,43.233274,0.0 -72.51005,43.2343,0.0 -72.546283,43.317362,0.0</coordinates></LinearRing></outerBoundaryIs></Polygon>"
WESTMINSTER,5158,43.1054,1005,VT,9.76782,-72.4734,849,"<Polygon><outerBoundaryIs><LinearRing><coordinates>-72.437926,43.124918,0.0 -72.450232,43.068176,0.0 -72.515177,43.127652,0.0 -72.489199,43.125943,0.0 -72.437926,43.124918,0.0</coordinates></LinearRing></outerBoundaryIs></Polygon>"
WESTON,5161,43.3162,600,VT,32.91004,-72.808,592,"<Polygon><outerBoundaryIs><LinearRing><coordinates>-72.867934,43.300954,0.0 -72.852553,43.367951,0.0 -72.793076,43.365216,0.0 -72.770858,43.358038,0.0 -72.75992,43.353594,0.0 -72.755134,43.239427,0.0 -72.867934,43.300954,0.0</coordinates></LinearRing></outerBoundaryIs></Polygon>"
BENNINGTON,5201,42.9075,15250,VT,146.81909,-73.1234,15339,"<Polygon><outerBoundaryIs><LinearRing><coordinates>-73.012866,42.860008,0.0 -73.015258,42.832321,0.0 -73.137288,42.838132,0.0 -73.138313,42.793353,0.0 -73.246328,42.804291,0.0 -73.278459,42.837448,0.0 -73.275724,42.897266,0.0 -73.210095,42.932474,0.0 -73.14139,43.026132,0.0 -73.003295,43.023056,0.0 -73.003295,43.022714,0.0 -73.007397,42.929055,0.0 -73.012866,42.860008,0.0</coordinates></LinearRing></outerBoundaryIs></Polygon>"
ARLINGTON,5250,43.1048,3496,VT,131.23222,-73.1536,3480,"<Polygon><outerBoundaryIs><LinearRing><coordinates>-72.994749,43.117056,0.0 -73.003295,43.023056,0.0 -73.14139,43.026132,0.0 -73.269913,43.030576,0.0 -73.266153,43.088001,0.0 -73.262393,43.15739,0.0 -73.259317,43.216867,0.0 -73.123957,43.213791,0.0 -73.114044,43.11979,0.0 -73.002953,43.118423,0.0 -72.994749,43.117056,0.0</coordinates></LinearRing></outerBoundaryIs></Polygon>"
DORSET,5251,43.2631,1454,VT,34.52505,-73.0658,1448,"<Polygon><outerBoundaryIs><LinearRing><coordinates>-72.994749,43.306082,0.0 -73.041237,43.212081,0.0 -73.123957,43.213791,0.0 -73.12088,43.308816,0.0 -73.093193,43.307107,0.0 -72.994749,43.306082,0.0</coordinates></LinearRing></outerBoundaryIs></Polygon>"
EAST ARLINGTON,5252,43.0594,128,VT,0.84122,-73.1361,129,
EAST DORSET,5253,43.2473,591,VT,11.22549,-72.9984,588,"<Polygon><outerBoundaryIs><LinearRing><coordinates>-72.978342,43.209347,0.0 -72.999535,43.21174,0.0 -73.041237,43.212081,0.0 -72.994749,43.306082,0.0 -72.975949,43.292409,0.0 -72.978342,43.209347,0.0</coordinates></LinearRing></outerBoundaryIs></Polygon>"
NORTH BENNINGTON,5257,42.9267,2312,VT,5.8941,-73.249,2316,"<Polygon><outerBoundaryIs><LinearRing><coordinates>-73.275724,42.897266,0.0 -73.274699,42.934524,0.0 -73.210095,42.932474,0.0 -73.275724,42.897266,0.0</coordinates></LinearRing></outerBoundaryIs></Polygon>"
NORTH POWNAL,5260,42.8157,383,VT,4.91953,-73.2654,384,"<Polygon><outerBoundaryIs><LinearRing><coordinates>-73.246328,42.804291,0.0 -73.286321,42.810102,0.0 -73.278459,42.837448,0.0 -73.246328,42.804291,0.0</coordinates></LinearRing></outerBoundaryIs></Polygon>"
POWNAL,5261,42.7745,2473,VT,28.86342,-73.2123,2463,"<Polygon><outerBoundaryIs><LinearRing><coordinates>-73.138313,42.793353,0.0 -73.142415,42.743448,0.0 -73.163608,42.744131,0.0 -73.264786,42.74584,0.0 -73.286321,42.810102,0.0 -73.246328,42.804291,0.0 -73.138313,42.793353,0.0</coordinates></LinearRing></outerBoundaryIs></Polygon>"
SHAFTSBURY,5262,42.984,3021,VT,37.90601,-73.2112,2992,"<Polygon><outerBoundaryIs><LinearRing><coordinates>-73.210095,42.932474,0.0 -73.274699,42.934524,0.0 -73.274357,42.942386,0.0 -73.271964,42.99571,0.0 -73.269913,43.030576,0.0 -73.14139,43.026132,0.0 -73.210095,42.932474,0.0</coordinates></LinearRing></outerBoundaryIs></Polygon>"
BRATTLEBORO,5301,42.8484,16467,VT,151.80919,-72.6601,16666,"<Polygon><outerBoundaryIs><LinearRing><coordinates>-72.792051,42.805659,0.0 -72.821789,42.826851,0.0 -72.798545,42.922561,0.0 -72.79752,42.922219,0.0 -72.773934,42.924612,0.0 -72.730523,42.883593,0.0 -72.700443,42.923586,0.0 -72.641308,42.947172,0.0 -72.623876,42.985114,0.0 -72.524406,42.916408,0.0 -72.554828,42.858299,0.0 -72.545941,42.823775,0.0 -72.565766,42.730117,0.0 -72.674465,42.732851,0.0 -72.686429,42.733193,0.0 -72.689847,42.801215,0.0 -72.792051,42.805659,0.0</coordinates></LinearRing></outerBoundaryIs></Polygon>"
BONDVILLE,5340,43.1633,629,VT,41.87316,-72.9361,607,"<Polygon><outerBoundaryIs><LinearRing><coordinates>-73.002953,43.118423,0.0 -72.999535,43.21174,0.0 -72.978342,43.209347,0.0 -72.942109,43.208321,0.0 -72.861782,43.204903,0.0 -72.866909,43.145085,0.0 -72.900749,43.115005,0.0 -72.994749,43.117056,0.0 -73.002953,43.118423,0.0</coordinates></LinearRing></outerBoundaryIs></Polygon>"
EAST DOVER,5341,42.9525,363,VT,6.47225,-72.7809,351,"<Polygon><outerBoundaryIs><LinearRing><coordinates>-72.79752,42.922219,0.0 -72.780429,42.987165,0.0 -72.755476,42.986823,0.0 -72.773934,42.924612,0.0 -72.79752,42.922219,0.0</coordinates></LinearRing></outerBoundaryIs></Polygon>"
JACKSONVILLE,5342,42.7799,656,VT,17.57435,-72.8079,696,"<Polygon><outerBoundaryIs><LinearRing><coordinates>-72.792051,42.805659,0.0 -72.768465,42.735586,0.0 -72.816662,42.736611,0.0 -72.855971,42.827877,0.0 -72.821789,42.826851,0.0 -72.792051,42.805659,0.0</coordinates></LinearRing></outerBoundaryIs></Polygon>"
JAMAICA,5343,43.1001,878,VT,40.0298,-72.8075,858,"<Polygon><outerBoundaryIs><LinearRing><coordinates>-72.873062,43.053819,0.0 -72.809142,43.079797,0.0 -72.900749,43.115005,0.0 -72.866909,43.145085,0.0 -72.774276,43.142009,0.0 -72.72608,43.073987,0.0 -72.733941,43.051768,0.0 -72.873062,43.053819,0.0</coordinates></LinearRing></outerBoundaryIs></Polygon>"
NEWFANE,5345,42.9999,1593,VT,30.92225,-72.6655,1490,"<Polygon><outerBoundaryIs><LinearRing><coordinates>-72.697709,42.959135,0.0 -72.7524,42.998103,0.0 -72.74317,43.021005,0.0 -72.621141,43.01827,0.0 -72.605759,43.071936,0.0 -72.576363,43.072619,0.0 -72.623876,42.985114,0.0 -72.641308,42.947172,0.0 -72.697709,42.959135,0.0</coordinates></LinearRing></outerBoundaryIs></Polygon>"
PUTNEY,5346,43.0262,5116,VT,72.92086,-72.5319,5271,"<Polygon><outerBoundaryIs><LinearRing><coordinates>-72.576363,43.072619,0.0 -72.562348,43.115688,0.0 -72.515177,43.127652,0.0 -72.450232,43.068176,0.0 -72.459461,43.020663,0.0 -72.526799,42.934183,0.0 -72.524406,42.916408,0.0 -72.623876,42.985114,0.0 -72.576363,43.072619,0.0</coordinates></LinearRing></outerBoundaryIs></Polygon>"
READSBORO,5350,42.7994,808,VT,37.05561,-72.9718,808,"<Polygon><outerBoundaryIs><LinearRing><coordinates>-72.926044,42.82651,0.0 -72.930145,42.739346,0.0 -73.018677,42.741055,0.0 -73.015258,42.832321,0.0 -73.012866,42.860008,0.0 -72.926044,42.82651,0.0</coordinates></LinearRing></outerBoundaryIs></Polygon>"
SOUTH NEWFANE,5351,42.9383,301,VT,17.37214,-72.7344,301,"<Polygon><outerBoundaryIs><LinearRing><coordinates>-72.697709,42.959135,0.0 -72.700443,42.923586,0.0 -72.730523,42.883593,0.0 -72.773934,42.924612,0.0 -72.755476,42.986823,0.0 -72.7524,42.998103,0.0 -72.697709,42.959135,0.0</coordinates></LinearRing></outerBoundaryIs></Polygon>"
STAMFORD,5352,42.788,812,VT,39.28924,-73.0784,814,"<Polygon><outerBoundaryIs><LinearRing><coordinates>-73.018677,42.741055,0.0 -73.022778,42.741055,0.0 -73.142415,42.743448,0.0 -73.138313,42.793353,0.0 -73.137288,42.838132,0.0 -73.015258,42.832321,0.0 -73.018677,42.741055,0.0</coordinates></LinearRing></outerBoundaryIs></Polygon>"
TOWNSHEND,5353,43.0638,1081,VT,37.10282,-72.6675,1071,"<Polygon><outerBoundaryIs><LinearRing><coordinates>-72.74317,43.021005,0.0 -72.733941,43.051768,0.0 -72.72608,43.073987,0.0 -72.639941,43.125259,0.0 -72.605759,43.071936,0.0 -72.621141,43.01827,0.0 -72.74317,43.021005,0.0</coordinates></LinearRing></outerBoundaryIs></Polygon>"
VERNON,5354,42.7621,2153,VT,19.97282,-72.5259,2141,"<Polygon><outerBoundaryIs><LinearRing><coordinates>-72.545941,42.823775,0.0 -72.458435,42.726699,0.0 -72.516886,42.728408,0.0 -72.565766,42.730117,0.0 -72.545941,42.823775,0.0</coordinates></LinearRing></outerBoundaryIs></Polygon>"
WARDSBORO,5355,43.0209,761,VT,27.89626,-72.8063,740,"<Polygon><outerBoundaryIs><LinearRing><coordinates>-72.780429,42.987165,0.0 -72.878873,42.990241,0.0 -72.873062,43.053819,0.0 -72.733941,43.051768,0.0 -72.74317,43.021005,0.0 -72.7524,42.998103,0.0 -72.755476,42.986823,0.0 -72.780429,42.987165,0.0</coordinates></LinearRing></outerBoundaryIs></Polygon>"
WEST DOVER,5356,42.9677,1096,VT,57.96754,-72.9094,1058,"<Polygon><outerBoundaryIs><LinearRing><coordinates>-72.798545,42.922561,0.0 -73.007397,42.929055,0.0 -73.003295,43.022714,0.0 -72.878873,42.990241,0.0 -72.780429,42.987165,0.0 -72.79752,42.922219,0.0 -72.798545,42.922561,0.0</coordinates></LinearRing></outerBoundaryIs></Polygon>"
WEST HALIFAX,5358,42.7665,269,VT,17.34677,-72.7318,261,"<Polygon><outerBoundaryIs><LinearRing><coordinates>-72.686429,42.733193,0.0 -72.768465,42.735586,0.0 -72.792051,42.805659,0.0 -72.689847,42.801215,0.0 -72.686429,42.733193,0.0</coordinates></LinearRing></outerBoundaryIs></Polygon>"
WEST TOWNSHEND,5359,43.1428,437,VT,26.19441,-72.7104,433,"<Polygon><outerBoundaryIs><LinearRing><coordinates>-72.72608,43.073987,0.0 -72.774276,43.142009,0.0 -72.715825,43.166278,0.0 -72.735309,43.219601,0.0 -72.677541,43.198409,0.0 -72.639941,43.125259,0.0 -72.72608,43.073987,0.0</coordinates></LinearRing></outerBoundaryIs></Polygon>"
WEST WARDSBORO,5360,43.063,253,VT,49.33566,-72.9238,248,"<Polygon><outerBoundaryIs><LinearRing><coordinates>-73.003295,43.023056,0.0 -72.994749,43.117056,0.0 -72.900749,43.115005,0.0 -72.809142,43.079797,0.0 -72.873062,43.053819,0.0 -72.878873,42.990241,0.0 -73.003295,43.022714,0.0 -73.003295,43.023056,0.0</coordinates></LinearRing></outerBoundaryIs></Polygon>"
WHITINGHAM,5361,42.7785,800,VT,28.11204,-72.8806,755,"<Polygon><outerBoundaryIs><LinearRing><coordinates>-72.816662,42.736611,0.0 -72.858022,42.737637,0.0 -72.926727,42.739346,0.0 -72.930145,42.739346,0.0 -72.926044,42.82651,0.0 -72.855971,42.827877,0.0 -72.816662,42.736611,0.0</coordinates></LinearRing></outerBoundaryIs></Polygon>"
WILLIAMSVILLE,5362,42.9387,337,VT,3.54656,-72.6849,292,"<Polygon><outerBoundaryIs><LinearRing><coordinates>-72.700443,42.923586,0.0 -72.697709,42.959135,0.0 -72.641308,42.947172,0.0 -72.700443,42.923586,0.0</coordinates></LinearRing></outerBoundaryIs></Polygon>"
WILMINGTON,5363,42.883,2292,VT,62.13536,-72.9003,2260,"<Polygon><outerBoundaryIs><LinearRing><coordinates>-72.855971,42.827877,0.0 -72.926044,42.82651,0.0 -73.012866,42.860008,0.0 -73.007397,42.929055,0.0 -72.798545,42.922561,0.0 -72.821789,42.826851,0.0 -72.855971,42.827877,0.0</coordinates></LinearRing></outerBoundaryIs></Polygon>"
WINOOSKI,5404,44.4948,6582,VT,1.52778,-73.1841,6561,"<Polygon><outerBoundaryIs><LinearRing><coordinates>-73.201208,44.491851,0.0 -73.170786,44.493219,0.0 -73.174204,44.485015,0.0 -73.201208,44.491851,0.0</coordinates></LinearRing></outerBoundaryIs></Polygon>"
ALBURG,5440,44.9591,2033,VT,30.15141,-73.2797,1952,"<Polygon><outerBoundaryIs><LinearRing><coordinates>-73.296575,44.843583,0.0 -73.345114,44.998085,0.0 -73.209753,45.013125,0.0 -73.296575,44.843583,0.0</coordinates></LinearRing></outerBoundaryIs></Polygon>"
BAKERSFIELD,5441,44.7909,406,VT,23.36968,-72.7499,394,"<Polygon><outerBoundaryIs><LinearRing><coordinates>-72.8276,44.733517,0.0 -72.801622,44.782056,0.0 -72.678909,44.83367,0.0 -72.676516,44.796754,0.0 -72.744538,44.786158,0.0 -72.785556,44.729757,0.0 -72.8276,44.733517,0.0</coordinates></LinearRing></outerBoundaryIs></Polygon>"
BELVIDERE CENTER,5442,44.7723,274,VT,21.90545,-72.6745,252,"<Polygon><outerBoundaryIs><LinearRing><coordinates>-72.593112,44.791285,0.0 -72.739069,44.730783,0.0 -72.744538,44.786158,0.0 -72.676516,44.796754,0.0 -72.593112,44.791285,0.0</coordinates></LinearRing></outerBoundaryIs></Polygon>"
BRISTOL,5443,44.1311,6280,VT,109.67877,-73.0336,6192,"<Polygon><outerBoundaryIs><LinearRing><coordinates>-73.065164,44.040309,0.0 -73.095586,44.054665,0.0 -73.144808,44.236855,0.0 -73.124299,44.257705,0.0 -73.068582,44.279924,0.0 -73.071658,44.184214,0.0 -72.957149,44.18524,0.0 -72.934931,44.162338,0.0 -72.918865,44.072098,0.0 -72.911687,44.033814,0.0 -73.065164,44.040309,0.0</coordinates></LinearRing></outerBoundaryIs></Polygon>"
CAMBRIDGE,5444,44.6607,1580,VT,25.66394,-72.8857,1524,"<Polygon><outerBoundaryIs><LinearRing><coordinates>-72.852894,44.737277,0.0 -72.858022,44.579699,0.0 -72.96672,44.639859,0.0 -72.93664,44.674041,0.0 -72.852894,44.737277,0.0</coordinates></LinearRing></outerBoundaryIs></Polygon>"
CHARLOTTE,5445,44.3102,3531,VT,40.49338,-73.2221,3484,"<Polygon><outerBoundaryIs><LinearRing><coordinates>-73.145491,44.273087,0.0 -73.270597,44.260098,0.0 -73.280852,44.348971,0.0 -73.165317,44.36196,0.0 -73.145491,44.273087,0.0</coordinates></LinearRing></outerBoundaryIs></Polygon>"
COLCHESTER,5446,44.548,17620,VT,38.0863,-73.1857,17383,"<Polygon><outerBoundaryIs><LinearRing><coordinates>-73.201208,44.491851,0.0 -73.275724,44.530135,0.0 -73.311274,44.552695,0.0 -73.168393,44.574572,0.0 -73.239833,44.611146,0.0 -73.09832,44.567735,0.0 -73.136262,44.500397,0.0 -73.170786,44.493219,0.0 -73.201208,44.491851,0.0</coordinates></LinearRing></outerBoundaryIs></Polygon>"
EAST BERKSHIRE,5447,44.9422,213,VT,4.69583,-72.7486,210,
EAST FAIRFIELD,5448,44.763,1205,VT,51.68639,-72.8962,1209,"<Polygon><outerBoundaryIs><LinearRing><coordinates>-72.8276,44.733517,0.0 -72.852894,44.737277,0.0 -72.93664,44.674041,0.0 -72.973556,44.755736,0.0 -72.908611,44.811452,0.0 -72.808116,44.838114,0.0 -72.801622,44.782056,0.0 -72.8276,44.733517,0.0</coordinates></LinearRing></outerBoundaryIs></Polygon>"
ENOSBURG FALLS,5450,44.8905,4656,VT,109.58896,-72.7874,4645,"<Polygon><outerBoundaryIs><LinearRing><coordinates>-72.648487,44.901009,0.0 -72.678909,44.83367,0.0 -72.801622,44.782056,0.0 -72.808116,44.838114,0.0 -72.908611,44.811452,0.0 -72.929462,44.851787,0.0 -72.874087,44.898616,0.0 -72.9404,44.901692,0.0 -72.821789,44.919809,0.0 -72.832727,45.016543,0.0 -72.727789,45.01586,0.0 -72.766072,44.973132,0.0 -72.703519,44.927329,0.0 -72.648487,44.901009,0.0</coordinates></LinearRing></outerBoundaryIs></Polygon>"
ESSEX JUNCTION,5452,44.5249,18728,VT,42.81952,-73.0605,18435,"<Polygon><outerBoundaryIs><LinearRing><coordinates>-73.136262,44.500397,0.0 -73.09832,44.567735,0.0 -73.096269,44.570128,0.0 -72.960225,44.560899,0.0 -72.97048,44.550302,0.0 -73.032007,44.468266,0.0 -73.136262,44.47476,0.0 -73.136262,44.500397,0.0</coordinates></LinearRing></outerBoundaryIs></Polygon>"
FAIRFAX,5454,44.7037,4685,VT,51.90156,-73.0205,4534,"<Polygon><outerBoundaryIs><LinearRing><coordinates>-73.036793,44.651139,0.0 -73.106524,44.698994,0.0 -73.032007,44.789918,0.0 -72.973556,44.755736,0.0 -72.93664,44.674041,0.0 -72.96672,44.639859,0.0 -73.036793,44.651139,0.0</coordinates></LinearRing></outerBoundaryIs></Polygon>"
FAIRFIELD,5455,44.805,548,VT,20.76727,-72.9698,546,"<Polygon><outerBoundaryIs><LinearRing><coordinates>-73.032007,44.789918,0.0 -72.992356,44.830252,0.0 -72.929462,44.851787,0.0 -72.908611,44.811452,0.0 -72.973556,44.755736,0.0 -73.032007,44.789918,0.0</coordinates></LinearRing></outerBoundaryIs></Polygon>"
FERRISBURG,5456,44.208,1281,VT,24.70047,-73.2583,1259,"<Polygon><outerBoundaryIs><LinearRing><coordinates>-73.189928,44.218738,0.0 -73.290764,44.161654,0.0 -73.324604,44.225233,0.0 -73.262052,44.24164,0.0 -73.189928,44.218738,0.0</coordinates></LinearRing></outerBoundaryIs></Polygon>"
FRANKLIN,5457,44.968,1624,VT,48.40994,-72.8999,1606,"<Polygon><outerBoundaryIs><LinearRing><coordinates>-72.9404,44.901692,0.0 -72.967746,44.924594,0.0 -72.899724,44.934849,0.0 -72.993382,45.014834,0.0 -72.832727,45.016543,0.0 -72.821789,44.919809,0.0 -72.9404,44.901692,0.0</coordinates></LinearRing></outerBoundaryIs></Polygon>"
GRAND ISLE,5458,44.7184,1972,VT,16.56078,-73.3053,1923,"<Polygon><outerBoundaryIs><LinearRing><coordinates>-73.295208,44.681903,0.0 -73.348874,44.677801,0.0 -73.274015,44.770434,0.0 -73.295208,44.681903,0.0</coordinates></LinearRing></outerBoundaryIs></Polygon>"
HIGHGATE CENTER,5459,44.9539,1806,VT,23.71184,-72.9986,1775,"<Polygon><outerBoundaryIs><LinearRing><coordinates>-72.967746,44.924594,0.0 -73.024487,44.915707,0.0 -73.045338,44.938609,0.0 -73.014917,45.014834,0.0 -72.993382,45.014834,0.0 -72.899724,44.934849,0.0 -72.967746,44.924594,0.0</coordinates></LinearRing></outerBoundaryIs></Polygon>"
HINESBURG,5461,44.3216,4503,VT,40.09296,-73.0931,4434,"<Polygon><outerBoundaryIs><LinearRing><coordinates>-73.165317,44.36196,0.0 -73.126008,44.36572,0.0 -73.082255,44.370848,0.0 -73.032007,44.360935,0.0 -73.020386,44.303167,0.0 -73.068582,44.279924,0.0 -73.124299,44.257705,0.0 -73.145491,44.273087,0.0 -73.165317,44.36196,0.0</coordinates></LinearRing></outerBoundaryIs></Polygon>"
HUNTINGTON,5462,44.2997,1721,VT,35.34648,-72.9579,1809,"<Polygon><outerBoundaryIs><LinearRing><coordinates>-72.965011,44.231385,0.0 -73.020386,44.303167,0.0 -73.032007,44.360935,0.0 -72.951338,44.348629,0.0 -72.882633,44.330171,0.0 -72.906902,44.284709,0.0 -72.965011,44.231385,0.0</coordinates></LinearRing></outerBoundaryIs></Polygon>"
ISLE LA MOTTE,5463,44.8696,456,VT,7.85679,-73.3412,443,
JEFFERSONVILLE,5464,44.6368,2385,VT,55.10866,-72.809,2334,"<Polygon><outerBoundaryIs><LinearRing><coordinates>-72.747272,44.589953,0.0 -72.767781,44.563292,0.0 -72.809483,44.54791,0.0 -72.858022,44.579699,0.0 -72.852894,44.737277,0.0 -72.8276,44.733517,0.0 -72.785556,44.729757,0.0 -72.821447,44.654215,0.0 -72.743512,44.671648,0.0 -72.747272,44.589953,0.0</coordinates></LinearRing></outerBoundaryIs></Polygon>"
MILTON,5468,44.6576,12238,VT,67.4204,-73.1448,12016,"<Polygon><outerBoundaryIs><LinearRing><coordinates>-73.036793,44.651139,0.0 -73.096269,44.570128,0.0 -73.09832,44.567735,0.0 -73.239833,44.611146,0.0 -73.24291,44.626186,0.0 -73.240517,44.62687,0.0 -73.17523,44.759496,0.0 -73.106524,44.698994,0.0 -73.036793,44.651139,0.0</coordinates></LinearRing></outerBoundaryIs></Polygon>"
MONTGOMERY CENTER,5471,44.8564,826,VT,55.25014,-72.5916,804,"<Polygon><outerBoundaryIs><LinearRing><coordinates>-72.676516,44.796754,0.0 -72.678909,44.83367,0.0 -72.648487,44.901009,0.0 -72.536712,44.926645,0.0 -72.501163,44.926645,0.0 -72.527825,44.831961,0.0 -72.576705,44.780688,0.0 -72.593112,44.791285,0.0 -72.676516,44.796754,0.0</coordinates></LinearRing></outerBoundaryIs></Polygon>"
NEW HAVEN,5472,44.1219,1896,VT,46.86097,-73.1597,1859,"<Polygon><outerBoundaryIs><LinearRing><coordinates>-73.095586,44.054665,0.0 -73.232655,44.092265,0.0 -73.18651,44.217713,0.0 -73.144808,44.236855,0.0 -73.095586,44.054665,0.0</coordinates></LinearRing></outerBoundaryIs></Polygon>"
NORTH FERRISBURG,5473,44.2493,1404,VT,17.22776,-73.1918,1381,"<Polygon><outerBoundaryIs><LinearRing><coordinates>-73.18651,44.217713,0.0 -73.189928,44.218738,0.0 -73.262052,44.24164,0.0 -73.270597,44.260098,0.0 -73.145491,44.273087,0.0 -73.124299,44.257705,0.0 -73.144808,44.236855,0.0 -73.18651,44.217713,0.0</coordinates></LinearRing></outerBoundaryIs></Polygon>"
NORTH HERO,5474,44.8399,840,VT,12.67719,-73.2783,784,
RICHFORD,5476,44.9657,3009,VT,62.36479,-72.6433,2984,"<Polygon><outerBoundaryIs><LinearRing><coordinates>-72.554486,45.00834,0.0 -72.536712,44.926645,0.0 -72.648487,44.901009,0.0 -72.703519,44.927329,0.0 -72.766072,44.973132,0.0 -72.727789,45.01586,0.0 -72.554486,45.00834,0.0</coordinates></LinearRing></outerBoundaryIs></Polygon>"
RICHMOND,5477,44.3986,4418,VT,50.72466,-72.9572,4782,"<Polygon><outerBoundaryIs><LinearRing><coordinates>-72.898698,44.441604,0.0 -72.818712,44.432375,0.0 -72.951338,44.348629,0.0 -73.032007,44.360935,0.0 -73.082255,44.370848,0.0 -73.022095,44.433742,0.0 -72.898698,44.441604,0.0</coordinates></LinearRing></outerBoundaryIs></Polygon>"
SAINT ALBANS,5478,44.8114,14603,VT,65.67395,-73.0822,14424,"<Polygon><outerBoundaryIs><LinearRing><coordinates>-73.170102,44.808034,0.0 -73.045338,44.938609,0.0 -73.024487,44.915707,0.0 -72.992356,44.830252,0.0 -73.032007,44.789918,0.0 -73.106524,44.698994,0.0 -73.17523,44.759496,0.0 -73.170102,44.808034,0.0</coordinates></LinearRing></outerBoundaryIs></Polygon>"
SHELBURNE,5482,44.3848,7063,VT,25.15489,-73.21,6961,"<Polygon><outerBoundaryIs><LinearRing><coordinates>-73.218641,44.42212,0.0 -73.14891,44.400244,0.0 -73.126008,44.36572,0.0 -73.165317,44.36196,0.0 -73.280852,44.348971,0.0 -73.218641,44.42212,0.0</coordinates></LinearRing></outerBoundaryIs></Polygon>"
SHELDON,5483,44.8832,1615,VT,26.01471,-72.9641,1520,"<Polygon><outerBoundaryIs><LinearRing><coordinates>-72.992356,44.830252,0.0 -73.024487,44.915707,0.0 -72.967746,44.924594,0.0 -72.9404,44.901692,0.0 -72.874087,44.898616,0.0 -72.929462,44.851787,0.0 -72.992356,44.830252,0.0</coordinates></LinearRing></outerBoundaryIs></Polygon>"
SOUTH HERO,5486,44.6414,1752,VT,14.79642,-73.3091,1695,"<Polygon><outerBoundaryIs><LinearRing><coordinates>-73.348874,44.677801,0.0 -73.295208,44.681903,0.0 -73.240517,44.62687,0.0 -73.24291,44.626186,0.0 -73.311957,44.591663,0.0 -73.348874,44.677801,0.0</coordinates></LinearRing></outerBoundaryIs></Polygon>"
STARKSBORO,5487,44.233,1588,VT,39.76849,-73.0183,1528,"<Polygon><outerBoundaryIs><LinearRing><coordinates>-72.965011,44.231385,0.0 -72.957149,44.18524,0.0 -73.071658,44.184214,0.0 -73.068582,44.279924,0.0 -73.020386,44.303167,0.0 -72.965011,44.231385,0.0</coordinates></LinearRing></outerBoundaryIs></Polygon>"
UNDERHILL,5489,44.5492,3647,VT,61.7769,-72.8959,3484,"<Polygon><outerBoundaryIs><LinearRing><coordinates>-72.97048,44.550302,0.0 -72.960225,44.560899,0.0 -72.96672,44.639859,0.0 -72.858022,44.579699,0.0 -72.809483,44.54791,0.0 -72.835803,44.458695,0.0 -72.888102,44.470659,0.0 -72.97048,44.550302,0.0</coordinates></LinearRing></outerBoundaryIs></Polygon>"
VERGENNES,5491,44.1033,6262,VT,96.13147,-73.3115,6164,"<Polygon><outerBoundaryIs><LinearRing><coordinates>-73.324604,44.225233,0.0 -73.290764,44.161654,0.0 -73.189928,44.218738,0.0 -73.18651,44.217713,0.0 -73.232655,44.092265,0.0 -73.293841,44.068338,0.0 -73.256582,43.996556,0.0 -73.40083,43.999974,0.0 -73.324604,44.225233,0.0</coordinates></LinearRing></outerBoundaryIs></Polygon>"
WATERVILLE,5492,44.7088,825,VT,19.761,-72.7638,812,"<Polygon><outerBoundaryIs><LinearRing><coordinates>-72.705912,44.719161,0.0 -72.743512,44.671648,0.0 -72.821447,44.654215,0.0 -72.785556,44.729757,0.0 -72.744538,44.786158,0.0 -72.739069,44.730783,0.0 -72.705912,44.719161,0.0</coordinates></LinearRing></outerBoundaryIs></Polygon>"
WESTFORD,5494,44.6025,1559,VT,25.37281,-73.0201,1563,"<Polygon><outerBoundaryIs><LinearRing><coordinates>-72.960225,44.560899,0.0 -73.096269,44.570128,0.0 -73.036793,44.651139,0.0 -72.96672,44.639859,0.0 -72.960225,44.560899,0.0</coordinates></LinearRing></outerBoundaryIs></Polygon>"
MONTPELIER,5602,44.2858,12219,VT,86.82131,-72.6185,12226,"<Polygon><outerBoundaryIs><LinearRing><coordinates>-72.666603,44.216345,0.0 -72.702152,44.238564,0.0 -72.640967,44.267618,0.0 -72.770516,44.278556,0.0 -72.668996,44.364011,0.0 -72.655323,44.398535,0.0 -72.524748,44.33564,0.0 -72.502872,44.329146,0.0 -72.503897,44.32812,0.0 -72.533635,44.240956,0.0 -72.583199,44.159603,0.0 -72.587643,44.16268,0.0 -72.666603,44.216345,0.0</coordinates></LinearRing></outerBoundaryIs></Polygon>"
ADAMANT,5640,44.3537,321,VT,5.21895,-72.4993,322,"<Polygon><outerBoundaryIs><LinearRing><coordinates>-72.471766,44.363669,0.0 -72.502872,44.329146,0.0 -72.524748,44.33564,0.0 -72.503897,44.378709,0.0 -72.486464,44.381102,0.0 -72.471766,44.363669,0.0</coordinates></LinearRing></outerBoundaryIs></Polygon>"
BARRE,5641,44.1828,16914,VT,68.77404,-72.4475,16865,"<Polygon><outerBoundaryIs><LinearRing><coordinates>-72.356231,44.144222,0.0 -72.398959,44.131916,0.0 -72.369221,44.099102,0.0 -72.444421,44.12884,0.0 -72.465272,44.157211,0.0 -72.470057,44.160971,0.0 -72.517228,44.150716,0.0 -72.583199,44.159603,0.0 -72.533635,44.240956,0.0 -72.480654,44.233778,0.0 -72.345293,44.216345,0.0 -72.303591,44.182847,0.0 -72.356231,44.144222,0.0</coordinates></LinearRing></outerBoundaryIs></Polygon>"
CABOT,5647,44.4117,984,VT,31.0019,-72.2885,963,"<Polygon><outerBoundaryIs><LinearRing><coordinates>-72.228391,44.3958,0.0 -72.2677,44.343844,0.0 -72.352471,44.420753,0.0 -72.341191,44.470317,0.0 -72.296755,44.464506,0.0 -72.228391,44.3958,0.0</coordinates></LinearRing></outerBoundaryIs></Polygon>"
CALAIS,5648,44.395,190,VT,5.95641,-72.4881,191,"<Polygon><outerBoundaryIs><LinearRing><coordinates>-72.503897,44.378709,0.0 -72.491934,44.425197,0.0 -72.475184,44.419044,0.0 -72.486464,44.381102,0.0 -72.503897,44.378709,0.0</coordinates></LinearRing></outerBoundaryIs></Polygon>"
EAST BARRE,5649,44.1441,571,VT,3.90541,-72.3952,569,
EAST CALAIS,5650,44.3937,873,VT,20.09347,-72.4383,869,"<Polygon><outerBoundaryIs><LinearRing><coordinates>-72.410239,44.405029,0.0 -72.399301,44.358884,0.0 -72.471766,44.363669,0.0 -72.486464,44.381102,0.0 -72.475184,44.419044,0.0 -72.410239,44.405029,0.0</coordinates></LinearRing></outerBoundaryIs></Polygon>"
EAST MONTPELIER,5651,44.2775,1489,VT,17.36107,-72.4917,1391,"<Polygon><outerBoundaryIs><LinearRing><coordinates>-72.449548,44.273771,0.0 -72.480654,44.233778,0.0 -72.533635,44.240956,0.0 -72.503897,44.32812,0.0 -72.45365,44.284709,0.0 -72.449548,44.273771,0.0</coordinates></LinearRing></outerBoundaryIs></Polygon>"
EDEN,5652,44.7294,855,VT,41.7979,-72.61,808,"<Polygon><outerBoundaryIs><LinearRing><coordinates>-72.591403,44.683954,0.0 -72.705912,44.719161,0.0 -72.739069,44.730783,0.0 -72.593112,44.791285,0.0 -72.576705,44.780688,0.0 -72.526115,44.762914,0.0 -72.560639,44.662761,0.0 -72.591403,44.683954,0.0</coordinates></LinearRing></outerBoundaryIs></Polygon>"
EDEN MILLS,5653,44.7006,379,VT,34.53122,-72.4941,363,"<Polygon><outerBoundaryIs><LinearRing><coordinates>-72.423912,44.715059,0.0 -72.475184,44.643277,0.0 -72.560639,44.662761,0.0 -72.526115,44.762914,0.0 -72.417759,44.722579,0.0 -72.423912,44.715059,0.0</coordinates></LinearRing></outerBoundaryIs></Polygon>"
GRANITEVILLE,5654,44.146,1480,VT,5.27742,-72.4844,1471,"<Polygon><outerBoundaryIs><LinearRing><coordinates>-72.462537,44.12132,0.0 -72.517228,44.150716,0.0 -72.470057,44.160971,0.0 -72.465272,44.157211,0.0 -72.444421,44.12884,0.0 -72.462537,44.12132,0.0</coordinates></LinearRing></outerBoundaryIs></Polygon>"
HYDE PARK,5655,44.6239,3017,VT,37.73932,-72.5668,2942,"<Polygon><outerBoundaryIs><LinearRing><coordinates>-72.650538,44.602943,0.0 -72.591403,44.683954,0.0 -72.560639,44.662761,0.0 -72.475184,44.643277,0.0 -72.482363,44.634048,0.0 -72.523381,44.572863,0.0 -72.650538,44.602943,0.0</coordinates></LinearRing></outerBoundaryIs></Polygon>"
JOHNSON,5656,44.6485,3214,VT,46.97512,-72.6863,3169,"<Polygon><outerBoundaryIs><LinearRing><coordinates>-72.743512,44.671648,0.0 -72.705912,44.719161,0.0 -72.591403,44.683954,0.0 -72.650538,44.602943,0.0 -72.747272,44.589953,0.0 -72.743512,44.671648,0.0</coordinates></LinearRing></outerBoundaryIs></Polygon>"
MARSHFIELD,5658,44.3547,1323,VT,35.58583,-72.3532,1309,"<Polygon><outerBoundaryIs><LinearRing><coordinates>-72.2677,44.343844,0.0 -72.307351,44.306586,0.0 -72.430748,44.301458,0.0 -72.399301,44.358884,0.0 -72.410239,44.405029,0.0 -72.352471,44.420753,0.0 -72.2677,44.343844,0.0</coordinates></LinearRing></outerBoundaryIs></Polygon>"
MORETOWN,5660,44.2459,1786,VT,41.25262,-72.7561,1811,"<Polygon><outerBoundaryIs><LinearRing><coordinates>-72.7336,44.210876,0.0 -72.879898,44.272062,0.0 -72.770516,44.278556,0.0 -72.640967,44.267618,0.0 -72.702152,44.238564,0.0 -72.666603,44.216345,0.0 -72.7336,44.210876,0.0</coordinates></LinearRing></outerBoundaryIs></Polygon>"
MORRISVILLE,5661,44.5463,5411,VT,53.18985,-72.6331,5305,"<Polygon><outerBoundaryIs><LinearRing><coordinates>-72.523381,44.572863,0.0 -72.59653,44.479888,0.0 -72.767781,44.563292,0.0 -72.747272,44.589953,0.0 -72.650538,44.602943,0.0 -72.523381,44.572863,0.0</coordinates></LinearRing></outerBoundaryIs></Polygon>"
NORTHFIELD,5663,44.1441,6599,VT,65.9362,-72.6751,6574,"<Polygon><outerBoundaryIs><LinearRing><coordinates>-72.587643,44.16268,0.0 -72.644385,44.076541,0.0 -72.670363,44.034498,0.0 -72.677541,44.101152,0.0 -72.770858,44.126447,0.0 -72.78248,44.130549,0.0 -72.7336,44.210876,0.0 -72.666603,44.216345,0.0 -72.587643,44.16268,0.0</coordinates></LinearRing></outerBoundaryIs></Polygon>"
NORTH MONTPELIER,5666,44.2751,78,VT,1.00975,-72.4649,76,
PLAINFIELD,5667,44.2812,2419,VT,53.23816,-72.3967,2431,"<Polygon><outerBoundaryIs><LinearRing><coordinates>-72.45365,44.284709,0.0 -72.503897,44.32812,0.0 -72.502872,44.329146,0.0 -72.471766,44.363669,0.0 -72.399301,44.358884,0.0 -72.430748,44.301458,0.0 -72.307351,44.306586,0.0 -72.314871,44.299066,0.0 -72.345293,44.216345,0.0 -72.480654,44.233778,0.0 -72.449548,44.273771,0.0 -72.45365,44.284709,0.0</coordinates></LinearRing></outerBoundaryIs></Polygon>"
ROXBURY,5669,44.0696,410,VT,32.4148,-72.7426,409,"<Polygon><outerBoundaryIs><LinearRing><coordinates>-72.741803,44.02937,0.0 -72.82008,44.05193,0.0 -72.770858,44.126447,0.0 -72.677541,44.101152,0.0 -72.670363,44.034498,0.0 -72.741803,44.02937,0.0</coordinates></LinearRing></outerBoundaryIs></Polygon>"
WAITSFIELD,5673,44.1954,2166,VT,59.64783,-72.8552,2137,"<Polygon><outerBoundaryIs><LinearRing><coordinates>-72.957149,44.18524,0.0 -72.965011,44.231385,0.0 -72.906902,44.284709,0.0 -72.879898,44.272062,0.0 -72.7336,44.210876,0.0 -72.78248,44.130549,0.0 -72.934931,44.162338,0.0 -72.957149,44.18524,0.0</coordinates></LinearRing></outerBoundaryIs></Polygon>"
WARREN,5674,44.1107,1754,VT,39.9156,-72.8614,1680,"<Polygon><outerBoundaryIs><LinearRing><coordinates>-72.82008,44.05193,0.0 -72.918865,44.072098,0.0 -72.934931,44.162338,0.0 -72.78248,44.130549,0.0 -72.770858,44.126447,0.0 -72.82008,44.05193,0.0</coordinates></LinearRing></outerBoundaryIs></Polygon>"
WASHINGTON,5675,44.0713,1152,VT,35.3404,-72.4205,1090,"<Polygon><outerBoundaryIs><LinearRing><coordinates>-72.473817,44.04065,0.0 -72.462537,44.12132,0.0 -72.444421,44.12884,0.0 -72.369221,44.099102,0.0 -72.348711,44.095683,0.0 -72.37845,44.017749,0.0 -72.473817,44.04065,0.0</coordinates></LinearRing></outerBoundaryIs></Polygon>"
WATERBURY CENTER,5677,44.3928,2274,VT,15.06264,-72.7077,2168,"<Polygon><outerBoundaryIs><LinearRing><coordinates>-72.738043,44.435793,0.0 -72.655323,44.398535,0.0 -72.668996,44.364011,0.0 -72.73565,44.355808,0.0 -72.738043,44.435793,0.0</coordinates></LinearRing></outerBoundaryIs></Polygon>"
WILLIAMSTOWN,5679,44.1035,3017,VT,42.65424,-72.5441,2964,"<Polygon><outerBoundaryIs><LinearRing><coordinates>-72.635839,44.072098,0.0 -72.644385,44.076541,0.0 -72.587643,44.16268,0.0 -72.583199,44.159603,0.0 -72.517228,44.150716,0.0 -72.462537,44.12132,0.0 -72.473817,44.04065,0.0 -72.535003,44.061501,0.0 -72.635839,44.072098,0.0</coordinates></LinearRing></outerBoundaryIs></Polygon>"
WOLCOTT,5680,44.5328,2219,VT,77.04867,-72.4821,2159,"<Polygon><outerBoundaryIs><LinearRing><coordinates>-72.523381,44.572863,0.0 -72.482363,44.634048,0.0 -72.37469,44.583801,0.0 -72.434508,44.507917,0.0 -72.491934,44.425197,0.0 -72.59653,44.479888,0.0 -72.523381,44.572863,0.0</coordinates></LinearRing></outerBoundaryIs></Polygon>"
WOODBURY,5681,44.4542,422,VT,28.43885,-72.4057,418,"<Polygon><outerBoundaryIs><LinearRing><coordinates>-72.491934,44.425197,0.0 -72.434508,44.507917,0.0 -72.341191,44.470317,0.0 -72.352471,44.420753,0.0 -72.410239,44.405029,0.0 -72.475184,44.419044,0.0 -72.491934,44.425197,0.0</coordinates></LinearRing></outerBoundaryIs></Polygon>"
WORCESTER,5682,44.4013,1267,VT,49.19574,-72.5733,1252,"<Polygon><outerBoundaryIs><LinearRing><coordinates>-72.524748,44.33564,0.0 -72.655323,44.398535,0.0 -72.59653,44.479888,0.0 -72.491934,44.425197,0.0 -72.503897,44.378709,0.0 -72.524748,44.33564,0.0</coordinates></LinearRing></outerBoundaryIs></Polygon>"
BELMONT,5730,43.4246,359,VT,8.24137,-72.8183,359,"<Polygon><outerBoundaryIs><LinearRing><coordinates>-72.807432,43.390853,0.0 -72.851869,43.447595,0.0 -72.799229,43.448278,0.0 -72.807432,43.390853,0.0</coordinates></LinearRing></outerBoundaryIs></Polygon>"
BOMOSEEN,5732,43.6321,1149,VT,7.03449,-73.2,1134,"<Polygon><outerBoundaryIs><LinearRing><coordinates>-73.232997,43.604831,0.0 -73.196764,43.677639,0.0 -73.208386,43.608591,0.0 -73.232997,43.604831,0.0</coordinates></LinearRing></outerBoundaryIs></Polygon>"
BRANDON,5733,43.8285,5510,VT,106.69192,-73.0865,5509,"<Polygon><outerBoundaryIs><LinearRing><coordinates>-73.146175,43.725835,0.0 -73.232655,43.748737,0.0 -73.218641,43.837268,0.0 -73.149593,43.855726,0.0 -73.042604,43.900505,0.0 -73.058669,43.969894,0.0 -72.980735,43.923407,0.0 -72.952705,43.87521,0.0 -72.960567,43.828723,0.0 -72.982102,43.819835,0.0 -73.03816,43.816075,0.0 -73.053542,43.720366,0.0 -73.131135,43.752497,0.0 -73.118829,43.709086,0.0 -73.146175,43.725835,0.0</coordinates></LinearRing></outerBoundaryIs></Polygon>"
BRIDPORT,5734,43.963,1100,VT,40.59545,-73.3363,1096,"<Polygon><outerBoundaryIs><LinearRing><coordinates>-73.258633,43.946308,0.0 -73.374168,43.885465,0.0 -73.40083,43.999974,0.0 -73.256582,43.996556,0.0 -73.258633,43.946308,0.0</coordinates></LinearRing></outerBoundaryIs></Polygon>"
CASTLETON,5735,43.6397,2801,VT,42.93462,-73.1497,2765,"<Polygon><outerBoundaryIs><LinearRing><coordinates>-73.196764,43.677639,0.0 -73.146175,43.725835,0.0 -73.118829,43.709086,0.0 -73.104815,43.662941,0.0 -73.115753,43.564497,0.0 -73.224793,43.561762,0.0 -73.208386,43.608591,0.0 -73.196764,43.677639,0.0</coordinates></LinearRing></outerBoundaryIs></Polygon>"
CENTER RUTLAND,5736,43.6188,710,VT,3.64865,-73.0168,677,"<Polygon><outerBoundaryIs><LinearRing><coordinates>-73.009106,43.592526,0.0 -73.037135,43.610984,0.0 -73.003978,43.64585,0.0 -73.009106,43.592526,0.0</coordinates></LinearRing></outerBoundaryIs></Polygon>"
CHITTENDEN,5737,43.7031,529,VT,11.76201,-72.9194,502,"<Polygon><outerBoundaryIs><LinearRing><coordinates>-72.944844,43.676272,0.0 -72.961593,43.711821,0.0 -72.913396,43.748395,0.0 -72.8652,43.694388,0.0 -72.944844,43.676272,0.0</coordinates></LinearRing></outerBoundaryIs></Polygon>"
CUTTINGSVILLE,5738,43.5433,1094,VT,62.84331,-72.8531,1095,"<Polygon><outerBoundaryIs><LinearRing><coordinates>-72.869985,43.480751,0.0 -72.924335,43.485537,0.0 -72.908611,43.577144,0.0 -72.86896,43.61782,0.0 -72.772909,43.5915,0.0 -72.7712,43.478017,0.0 -72.869985,43.480751,0.0</coordinates></LinearRing></outerBoundaryIs></Polygon>"
DANBY,5739,43.3495,1178,VT,68.78224,-72.9642,1169,"<Polygon><outerBoundaryIs><LinearRing><coordinates>-72.867934,43.300954,0.0 -72.975949,43.292409,0.0 -72.994749,43.306082,0.0 -73.093193,43.307107,0.0 -73.054909,43.395296,0.0 -72.878189,43.393245,0.0 -72.852553,43.367951,0.0 -72.867934,43.300954,0.0</coordinates></LinearRing></outerBoundaryIs></Polygon>"
EAST WALLINGFORD,5742,43.4329,596,VT,22.4978,-72.8772,592,"<Polygon><outerBoundaryIs><LinearRing><coordinates>-72.878189,43.393245,0.0 -72.953389,43.484511,0.0 -72.924335,43.485537,0.0 -72.869985,43.480751,0.0 -72.851869,43.447595,0.0 -72.807432,43.390853,0.0 -72.793076,43.365216,0.0 -72.852553,43.367951,0.0 -72.878189,43.393245,0.0</coordinates></LinearRing></outerBoundaryIs></Polygon>"
FAIR HAVEN,5743,43.6638,4711,VT,98.07855,-73.2961,4681,"<Polygon><outerBoundaryIs><LinearRing><coordinates>-73.232997,43.604831,0.0 -73.245644,43.539544,0.0 -73.264444,43.568257,0.0 -73.332124,43.627733,0.0 -73.400146,43.56894,0.0 -73.427492,43.635595,0.0 -73.367332,43.729253,0.0 -73.232655,43.748737,0.0 -73.146175,43.725835,0.0 -73.196764,43.677639,0.0 -73.232997,43.604831,0.0</coordinates></LinearRing></outerBoundaryIs></Polygon>"
FLORENCE,5744,43.7089,396,VT,18.52885,-73.0881,393,"<Polygon><outerBoundaryIs><LinearRing><coordinates>-73.055251,43.66465,0.0 -73.104815,43.662941,0.0 -73.118829,43.709086,0.0 -73.131135,43.752497,0.0 -73.053542,43.720366,0.0 -73.044313,43.692337,0.0 -73.055251,43.66465,0.0</coordinates></LinearRing></outerBoundaryIs></Polygon>"
GAYSVILLE,5746,43.7339,278,VT,27.91408,-72.743,274,"<Polygon><outerBoundaryIs><LinearRing><coordinates>-72.700101,43.680373,0.0 -72.820422,43.716264,0.0 -72.810851,43.733355,0.0 -72.7524,43.777108,0.0 -72.675832,43.774032,0.0 -72.692923,43.693704,0.0 -72.700101,43.680373,0.0</coordinates></LinearRing></outerBoundaryIs></Polygon>"
GRANVILLE,5747,44.0055,307,VT,54.5754,-72.8438,303,"<Polygon><outerBoundaryIs><LinearRing><coordinates>-72.913738,43.96169,0.0 -72.911687,44.033814,0.0 -72.918865,44.072098,0.0 -72.82008,44.05193,0.0 -72.741803,44.02937,0.0 -72.791709,43.962032,0.0 -72.819054,43.937421,0.0 -72.913738,43.96169,0.0</coordinates></LinearRing></outerBoundaryIs></Polygon>"
HANCOCK,5748,43.9178,347,VT,38.29476,-72.9106,343,"<Polygon><outerBoundaryIs><LinearRing><coordinates>-72.980735,43.923407,0.0 -72.913738,43.96169,0.0 -72.819054,43.937421,0.0 -72.846058,43.864956,0.0 -72.952705,43.87521,0.0 -72.980735,43.923407,0.0</coordinates></LinearRing></outerBoundaryIs></Polygon>"
KILLINGTON,5751,43.6542,1149,VT,45.96579,-72.7891,1105,"<Polygon><outerBoundaryIs><LinearRing><coordinates>-72.86896,43.61782,0.0 -72.858363,43.695072,0.0 -72.820422,43.716264,0.0 -72.700101,43.680373,0.0 -72.757527,43.588082,0.0 -72.772909,43.5915,0.0 -72.86896,43.61782,0.0</coordinates></LinearRing></outerBoundaryIs></Polygon>"
MIDDLEBURY,5753,44.0011,10302,VT,91.07948,-73.1802,10273,"<Polygon><outerBoundaryIs><LinearRing><coordinates>-73.248037,43.92033,0.0 -73.258633,43.946308,0.0 -73.256582,43.996556,0.0 -73.293841,44.068338,0.0 -73.232655,44.092265,0.0 -73.095586,44.054665,0.0 -73.065164,44.040309,0.0 -73.058669,43.969894,0.0 -73.181724,43.907341,0.0 -73.248037,43.92033,0.0</coordinates></LinearRing></outerBoundaryIs></Polygon>"
MIDDLETOWN SPRINGS,5757,43.4847,1208,VT,34.49226,-73.1115,1184,"<Polygon><outerBoundaryIs><LinearRing><coordinates>-73.051833,43.495107,0.0 -73.12088,43.403158,0.0 -73.150277,43.405209,0.0 -73.180015,43.466053,0.0 -73.119855,43.534758,0.0 -73.039186,43.545355,0.0 -73.051833,43.495107,0.0</coordinates></LinearRing></outerBoundaryIs></Polygon>"
MOUNT HOLLY,5758,43.4383,742,VT,30.22541,-72.7872,741,"<Polygon><outerBoundaryIs><LinearRing><coordinates>-72.807432,43.390853,0.0 -72.799229,43.448278,0.0 -72.851869,43.447595,0.0 -72.869985,43.480751,0.0 -72.7712,43.478017,0.0 -72.74864,43.473231,0.0 -72.770858,43.358038,0.0 -72.793076,43.365216,0.0 -72.807432,43.390853,0.0</coordinates></LinearRing></outerBoundaryIs></Polygon>"
NORTH CLARENDON,5759,43.5373,2500,VT,21.48509,-72.9621,2076,"<Polygon><outerBoundaryIs><LinearRing><coordinates>-72.953389,43.484511,0.0 -72.978684,43.495449,0.0 -73.002611,43.571675,0.0 -72.908611,43.577144,0.0 -72.924335,43.485537,0.0 -72.953389,43.484511,0.0</coordinates></LinearRing></outerBoundaryIs></Polygon>"
ORWELL,5760,43.7902,1584,VT,62.17049,-73.2918,1576,"<Polygon><outerBoundaryIs><LinearRing><coordinates>-73.367674,43.843421,0.0 -73.222401,43.857777,0.0 -73.218641,43.837268,0.0 -73.232655,43.748737,0.0 -73.367332,43.729253,0.0 -73.367674,43.843421,0.0</coordinates></LinearRing></outerBoundaryIs></Polygon>"
PAWLET,5761,43.3582,994,VT,43.70417,-73.1355,991,"<Polygon><outerBoundaryIs><LinearRing><coordinates>-73.12088,43.308816,0.0 -73.238124,43.313602,0.0 -73.181382,43.344707,0.0 -73.206677,43.40726,0.0 -73.150277,43.405209,0.0 -73.12088,43.403158,0.0 -73.054909,43.395296,0.0 -73.093193,43.307107,0.0 -73.12088,43.308816,0.0</coordinates></LinearRing></outerBoundaryIs></Polygon>"
PITTSFIELD,5762,43.7711,536,VT,56.02594,-72.8981,530,"<Polygon><outerBoundaryIs><LinearRing><coordinates>-72.858363,43.695072,0.0 -72.8652,43.694388,0.0 -72.913396,43.748395,0.0 -72.961593,43.711821,0.0 -72.982102,43.819835,0.0 -72.960567,43.828723,0.0 -72.87648,43.856752,0.0 -72.798887,43.778817,0.0 -72.810851,43.733355,0.0 -72.820422,43.716264,0.0 -72.858363,43.695072,0.0</coordinates></LinearRing></outerBoundaryIs></Polygon>"
PITTSFORD,5763,43.7398,3035,VT,40.4511,-73.0027,3186,"<Polygon><outerBoundaryIs><LinearRing><coordinates>-72.944844,43.676272,0.0 -73.002953,43.666701,0.0 -73.044313,43.692337,0.0 -73.053542,43.720366,0.0 -73.03816,43.816075,0.0 -72.982102,43.819835,0.0 -72.961593,43.711821,0.0 -72.944844,43.676272,0.0</coordinates></LinearRing></outerBoundaryIs></Polygon>"
POULTNEY,5764,43.5306,4034,VT,42.46181,-73.1931,4044,"<Polygon><outerBoundaryIs><LinearRing><coordinates>-73.180015,43.466053,0.0 -73.248721,43.461951,0.0 -73.245644,43.539544,0.0 -73.232997,43.604831,0.0 -73.208386,43.608591,0.0 -73.224793,43.561762,0.0 -73.115753,43.564497,0.0 -73.119855,43.534758,0.0 -73.180015,43.466053,0.0</coordinates></LinearRing></outerBoundaryIs></Polygon>"
PROCTOR,5765,43.6535,1935,VT,8.34592,-73.0344,1980,"<Polygon><outerBoundaryIs><LinearRing><coordinates>-73.037135,43.610984,0.0 -73.055251,43.66465,0.0 -73.044313,43.692337,0.0 -73.002953,43.666701,0.0 -73.003978,43.64585,0.0 -73.037135,43.610984,0.0</coordinates></LinearRing></outerBoundaryIs></Polygon>"
RIPTON,5766,43.9959,553,VT,39.43688,-72.9892,542,"<Polygon><outerBoundaryIs><LinearRing><coordinates>-72.980735,43.923407,0.0 -73.058669,43.969894,0.0 -73.065164,44.040309,0.0 -72.911687,44.033814,0.0 -72.913738,43.96169,0.0 -72.980735,43.923407,0.0</coordinates></LinearRing></outerBoundaryIs></Polygon>"
ROCHESTER,5767,43.8605,1331,VT,69.86972,-72.8264,1337,"<Polygon><outerBoundaryIs><LinearRing><coordinates>-72.783163,43.806163,0.0 -72.798887,43.778817,0.0 -72.87648,43.856752,0.0 -72.960567,43.828723,0.0 -72.952705,43.87521,0.0 -72.846058,43.864956,0.0 -72.819054,43.937421,0.0 -72.791709,43.962032,0.0 -72.707963,43.911101,0.0 -72.783163,43.806163,0.0</coordinates></LinearRing></outerBoundaryIs></Polygon>"
SALISBURY,5769,43.9157,1156,VT,34.35538,-73.112,1157,"<Polygon><outerBoundaryIs><LinearRing><coordinates>-73.149593,43.855726,0.0 -73.181724,43.907341,0.0 -73.058669,43.969894,0.0 -73.042604,43.900505,0.0 -73.149593,43.855726,0.0</coordinates></LinearRing></outerBoundaryIs></Polygon>"
SHOREHAM,5770,43.8875,951,VT,29.85711,-73.3083,943,"<Polygon><outerBoundaryIs><LinearRing><coordinates>-73.374168,43.885465,0.0 -73.258633,43.946308,0.0 -73.248037,43.92033,0.0 -73.283244,43.896745,0.0 -73.222401,43.857777,0.0 -73.367674,43.843421,0.0 -73.374168,43.885465,0.0</coordinates></LinearRing></outerBoundaryIs></Polygon>"
STOCKBRIDGE,5772,43.7725,127,VT,6.20189,-72.7855,125,"<Polygon><outerBoundaryIs><LinearRing><coordinates>-72.810851,43.733355,0.0 -72.798887,43.778817,0.0 -72.783163,43.806163,0.0 -72.7524,43.777108,0.0 -72.810851,43.733355,0.0</coordinates></LinearRing></outerBoundaryIs></Polygon>"
WALLINGFORD,5773,43.4383,2399,VT,58.44578,-73.0034,2378,"<Polygon><outerBoundaryIs><LinearRing><coordinates>-73.12088,43.403158,0.0 -73.051833,43.495107,0.0 -72.978684,43.495449,0.0 -72.953389,43.484511,0.0 -72.878189,43.393245,0.0 -73.054909,43.395296,0.0 -73.12088,43.403158,0.0</coordinates></LinearRing></outerBoundaryIs></Polygon>"
WELLS,5774,43.4345,1020,VT,20.0866,-73.1974,1007,"<Polygon><outerBoundaryIs><LinearRing><coordinates>-73.150277,43.405209,0.0 -73.206677,43.40726,0.0 -73.250772,43.408627,0.0 -73.249746,43.438366,0.0 -73.248721,43.461951,0.0 -73.180015,43.466053,0.0 -73.150277,43.405209,0.0</coordinates></LinearRing></outerBoundaryIs></Polygon>"
WEST PAWLET,5775,43.3627,678,VT,16.67249,-73.2252,671,"<Polygon><outerBoundaryIs><LinearRing><coordinates>-73.238124,43.313602,0.0 -73.254532,43.314627,0.0 -73.250772,43.408627,0.0 -73.206677,43.40726,0.0 -73.181382,43.344707,0.0 -73.238124,43.313602,0.0</coordinates></LinearRing></outerBoundaryIs></Polygon>"
WEST RUPERT,5776,43.2638,713,VT,45.92494,-73.1888,704,"<Polygon><outerBoundaryIs><LinearRing><coordinates>-73.123957,43.213791,0.0 -73.259317,43.216867,0.0 -73.258633,43.23054,0.0 -73.254532,43.314627,0.0 -73.238124,43.313602,0.0 -73.12088,43.308816,0.0 -73.123957,43.213791,0.0</coordinates></LinearRing></outerBoundaryIs></Polygon>"
WEST RUTLAND,5777,43.5744,3571,VT,41.68224,-73.0558,3566,"<Polygon><outerBoundaryIs><LinearRing><coordinates>-72.978684,43.495449,0.0 -73.051833,43.495107,0.0 -73.039186,43.545355,0.0 -73.119855,43.534758,0.0 -73.115753,43.564497,0.0 -73.104815,43.662941,0.0 -73.055251,43.66465,0.0 -73.037135,43.610984,0.0 -73.009106,43.592526,0.0 -73.002611,43.571675,0.0 -72.978684,43.495449,0.0</coordinates></LinearRing></outerBoundaryIs></Polygon>"
WHITING,5778,43.8782,605,VT,21.75548,-73.2165,603,"<Polygon><outerBoundaryIs><LinearRing><coordinates>-73.218641,43.837268,0.0 -73.222401,43.857777,0.0 -73.283244,43.896745,0.0 -73.248037,43.92033,0.0 -73.181724,43.907341,0.0 -73.149593,43.855726,0.0 -73.218641,43.837268,0.0</coordinates></LinearRing></outerBoundaryIs></Polygon>"
SAINT JOHNSBURY,5819,44.4163,8746,VT,79.31259,-71.976,8751,"<Polygon><outerBoundaryIs><LinearRing><coordinates>-71.984674,44.336324,0.0 -72.067394,44.379735,0.0 -72.084144,44.513728,0.0 -71.957671,44.490142,0.0 -71.837692,44.347946,0.0 -71.984674,44.336324,0.0</coordinates></LinearRing></outerBoundaryIs></Polygon>"
ALBANY,5820,44.7382,786,VT,35.99841,-72.3359,776,"<Polygon><outerBoundaryIs><LinearRing><coordinates>-72.312137,44.673357,0.0 -72.391781,44.703437,0.0 -72.423912,44.715059,0.0 -72.417759,44.722579,0.0 -72.367511,44.794703,0.0 -72.253002,44.753343,0.0 -72.257104,44.746165,0.0 -72.310086,44.672674,0.0 -72.312137,44.673357,0.0</coordinates></LinearRing></outerBoundaryIs></Polygon>"
BARNET,5821,44.3182,1691,VT,43.12456,-72.0808,1665,"<Polygon><outerBoundaryIs><LinearRing><coordinates>-72.188057,44.276847,0.0 -72.166522,44.314789,0.0 -72.093031,44.357858,0.0 -72.067394,44.379735,0.0 -71.984674,44.336324,0.0 -72.059533,44.255655,0.0 -72.143962,44.270011,0.0 -72.188057,44.276847,0.0</coordinates></LinearRing></outerBoundaryIs></Polygon>"
BARTON,5822,44.7498,1410,VT,43.75394,-72.1369,1634,"<Polygon><outerBoundaryIs><LinearRing><coordinates>-72.007234,44.703096,0.0 -72.01202,44.698994,0.0 -72.115249,44.750267,0.0 -72.086536,44.68327,0.0 -72.146696,44.703779,0.0 -72.215402,44.738645,0.0 -72.257104,44.746165,0.0 -72.253002,44.753343,0.0 -72.225315,44.791627,0.0 -72.053722,44.771801,0.0 -72.007234,44.703096,0.0</coordinates></LinearRing></outerBoundaryIs></Polygon>"
CONCORD,5824,44.4409,1139,VT,56.69947,-71.8635,1116,"<Polygon><outerBoundaryIs><LinearRing><coordinates>-71.751212,44.42212,0.0 -71.742325,44.402637,0.0 -71.837692,44.347946,0.0 -71.957671,44.490142,0.0 -71.884863,44.524324,0.0 -71.787787,44.456986,0.0 -71.751212,44.42212,0.0</coordinates></LinearRing></outerBoundaryIs></Polygon>"
COVENTRY,5825,44.8576,140,VT,4.48701,-72.2298,135,"<Polygon><outerBoundaryIs><LinearRing><coordinates>-72.229758,44.837772,0.0 -72.269068,44.861016,0.0 -72.202755,44.87127,0.0 -72.229758,44.837772,0.0</coordinates></LinearRing></outerBoundaryIs></Polygon>"
CRAFTSBURY,5826,44.6456,812,VT,30.92883,-72.4018,807,"<Polygon><outerBoundaryIs><LinearRing><coordinates>-72.482363,44.634048,0.0 -72.475184,44.643277,0.0 -72.423912,44.715059,0.0 -72.391781,44.703437,0.0 -72.374006,44.636783,0.0 -72.312137,44.673357,0.0 -72.310086,44.672674,0.0 -72.297097,44.657975,0.0 -72.364093,44.580041,0.0 -72.37469,44.583801,0.0 -72.482363,44.634048,0.0</coordinates></LinearRing></outerBoundaryIs></Polygon>"
CRAFTSBURY COMMON,5827,44.6797,425,VT,15.36368,-72.3644,422,"<Polygon><outerBoundaryIs><LinearRing><coordinates>-72.391781,44.703437,0.0 -72.312137,44.673357,0.0 -72.374006,44.636783,0.0 -72.391781,44.703437,0.0</coordinates></LinearRing></outerBoundaryIs></Polygon>"
DANVILLE,5828,44.4381,1735,VT,51.03112,-72.1152,1715,"<Polygon><outerBoundaryIs><LinearRing><coordinates>-72.067394,44.379735,0.0 -72.093031,44.357858,0.0 -72.168573,44.385546,0.0 -72.164129,44.482964,0.0 -72.152507,44.501764,0.0 -72.139518,44.520222,0.0 -72.084144,44.513728,0.0 -72.067394,44.379735,0.0</coordinates></LinearRing></outerBoundaryIs></Polygon>"
DERBY,5829,44.953,1513,VT,17.07863,-72.1,1511,"<Polygon><outerBoundaryIs><LinearRing><coordinates>-72.067053,44.914681,0.0 -72.078333,44.904085,0.0 -72.160369,44.954332,0.0 -72.114224,44.986805,0.0 -72.066369,44.930747,0.0 -72.067053,44.914681,0.0</coordinates></LinearRing></outerBoundaryIs></Polygon>"
DERBY LINE,5830,44.9726,1732,VT,42.50624,-71.9949,1719,"<Polygon><outerBoundaryIs><LinearRing><coordinates>-71.921096,44.932114,0.0 -72.066369,44.930747,0.0 -72.114224,44.986805,0.0 -72.142253,45.005947,0.0 -71.89751,45.00834,0.0 -71.917678,44.943736,0.0 -71.921096,44.932114,0.0</coordinates></LinearRing></outerBoundaryIs></Polygon>"
EAST BURKE,5832,44.6035,801,VT,23.13428,-71.914,784,"<Polygon><outerBoundaryIs><LinearRing><coordinates>-71.842819,44.611146,0.0 -71.897169,44.557481,0.0 -72.000398,44.590979,0.0 -71.995271,44.605677,0.0 -71.907423,44.645328,0.0 -71.842819,44.611146,0.0</coordinates></LinearRing></outerBoundaryIs></Polygon>"
EAST CHARLESTON,5833,44.8265,253,VT,15.27211,-71.9782,250,"<Polygon><outerBoundaryIs><LinearRing><coordinates>-71.922463,44.835379,0.0 -71.979889,44.789918,0.0 -72.03458,44.81863,0.0 -71.980231,44.868878,0.0 -71.922463,44.835379,0.0</coordinates></LinearRing></outerBoundaryIs></Polygon>"
EAST HARDWICK,5836,44.5224,744,VT,17.65635,-72.2647,738,"<Polygon><outerBoundaryIs><LinearRing><coordinates>-72.164129,44.482964,0.0 -72.289235,44.49527,0.0 -72.311795,44.561241,0.0 -72.281031,44.549277,0.0 -72.152507,44.501764,0.0 -72.164129,44.482964,0.0</coordinates></LinearRing></outerBoundaryIs></Polygon>"
EAST HAVEN,5837,44.6553,306,VT,37.45445,-71.823,301,"<Polygon><outerBoundaryIs><LinearRing><coordinates>-71.907423,44.645328,0.0 -71.83735,44.716768,0.0 -71.736172,44.665154,0.0 -71.842819,44.611146,0.0 -71.907423,44.645328,0.0</coordinates></LinearRing></outerBoundaryIs></Polygon>"
GLOVER,5839,44.6805,967,VT,26.37832,-72.2109,743,"<Polygon><outerBoundaryIs><LinearRing><coordinates>-72.146696,44.703779,0.0 -72.203438,44.624135,0.0 -72.297097,44.657975,0.0 -72.215402,44.738645,0.0 -72.146696,44.703779,0.0</coordinates></LinearRing></outerBoundaryIs></Polygon>"
GREENSBORO,5841,44.6049,480,VT,33.6914,-72.2875,478,"<Polygon><outerBoundaryIs><LinearRing><coordinates>-72.311795,44.561241,0.0 -72.364093,44.580041,0.0 -72.297097,44.657975,0.0 -72.203438,44.624135,0.0 -72.226682,44.591321,0.0 -72.281031,44.549277,0.0 -72.311795,44.561241,0.0</coordinates></LinearRing></outerBoundaryIs></Polygon>"
GREENSBORO BEND,5842,44.5422,466,VT,15.0851,-72.214,458,"<Polygon><outerBoundaryIs><LinearRing><coordinates>-72.152507,44.501764,0.0 -72.281031,44.549277,0.0 -72.226682,44.591321,0.0 -72.139518,44.520222,0.0 -72.152507,44.501764,0.0</coordinates></LinearRing></outerBoundaryIs></Polygon>"
HARDWICK,5843,44.5201,2627,VT,30.83721,-72.3593,2605,"<Polygon><outerBoundaryIs><LinearRing><coordinates>-72.434508,44.507917,0.0 -72.37469,44.583801,0.0 -72.364093,44.580041,0.0 -72.311795,44.561241,0.0 -72.289235,44.49527,0.0 -72.296755,44.464506,0.0 -72.341191,44.470317,0.0 -72.434508,44.507917,0.0</coordinates></LinearRing></outerBoundaryIs></Polygon>"
IRASBURG,5845,44.8125,1094,VT,34.83586,-72.2897,999,"<Polygon><outerBoundaryIs><LinearRing><coordinates>-72.229758,44.837772,0.0 -72.225315,44.791627,0.0 -72.253002,44.753343,0.0 -72.367511,44.794703,0.0 -72.33333,44.842558,0.0 -72.30906,44.871612,0.0 -72.269068,44.861016,0.0 -72.229758,44.837772,0.0</coordinates></LinearRing></outerBoundaryIs></Polygon>"
ISLAND POND,5846,44.7642,1291,VT,105.5261,-71.8137,1293,"<Polygon><outerBoundaryIs><LinearRing><coordinates>-71.83735,44.716768,0.0 -71.939554,44.768725,0.0 -71.979889,44.789918,0.0 -71.922463,44.835379,0.0 -71.874609,44.876398,0.0 -71.858543,44.863067,0.0 -71.838376,44.85247,0.0 -71.741983,44.805983,0.0 -71.662339,44.62687,0.0 -71.736172,44.665154,0.0 -71.83735,44.716768,0.0</coordinates></LinearRing></outerBoundaryIs></Polygon>"
LOWELL,5847,44.793,767,VT,53.74304,-72.4524,743,"<Polygon><outerBoundaryIs><LinearRing><coordinates>-72.576705,44.780688,0.0 -72.527825,44.831961,0.0 -72.403744,44.841874,0.0 -72.381868,44.843925,0.0 -72.33333,44.842558,0.0 -72.367511,44.794703,0.0 -72.417759,44.722579,0.0 -72.526115,44.762914,0.0 -72.576705,44.780688,0.0</coordinates></LinearRing></outerBoundaryIs></Polygon>"
LYNDON CENTER,5850,44.5435,164,VT,0.50691,-72.0185,166,
LYNDONVILLE,5851,44.555,6088,VT,84.61858,-72.0603,6032,"<Polygon><outerBoundaryIs><LinearRing><coordinates>-72.226682,44.591321,0.0 -72.203438,44.624135,0.0 -72.057482,44.598499,0.0 -72.000398,44.590979,0.0 -71.897169,44.557481,0.0 -71.884863,44.524324,0.0 -71.957671,44.490142,0.0 -72.084144,44.513728,0.0 -72.139518,44.520222,0.0 -72.226682,44.591321,0.0</coordinates></LinearRing></outerBoundaryIs></Polygon>"
MORGAN,5853,44.8956,696,VT,33.31059,-71.9692,670,"<Polygon><outerBoundaryIs><LinearRing><coordinates>-71.980231,44.868878,0.0 -72.067053,44.914681,0.0 -72.066369,44.930747,0.0 -71.921096,44.932114,0.0 -71.9105,44.895198,0.0 -71.874609,44.876398,0.0 -71.922463,44.835379,0.0 -71.980231,44.868878,0.0</coordinates></LinearRing></outerBoundaryIs></Polygon>"
NEWPORT,5855,44.9218,7891,VT,57.74361,-72.1904,7834,"<Polygon><outerBoundaryIs><LinearRing><coordinates>-72.120035,44.864776,0.0 -72.202755,44.87127,0.0 -72.269068,44.861016,0.0 -72.30906,44.871612,0.0 -72.235228,44.959118,0.0 -72.2113,45.005263,0.0 -72.142253,45.005947,0.0 -72.114224,44.986805,0.0 -72.160369,44.954332,0.0 -72.078333,44.904085,0.0 -72.120035,44.864776,0.0</coordinates></LinearRing></outerBoundaryIs></Polygon>"
NEWPORT CENTER,5857,44.9331,1489,VT,42.04346,-72.3075,1473,"<Polygon><outerBoundaryIs><LinearRing><coordinates>-72.381868,44.843925,0.0 -72.36341,44.874689,0.0 -72.329228,45.00458,0.0 -72.255395,45.00458,0.0 -72.235228,44.959118,0.0 -72.30906,44.871612,0.0 -72.33333,44.842558,0.0 -72.381868,44.843925,0.0</coordinates></LinearRing></outerBoundaryIs></Polygon>"
NORTH CONCORD,5858,44.5629,364,VT,91.59923,-71.7766,359,"<Polygon><outerBoundaryIs><LinearRing><coordinates>-71.897169,44.557481,0.0 -71.842819,44.611146,0.0 -71.736172,44.665154,0.0 -71.662339,44.62687,0.0 -71.707801,44.538681,0.0 -71.79599,44.505524,0.0 -71.787787,44.456986,0.0 -71.884863,44.524324,0.0 -71.897169,44.557481,0.0</coordinates></LinearRing></outerBoundaryIs></Polygon>"
NORTH TROY,5859,44.9579,1935,VT,65.24399,-72.4339,1920,"<Polygon><outerBoundaryIs><LinearRing><coordinates>-72.36341,44.874689,0.0 -72.406479,44.874689,0.0 -72.413999,44.925278,0.0 -72.501163,44.926645,0.0 -72.536712,44.926645,0.0 -72.554486,45.00834,0.0 -72.329228,45.00458,0.0 -72.36341,44.874689,0.0</coordinates></LinearRing></outerBoundaryIs></Polygon>"
ORLEANS,5860,44.8021,2307,VT,70.50108,-72.0958,2326,"<Polygon><outerBoundaryIs><LinearRing><coordinates>-71.939554,44.768725,0.0 -72.007234,44.703096,0.0 -72.053722,44.771801,0.0 -72.225315,44.791627,0.0 -72.229758,44.837772,0.0 -72.202755,44.87127,0.0 -72.120035,44.864776,0.0 -72.03458,44.81863,0.0 -71.979889,44.789918,0.0 -71.939554,44.768725,0.0</coordinates></LinearRing></outerBoundaryIs></Polygon>"
PEACHAM,5862,44.338,527,VT,41.24605,-72.2093,522,"<Polygon><outerBoundaryIs><LinearRing><coordinates>-72.2677,44.343844,0.0 -72.228391,44.3958,0.0 -72.168573,44.385546,0.0 -72.093031,44.357858,0.0 -72.166522,44.314789,0.0 -72.314871,44.299066,0.0 -72.307351,44.306586,0.0 -72.2677,44.343844,0.0</coordinates></LinearRing></outerBoundaryIs></Polygon>"
SHEFFIELD,5866,44.6406,821,VT,34.78126,-72.1249,792,"<Polygon><outerBoundaryIs><LinearRing><coordinates>-72.086536,44.68327,0.0 -72.057482,44.598499,0.0 -72.203438,44.624135,0.0 -72.146696,44.703779,0.0 -72.086536,44.68327,0.0</coordinates></LinearRing></outerBoundaryIs></Polygon>"
SUTTON,5867,44.6632,1001,VT,37.38636,-72.0395,990,"<Polygon><outerBoundaryIs><LinearRing><coordinates>-72.000398,44.590979,0.0 -72.057482,44.598499,0.0 -72.086536,44.68327,0.0 -72.115249,44.750267,0.0 -72.01202,44.698994,0.0 -71.995271,44.605677,0.0 -72.000398,44.590979,0.0</coordinates></LinearRing></outerBoundaryIs></Polygon>"
TROY,5868,44.8604,73,VT,4.03649,-72.3896,72,"<Polygon><outerBoundaryIs><LinearRing><coordinates>-72.403744,44.841874,0.0 -72.406479,44.874689,0.0 -72.36341,44.874689,0.0 -72.381868,44.843925,0.0 -72.403744,44.841874,0.0</coordinates></LinearRing></outerBoundaryIs></Polygon>"
WEST BURKE,5871,44.6925,1277,VT,48.10104,-71.9332,1259,"<Polygon><outerBoundaryIs><LinearRing><coordinates>-71.907423,44.645328,0.0 -71.995271,44.605677,0.0 -72.01202,44.698994,0.0 -72.007234,44.703096,0.0 -71.939554,44.768725,0.0 -71.83735,44.716768,0.0 -71.907423,44.645328,0.0</coordinates></LinearRing></outerBoundaryIs></Polygon>"
WEST CHARLESTON,5872,44.866,660,VT,23.97282,-72.0485,651,"<Polygon><outerBoundaryIs><LinearRing><coordinates>-72.03458,44.81863,0.0 -72.120035,44.864776,0.0 -72.078333,44.904085,0.0 -72.067053,44.914681,0.0 -71.980231,44.868878,0.0 -72.03458,44.81863,0.0</coordinates></LinearRing></outerBoundaryIs></Polygon>"
WEST DANVILLE,5873,44.4545,1086,VT,38.93573,-72.2206,1074,"<Polygon><outerBoundaryIs><LinearRing><coordinates>-72.168573,44.385546,0.0 -72.228391,44.3958,0.0 -72.296755,44.464506,0.0 -72.289235,44.49527,0.0 -72.164129,44.482964,0.0 -72.168573,44.385546,0.0</coordinates></LinearRing></outerBoundaryIs></Polygon>"
WESTFIELD,5874,44.8779,470,VT,36.0999,-72.4681,459,"<Polygon><outerBoundaryIs><LinearRing><coordinates>-72.527825,44.831961,0.0 -72.501163,44.926645,0.0 -72.413999,44.925278,0.0 -72.406479,44.874689,0.0 -72.403744,44.841874,0.0 -72.527825,44.831961,0.0</coordinates></LinearRing></outerBoundaryIs></Polygon>"
WEST GLOVER,5875,44.7019,346,VT,15.19863,-72.2629,340,"<Polygon><outerBoundaryIs><LinearRing><coordinates>-72.297097,44.657975,0.0 -72.310086,44.672674,0.0 -72.257104,44.746165,0.0 -72.215402,44.738645,0.0 -72.297097,44.657975,0.0</coordinates></LinearRing></outerBoundaryIs></Polygon>"
AVERILL,5901,44.9436,8,VT,38.29355,-71.6823,8,"<Polygon><outerBoundaryIs><LinearRing><coordinates>-71.598419,44.953307,0.0 -71.663365,44.879132,0.0 -71.766936,44.932798,0.0 -71.700965,45.00834,0.0 -71.598419,44.953307,0.0</coordinates></LinearRing></outerBoundaryIs></Polygon>"
BEECHER FALLS,5902,45.0075,507,VT,2.87411,-71.516,508,"<Polygon><outerBoundaryIs><LinearRing><coordinates>-71.534499,44.995693,0.0 -71.555692,45.012442,0.0 -71.502368,45.013467,0.0 -71.464426,45.013467,0.0 -71.534499,44.995693,0.0</coordinates></LinearRing></outerBoundaryIs></Polygon>"
CANAAN,5903,44.9752,569,VT,29.86526,-71.5844,570,"<Polygon><outerBoundaryIs><LinearRing><coordinates>-71.700965,45.00834,0.0 -71.69823,45.011416,0.0 -71.555692,45.012442,0.0 -71.534499,44.995693,0.0 -71.496557,44.909212,0.0 -71.598419,44.953307,0.0 -71.700965,45.00834,0.0</coordinates></LinearRing></outerBoundaryIs></Polygon>"
GILMAN,5904,44.4123,37,VT,1.13431,-71.7474,37,"<Polygon><outerBoundaryIs><LinearRing><coordinates>-71.751212,44.42212,0.0 -71.722499,44.411182,0.0 -71.742325,44.402637,0.0 -71.751212,44.42212,0.0</coordinates></LinearRing></outerBoundaryIs></Polygon>"
GUILDHALL,5905,44.7322,864,VT,166.11528,-71.6258,853,"<Polygon><outerBoundaryIs><LinearRing><coordinates>-71.662339,44.62687,0.0 -71.741983,44.805983,0.0 -71.663365,44.879132,0.0 -71.598419,44.953307,0.0 -71.496557,44.909212,0.0 -71.602521,44.771801,0.0 -71.558084,44.64191,0.0 -71.536208,44.588586,0.0 -71.606281,44.485015,0.0 -71.707801,44.538681,0.0 -71.662339,44.62687,0.0</coordinates></LinearRing></outerBoundaryIs></Polygon>"
LUNENBURG,5906,44.4756,1465,VT,47.79478,-71.714,1459,"<Polygon><outerBoundaryIs><LinearRing><coordinates>-71.751212,44.42212,0.0 -71.787787,44.456986,0.0 -71.79599,44.505524,0.0 -71.707801,44.538681,0.0 -71.606281,44.485015,0.0 -71.660972,44.441604,0.0 -71.722499,44.411182,0.0 -71.751212,44.42212,0.0</coordinates></LinearRing></outerBoundaryIs></Polygon>"
NORTON,5907,44.9579,217,VT,56.97397,-71.8171,214,"<Polygon><outerBoundaryIs><LinearRing><coordinates>-71.895801,44.94442,0.0 -71.917678,44.943736,0.0 -71.89751,45.00834,0.0 -71.69823,45.011416,0.0 -71.700965,45.00834,0.0 -71.766936,44.932798,0.0 -71.838376,44.85247,0.0 -71.858543,44.863067,0.0 -71.846238,44.945103,0.0 -71.895801,44.94442,0.0</coordinates></LinearRing></outerBoundaryIs></Polygon>"
WILLISTON,5495,44.4292,8751,VT,34.54742,-73.092,8335,"<Polygon><outerBoundaryIs><LinearRing><coordinates>-73.082255,44.370848,0.0 -73.126008,44.36572,0.0 -73.14891,44.400244,0.0 -73.136262,44.47476,0.0 -73.032007,44.468266,0.0 -73.022095,44.433742,0.0 -73.082255,44.370848,0.0</coordinates></LinearRing></outerBoundaryIs></Polygon>"
MANCHESTER CENTER,5255,43.1667,4235,VT,42.24926,-73.066,4171,"<Polygon><outerBoundaryIs><LinearRing><coordinates>-72.999535,43.21174,0.0 -73.002953,43.118423,0.0 -73.114044,43.11979,0.0 -73.123957,43.213791,0.0 -73.041237,43.212081,0.0 -72.999535,43.21174,0.0</coordinates></LinearRing></outerBoundaryIs></Polygon>"
STOWE,5672,44.4827,4477,VT,70.37047,-72.7223,4339,"<Polygon><outerBoundaryIs><LinearRing><coordinates>-72.738043,44.435793,0.0 -72.835803,44.458695,0.0 -72.809483,44.54791,0.0 -72.767781,44.563292,0.0 -72.59653,44.479888,0.0 -72.655323,44.398535,0.0 -72.738043,44.435793,0.0</coordinates></LinearRing></outerBoundaryIs></Polygon>"
WATERBURY,5676,44.3565,4832,VT,102.56393,-72.8146,4240,"<Polygon><outerBoundaryIs><LinearRing><coordinates>-72.770516,44.278556,0.0 -72.879898,44.272062,0.0 -72.906902,44.284709,0.0 -72.882633,44.330171,0.0 -72.951338,44.348629,0.0 -72.818712,44.432375,0.0 -72.898698,44.441604,0.0 -72.888102,44.470659,0.0 -72.835803,44.458695,0.0 -72.738043,44.435793,0.0 -72.73565,44.355808,0.0 -72.668996,44.364011,0.0 -72.770516,44.278556,0.0</coordinates></LinearRing></outerBoundaryIs></Polygon>"
BURLINGTON,5401,44.491,38485,VT,10.52592,-73.2267,38321,"<Polygon><outerBoundaryIs><LinearRing><coordinates>-73.174204,44.485015,0.0 -73.191295,44.473051,0.0 -73.193688,44.474077,0.0 -73.231288,44.447073,0.0 -73.275724,44.530135,0.0 -73.201208,44.491851,0.0 -73.174204,44.485015,0.0</coordinates></LinearRing></outerBoundaryIs></Polygon>"
BURLINGTON,5405,44.4778,518,VT,0.18979,-73.1953,515,
BROWNSVILLE,5037,43.4592,532,VT,10.39894,-72.4919,521,"<Polygon><outerBoundaryIs><LinearRing><coordinates>-72.455017,43.435631,0.0 -72.530217,43.444176,0.0 -72.514152,43.477675,0.0 -72.455017,43.435631,0.0</coordinates></LinearRing></outerBoundaryIs></Polygon>"
JERICHO,5465,44.4768,5025,VT,35.91497,-72.9629,5092,"<Polygon><outerBoundaryIs><LinearRing><coordinates>-73.022095,44.433742,0.0 -73.032007,44.468266,0.0 -72.97048,44.550302,0.0 -72.888102,44.470659,0.0 -72.898698,44.441604,0.0 -73.022095,44.433742,0.0</coordinates></LinearRing></outerBoundaryIs></Polygon>"
SOUTH BURLINGTON,5403,44.4464,15859,VT,16.67488,-73.1725,15581,"<Polygon><outerBoundaryIs><LinearRing><coordinates>-73.231288,44.447073,0.0 -73.193688,44.474077,0.0 -73.191295,44.473051,0.0 -73.174204,44.485015,0.0 -73.170786,44.493219,0.0 -73.136262,44.500397,0.0 -73.136262,44.47476,0.0 -73.14891,44.400244,0.0 -73.218641,44.42212,0.0 -73.231288,44.447073,0.0</coordinates></LinearRing></outerBoundaryIs></Polygon>"
RUTLAND,5701,43.6334,21235,VT,47.07424,-72.9317,21589,"<Polygon><outerBoundaryIs><LinearRing><coordinates>-72.86896,43.61782,0.0 -72.908611,43.577144,0.0 -73.002611,43.571675,0.0 -73.009106,43.592526,0.0 -73.003978,43.64585,0.0 -73.002953,43.666701,0.0 -72.944844,43.676272,0.0 -72.8652,43.694388,0.0 -72.858363,43.695072,0.0 -72.86896,43.61782,0.0</coordinates></LinearRing></outerBoundaryIs></Polygon>"
SWANTON,5488,44.9284,7582,VT,69.86375,-73.1235,7446,"<Polygon><outerBoundaryIs><LinearRing><coordinates>-73.014917,45.014834,0.0 -73.045338,44.938609,0.0 -73.170102,44.808034,0.0 -73.161557,44.920492,0.0 -73.218299,44.973474,0.0 -73.014917,45.014834,0.0</coordinates></LinearRing></outerBoundaryIs></Polygon>"
