SNAKE RIV BIRDS OF PREY,56,43.2416,27,ID,335.15295,-116.188,25,"<Polygon><outerBoundaryIs><LinearRing><coordinates>-115.9788,43.129197,0.0 -116.265283,43.112701,0.0 -116.448389,43.293058,0.0 -116.068429,43.372789,0.0 -116.093723,43.28646,0.0 -115.974951,43.291958,0.0 -115.9788,43.129197,0.0</coordinates></LinearRing></outerBoundaryIs></Polygon>"
YELOWSTONE,78,44.3057,0,ID,56.93614,-111.073,0,"<Polygon><outerBoundaryIs><LinearRing><coordinates>-111.049216,44.13216,0.0 -111.097604,44.176699,0.0 -111.095954,44.486276,0.0 -111.049216,44.474179,0.0 -111.049216,44.13216,0.0</coordinates></LinearRing></outerBoundaryIs></Polygon>"
POCATELLO,83202,42.9761,16512,ID,60.54114,-112.506,16416,"<Polygon><outerBoundaryIs><LinearRing><coordinates>-112.495924,42.900451,0.0 -112.569606,42.961487,0.0 -112.633391,43.021972,0.0 -112.407944,43.021972,0.0 -112.428839,42.963686,0.0 -112.495924,42.900451,0.0</coordinates></LinearRing></outerBoundaryIs></Polygon>"
FORT HALL,83203,42.9741,133,ID,108.19526,-112.23,132,"<Polygon><outerBoundaryIs><LinearRing><coordinates>-112.136309,42.90595,0.0 -112.30072,42.90595,0.0 -112.428839,42.963686,0.0 -112.407944,43.021972,0.0 -112.063176,43.022522,0.0 -112.136309,42.90595,0.0</coordinates></LinearRing></outerBoundaryIs></Polygon>"
POCATELLO,83209,42.8615,1,ID,0.09333,-112.434,1,
ABERDEEN,83210,43.0595,3594,ID,309.43053,-112.871,3538,"<Polygon><outerBoundaryIs><LinearRing><coordinates>-112.851689,42.86306,0.0 -113.007853,42.920796,0.0 -113.007853,43.111051,0.0 -113.007853,43.228723,0.0 -112.841242,43.236971,0.0 -112.624593,43.03022,0.0 -112.707623,43.061563,0.0 -112.851689,42.86306,0.0</coordinates></LinearRing></outerBoundaryIs></Polygon>"
AMERICAN FALLS,83211,42.8143,5880,ID,649.07595,-113.026,5934,"<Polygon><outerBoundaryIs><LinearRing><coordinates>-113.237148,42.626616,0.0 -113.238248,43.111051,0.0 -113.007853,43.111051,0.0 -113.007853,42.920796,0.0 -112.851689,42.86306,0.0 -112.879183,42.77893,0.0 -112.716971,42.887254,0.0 -112.738416,42.626616,0.0 -113.002904,42.573278,0.0 -113.175013,42.625516,0.0 -112.874234,42.77728,0.0 -113.237148,42.626616,0.0</coordinates></LinearRing></outerBoundaryIs></Polygon>"
ARBON,83212,42.5056,85,ID,185.96167,-112.57,86,"<Polygon><outerBoundaryIs><LinearRing><coordinates>-112.420041,42.502895,0.0 -112.51022,42.416015,0.0 -112.704324,42.328586,0.0 -112.700475,42.588125,0.0 -112.417842,42.64916,0.0 -112.379351,42.646411,0.0 -112.420041,42.502895,0.0</coordinates></LinearRing></outerBoundaryIs></Polygon>"
ARCO,83213,43.4963,1816,ID,857.66029,-113.319,1826,"<Polygon><outerBoundaryIs><LinearRing><coordinates>-112.816498,43.450871,0.0 -112.93307,43.449771,0.0 -113.007303,43.28481,0.0 -113.635804,43.377188,0.0 -113.598963,43.475615,0.0 -113.798016,43.569093,0.0 -113.447749,43.777494,0.0 -112.816498,43.450871,0.0</coordinates></LinearRing></outerBoundaryIs></Polygon>"
ARIMO,83214,42.553,606,ID,85.17834,-112.268,603,"<Polygon><outerBoundaryIs><LinearRing><coordinates>-112.120362,42.517741,0.0 -112.38485,42.499596,0.0 -112.420041,42.502895,0.0 -112.379351,42.646411,0.0 -112.34251,42.572179,0.0 -112.117613,42.623316,0.0 -112.120362,42.517741,0.0</coordinates></LinearRing></outerBoundaryIs></Polygon>"
BANCROFT,83217,42.8054,829,ID,405.08027,-111.935,835,"<Polygon><outerBoundaryIs><LinearRing><coordinates>-111.921859,42.624966,0.0 -112.115963,42.729441,0.0 -112.136309,42.90595,0.0 -112.063176,43.022522,0.0 -111.947153,43.020873,0.0 -111.711809,42.64916,0.0 -111.91746,42.617268,0.0 -111.921859,42.624966,0.0</coordinates></LinearRing></outerBoundaryIs></Polygon>"
BERN,83220,42.3172,250,ID,22.01196,-111.379,249,
BLACKFOOT,83221,43.353,23600,ID,778.8848,-112.576,23469,"<Polygon><outerBoundaryIs><LinearRing><coordinates>-113.007853,43.228723,0.0 -113.007303,43.28481,0.0 -112.93307,43.449771,0.0 -112.816498,43.450871,0.0 -112.697176,43.62298,0.0 -112.520118,43.626829,0.0 -112.514069,43.425027,0.0 -112.163252,43.425027,0.0 -112.204492,43.367291,0.0 -112.289172,43.283161,0.0 -112.183597,43.312853,0.0 -112.244083,43.268314,0.0 -112.135209,43.230373,0.0 -112.51242,43.126448,0.0 -112.302919,43.255667,0.0 -112.487675,43.151742,0.0 -112.841242,43.236971,0.0 -113.007853,43.228723,0.0</coordinates></LinearRing></outerBoundaryIs></Polygon>"
CLAYTON,83227,44.3072,3,ID,20.39452,-114.441,3,
CLIFTON,83228,42.2313,471,ID,47.86504,-112.02,465,"<Polygon><outerBoundaryIs><LinearRing><coordinates>-112.070874,42.176822,0.0 -112.126411,42.285146,0.0 -111.9598,42.256553,0.0 -111.945504,42.187819,0.0 -112.070874,42.176822,0.0</coordinates></LinearRing></outerBoundaryIs></Polygon>"
CONDA,83230,42.7345,15,ID,21.76177,-111.516,15,"<Polygon><outerBoundaryIs><LinearRing><coordinates>-111.553996,42.690951,0.0 -111.518255,42.792676,0.0 -111.45337,42.721193,0.0 -111.553996,42.690951,0.0</coordinates></LinearRing></outerBoundaryIs></Polygon>"
DAYTON,83232,42.1277,741,ID,56.97243,-112.018,733,"<Polygon><outerBoundaryIs><LinearRing><coordinates>-111.945504,42.187819,0.0 -111.941655,42.097641,0.0 -112.109365,42.116886,0.0 -112.070874,42.176822,0.0 -111.945504,42.187819,0.0</coordinates></LinearRing></outerBoundaryIs></Polygon>"
ELLIS,83235,44.8493,212,ID,274.00504,-114.09,216,"<Polygon><outerBoundaryIs><LinearRing><coordinates>-113.931084,45.007003,0.0 -114.048756,44.691928,0.0 -114.181275,44.616595,0.0 -114.221416,44.878883,0.0 -114.087797,45.093333,0.0 -113.931084,45.007003,0.0</coordinates></LinearRing></outerBoundaryIs></Polygon>"
FIRTH,83236,43.1449,4766,ID,751.05749,-112.007,4718,"<MultiGeometry><Polygon><outerBoundaryIs><LinearRing><coordinates>-112.204492,43.367291,0.0 -112.175899,43.332099,0.0 -112.183597,43.312853,0.0 -112.289172,43.283161,0.0 -112.204492,43.367291,0.0</coordinates></LinearRing></outerBoundaryIs></Polygon><Polygon><outerBoundaryIs><LinearRing><coordinates>-112.063176,43.022522,0.0 -112.407944,43.021972,0.0 -112.633391,43.021972,0.0 -112.51242,43.126448,0.0 -112.135209,43.230373,0.0 -112.244083,43.268314,0.0 -112.174799,43.331549,0.0 -111.588088,43.279311,0.0 -111.589738,43.020323,0.0 -111.947153,43.020873,0.0 -112.063176,43.022522,0.0</coordinates></LinearRing></outerBoundaryIs></Polygon></MultiGeometry>"
FRANKLIN,83237,42.0438,1303,ID,99.84186,-111.681,1270,"<Polygon><outerBoundaryIs><LinearRing><coordinates>-111.507257,41.999764,0.0 -111.739852,41.999214,0.0 -111.780543,41.999214,0.0 -111.87622,41.998664,0.0 -111.694763,42.14108,0.0 -111.525403,42.074546,0.0 -111.524303,42.074546,0.0 -111.507257,41.999764,0.0</coordinates></LinearRing></outerBoundaryIs></Polygon>"
GENEVA,83238,42.3097,117,ID,28.81017,-111.086,118,"<Polygon><outerBoundaryIs><LinearRing><coordinates>-111.047016,42.259852,0.0 -111.138294,42.329686,0.0 -111.047016,42.400619,0.0 -111.047016,42.259852,0.0</coordinates></LinearRing></outerBoundaryIs></Polygon>"
GRACE,83241,42.5175,1993,ID,201.77576,-111.757,2009,"<Polygon><outerBoundaryIs><LinearRing><coordinates>-111.70906,42.416015,0.0 -111.746451,42.416015,0.0 -111.87567,42.416565,0.0 -111.916361,42.529839,0.0 -111.91746,42.617268,0.0 -111.711809,42.64916,0.0 -111.634277,42.570529,0.0 -111.598536,42.416015,0.0 -111.70906,42.416015,0.0</coordinates></LinearRing></outerBoundaryIs></Polygon>"
HOLBROOK,83243,42.2379,216,ID,392.23363,-112.756,202,"<Polygon><outerBoundaryIs><LinearRing><coordinates>-113.000704,42.10204,0.0 -113.000704,42.327486,0.0 -112.704324,42.328586,0.0 -112.51022,42.416015,0.0 -112.47063,42.161426,0.0 -112.630642,42.219712,0.0 -112.796153,42.082244,0.0 -113.000704,42.10204,0.0</coordinates></LinearRing></outerBoundaryIs></Polygon>"
HOWE,83244,43.7823,0,ID,15.86111,-113.081,0,
INKOM,83245,42.8139,1567,ID,85.7269,-112.207,1656,"<Polygon><outerBoundaryIs><LinearRing><coordinates>-112.115963,42.729441,0.0 -112.335911,42.761334,0.0 -112.304569,42.797625,0.0 -112.30072,42.90595,0.0 -112.136309,42.90595,0.0 -112.115963,42.729441,0.0</coordinates></LinearRing></outerBoundaryIs></Polygon>"
LAVA HOT SPRINGS,83246,42.589,1077,ID,81.69625,-112.02,1059,"<Polygon><outerBoundaryIs><LinearRing><coordinates>-112.117613,42.623316,0.0 -112.076373,42.699199,0.0 -111.921859,42.624966,0.0 -111.91746,42.617268,0.0 -111.916361,42.529839,0.0 -112.120362,42.517741,0.0 -112.117613,42.623316,0.0</coordinates></LinearRing></outerBoundaryIs></Polygon>"
MCCAMMON,83250,42.6692,1866,ID,195.35158,-112.224,1850,"<Polygon><outerBoundaryIs><LinearRing><coordinates>-111.921859,42.624966,0.0 -112.076373,42.699199,0.0 -112.117613,42.623316,0.0 -112.34251,42.572179,0.0 -112.379351,42.646411,0.0 -112.417842,42.64916,0.0 -112.335911,42.761334,0.0 -112.115963,42.729441,0.0 -111.921859,42.624966,0.0</coordinates></LinearRing></outerBoundaryIs></Polygon>"
MACKAY,83251,43.8941,1277,ID,1050.28617,-113.876,1269,"<Polygon><outerBoundaryIs><LinearRing><coordinates>-113.82386,43.605384,0.0 -114.262106,43.824782,0.0 -114.410021,43.895716,0.0 -113.95088,44.275676,0.0 -113.765573,44.034283,0.0 -113.446099,43.931457,0.0 -113.360869,43.819284,0.0 -113.447749,43.777494,0.0 -113.798016,43.569093,0.0 -113.82386,43.605384,0.0</coordinates></LinearRing></outerBoundaryIs></Polygon>"
MALAD CITY,83252,42.1738,3979,ID,810.72994,-112.435,3923,"<Polygon><outerBoundaryIs><LinearRing><coordinates>-113.000704,41.998114,0.0 -113.000704,42.10204,0.0 -112.796153,42.082244,0.0 -112.630642,42.219712,0.0 -112.47063,42.161426,0.0 -112.51022,42.416015,0.0 -112.420041,42.502895,0.0 -112.38485,42.499596,0.0 -112.318865,42.320888,0.0 -112.126411,42.285146,0.0 -112.070874,42.176822,0.0 -112.109365,42.116886,0.0 -112.109365,41.997564,0.0 -112.163802,41.996465,0.0 -112.243533,42.001413,0.0 -112.979259,41.998114,0.0 -113.000704,41.998114,0.0</coordinates></LinearRing></outerBoundaryIs></Polygon>"
MAY,83253,44.669,297,ID,398.62889,-113.812,272,"<Polygon><outerBoundaryIs><LinearRing><coordinates>-113.82276,44.965763,0.0 -113.82056,44.662235,0.0 -113.621507,44.631992,0.0 -113.476892,44.447785,0.0 -113.800765,44.484627,0.0 -114.048756,44.691928,0.0 -113.931084,45.007003,0.0 -113.82276,44.965763,0.0</coordinates></LinearRing></outerBoundaryIs></Polygon>"
MONTPELIER,83254,42.337,4722,ID,744.48378,-111.303,4712,"<Polygon><outerBoundaryIs><LinearRing><coordinates>-111.340097,42.207615,0.0 -111.588638,42.264801,0.0 -111.598536,42.416015,0.0 -111.634277,42.570529,0.0 -111.046466,42.513342,0.0 -111.047016,42.400619,0.0 -111.138294,42.329686,0.0 -111.047016,42.259852,0.0 -111.046466,42.001413,0.0 -111.260366,42.001413,0.0 -111.265314,42.114687,0.0 -111.340097,42.207615,0.0</coordinates></LinearRing></outerBoundaryIs></Polygon>"
MOORE,83255,43.8666,1076,ID,1368.22051,-113.08,1079,"<Polygon><outerBoundaryIs><LinearRing><coordinates>-112.694976,43.932007,0.0 -112.697176,43.62298,0.0 -112.816498,43.450871,0.0 -113.447749,43.777494,0.0 -113.360869,43.819284,0.0 -113.446099,43.931457,0.0 -113.416956,44.221789,0.0 -113.320179,44.232786,0.0 -112.995206,44.233886,0.0 -112.994106,43.982595,0.0 -112.694976,43.972148,0.0 -112.694976,43.932007,0.0</coordinates></LinearRing></outerBoundaryIs></Polygon>"
PARIS,83261,42.1912,886,ID,96.22769,-111.48,877,"<Polygon><outerBoundaryIs><LinearRing><coordinates>-111.334598,42.122935,0.0 -111.586988,42.14218,0.0 -111.588638,42.264801,0.0 -111.340097,42.207615,0.0 -111.334598,42.122935,0.0</coordinates></LinearRing></outerBoundaryIs></Polygon>"
PINGREE,83262,43.1551,1298,ID,128.70305,-112.669,1297,"<Polygon><outerBoundaryIs><LinearRing><coordinates>-112.624593,43.03022,0.0 -112.841242,43.236971,0.0 -112.487675,43.151742,0.0 -112.624593,43.03022,0.0</coordinates></LinearRing></outerBoundaryIs></Polygon>"
PRESTON,83263,42.228,8027,ID,375.21986,-111.768,7867,"<Polygon><outerBoundaryIs><LinearRing><coordinates>-111.586988,42.14218,0.0 -111.525403,42.074546,0.0 -111.694763,42.14108,0.0 -111.87622,41.998664,0.0 -111.933407,41.998664,0.0 -111.941655,42.097641,0.0 -111.945504,42.187819,0.0 -111.9598,42.256553,0.0 -111.87567,42.416565,0.0 -111.746451,42.416015,0.0 -111.745901,42.272499,0.0 -111.613382,42.329686,0.0 -111.70906,42.416015,0.0 -111.598536,42.416015,0.0 -111.588638,42.264801,0.0 -111.586988,42.14218,0.0</coordinates></LinearRing></outerBoundaryIs></Polygon>"
ROCKLAND,83271,42.4658,566,ID,278.89277,-112.852,569,"<Polygon><outerBoundaryIs><LinearRing><coordinates>-113.000704,42.327486,0.0 -113.002904,42.573278,0.0 -112.738416,42.626616,0.0 -112.700475,42.588125,0.0 -112.704324,42.328586,0.0 -113.000704,42.327486,0.0</coordinates></LinearRing></outerBoundaryIs></Polygon>"
SAINT CHARLES,83272,42.1137,193,ID,41.35045,-111.49,197,"<Polygon><outerBoundaryIs><LinearRing><coordinates>-111.386286,42.062999,0.0 -111.524303,42.074546,0.0 -111.525403,42.074546,0.0 -111.586988,42.14218,0.0 -111.334598,42.122935,0.0 -111.265314,42.114687,0.0 -111.260366,42.001413,0.0 -111.262015,42.001413,0.0 -111.268064,42.109738,0.0 -111.386286,42.062999,0.0</coordinates></LinearRing></outerBoundaryIs></Polygon>"
SHELLEY,83274,43.2459,8542,ID,386.06791,-111.687,8617,"<MultiGeometry><Polygon><outerBoundaryIs><LinearRing><coordinates>-112.163252,43.425027,0.0 -112.103316,43.421178,0.0 -112.175899,43.332099,0.0 -112.204492,43.367291,0.0 -112.163252,43.425027,0.0</coordinates></LinearRing></outerBoundaryIs></Polygon><Polygon><outerBoundaryIs><LinearRing><coordinates>-112.103316,43.420628,0.0 -112.04393,43.41018,0.0 -111.902614,43.37169,0.0 -111.810785,43.381587,0.0 -111.584789,43.36949,0.0 -111.286209,43.162739,0.0 -111.502858,43.019773,0.0 -111.589738,43.020323,0.0 -111.588088,43.279311,0.0 -112.174799,43.331549,0.0 -112.103316,43.420628,0.0</coordinates></LinearRing></outerBoundaryIs></Polygon></MultiGeometry>"
SODA SPRINGS,83276,42.7903,4476,ID,1081.27392,-111.404,4476,"<Polygon><outerBoundaryIs><LinearRing><coordinates>-111.711809,42.64916,0.0 -111.947153,43.020873,0.0 -111.589738,43.020323,0.0 -111.502858,43.019773,0.0 -111.313703,42.824569,0.0 -111.28566,43.000527,0.0 -111.044267,43.020323,0.0 -111.043717,42.982931,0.0 -111.043717,42.838316,0.0 -111.043717,42.767382,0.0 -111.044817,42.648611,0.0 -111.046466,42.513342,0.0 -111.634277,42.570529,0.0 -111.711809,42.64916,0.0</coordinates></LinearRing></outerBoundaryIs><innerBoundaryIs><LinearRing><coordinates>-111.553996,42.690951,0.0 -111.45337,42.721193,0.0 -111.518255,42.792676,0.0 -111.553996,42.690951,0.0</coordinates></LinearRing></innerBoundaryIs></Polygon>"
STANLEY,83278,44.3381,526,ID,1815.16509,-114.825,540,"<Polygon><outerBoundaryIs><LinearRing><coordinates>-114.990684,43.949603,0.0 -115.014328,44.150855,0.0 -115.232077,44.305919,0.0 -115.294212,44.339461,0.0 -115.283765,44.528616,0.0 -115.126502,44.760111,0.0 -114.811976,44.80795,0.0 -114.552437,44.578104,0.0 -114.478755,44.34166,0.0 -114.402323,44.25808,0.0 -114.2874,44.151955,0.0 -114.443013,44.125012,0.0 -114.534292,43.846227,0.0 -114.818575,43.993043,0.0 -114.971438,43.938056,0.0 -114.990684,43.949603,0.0</coordinates></LinearRing></outerBoundaryIs></Polygon>"
THATCHER,83283,42.3396,116,ID,29.7248,-111.706,115,"<Polygon><outerBoundaryIs><LinearRing><coordinates>-111.746451,42.416015,0.0 -111.70906,42.416015,0.0 -111.613382,42.329686,0.0 -111.745901,42.272499,0.0 -111.746451,42.416015,0.0</coordinates></LinearRing></outerBoundaryIs></Polygon>"
WAYAN,83285,43.0424,119,ID,257.22863,-111.262,117,"<Polygon><outerBoundaryIs><LinearRing><coordinates>-111.286209,43.162739,0.0 -111.043717,43.143494,0.0 -111.044267,43.054964,0.0 -111.044267,43.020323,0.0 -111.28566,43.000527,0.0 -111.313703,42.824569,0.0 -111.502858,43.019773,0.0 -111.286209,43.162739,0.0</coordinates></LinearRing></outerBoundaryIs></Polygon>"
WESTON,83286,42.0447,885,ID,58.40692,-112.015,879,"<Polygon><outerBoundaryIs><LinearRing><coordinates>-111.933407,41.998664,0.0 -111.944954,41.998664,0.0 -112.109365,41.997564,0.0 -112.109365,42.116886,0.0 -111.941655,42.097641,0.0 -111.933407,41.998664,0.0</coordinates></LinearRing></outerBoundaryIs></Polygon>"
FISH HAVEN,83287,42.0516,156,ID,40.56072,-111.45,153,"<Polygon><outerBoundaryIs><LinearRing><coordinates>-111.524303,42.074546,0.0 -111.386286,42.062999,0.0 -111.407731,42.000864,0.0 -111.507257,41.999764,0.0 -111.524303,42.074546,0.0</coordinates></LinearRing></outerBoundaryIs></Polygon>"
TWIN FALLS,83301,42.2451,42948,ID,1263.41974,-114.648,42422,"<Polygon><outerBoundaryIs><LinearRing><coordinates>-114.324241,42.425913,0.0 -114.281901,42.182871,0.0 -114.281901,41.994265,0.0 -114.651414,41.996465,0.0 -115.038523,41.995915,0.0 -115.037423,42.462205,0.0 -114.929098,42.451757,0.0 -114.866413,42.334085,0.0 -114.868613,42.470453,0.0 -114.692104,42.491348,0.0 -114.574432,42.491348,0.0 -114.538691,42.632664,0.0 -114.430916,42.599122,0.0 -114.429816,42.599122,0.0 -114.401223,42.595273,0.0 -114.324241,42.425913,0.0</coordinates></LinearRing></outerBoundaryIs><innerBoundaryIs><LinearRing><coordinates>-114.576632,42.14108,0.0 -114.546939,42.245006,0.0 -114.734994,42.233459,0.0 -114.576632,42.14108,0.0</coordinates></LinearRing></innerBoundaryIs></Polygon>"
ROGERSON,83302,42.2109,99,ID,34.43144,-114.613,98,"<Polygon><outerBoundaryIs><LinearRing><coordinates>-114.576632,42.14108,0.0 -114.734994,42.233459,0.0 -114.546939,42.245006,0.0 -114.576632,42.14108,0.0</coordinates></LinearRing></outerBoundaryIs></Polygon>"
BELLEVUE,83313,43.352,3134,ID,312.52639,-114.286,3123,"<Polygon><outerBoundaryIs><LinearRing><coordinates>-114.209868,43.20013,0.0 -114.335789,43.19958,0.0 -114.374829,43.19958,0.0 -114.526594,43.379388,0.0 -114.174127,43.559195,0.0 -114.24726,43.448122,0.0 -114.110892,43.416229,0.0 -114.085598,43.248519,0.0 -114.209868,43.20013,0.0</coordinates></LinearRing></outerBoundaryIs></Polygon>"
BLISS,83314,43.0646,910,ID,429.75929,-114.868,908,"<Polygon><outerBoundaryIs><LinearRing><coordinates>-115.037423,42.911998,0.0 -115.086911,42.942241,0.0 -115.086361,43.198481,0.0 -115.028075,43.197931,0.0 -114.594777,43.198481,0.0 -114.594228,43.025271,0.0 -114.766887,43.036819,0.0 -114.827922,42.847663,0.0 -114.902705,42.86251,0.0 -115.037423,42.911998,0.0</coordinates></LinearRing></outerBoundaryIs></Polygon>"
BUHL,83316,42.619,9558,ID,330.25911,-114.887,9407,"<Polygon><outerBoundaryIs><LinearRing><coordinates>-114.868613,42.470453,0.0 -114.935697,42.531488,0.0 -114.929098,42.451757,0.0 -115.037423,42.462205,0.0 -115.037973,42.768482,0.0 -115.037423,42.911448,0.0 -114.905454,42.86196,0.0 -115.001131,42.871858,0.0 -115.002781,42.770682,0.0 -114.849367,42.745388,0.0 -114.689905,42.662357,0.0 -114.692104,42.491348,0.0 -114.868613,42.470453,0.0</coordinates></LinearRing></outerBoundaryIs></Polygon>"
BURLEY,83318,42.4598,15796,ID,176.39753,-113.803,15898,"<Polygon><outerBoundaryIs><LinearRing><coordinates>-113.606111,42.449008,0.0 -113.804064,42.372576,0.0 -114.010266,42.503995,0.0 -114.000918,42.52544,0.0 -113.667697,42.526539,0.0 -113.606111,42.449008,0.0</coordinates></LinearRing></outerBoundaryIs></Polygon>"
CAREY,83320,43.2103,1073,ID,1325.86024,-113.584,1055,"<Polygon><outerBoundaryIs><LinearRing><coordinates>-113.472493,42.813022,0.0 -113.413657,43.192982,0.0 -113.714436,43.20013,0.0 -114.098795,43.20013,0.0 -114.085598,43.248519,0.0 -114.110892,43.416229,0.0 -114.24726,43.448122,0.0 -114.174127,43.559195,0.0 -113.953079,43.481114,0.0 -113.82386,43.605384,0.0 -113.798016,43.569093,0.0 -113.598963,43.475615,0.0 -113.635804,43.377188,0.0 -113.007303,43.28481,0.0 -113.007853,43.228723,0.0 -113.007853,43.111051,0.0 -113.238248,43.111051,0.0 -113.237148,42.626616,0.0 -113.471943,42.676104,0.0 -113.472493,42.813022,0.0</coordinates></LinearRing></outerBoundaryIs></Polygon>"
CASTLEFORD,83321,42.435,370,ID,40.04747,-114.898,362,"<Polygon><outerBoundaryIs><LinearRing><coordinates>-114.929098,42.451757,0.0 -114.935697,42.531488,0.0 -114.868613,42.470453,0.0 -114.866413,42.334085,0.0 -114.929098,42.451757,0.0</coordinates></LinearRing></outerBoundaryIs></Polygon>"
CORRAL,83322,43.287,57,ID,50.36751,-115.029,55,"<Polygon><outerBoundaryIs><LinearRing><coordinates>-115.086361,43.342546,0.0 -114.930198,43.342546,0.0 -115.028075,43.197931,0.0 -115.086361,43.198481,0.0 -115.086911,43.299107,0.0 -115.086361,43.342546,0.0</coordinates></LinearRing></outerBoundaryIs></Polygon>"
DECLO,83323,42.5557,1663,ID,50.19641,-113.586,1629,"<Polygon><outerBoundaryIs><LinearRing><coordinates>-113.487339,42.663457,0.0 -113.606111,42.449008,0.0 -113.667697,42.526539,0.0 -113.487339,42.663457,0.0</coordinates></LinearRing></outerBoundaryIs></Polygon>"
DIETRICH,83324,42.897,545,ID,68.79011,-114.247,540,"<Polygon><outerBoundaryIs><LinearRing><coordinates>-114.151032,42.9032,0.0 -114.311594,42.825119,0.0 -114.358883,42.922996,0.0 -114.239012,42.994479,0.0 -114.151032,42.9032,0.0</coordinates></LinearRing></outerBoundaryIs></Polygon>"
EDEN,83325,42.5953,1074,ID,51.16827,-114.237,1053,"<Polygon><outerBoundaryIs><LinearRing><coordinates>-114.174677,42.52544,0.0 -114.298947,42.56668,0.0 -114.334689,42.573828,0.0 -114.356134,42.589774,0.0 -114.168628,42.627166,0.0 -114.153232,42.499596,0.0 -114.174677,42.52544,0.0</coordinates></LinearRing></outerBoundaryIs></Polygon>"
FAIRFIELD,83327,43.4716,973,ID,1025.33498,-114.793,936,"<Polygon><outerBoundaryIs><LinearRing><coordinates>-114.374829,43.19958,0.0 -114.594777,43.198481,0.0 -115.028075,43.197931,0.0 -114.930198,43.342546,0.0 -115.086361,43.342546,0.0 -114.989584,43.858874,0.0 -114.707501,43.812685,0.0 -114.682757,43.592737,0.0 -114.513947,43.489362,0.0 -114.526594,43.379388,0.0 -114.374829,43.19958,0.0</coordinates></LinearRing></outerBoundaryIs></Polygon>"
FILER,83328,42.5654,4657,ID,69.13915,-114.618,4583,"<Polygon><outerBoundaryIs><LinearRing><coordinates>-114.692104,42.491348,0.0 -114.689905,42.662357,0.0 -114.538691,42.632664,0.0 -114.574432,42.491348,0.0 -114.692104,42.491348,0.0</coordinates></LinearRing></outerBoundaryIs></Polygon>"
GOODING,83330,42.9292,6030,ID,137.03033,-114.703,5920,"<Polygon><outerBoundaryIs><LinearRing><coordinates>-114.594228,42.850963,0.0 -114.617322,42.838866,0.0 -114.819674,42.838866,0.0 -114.827922,42.847663,0.0 -114.766887,43.036819,0.0 -114.594228,43.025271,0.0 -114.594228,42.850963,0.0</coordinates></LinearRing></outerBoundaryIs></Polygon>"
HAGERMAN,83332,42.8091,2073,ID,70.29164,-114.923,2116,"<MultiGeometry><Polygon><outerBoundaryIs><LinearRing><coordinates>-114.849367,42.745388,0.0 -115.002781,42.770682,0.0 -115.001131,42.871858,0.0 -114.905454,42.86196,0.0 -114.849367,42.745388,0.0</coordinates></LinearRing></outerBoundaryIs></Polygon><Polygon><outerBoundaryIs><LinearRing><coordinates>-114.902705,42.86251,0.0 -114.827922,42.847663,0.0 -114.819674,42.838866,0.0 -114.854316,42.755285,0.0 -114.902705,42.86251,0.0</coordinates></LinearRing></outerBoundaryIs></Polygon></MultiGeometry>"
HAILEY,83333,43.6094,10264,ID,535.94508,-114.227,9856,"<Polygon><outerBoundaryIs><LinearRing><coordinates>-114.682757,43.592737,0.0 -114.350085,43.647724,0.0 -114.262106,43.824782,0.0 -113.82386,43.605384,0.0 -113.953079,43.481114,0.0 -114.174127,43.559195,0.0 -114.526594,43.379388,0.0 -114.513947,43.489362,0.0 -114.682757,43.592737,0.0</coordinates></LinearRing></outerBoundaryIs></Polygon>"
HANSEN,83334,42.3243,1784,ID,264.68481,-114.171,1764,"<Polygon><outerBoundaryIs><LinearRing><coordinates>-114.324241,42.425913,0.0 -114.298947,42.56668,0.0 -114.174677,42.52544,0.0 -114.268704,42.460555,0.0 -114.069102,42.387972,0.0 -113.926135,42.247205,0.0 -114.281901,42.182871,0.0 -114.324241,42.425913,0.0</coordinates></LinearRing></outerBoundaryIs></Polygon>"
HAZELTON,83335,42.5742,1700,ID,84.13629,-114.058,1670,"<Polygon><outerBoundaryIs><LinearRing><coordinates>-114.009716,42.525989,0.0 -114.153232,42.499596,0.0 -114.168628,42.627166,0.0 -113.932184,42.615618,0.0 -113.932184,42.578227,0.0 -113.931634,42.536987,0.0 -114.009716,42.525989,0.0</coordinates></LinearRing></outerBoundaryIs></Polygon>"
HEYBURN,83336,42.5633,5121,ID,34.94948,-113.809,5138,"<Polygon><outerBoundaryIs><LinearRing><coordinates>-113.931634,42.536987,0.0 -113.932184,42.578227,0.0 -113.724883,42.590324,0.0 -113.705088,42.519941,0.0 -113.789218,42.558432,0.0 -113.803514,42.552383,0.0 -113.931634,42.536987,0.0</coordinates></LinearRing></outerBoundaryIs></Polygon>"
JEROME,83338,42.7221,15900,ID,456.06516,-114.311,15556,"<Polygon><outerBoundaryIs><LinearRing><coordinates>-114.616772,42.64971,0.0 -114.617322,42.838866,0.0 -114.594228,42.850963,0.0 -113.932734,42.765183,0.0 -113.932184,42.615618,0.0 -114.168628,42.627166,0.0 -114.356134,42.589774,0.0 -114.429816,42.599122,0.0 -114.430916,42.599122,0.0 -114.616772,42.64971,0.0</coordinates></LinearRing></outerBoundaryIs></Polygon>"
KETCHUM,83340,43.8041,5070,ID,472.2387,-114.596,4957,"<Polygon><outerBoundaryIs><LinearRing><coordinates>-114.262106,43.824782,0.0 -114.350085,43.647724,0.0 -114.682757,43.592737,0.0 -114.707501,43.812685,0.0 -114.989584,43.858874,0.0 -114.971438,43.938056,0.0 -114.818575,43.993043,0.0 -114.534292,43.846227,0.0 -114.410021,43.895716,0.0 -114.262106,43.824782,0.0</coordinates></LinearRing></outerBoundaryIs></Polygon>"
KIMBERLY,83341,42.5072,4645,ID,46.62882,-114.361,4579,"<Polygon><outerBoundaryIs><LinearRing><coordinates>-114.324241,42.425913,0.0 -114.401223,42.595273,0.0 -114.334689,42.573828,0.0 -114.298947,42.56668,0.0 -114.324241,42.425913,0.0</coordinates></LinearRing></outerBoundaryIs></Polygon>"
MALTA,83342,42.29,2535,ID,1570.17931,-113.366,2468,"<Polygon><outerBoundaryIs><LinearRing><coordinates>-113.000704,41.998114,0.0 -113.649001,41.990966,0.0 -113.764474,41.989316,0.0 -113.804064,42.372576,0.0 -113.606111,42.449008,0.0 -113.487339,42.663457,0.0 -113.175013,42.625516,0.0 -113.002904,42.573278,0.0 -113.000704,42.327486,0.0 -113.000704,42.10204,0.0 -113.000704,41.998114,0.0</coordinates></LinearRing></outerBoundaryIs></Polygon>"
MINIDOKA,83343,42.9788,832,ID,450.14477,-113.583,821,"<Polygon><outerBoundaryIs><LinearRing><coordinates>-113.764474,42.706347,0.0 -113.763924,42.793226,0.0 -113.763924,42.849863,0.0 -113.714436,43.20013,0.0 -113.413657,43.192982,0.0 -113.472493,42.813022,0.0 -113.633605,42.849863,0.0 -113.628656,42.707996,0.0 -113.764474,42.706347,0.0</coordinates></LinearRing></outerBoundaryIs></Polygon>"
MURTAUGH,83344,42.4692,1113,ID,87.30229,-114.129,1107,"<Polygon><outerBoundaryIs><LinearRing><coordinates>-114.000918,42.52544,0.0 -114.010266,42.503995,0.0 -114.069102,42.387972,0.0 -114.268704,42.460555,0.0 -114.174677,42.52544,0.0 -114.153232,42.499596,0.0 -114.009716,42.525989,0.0 -114.000918,42.52544,0.0</coordinates></LinearRing></outerBoundaryIs></Polygon>"
OAKLEY,83346,42.1612,1415,ID,525.52903,-113.985,1400,"<Polygon><outerBoundaryIs><LinearRing><coordinates>-114.281901,42.182871,0.0 -113.926135,42.247205,0.0 -114.069102,42.387972,0.0 -114.010266,42.503995,0.0 -113.804064,42.372576,0.0 -113.764474,41.989316,0.0 -114.041608,41.993715,0.0 -114.281901,41.994265,0.0 -114.281901,42.182871,0.0</coordinates></LinearRing></outerBoundaryIs></Polygon>"
PAUL,83347,42.6763,2839,ID,119.15155,-113.854,2877,"<Polygon><outerBoundaryIs><LinearRing><coordinates>-113.764474,42.706347,0.0 -113.724883,42.590324,0.0 -113.932184,42.578227,0.0 -113.932184,42.615618,0.0 -113.932734,42.765183,0.0 -113.763924,42.793226,0.0 -113.764474,42.706347,0.0</coordinates></LinearRing></outerBoundaryIs></Polygon>"
PICABO,83348,43.2195,0,ID,12.72302,-114.137,0,"<Polygon><outerBoundaryIs><LinearRing><coordinates>-114.098795,43.20013,0.0 -114.209868,43.20013,0.0 -114.085598,43.248519,0.0 -114.098795,43.20013,0.0</coordinates></LinearRing></outerBoundaryIs></Polygon>"
RICHFIELD,83349,43.048,911,ID,590.07407,-113.974,883,"<Polygon><outerBoundaryIs><LinearRing><coordinates>-114.239012,42.994479,0.0 -114.335789,43.19958,0.0 -114.209868,43.20013,0.0 -114.098795,43.20013,0.0 -113.714436,43.20013,0.0 -113.763924,42.849863,0.0 -114.151032,42.9032,0.0 -114.239012,42.994479,0.0</coordinates></LinearRing></outerBoundaryIs></Polygon>"
RUPERT,83350,42.6904,11060,ID,163.37872,-113.615,11211,"<Polygon><outerBoundaryIs><LinearRing><coordinates>-113.705088,42.519941,0.0 -113.724883,42.590324,0.0 -113.764474,42.706347,0.0 -113.628656,42.707996,0.0 -113.633605,42.849863,0.0 -113.472493,42.813022,0.0 -113.471943,42.676104,0.0 -113.705088,42.519941,0.0</coordinates></LinearRing></outerBoundaryIs></Polygon>"
SHOSHONE,83352,42.9672,2655,ID,544.56613,-114.304,2610,"<Polygon><outerBoundaryIs><LinearRing><coordinates>-114.151032,42.9032,0.0 -113.763924,42.849863,0.0 -113.763924,42.793226,0.0 -113.932734,42.765183,0.0 -114.594228,42.850963,0.0 -114.594228,43.025271,0.0 -114.594777,43.198481,0.0 -114.374829,43.19958,0.0 -114.335789,43.19958,0.0 -114.239012,42.994479,0.0 -114.358883,42.922996,0.0 -114.311594,42.825119,0.0 -114.151032,42.9032,0.0</coordinates></LinearRing></outerBoundaryIs></Polygon>"
WENDELL,83355,42.7523,5572,ID,132.6385,-114.724,5360,"<Polygon><outerBoundaryIs><LinearRing><coordinates>-114.854316,42.755285,0.0 -114.819674,42.838866,0.0 -114.617322,42.838866,0.0 -114.616772,42.64971,0.0 -114.854316,42.755285,0.0</coordinates></LinearRing></outerBoundaryIs></Polygon>"
IDAHO FALLS,83401,43.5129,29994,ID,468.12164,-111.653,29154,"<MultiGeometry><Polygon><outerBoundaryIs><LinearRing><coordinates>-111.983995,43.489362,0.0 -112.034033,43.489362,0.0 -112.054378,43.520154,0.0 -112.058227,43.635077,0.0 -111.804187,43.626829,0.0 -111.776694,43.500359,0.0 -111.62383,43.589438,0.0 -111.469866,43.594387,0.0 -111.397833,43.449771,0.0 -111.584789,43.36949,0.0 -111.810785,43.381587,0.0 -111.983995,43.489362,0.0</coordinates></LinearRing></outerBoundaryIs></Polygon><Polygon><outerBoundaryIs><LinearRing><coordinates>-111.400033,43.62188,0.0 -111.277961,43.62188,0.0 -111.216376,43.571842,0.0 -111.417079,43.491011,0.0 -111.469866,43.599336,0.0 -111.671119,43.626829,0.0 -111.626579,43.626829,0.0 -111.400033,43.62188,0.0</coordinates></LinearRing></outerBoundaryIs></Polygon></MultiGeometry>"
IDAHO FALLS,83402,43.5242,25152,ID,331.86146,-112.28,24712,"<MultiGeometry><Polygon><outerBoundaryIs><LinearRing><coordinates>-112.520118,43.626829,0.0 -112.302369,43.626279,0.0 -112.076373,43.646075,0.0 -112.103316,43.421178,0.0 -112.163252,43.425027,0.0 -112.514069,43.425027,0.0 -112.520118,43.626829,0.0</coordinates></LinearRing></outerBoundaryIs></Polygon><Polygon><outerBoundaryIs><LinearRing><coordinates>-112.034033,43.489362,0.0 -112.04393,43.41018,0.0 -112.103316,43.420628,0.0 -112.054378,43.520154,0.0 -112.034033,43.489362,0.0</coordinates></LinearRing></outerBoundaryIs></Polygon></MultiGeometry>"
IDAHO FALLS,83406,43.4268,8033,ID,44.07207,-111.917,8432,"<Polygon><outerBoundaryIs><LinearRing><coordinates>-111.983995,43.489362,0.0 -111.810785,43.381587,0.0 -111.902614,43.37169,0.0 -111.983995,43.489362,0.0</coordinates></LinearRing></outerBoundaryIs></Polygon>"
ASHTON,83420,44.0244,2560,ID,322.81221,-111.307,2583,"<Polygon><outerBoundaryIs><LinearRing><coordinates>-111.047016,43.983145,0.0 -111.398933,43.923209,0.0 -111.555096,43.903414,0.0 -111.608983,43.934207,0.0 -111.482513,44.102467,0.0 -111.097604,44.176699,0.0 -111.049216,44.13216,0.0 -111.047016,43.983145,0.0</coordinates></LinearRing></outerBoundaryIs></Polygon>"
DRIGGS,83422,43.7203,2299,ID,158.76892,-111.252,2169,"<Polygon><outerBoundaryIs><LinearRing><coordinates>-111.045916,43.679617,0.0 -111.277961,43.62188,0.0 -111.400033,43.62188,0.0 -111.401132,43.854475,0.0 -111.303805,43.719207,0.0 -111.046466,43.783542,0.0 -111.045916,43.679617,0.0</coordinates></LinearRing></outerBoundaryIs></Polygon>"
DUBOIS,83423,44.2414,1011,ID,1075.20724,-112.58,949,"<Polygon><outerBoundaryIs><LinearRing><coordinates>-112.235835,44.057927,0.0 -112.46678,44.057927,0.0 -112.694427,44.058477,0.0 -112.694976,43.972148,0.0 -112.994106,43.982595,0.0 -112.995206,44.233886,0.0 -112.828595,44.230037,0.0 -112.813748,44.376852,0.0 -112.72302,44.509371,0.0 -112.390898,44.443936,0.0 -112.301819,44.559409,0.0 -112.175899,44.327914,0.0 -112.235285,44.057927,0.0 -112.235835,44.057927,0.0</coordinates></LinearRing></outerBoundaryIs></Polygon>"
FELT,83424,43.8738,151,ID,13.44208,-111.208,142,
HAMER,83425,43.9092,581,ID,190.29846,-112.149,586,"<Polygon><outerBoundaryIs><LinearRing><coordinates>-111.976846,43.927608,0.0 -111.977396,43.826982,0.0 -112.21274,43.774744,0.0 -112.356257,43.841279,0.0 -112.235835,44.057927,0.0 -112.235285,44.057927,0.0 -112.156104,44.057927,0.0 -111.976846,43.927608,0.0</coordinates></LinearRing></outerBoundaryIs></Polygon>"
IONA,83427,43.5296,988,ID,0.86403,-111.93,972,
IRWIN,83428,43.3873,194,ID,5.51783,-111.255,188,
ISLAND PARK,83429,44.4579,53,ID,19.36614,-111.346,51,
LEWISVILLE,83431,43.6835,962,ID,13.55426,-112.033,934,"<Polygon><outerBoundaryIs><LinearRing><coordinates>-111.983445,43.71041,0.0 -112.078572,43.657622,0.0 -112.090669,43.677417,0.0 -111.983445,43.71041,0.0</coordinates></LinearRing></outerBoundaryIs></Polygon>"
MENAN,83434,43.7455,1743,ID,39.27941,-112.022,1605,"<MultiGeometry><Polygon><outerBoundaryIs><LinearRing><coordinates>-112.084071,43.747251,0.0 -111.977946,43.802788,0.0 -111.951002,43.757698,0.0 -112.084071,43.747251,0.0</coordinates></LinearRing></outerBoundaryIs></Polygon><Polygon><outerBoundaryIs><LinearRing><coordinates>-111.963649,43.74945,0.0 -111.983445,43.71041,0.0 -112.090669,43.677417,0.0 -111.963649,43.74945,0.0</coordinates></LinearRing></outerBoundaryIs></Polygon></MultiGeometry>"
MONTEVIEW,83435,43.9933,390,ID,106.43263,-112.576,393,"<Polygon><outerBoundaryIs><LinearRing><coordinates>-112.46678,44.057927,0.0 -112.490975,43.922659,0.0 -112.694976,43.932007,0.0 -112.694976,43.972148,0.0 -112.694427,44.058477,0.0 -112.46678,44.057927,0.0</coordinates></LinearRing></outerBoundaryIs></Polygon>"
NEWDALE,83436,43.9033,389,ID,7.06058,-111.59,390,"<Polygon><outerBoundaryIs><LinearRing><coordinates>-111.608433,43.883069,0.0 -111.618331,43.883069,0.0 -111.618331,43.897915,0.0 -111.608983,43.934207,0.0 -111.555096,43.903414,0.0 -111.608433,43.883069,0.0</coordinates></LinearRing></outerBoundaryIs></Polygon>"
REXBURG,83440,43.7823,25400,ID,447.52229,-111.655,25173,"<Polygon><outerBoundaryIs><LinearRing><coordinates>-111.951002,43.757698,0.0 -111.977946,43.802788,0.0 -111.977396,43.826982,0.0 -111.976846,43.927608,0.0 -111.737653,43.897915,0.0 -111.718407,43.797289,0.0 -111.608433,43.883069,0.0 -111.555096,43.903414,0.0 -111.398933,43.923209,0.0 -111.401132,43.854475,0.0 -111.400033,43.62188,0.0 -111.626579,43.626829,0.0 -111.716208,43.655423,0.0 -111.725556,43.662021,0.0 -111.951002,43.757698,0.0</coordinates></LinearRing></outerBoundaryIs></Polygon>"
RIGBY,83442,43.673,12963,ID,91.52288,-111.892,12802,"<Polygon><outerBoundaryIs><LinearRing><coordinates>-112.078572,43.657622,0.0 -111.983445,43.71041,0.0 -111.963649,43.74945,0.0 -111.725556,43.662021,0.0 -111.716208,43.655423,0.0 -111.804187,43.626829,0.0 -112.058227,43.635077,0.0 -112.078572,43.657622,0.0</coordinates></LinearRing></outerBoundaryIs></Polygon>"
RIRIE,83443,43.5798,488,ID,68.59014,-111.721,539,"<Polygon><outerBoundaryIs><LinearRing><coordinates>-111.62383,43.589438,0.0 -111.776694,43.500359,0.0 -111.804187,43.626829,0.0 -111.716208,43.655423,0.0 -111.626579,43.626829,0.0 -111.671119,43.626829,0.0 -111.62383,43.589438,0.0</coordinates></LinearRing></outerBoundaryIs></Polygon>"
ROBERTS,83444,43.7168,1437,ID,162.53559,-112.198,1409,"<Polygon><outerBoundaryIs><LinearRing><coordinates>-112.076373,43.646075,0.0 -112.302369,43.626279,0.0 -112.420041,43.690614,0.0 -112.21274,43.774744,0.0 -111.977396,43.826982,0.0 -111.977946,43.802788,0.0 -112.084071,43.747251,0.0 -112.076373,43.646075,0.0</coordinates></LinearRing></outerBoundaryIs></Polygon>"
SAINT ANTHONY,83445,44.2713,7618,ID,1476.54181,-111.534,7594,"<Polygon><outerBoundaryIs><LinearRing><coordinates>-111.976846,43.927608,0.0 -112.156104,44.057927,0.0 -111.857524,44.193745,0.0 -111.779993,44.402146,0.0 -111.616681,44.409844,0.0 -111.617231,44.550611,0.0 -111.466017,44.550061,0.0 -111.473165,44.708973,0.0 -111.377488,44.751863,0.0 -111.095954,44.486276,0.0 -111.097604,44.176699,0.0 -111.482513,44.102467,0.0 -111.608983,43.934207,0.0 -111.618331,43.897915,0.0 -111.698062,43.897915,0.0 -111.737653,43.897915,0.0 -111.976846,43.927608,0.0</coordinates></LinearRing></outerBoundaryIs></Polygon>"
SPENCER,83446,44.3525,76,ID,688.67388,-111.995,73,"<Polygon><outerBoundaryIs><LinearRing><coordinates>-112.156104,44.057927,0.0 -112.235285,44.057927,0.0 -112.175899,44.327914,0.0 -112.301819,44.559409,0.0 -111.617231,44.550611,0.0 -111.616681,44.409844,0.0 -111.779993,44.402146,0.0 -111.857524,44.193745,0.0 -112.156104,44.057927,0.0</coordinates></LinearRing></outerBoundaryIs></Polygon>"
SUGAR CITY,83448,43.8635,2327,ID,27.70246,-111.703,2308,"<Polygon><outerBoundaryIs><LinearRing><coordinates>-111.698062,43.897915,0.0 -111.618331,43.883069,0.0 -111.608433,43.883069,0.0 -111.718407,43.797289,0.0 -111.737653,43.897915,0.0 -111.698062,43.897915,0.0</coordinates></LinearRing></outerBoundaryIs></Polygon>"
SWAN VALLEY,83449,43.3502,416,ID,510.49693,-111.25,404,"<Polygon><outerBoundaryIs><LinearRing><coordinates>-111.584789,43.36949,0.0 -111.397833,43.449771,0.0 -111.417079,43.491011,0.0 -111.216376,43.571842,0.0 -111.045366,43.500909,0.0 -111.044817,43.315603,0.0 -111.043717,43.143494,0.0 -111.286209,43.162739,0.0 -111.584789,43.36949,0.0</coordinates></LinearRing></outerBoundaryIs><innerBoundaryIs><LinearRing><coordinates>-111.210877,43.346945,0.0 -111.302156,43.399183,0.0 -111.386836,43.445922,0.0 -111.210877,43.346945,0.0</coordinates></LinearRing></innerBoundaryIs></Polygon>"
TERRETON,83450,43.8226,1261,ID,495.95762,-112.47,1256,"<Polygon><outerBoundaryIs><LinearRing><coordinates>-112.520118,43.626829,0.0 -112.697176,43.62298,0.0 -112.694976,43.932007,0.0 -112.490975,43.922659,0.0 -112.46678,44.057927,0.0 -112.235835,44.057927,0.0 -112.356257,43.841279,0.0 -112.21274,43.774744,0.0 -112.420041,43.690614,0.0 -112.302369,43.626279,0.0 -112.520118,43.626829,0.0</coordinates></LinearRing></outerBoundaryIs></Polygon>"
TETON,83451,43.8901,742,ID,3.43315,-111.656,743,"<Polygon><outerBoundaryIs><LinearRing><coordinates>-111.698062,43.897915,0.0 -111.618331,43.897915,0.0 -111.618331,43.883069,0.0 -111.698062,43.897915,0.0</coordinates></LinearRing></outerBoundaryIs></Polygon>"
TETONIA,83452,43.8601,1172,ID,185.07013,-111.207,1144,"<Polygon><outerBoundaryIs><LinearRing><coordinates>-111.047016,43.983145,0.0 -111.046466,43.783542,0.0 -111.303805,43.719207,0.0 -111.401132,43.854475,0.0 -111.398933,43.923209,0.0 -111.047016,43.983145,0.0</coordinates></LinearRing></outerBoundaryIs></Polygon>"
REXBURG,83460,43.8156,374,ID,0.04382,-111.785,375,
CARMEN,83462,45.2696,269,ID,91.7704,-113.844,271,"<Polygon><outerBoundaryIs><LinearRing><coordinates>-114.037209,45.219253,0.0 -113.983872,45.300634,0.0 -113.82221,45.278089,0.0 -113.732581,45.386413,0.0 -113.691891,45.27259,0.0 -114.037209,45.219253,0.0</coordinates></LinearRing></outerBoundaryIs></Polygon>"
GIBBONSVILLE,83463,45.5405,163,ID,204.73143,-114.01,191,"<Polygon><outerBoundaryIs><LinearRing><coordinates>-114.031711,45.393012,0.0 -114.170828,45.39906,0.0 -114.151582,45.555773,0.0 -114.016864,45.69489,0.0 -113.951429,45.692141,0.0 -113.938233,45.69599,0.0 -113.82056,45.549175,0.0 -113.827159,45.521132,0.0 -114.031711,45.393012,0.0</coordinates></LinearRing></outerBoundaryIs></Polygon>"
LEADORE,83464,44.5987,624,ID,1352.80273,-113.356,638,"<Polygon><outerBoundaryIs><LinearRing><coordinates>-113.320179,44.232786,0.0 -113.476892,44.447785,0.0 -113.621507,44.631992,0.0 -113.82056,44.662235,0.0 -113.82276,44.965763,0.0 -113.444999,44.974561,0.0 -113.421905,44.836543,0.0 -113.225601,44.818947,0.0 -113.05954,44.643539,0.0 -113.011702,44.449985,0.0 -112.813748,44.376852,0.0 -112.828595,44.230037,0.0 -112.995206,44.233886,0.0 -113.320179,44.232786,0.0</coordinates></LinearRing></outerBoundaryIs></Polygon>"
NORTH FORK,83466,45.4059,480,ID,169.85911,-113.885,457,"<Polygon><outerBoundaryIs><LinearRing><coordinates>-113.983872,45.300634,0.0 -114.031711,45.393012,0.0 -113.827159,45.521132,0.0 -113.732581,45.386413,0.0 -113.82221,45.278089,0.0 -113.983872,45.300634,0.0</coordinates></LinearRing></outerBoundaryIs></Polygon>"
SALMON,83467,45.0974,5610,ID,417.04511,-113.768,5702,"<Polygon><outerBoundaryIs><LinearRing><coordinates>-113.691891,45.27259,0.0 -113.584666,45.152719,0.0 -113.446649,44.983359,0.0 -113.444999,44.974561,0.0 -113.82276,44.965763,0.0 -113.931084,45.007003,0.0 -114.087797,45.093333,0.0 -114.037209,45.219253,0.0 -113.691891,45.27259,0.0</coordinates></LinearRing></outerBoundaryIs></Polygon>"
SHOUP,83469,45.109,52,ID,1711.12982,-114.435,55,"<Polygon><outerBoundaryIs><LinearRing><coordinates>-114.221416,44.878883,0.0 -114.552437,44.578104,0.0 -114.811976,44.80795,0.0 -114.733345,45.094432,0.0 -114.694304,45.197258,0.0 -114.609624,45.302833,0.0 -114.810326,45.471093,0.0 -114.565084,45.557973,0.0 -114.348436,45.461746,0.0 -114.151582,45.555773,0.0 -114.170828,45.39906,0.0 -114.031711,45.393012,0.0 -113.983872,45.300634,0.0 -114.037209,45.219253,0.0 -114.087797,45.093333,0.0 -114.221416,44.878883,0.0</coordinates></LinearRing></outerBoundaryIs></Polygon>"
LEWISTON,83501,46.2101,32639,ID,402.71275,-116.873,32731,"<Polygon><outerBoundaryIs><LinearRing><coordinates>-116.702429,46.181525,0.0 -116.701879,45.996219,0.0 -116.793708,45.856002,0.0 -116.980114,46.083099,0.0 -116.921277,46.169978,0.0 -117.040049,46.426767,0.0 -117.0395,46.433916,0.0 -117.0395,46.54169,0.0 -116.845945,46.54169,0.0 -116.788209,46.460309,0.0 -116.865741,46.376729,0.0 -116.828899,46.216167,0.0 -116.702429,46.181525,0.0</coordinates></LinearRing></outerBoundaryIs></Polygon>"
AHSAHKA,83520,46.516,156,ID,3.91103,-116.336,155,
COTTONWOOD,83522,45.9119,1781,ID,400.17589,-116.505,1773,"<Polygon><outerBoundaryIs><LinearRing><coordinates>-116.701879,45.996219,0.0 -116.514374,46.055605,0.0 -116.347213,46.089697,0.0 -116.222393,46.058904,0.0 -116.211945,46.055605,0.0 -116.243288,45.928035,0.0 -116.397251,45.904941,0.0 -116.396152,45.720734,0.0 -116.522622,45.677295,0.0 -116.756866,45.816962,0.0 -116.760715,45.816412,0.0 -116.793708,45.856002,0.0 -116.701879,45.996219,0.0</coordinates></LinearRing></outerBoundaryIs></Polygon>"
CRAIGMONT,83523,46.2071,837,ID,242.8942,-116.499,848,"<Polygon><outerBoundaryIs><LinearRing><coordinates>-116.352712,46.185924,0.0 -116.514374,46.055605,0.0 -116.701879,45.996219,0.0 -116.702429,46.181525,0.0 -116.587506,46.151832,0.0 -116.534719,46.270054,0.0 -116.385704,46.341538,0.0 -116.418146,46.468008,0.0 -116.369208,46.466908,0.0 -116.280129,46.294249,0.0 -116.352712,46.185924,0.0</coordinates></LinearRing></outerBoundaryIs></Polygon>"
CULDESAC,83524,46.3506,1333,ID,232.14507,-116.644,1324,"<Polygon><outerBoundaryIs><LinearRing><coordinates>-116.385704,46.341538,0.0 -116.607302,46.411921,0.0 -116.599054,46.277203,0.0 -116.702429,46.181525,0.0 -116.828899,46.216167,0.0 -116.865741,46.376729,0.0 -116.701329,46.380578,0.0 -116.679335,46.475706,0.0 -116.434093,46.498251,0.0 -116.418146,46.468008,0.0 -116.385704,46.341538,0.0</coordinates></LinearRing></outerBoundaryIs></Polygon>"
ELK CITY,83525,45.8855,570,ID,5384.84915,-115.106,585,"<Polygon><outerBoundaryIs><LinearRing><coordinates>-114.694304,45.197258,0.0 -115.561449,45.196158,0.0 -115.51526,45.369917,0.0 -116.051383,45.478242,0.0 -116.067329,45.620108,0.0 -115.931511,45.830158,0.0 -115.781397,45.932984,0.0 -115.350299,46.320643,0.0 -115.398687,46.509798,0.0 -114.594777,46.633519,0.0 -114.333039,46.661012,0.0 -114.383627,46.466358,0.0 -114.421568,46.327241,0.0 -114.467208,46.104544,0.0 -114.388576,45.892294,0.0 -114.566734,45.771872,0.0 -114.502949,45.716885,0.0 -114.565084,45.557973,0.0 -114.810326,45.471093,0.0 -114.609624,45.302833,0.0 -114.694304,45.197258,0.0</coordinates></LinearRing></outerBoundaryIs></Polygon>"
FERDINAND,83526,46.13,659,ID,57.2126,-116.42,656,"<Polygon><outerBoundaryIs><LinearRing><coordinates>-116.514374,46.055605,0.0 -116.352712,46.185924,0.0 -116.310372,46.168878,0.0 -116.347213,46.089697,0.0 -116.514374,46.055605,0.0</coordinates></LinearRing></outerBoundaryIs></Polygon>"
GRANGEVILLE,83530,45.9347,5406,ID,246.08859,-116.086,5374,"<Polygon><outerBoundaryIs><LinearRing><coordinates>-115.931511,45.830158,0.0 -116.397251,45.904941,0.0 -116.243288,45.928035,0.0 -116.211945,46.055605,0.0 -116.139362,46.037459,0.0 -115.781397,45.932984,0.0 -115.931511,45.830158,0.0</coordinates></LinearRing></outerBoundaryIs></Polygon>"
GREENCREEK,83533,46.1179,270,ID,37.49478,-116.281,270,"<Polygon><outerBoundaryIs><LinearRing><coordinates>-116.239989,46.16283,0.0 -116.222393,46.058904,0.0 -116.347213,46.089697,0.0 -116.310372,46.168878,0.0 -116.239989,46.16283,0.0</coordinates></LinearRing></outerBoundaryIs></Polygon>"
JULIAETTA,83535,46.5632,1078,ID,78.38349,-116.747,1070,"<Polygon><outerBoundaryIs><LinearRing><coordinates>-116.647992,46.546639,0.0 -116.728823,46.496601,0.0 -116.788209,46.460309,0.0 -116.845945,46.54169,0.0 -116.754667,46.54224,0.0 -116.809104,46.647815,0.0 -116.797557,46.664311,0.0 -116.729923,46.674209,0.0 -116.647992,46.546639,0.0</coordinates></LinearRing></outerBoundaryIs></Polygon>"
KAMIAH,83536,46.2043,3654,ID,196.65938,-116.075,3643,"<Polygon><outerBoundaryIs><LinearRing><coordinates>-116.222393,46.058904,0.0 -116.239989,46.16283,0.0 -116.119017,46.215067,0.0 -116.171255,46.37178,0.0 -116.081626,46.361883,0.0 -115.89357,46.28875,0.0 -116.139362,46.037459,0.0 -116.211945,46.055605,0.0 -116.222393,46.058904,0.0</coordinates></LinearRing></outerBoundaryIs></Polygon>"
KENDRICK,83537,46.6412,1094,ID,151.62128,-116.542,1057,"<Polygon><outerBoundaryIs><LinearRing><coordinates>-116.326318,46.683007,0.0 -116.647992,46.546639,0.0 -116.729923,46.674209,0.0 -116.621048,46.730846,0.0 -116.329617,46.709401,0.0 -116.326318,46.683007,0.0</coordinates></LinearRing></outerBoundaryIs></Polygon>"
KOOSKIA,83539,46.2193,2920,ID,641.64853,-115.694,2890,"<Polygon><outerBoundaryIs><LinearRing><coordinates>-115.89357,46.28875,0.0 -115.753903,46.309645,0.0 -115.631282,46.472407,0.0 -115.398687,46.509798,0.0 -115.350299,46.320643,0.0 -115.781397,45.932984,0.0 -116.139362,46.037459,0.0 -115.89357,46.28875,0.0</coordinates></LinearRing></outerBoundaryIs></Polygon>"
LAPWAI,83540,46.4233,2010,ID,65.68933,-116.76,1991,"<Polygon><outerBoundaryIs><LinearRing><coordinates>-116.788209,46.460309,0.0 -116.728823,46.496601,0.0 -116.679335,46.475706,0.0 -116.701329,46.380578,0.0 -116.865741,46.376729,0.0 -116.788209,46.460309,0.0</coordinates></LinearRing></outerBoundaryIs></Polygon>"
LENORE,83541,46.5668,1050,ID,128.78372,-116.42,1038,"<Polygon><outerBoundaryIs><LinearRing><coordinates>-116.647992,46.546639,0.0 -116.326318,46.683007,0.0 -116.249336,46.698403,0.0 -116.295525,46.514197,0.0 -116.369208,46.50045,0.0 -116.434093,46.498251,0.0 -116.679335,46.475706,0.0 -116.728823,46.496601,0.0 -116.647992,46.546639,0.0</coordinates></LinearRing></outerBoundaryIs></Polygon>"
LUCILE,83542,45.5425,250,ID,239.1903,-116.268,250,"<Polygon><outerBoundaryIs><LinearRing><coordinates>-116.051383,45.478242,0.0 -116.310922,45.414457,0.0 -116.498427,45.56842,0.0 -116.481931,45.636604,0.0 -116.067329,45.620108,0.0 -116.051383,45.478242,0.0</coordinates></LinearRing></outerBoundaryIs></Polygon>"
NEZPERCE,83543,46.2481,699,ID,97.99989,-116.239,699,"<Polygon><outerBoundaryIs><LinearRing><coordinates>-116.310372,46.168878,0.0 -116.352712,46.185924,0.0 -116.280129,46.294249,0.0 -116.171255,46.37178,0.0 -116.119017,46.215067,0.0 -116.239989,46.16283,0.0 -116.310372,46.168878,0.0</coordinates></LinearRing></outerBoundaryIs></Polygon>"
OROFINO,83544,46.7023,6008,ID,2037.40542,-115.579,6058,"<Polygon><outerBoundaryIs><LinearRing><coordinates>-115.631282,46.472407,0.0 -115.762151,46.681357,0.0 -115.947458,46.538391,0.0 -115.89522,46.466358,0.0 -116.15036,46.462509,0.0 -116.081626,46.361883,0.0 -116.171255,46.37178,0.0 -116.280129,46.294249,0.0 -116.369208,46.466908,0.0 -116.369208,46.50045,0.0 -116.295525,46.514197,0.0 -116.249336,46.698403,0.0 -116.152559,46.889758,0.0 -116.32027,46.934297,0.0 -116.284528,46.934297,0.0 -114.959341,46.932648,0.0 -114.927449,46.841369,0.0 -114.675058,46.736894,0.0 -114.594777,46.633519,0.0 -115.398687,46.509798,0.0 -115.631282,46.472407,0.0</coordinates></LinearRing></outerBoundaryIs></Polygon>"
PECK,83545,46.4606,366,ID,17.39887,-116.43,361,"<Polygon><outerBoundaryIs><LinearRing><coordinates>-116.418146,46.468008,0.0 -116.434093,46.498251,0.0 -116.369208,46.50045,0.0 -116.369208,46.466908,0.0 -116.418146,46.468008,0.0</coordinates></LinearRing></outerBoundaryIs></Polygon>"
PIERCE,83546,46.4965,733,ID,148.95648,-115.774,754,"<Polygon><outerBoundaryIs><LinearRing><coordinates>-115.753903,46.309645,0.0 -115.799543,46.477355,0.0 -115.89522,46.466358,0.0 -115.947458,46.538391,0.0 -115.762151,46.681357,0.0 -115.631282,46.472407,0.0 -115.753903,46.309645,0.0</coordinates></LinearRing></outerBoundaryIs></Polygon>"
POLLOCK,83547,45.3071,396,ID,54.32091,-116.336,396,"<Polygon><outerBoundaryIs><LinearRing><coordinates>-116.313671,45.213204,0.0 -116.425295,45.267641,0.0 -116.302124,45.362219,0.0 -116.313671,45.213204,0.0</coordinates></LinearRing></outerBoundaryIs></Polygon>"
REUBENS,83548,46.3508,180,ID,39.34153,-116.533,180,"<Polygon><outerBoundaryIs><LinearRing><coordinates>-116.534719,46.270054,0.0 -116.599054,46.277203,0.0 -116.607302,46.411921,0.0 -116.385704,46.341538,0.0 -116.534719,46.270054,0.0</coordinates></LinearRing></outerBoundaryIs></Polygon>"
RIGGINS,83549,45.3286,747,ID,923.45278,-116.064,747,"<Polygon><outerBoundaryIs><LinearRing><coordinates>-115.561449,45.196158,0.0 -115.97935,45.216504,0.0 -116.144311,45.107629,0.0 -116.305423,45.110928,0.0 -116.313671,45.213204,0.0 -116.302124,45.362219,0.0 -116.425295,45.267641,0.0 -116.685933,45.267641,0.0 -116.498427,45.56842,0.0 -116.310922,45.414457,0.0 -116.051383,45.478242,0.0 -115.51526,45.369917,0.0 -115.561449,45.196158,0.0</coordinates></LinearRing></outerBoundaryIs></Polygon>"
WEIPPE,83553,46.3749,1263,ID,162.11152,-115.928,1280,"<Polygon><outerBoundaryIs><LinearRing><coordinates>-116.081626,46.361883,0.0 -116.15036,46.462509,0.0 -115.89522,46.466358,0.0 -115.799543,46.477355,0.0 -115.753903,46.309645,0.0 -115.89357,46.28875,0.0 -116.081626,46.361883,0.0</coordinates></LinearRing></outerBoundaryIs></Polygon>"
WHITE BIRD,83554,45.7511,518,ID,347.68462,-116.208,514,"<Polygon><outerBoundaryIs><LinearRing><coordinates>-116.067329,45.620108,0.0 -116.481931,45.636604,0.0 -116.522622,45.677295,0.0 -116.396152,45.720734,0.0 -116.397251,45.904941,0.0 -115.931511,45.830158,0.0 -116.067329,45.620108,0.0</coordinates></LinearRing></outerBoundaryIs></Polygon>"
WINCHESTER,83555,46.217,379,ID,36.05422,-116.615,383,"<Polygon><outerBoundaryIs><LinearRing><coordinates>-116.702429,46.181525,0.0 -116.599054,46.277203,0.0 -116.534719,46.270054,0.0 -116.587506,46.151832,0.0 -116.702429,46.181525,0.0</coordinates></LinearRing></outerBoundaryIs></Polygon>"
ATLANTA,83601,43.638,338,ID,1319.69788,-115.335,325,"<Polygon><outerBoundaryIs><LinearRing><coordinates>-115.437178,43.310104,0.0 -115.856729,43.601535,0.0 -115.536705,43.852826,0.0 -115.30136,43.925959,0.0 -115.224928,44.094219,0.0 -114.990684,43.949603,0.0 -114.971438,43.938056,0.0 -114.989584,43.858874,0.0 -115.086361,43.342546,0.0 -115.086911,43.299107,0.0 -115.437178,43.310104,0.0</coordinates></LinearRing></outerBoundaryIs></Polygon>"
BANKS,83602,44.1871,434,ID,48.16179,-116.04,32,"<Polygon><outerBoundaryIs><LinearRing><coordinates>-116.051383,44.09037,0.0 -116.112969,44.147556,0.0 -116.103071,44.235535,0.0 -115.903468,44.235535,0.0 -116.06513,44.186597,0.0 -116.051383,44.09037,0.0</coordinates></LinearRing></outerBoundaryIs></Polygon>"
BRUNEAU,83604,42.4539,777,ID,2468.50304,-115.47,753,"<Polygon><outerBoundaryIs><LinearRing><coordinates>-115.711563,41.997015,0.0 -115.940859,42.940591,0.0 -115.441577,42.930694,0.0 -115.453674,42.767932,0.0 -115.037973,42.768482,0.0 -115.037423,42.462205,0.0 -115.038523,41.995915,0.0 -115.711563,41.997015,0.0</coordinates></LinearRing></outerBoundaryIs></Polygon>"
CALDWELL,83605,43.6653,27389,ID,26.58497,-116.645,26111,"<Polygon><outerBoundaryIs><LinearRing><coordinates>-116.638094,43.633978,0.0 -116.687033,43.695013,0.0 -116.563312,43.681816,0.0 -116.638094,43.633978,0.0</coordinates></LinearRing></outerBoundaryIs></Polygon>"
CALDWELL,83607,43.7014,17573,ID,218.13297,-116.745,16714,"<Polygon><outerBoundaryIs><LinearRing><coordinates>-116.638094,43.633978,0.0 -116.628747,43.627379,0.0 -116.652941,43.568543,0.0 -116.711777,43.427776,0.0 -116.844296,43.594937,0.0 -116.852544,43.654323,0.0 -116.845395,43.694463,0.0 -116.871789,43.70876,0.0 -116.792058,43.814885,0.0 -116.875088,43.904514,0.0 -116.86739,43.941355,0.0 -116.712327,43.888567,0.0 -116.617199,43.847327,0.0 -116.644693,43.807187,0.0 -116.687033,43.695013,0.0 -116.638094,43.633978,0.0</coordinates></LinearRing></outerBoundaryIs></Polygon>"
CAMBRIDGE,83610,44.6825,970,ID,378.32228,-116.776,977,"<Polygon><outerBoundaryIs><LinearRing><coordinates>-116.597954,44.624293,0.0 -116.52812,44.580854,0.0 -116.527021,44.495074,0.0 -116.943272,44.619895,0.0 -117.070292,44.683679,0.0 -116.898183,44.840392,0.0 -116.628197,44.838743,0.0 -116.597954,44.624293,0.0</coordinates></LinearRing></outerBoundaryIs></Polygon>"
CASCADE,83611,44.4291,2339,ID,1088.82723,-115.809,2330,"<Polygon><outerBoundaryIs><LinearRing><coordinates>-115.649978,44.235535,0.0 -115.903468,44.235535,0.0 -116.103071,44.235535,0.0 -116.112969,44.147556,0.0 -116.211945,44.151405,0.0 -116.156958,44.498923,0.0 -116.176753,44.649588,0.0 -116.161907,44.687529,0.0 -116.051383,44.698526,0.0 -115.550452,44.654536,0.0 -115.583444,44.408195,0.0 -115.331053,44.414243,0.0 -115.283765,44.528616,0.0 -115.294212,44.339461,0.0 -115.649978,44.235535,0.0</coordinates></LinearRing></outerBoundaryIs></Polygon>"
COUNCIL,83612,44.9279,1755,ID,693.38061,-116.571,1799,"<Polygon><outerBoundaryIs><LinearRing><coordinates>-116.23449,44.782656,0.0 -116.237789,44.659485,0.0 -116.597954,44.624293,0.0 -116.628197,44.838743,0.0 -116.898183,44.840392,0.0 -116.685933,45.267641,0.0 -116.425295,45.267641,0.0 -116.484131,44.860738,0.0 -116.23449,44.782656,0.0</coordinates></LinearRing></outerBoundaryIs></Polygon>"
DONNELLY,83615,44.7591,733,ID,47.72604,-116.139,582,"<Polygon><outerBoundaryIs><LinearRing><coordinates>-116.161907,44.687529,0.0 -116.209746,44.779357,0.0 -116.198198,44.824996,0.0 -116.051383,44.698526,0.0 -116.161907,44.687529,0.0</coordinates></LinearRing></outerBoundaryIs></Polygon>"
EMMETT,83617,43.9106,14525,ID,221.52001,-116.494,14198,"<Polygon><outerBoundaryIs><LinearRing><coordinates>-116.483581,43.807737,0.0 -116.617199,43.847327,0.0 -116.712327,43.888567,0.0 -116.712327,43.980946,0.0 -116.500077,44.065626,0.0 -116.272981,43.911112,0.0 -116.27408,43.83578,0.0 -116.281779,43.807187,0.0 -116.483581,43.807737,0.0</coordinates></LinearRing></outerBoundaryIs></Polygon>"
FRUITLAND,83619,43.9693,6191,ID,32.47641,-116.9,6025,"<Polygon><outerBoundaryIs><LinearRing><coordinates>-116.875088,43.904514,0.0 -116.940523,44.00569,0.0 -116.955369,44.043631,0.0 -116.856393,44.023835,0.0 -116.86739,43.941355,0.0 -116.875088,43.904514,0.0</coordinates></LinearRing></outerBoundaryIs></Polygon>"
GARDEN VALLEY,83622,44.0727,1569,ID,693.50364,-115.509,1813,"<Polygon><outerBoundaryIs><LinearRing><coordinates>-114.990684,43.949603,0.0 -115.224928,44.094219,0.0 -115.30136,43.925959,0.0 -115.536705,43.852826,0.0 -115.901818,44.052429,0.0 -116.051383,44.09037,0.0 -116.06513,44.186597,0.0 -115.903468,44.235535,0.0 -115.649978,44.235535,0.0 -115.659326,44.079922,0.0 -115.521858,44.050229,0.0 -115.245824,44.176149,0.0 -115.232077,44.305919,0.0 -115.014328,44.150855,0.0 -114.990684,43.949603,0.0</coordinates></LinearRing></outerBoundaryIs></Polygon>"
GLENNS FERRY,83623,43.1316,2546,ID,501.9453,-115.304,2501,"<Polygon><outerBoundaryIs><LinearRing><coordinates>-115.086911,42.942241,0.0 -115.17544,42.985131,0.0 -115.505912,42.935093,0.0 -115.487766,43.037369,0.0 -115.583444,43.249618,0.0 -115.437178,43.310104,0.0 -115.086911,43.299107,0.0 -115.086361,43.198481,0.0 -115.086911,42.942241,0.0</coordinates></LinearRing></outerBoundaryIs></Polygon>"
GRAND VIEW,83624,42.3851,1583,ID,3115.80314,-116.355,1548,"<Polygon><outerBoundaryIs><LinearRing><coordinates>-115.711563,41.997015,0.0 -117.018055,41.999214,0.0 -117.026303,42.000314,0.0 -117.026303,42.552383,0.0 -116.617199,42.576578,0.0 -116.23339,42.781129,0.0 -116.325218,42.969735,0.0 -116.268582,43.108302,0.0 -115.940859,42.940591,0.0 -115.711563,41.997015,0.0</coordinates></LinearRing></outerBoundaryIs></Polygon>"
GREENLEAF,83626,43.6796,1395,ID,8.21899,-116.826,1339,
HAMMETT,83627,42.979,90,ID,40.44077,-115.562,85,"<Polygon><outerBoundaryIs><LinearRing><coordinates>-115.668674,42.94499,0.0 -115.487766,43.037369,0.0 -115.505912,42.935093,0.0 -115.668674,42.94499,0.0</coordinates></LinearRing></outerBoundaryIs></Polygon>"
HOMEDALE,83628,43.5928,4154,ID,45.3358,-116.971,4030,"<Polygon><outerBoundaryIs><LinearRing><coordinates>-116.91138,43.494311,0.0 -117.026853,43.574042,0.0 -117.026853,43.679617,0.0 -116.895983,43.597136,0.0 -116.91138,43.494311,0.0</coordinates></LinearRing></outerBoundaryIs></Polygon>"
HORSESHOE BEND,83629,43.9942,1852,ID,298.88474,-116.121,1629,"<Polygon><outerBoundaryIs><LinearRing><coordinates>-116.272981,43.911112,0.0 -116.272981,44.123912,0.0 -116.211945,44.151405,0.0 -116.112969,44.147556,0.0 -116.051383,44.09037,0.0 -115.901818,44.052429,0.0 -115.934811,43.930907,0.0 -116.175654,43.821483,0.0 -116.27408,43.83578,0.0 -116.272981,43.911112,0.0</coordinates></LinearRing></outerBoundaryIs></Polygon>"
IDAHO CITY,83631,43.8027,3089,ID,572.3905,-115.848,3029,"<Polygon><outerBoundaryIs><LinearRing><coordinates>-115.856729,43.601535,0.0 -115.975501,43.591088,0.0 -116.093723,43.670269,0.0 -116.10472,43.677967,0.0 -116.086025,43.805537,0.0 -116.175654,43.821483,0.0 -115.934811,43.930907,0.0 -115.901818,44.052429,0.0 -115.536705,43.852826,0.0 -115.856729,43.601535,0.0</coordinates></LinearRing></outerBoundaryIs></Polygon>"
INDIAN VALLEY,83632,44.5327,197,ID,166.98919,-116.348,202,"<Polygon><outerBoundaryIs><LinearRing><coordinates>-116.156958,44.498923,0.0 -116.299924,44.443936,0.0 -116.527021,44.495074,0.0 -116.52812,44.580854,0.0 -116.176753,44.649588,0.0 -116.156958,44.498923,0.0</coordinates></LinearRing></outerBoundaryIs></Polygon>"
KING HILL,83633,42.8612,340,ID,263.8719,-115.243,334,"<Polygon><outerBoundaryIs><LinearRing><coordinates>-115.037423,42.911448,0.0 -115.037973,42.768482,0.0 -115.453674,42.767932,0.0 -115.441577,42.930694,0.0 -115.17544,42.985131,0.0 -115.086911,42.942241,0.0 -115.037423,42.911998,0.0 -115.037423,42.911448,0.0</coordinates></LinearRing></outerBoundaryIs></Polygon>"
KUNA,83634,43.4312,13695,ID,222.66413,-116.329,13154,"<Polygon><outerBoundaryIs><LinearRing><coordinates>-116.511624,43.293608,0.0 -116.533069,43.449771,0.0 -116.479732,43.532802,0.0 -116.44344,43.525653,0.0 -116.334566,43.517405,0.0 -116.23339,43.525653,0.0 -116.199298,43.516855,0.0 -116.068429,43.372789,0.0 -116.448389,43.293058,0.0 -116.511624,43.293608,0.0</coordinates></LinearRing></outerBoundaryIs></Polygon>"
LETHA,83636,43.8228,52,ID,15.52066,-116.565,50,"<Polygon><outerBoundaryIs><LinearRing><coordinates>-116.512724,43.807187,0.0 -116.644693,43.807187,0.0 -116.617199,43.847327,0.0 -116.483581,43.807737,0.0 -116.512724,43.807187,0.0</coordinates></LinearRing></outerBoundaryIs></Polygon>"
LOWMAN,83637,44.1915,122,ID,241.01657,-115.44,153,"<Polygon><outerBoundaryIs><LinearRing><coordinates>-115.649978,44.235535,0.0 -115.294212,44.339461,0.0 -115.232077,44.305919,0.0 -115.245824,44.176149,0.0 -115.521858,44.050229,0.0 -115.659326,44.079922,0.0 -115.649978,44.235535,0.0</coordinates></LinearRing></outerBoundaryIs></Polygon>"
MCCALL,83638,44.863,4494,ID,2087.37275,-115.501,4750,"<Polygon><outerBoundaryIs><LinearRing><coordinates>-116.198198,44.824996,0.0 -116.144311,45.107629,0.0 -115.97935,45.216504,0.0 -115.561449,45.196158,0.0 -115.714863,45.014701,0.0 -115.306859,44.889331,0.0 -115.1353,44.999855,0.0 -115.139699,45.156018,0.0 -114.733345,45.094432,0.0 -114.811976,44.80795,0.0 -115.126502,44.760111,0.0 -115.283765,44.528616,0.0 -115.331053,44.414243,0.0 -115.583444,44.408195,0.0 -115.550452,44.654536,0.0 -116.051383,44.698526,0.0 -116.198198,44.824996,0.0</coordinates></LinearRing></outerBoundaryIs></Polygon>"
MARSING,83639,43.5246,2892,ID,51.00878,-116.85,2790,"<Polygon><outerBoundaryIs><LinearRing><coordinates>-116.760715,43.463518,0.0 -116.91138,43.494311,0.0 -116.895983,43.597136,0.0 -116.760715,43.463518,0.0</coordinates></LinearRing></outerBoundaryIs></Polygon>"
MELBA,83641,43.3792,1921,ID,67.88335,-116.561,1833,"<Polygon><outerBoundaryIs><LinearRing><coordinates>-116.675486,43.400283,0.0 -116.533069,43.449771,0.0 -116.511624,43.293608,0.0 -116.675486,43.400283,0.0</coordinates></LinearRing></outerBoundaryIs></Polygon>"
MERIDIAN,83642,43.601,50361,ID,69.66336,-116.411,45442,"<Polygon><outerBoundaryIs><LinearRing><coordinates>-116.44344,43.525653,0.0 -116.512724,43.681816,0.0 -116.493479,43.680167,0.0 -116.36206,43.663121,0.0 -116.334566,43.604834,0.0 -116.334566,43.517405,0.0 -116.44344,43.525653,0.0</coordinates></LinearRing></outerBoundaryIs></Polygon>"
MESA,83643,44.6463,119,ID,85.40764,-116.324,122,"<Polygon><outerBoundaryIs><LinearRing><coordinates>-116.23449,44.782656,0.0 -116.209746,44.779357,0.0 -116.161907,44.687529,0.0 -116.176753,44.649588,0.0 -116.52812,44.580854,0.0 -116.597954,44.624293,0.0 -116.237789,44.659485,0.0 -116.23449,44.782656,0.0</coordinates></LinearRing></outerBoundaryIs></Polygon>"
MIDDLETON,83644,43.7501,6680,ID,52.92394,-116.586,6281,"<Polygon><outerBoundaryIs><LinearRing><coordinates>-116.512724,43.735704,0.0 -116.512724,43.681816,0.0 -116.563312,43.681816,0.0 -116.687033,43.695013,0.0 -116.644693,43.807187,0.0 -116.512724,43.807187,0.0 -116.512724,43.735704,0.0</coordinates></LinearRing></outerBoundaryIs></Polygon>"
MIDVALE,83645,44.3678,730,ID,607.54515,-116.624,725,"<Polygon><outerBoundaryIs><LinearRing><coordinates>-116.452238,44.151405,0.0 -116.679335,44.151955,0.0 -116.943272,44.619895,0.0 -116.527021,44.495074,0.0 -116.299924,44.443936,0.0 -116.406049,44.151405,0.0 -116.452238,44.151405,0.0</coordinates></LinearRing></outerBoundaryIs></Polygon>"
MOUNTAIN HOME,83647,43.2682,16885,ID,813.8253,-115.751,16593,"<Polygon><outerBoundaryIs><LinearRing><coordinates>-115.793494,42.974683,0.0 -115.9788,43.129197,0.0 -115.974951,43.291958,0.0 -115.974951,43.527303,0.0 -115.975501,43.591088,0.0 -115.856729,43.601535,0.0 -115.437178,43.310104,0.0 -115.583444,43.249618,0.0 -115.487766,43.037369,0.0 -115.668674,42.94499,0.0 -115.793494,42.974683,0.0</coordinates></LinearRing></outerBoundaryIs></Polygon>"
MOUNTAIN HOME A F B,83648,43.048,9254,ID,156.54766,-116.007,9295,"<Polygon><outerBoundaryIs><LinearRing><coordinates>-116.265283,43.112701,0.0 -115.9788,43.129197,0.0 -115.793494,42.974683,0.0 -116.011792,42.950489,0.0 -116.265283,43.112701,0.0</coordinates></LinearRing></outerBoundaryIs></Polygon>"
MURPHY,83650,42.9918,1588,ID,1996.76681,-116.706,1519,"<Polygon><outerBoundaryIs><LinearRing><coordinates>-117.026303,42.552383,0.0 -117.026853,43.335398,0.0 -117.026853,43.574042,0.0 -116.91138,43.494311,0.0 -116.760715,43.463518,0.0 -116.268582,43.108302,0.0 -116.325218,42.969735,0.0 -116.23339,42.781129,0.0 -116.617199,42.576578,0.0 -117.026303,42.552383,0.0</coordinates></LinearRing></outerBoundaryIs></Polygon>"
NAMPA,83651,43.5891,21727,ID,14.44037,-116.618,20716,"<Polygon><outerBoundaryIs><LinearRing><coordinates>-116.628747,43.627379,0.0 -116.547916,43.571292,0.0 -116.652941,43.568543,0.0 -116.628747,43.627379,0.0</coordinates></LinearRing></outerBoundaryIs></Polygon>"
NEW MEADOWS,83654,45.0182,1341,ID,410.41305,-116.33,1321,"<Polygon><outerBoundaryIs><LinearRing><coordinates>-116.209746,44.779357,0.0 -116.23449,44.782656,0.0 -116.484131,44.860738,0.0 -116.425295,45.267641,0.0 -116.313671,45.213204,0.0 -116.305423,45.110928,0.0 -116.144311,45.107629,0.0 -116.198198,44.824996,0.0 -116.209746,44.779357,0.0</coordinates></LinearRing></outerBoundaryIs></Polygon>"
NEW PLYMOUTH,83655,43.9542,3830,ID,51.50221,-116.793,3784,"<Polygon><outerBoundaryIs><LinearRing><coordinates>-116.712327,43.888567,0.0 -116.86739,43.941355,0.0 -116.856393,44.023835,0.0 -116.712327,43.980946,0.0 -116.712327,43.888567,0.0</coordinates></LinearRing></outerBoundaryIs></Polygon>"
OLA,83657,44.3017,120,ID,188.20687,-116.267,151,"<Polygon><outerBoundaryIs><LinearRing><coordinates>-116.272981,44.123912,0.0 -116.398351,44.063426,0.0 -116.406049,44.151405,0.0 -116.299924,44.443936,0.0 -116.156958,44.498923,0.0 -116.211945,44.151405,0.0 -116.272981,44.123912,0.0</coordinates></LinearRing></outerBoundaryIs></Polygon>"
PARMA,83660,43.8047,5643,ID,138.96079,-116.92,5438,"<Polygon><outerBoundaryIs><LinearRing><coordinates>-116.871789,43.70876,0.0 -117.026853,43.682916,0.0 -117.026303,43.757698,0.0 -117.026303,43.773645,0.0 -117.026853,43.789591,0.0 -117.026303,43.798389,0.0 -117.026853,43.806637,0.0 -116.940523,44.00569,0.0 -116.875088,43.904514,0.0 -116.792058,43.814885,0.0 -116.871789,43.70876,0.0</coordinates></LinearRing></outerBoundaryIs></Polygon>"
PAYETTE,83661,44.0794,9762,ID,242.02798,-116.699,9639,"<Polygon><outerBoundaryIs><LinearRing><coordinates>-116.894334,44.152505,0.0 -116.679335,44.151955,0.0 -116.452238,44.151405,0.0 -116.500077,44.065626,0.0 -116.712327,43.980946,0.0 -116.856393,44.023835,0.0 -116.955369,44.043631,0.0 -116.894334,44.152505,0.0</coordinates></LinearRing></outerBoundaryIs></Polygon>"
STAR,83669,43.7107,3123,ID,17.09329,-116.498,2917,"<Polygon><outerBoundaryIs><LinearRing><coordinates>-116.512724,43.681816,0.0 -116.512724,43.735704,0.0 -116.493479,43.680167,0.0 -116.512724,43.681816,0.0</coordinates></LinearRing></outerBoundaryIs></Polygon>"
SWEET,83670,44.0368,544,ID,114.99473,-116.365,485,"<Polygon><outerBoundaryIs><LinearRing><coordinates>-116.272981,43.911112,0.0 -116.500077,44.065626,0.0 -116.452238,44.151405,0.0 -116.406049,44.151405,0.0 -116.398351,44.063426,0.0 -116.272981,44.123912,0.0 -116.272981,43.911112,0.0</coordinates></LinearRing></outerBoundaryIs></Polygon>"
WEISER,83672,44.3781,8267,ID,469.53771,-116.997,8275,"<Polygon><outerBoundaryIs><LinearRing><coordinates>-116.679335,44.151955,0.0 -116.894334,44.152505,0.0 -117.217108,44.297121,0.0 -117.070292,44.683679,0.0 -116.943272,44.619895,0.0 -116.679335,44.151955,0.0</coordinates></LinearRing></outerBoundaryIs></Polygon>"
WILDER,83676,43.6595,3946,ID,40.77026,-116.912,3738,"<Polygon><outerBoundaryIs><LinearRing><coordinates>-117.026853,43.682366,0.0 -117.026853,43.682916,0.0 -116.871789,43.70876,0.0 -116.845395,43.694463,0.0 -116.852544,43.654323,0.0 -116.844296,43.594937,0.0 -117.026853,43.682366,0.0</coordinates></LinearRing></outerBoundaryIs></Polygon>"
YELLOW PINE,83677,45.0824,23,ID,523.04947,-115.286,25,"<Polygon><outerBoundaryIs><LinearRing><coordinates>-115.561449,45.196158,0.0 -114.694304,45.197258,0.0 -114.733345,45.094432,0.0 -115.139699,45.156018,0.0 -115.1353,44.999855,0.0 -115.306859,44.889331,0.0 -115.714863,45.014701,0.0 -115.561449,45.196158,0.0</coordinates></LinearRing></outerBoundaryIs></Polygon>"
NAMPA,83686,43.4996,32728,ID,87.73812,-116.612,30753,"<Polygon><outerBoundaryIs><LinearRing><coordinates>-116.652941,43.568543,0.0 -116.547916,43.571292,0.0 -116.479732,43.532802,0.0 -116.533069,43.449771,0.0 -116.675486,43.400283,0.0 -116.711777,43.427776,0.0 -116.652941,43.568543,0.0</coordinates></LinearRing></outerBoundaryIs></Polygon>"
NAMPA,83687,43.6082,20167,ID,47.32986,-116.529,19060,"<Polygon><outerBoundaryIs><LinearRing><coordinates>-116.547916,43.571292,0.0 -116.628747,43.627379,0.0 -116.638094,43.633978,0.0 -116.563312,43.681816,0.0 -116.512724,43.681816,0.0 -116.44344,43.525653,0.0 -116.479732,43.532802,0.0 -116.547916,43.571292,0.0</coordinates></LinearRing></outerBoundaryIs></Polygon>"
BOISE,83702,43.6627,21751,ID,30.2706,-116.166,21404,"<Polygon><outerBoundaryIs><LinearRing><coordinates>-116.093723,43.670269,0.0 -116.19325,43.603735,0.0 -116.23394,43.62188,0.0 -116.23449,43.627929,0.0 -116.186101,43.722507,0.0 -116.10472,43.677967,0.0 -116.093723,43.670269,0.0</coordinates></LinearRing></outerBoundaryIs></Polygon>"
BOISE,83703,43.7425,27189,ID,100.31504,-116.204,26065,"<Polygon><outerBoundaryIs><LinearRing><coordinates>-116.281779,43.807187,0.0 -116.27408,43.83578,0.0 -116.175654,43.821483,0.0 -116.086025,43.805537,0.0 -116.10472,43.677967,0.0 -116.186101,43.722507,0.0 -116.23449,43.627929,0.0 -116.326318,43.671919,0.0 -116.281779,43.807187,0.0</coordinates></LinearRing></outerBoundaryIs></Polygon>"
BOISE,83704,43.6276,39815,ID,8.9695,-116.287,38953,"<Polygon><outerBoundaryIs><LinearRing><coordinates>-116.253185,43.628479,0.0 -116.253735,43.604285,0.0 -116.314221,43.607584,0.0 -116.314221,43.659821,0.0 -116.253185,43.628479,0.0</coordinates></LinearRing></outerBoundaryIs></Polygon>"
BOISE,83705,43.563,26654,ID,15.61903,-116.218,26282,"<Polygon><outerBoundaryIs><LinearRing><coordinates>-116.182252,43.567993,0.0 -116.199298,43.516855,0.0 -116.23339,43.525653,0.0 -116.253735,43.604285,0.0 -116.182252,43.567993,0.0</coordinates></LinearRing></outerBoundaryIs></Polygon>"
BOISE,83709,43.5582,35036,ID,28.4625,-116.29,34921,"<Polygon><outerBoundaryIs><LinearRing><coordinates>-116.334566,43.604834,0.0 -116.314221,43.607584,0.0 -116.253735,43.604285,0.0 -116.23339,43.525653,0.0 -116.334566,43.517405,0.0 -116.334566,43.604834,0.0</coordinates></LinearRing></outerBoundaryIs></Polygon>"
BOISE,83712,43.5934,8176,ID,52.06477,-116.071,7601,"<Polygon><outerBoundaryIs><LinearRing><coordinates>-115.974951,43.527303,0.0 -116.139362,43.572942,0.0 -116.19325,43.603735,0.0 -116.093723,43.670269,0.0 -115.975501,43.591088,0.0 -115.974951,43.527303,0.0</coordinates></LinearRing></outerBoundaryIs></Polygon>"
BOISE,83713,43.6391,22591,ID,6.67302,-116.334,22143,"<Polygon><outerBoundaryIs><LinearRing><coordinates>-116.334566,43.604834,0.0 -116.36206,43.663121,0.0 -116.334566,43.663121,0.0 -116.314221,43.659821,0.0 -116.314221,43.607584,0.0 -116.334566,43.604834,0.0</coordinates></LinearRing></outerBoundaryIs></Polygon>"
GARDEN CITY,83714,43.6512,8090,ID,4.21639,-116.282,7861,"<Polygon><outerBoundaryIs><LinearRing><coordinates>-116.23449,43.627929,0.0 -116.23394,43.62188,0.0 -116.253185,43.628479,0.0 -116.314221,43.659821,0.0 -116.334566,43.663121,0.0 -116.326318,43.671919,0.0 -116.23449,43.627929,0.0</coordinates></LinearRing></outerBoundaryIs></Polygon>"
BOISE,83716,43.4501,9711,ID,123.59653,-116.058,9286,"<Polygon><outerBoundaryIs><LinearRing><coordinates>-116.199298,43.516855,0.0 -116.182252,43.567993,0.0 -116.139362,43.572942,0.0 -115.974951,43.527303,0.0 -115.974951,43.291958,0.0 -116.093723,43.28646,0.0 -116.068429,43.372789,0.0 -116.199298,43.516855,0.0</coordinates></LinearRing></outerBoundaryIs></Polygon>"
BOISE,83725,43.6038,785,ID,0.17818,-116.202,780,
ATHOL,83801,47.9243,4847,ID,132.69042,-116.663,5016,"<Polygon><outerBoundaryIs><LinearRing><coordinates>-116.505026,47.890521,0.0 -116.494578,47.889972,0.0 -116.506675,47.81134,0.0 -116.646892,47.824537,0.0 -116.630946,47.901519,0.0 -116.764565,47.845982,0.0 -116.845395,47.922414,0.0 -116.78271,47.977401,0.0 -116.680434,48.005444,0.0 -116.622148,48.020291,0.0 -116.504476,47.985099,0.0 -116.578159,47.949907,0.0 -116.505026,47.890521,0.0</coordinates></LinearRing></outerBoundaryIs></Polygon>"
AVERY,83802,47.2686,109,ID,99.33002,-115.849,111,"<Polygon><outerBoundaryIs><LinearRing><coordinates>-115.834184,47.126202,0.0 -115.944158,47.236726,0.0 -115.818238,47.391789,0.0 -115.735208,47.358247,0.0 -115.834184,47.126202,0.0</coordinates></LinearRing></outerBoundaryIs></Polygon>"
BAYVIEW,83803,47.9332,64,ID,9.15418,-116.539,61,"<Polygon><outerBoundaryIs><LinearRing><coordinates>-116.504476,47.948808,0.0 -116.505026,47.890521,0.0 -116.578159,47.949907,0.0 -116.504476,47.948808,0.0</coordinates></LinearRing></outerBoundaryIs></Polygon>"
BLANCHARD,83804,48.009,921,ID,27.33643,-116.98,806,"<Polygon><outerBoundaryIs><LinearRing><coordinates>-116.870689,47.977401,0.0 -117.042249,47.977401,0.0 -117.041149,48.085725,0.0 -117.023553,48.085175,0.0 -116.870689,47.977401,0.0</coordinates></LinearRing></outerBoundaryIs></Polygon>"
BONNERS FERRY,83805,48.7962,5970,ID,789.32233,-116.606,5882,"<Polygon><outerBoundaryIs><LinearRing><coordinates>-116.777212,48.500877,0.0 -116.78491,48.847295,0.0 -116.880037,48.847295,0.0 -117.032351,48.846745,0.0 -117.032351,48.999059,0.0 -116.503376,49.000159,0.0 -116.420346,48.963318,0.0 -116.499527,49.000159,0.0 -116.35931,49.001259,0.0 -116.244937,48.680135,0.0 -116.40495,48.583908,0.0 -116.551765,48.644943,0.0 -116.57156,48.500877,0.0 -116.707928,48.500327,0.0 -116.777212,48.500877,0.0</coordinates></LinearRing></outerBoundaryIs></Polygon>"
CALDER,83808,47.2542,0,ID,9.26705,-116.214,0,
CAREYWOOD,83809,48.0479,437,ID,28.6934,-116.559,418,"<Polygon><outerBoundaryIs><LinearRing><coordinates>-116.504476,47.985099,0.0 -116.622148,48.020291,0.0 -116.589156,48.114319,0.0 -116.511074,48.098922,0.0 -116.504476,47.985099,0.0</coordinates></LinearRing></outerBoundaryIs></Polygon>"
CATALDO,83810,47.5118,1461,ID,189.44444,-116.493,1345,"<Polygon><outerBoundaryIs><LinearRing><coordinates>-116.329617,47.413784,0.0 -116.472584,47.412684,0.0 -116.582558,47.458324,0.0 -116.673286,47.423132,0.0 -116.749718,47.461073,0.0 -116.606752,47.575446,0.0 -116.324668,47.590292,0.0 -116.324668,47.530357,0.0 -116.329067,47.47537,0.0 -116.329617,47.413784,0.0</coordinates></LinearRing></outerBoundaryIs></Polygon>"
CLARK FORK,83811,48.0619,1183,ID,234.4054,-116.259,1182,"<MultiGeometry><Polygon><outerBoundaryIs><LinearRing><coordinates>-116.049733,48.261134,0.0 -116.049733,48.214945,0.0 -116.049733,48.089574,0.0 -116.252636,48.202298,0.0 -116.049733,48.261134,0.0</coordinates></LinearRing></outerBoundaryIs></Polygon><Polygon><outerBoundaryIs><LinearRing><coordinates>-116.323019,47.890521,0.0 -116.494578,47.889972,0.0 -116.505026,47.890521,0.0 -116.504476,47.948808,0.0 -116.40275,48.120917,0.0 -116.049733,48.088475,0.0 -116.048634,47.977401,0.0 -116.260334,48.06758,0.0 -116.323019,47.890521,0.0</coordinates></LinearRing></outerBoundaryIs></Polygon></MultiGeometry>"
CLARKIA,83812,47.0408,101,ID,69.57949,-116.262,103,"<Polygon><outerBoundaryIs><LinearRing><coordinates>-116.32027,46.934297,0.0 -116.329617,46.934297,0.0 -116.329617,47.005781,0.0 -116.329617,47.023376,0.0 -116.327968,47.085512,0.0 -116.329067,47.09156,0.0 -116.140462,47.072865,0.0 -116.284528,46.934297,0.0 -116.32027,46.934297,0.0</coordinates></LinearRing></outerBoundaryIs></Polygon>"
COCOLALLA,83813,48.0735,1258,ID,39.72274,-116.646,987,"<Polygon><outerBoundaryIs><LinearRing><coordinates>-116.680434,48.005444,0.0 -116.753567,48.095073,0.0 -116.589156,48.114319,0.0 -116.622148,48.020291,0.0 -116.680434,48.005444,0.0</coordinates></LinearRing></outerBoundaryIs></Polygon>"
COEUR D ALENE,83814,47.636,22628,ID,294.94993,-116.701,22296,"<Polygon><outerBoundaryIs><LinearRing><coordinates>-117.040599,47.523208,0.0 -117.041149,47.56005,0.0 -117.041149,47.654627,0.0 -116.850894,47.705215,0.0 -116.714526,47.731609,0.0 -116.324119,47.729959,0.0 -116.324119,47.629333,0.0 -116.324668,47.590292,0.0 -116.606752,47.575446,0.0 -116.761815,47.656277,0.0 -116.858592,47.489116,0.0 -117.040599,47.523208,0.0</coordinates></LinearRing></outerBoundaryIs></Polygon>"
COEUR D ALENE,83815,47.7272,23690,ID,20.55917,-116.792,22861,"<Polygon><outerBoundaryIs><LinearRing><coordinates>-116.850894,47.705215,0.0 -116.850894,47.759102,0.0 -116.850344,47.759102,0.0 -116.714526,47.731609,0.0 -116.850894,47.705215,0.0</coordinates></LinearRing></outerBoundaryIs></Polygon>"
COOLIN,83821,48.6424,259,ID,110.28775,-116.826,243,"<Polygon><outerBoundaryIs><LinearRing><coordinates>-116.777212,48.500877,0.0 -116.855843,48.418397,0.0 -116.859692,48.534969,0.0 -116.880037,48.847295,0.0 -116.78491,48.847295,0.0 -116.777212,48.500877,0.0</coordinates></LinearRing></outerBoundaryIs></Polygon>"
OLDTOWN,83822,48.1835,3317,ID,37.30286,-116.993,3402,"<Polygon><outerBoundaryIs><LinearRing><coordinates>-117.041149,48.085725,0.0 -117.0373,48.260034,0.0 -116.887735,48.220993,0.0 -117.023553,48.085175,0.0 -117.041149,48.085725,0.0</coordinates></LinearRing></outerBoundaryIs></Polygon>"
DEARY,83823,46.8303,1588,ID,244.26819,-116.465,1628,"<Polygon><outerBoundaryIs><LinearRing><coordinates>-116.329617,46.934297,0.0 -116.329617,46.709401,0.0 -116.621048,46.730846,0.0 -116.663388,46.849617,0.0 -116.329617,47.005781,0.0 -116.329617,46.934297,0.0</coordinates></LinearRing></outerBoundaryIs></Polygon>"
DESMET,83824,47.1077,310,ID,51.11864,-116.893,303,"<Polygon><outerBoundaryIs><LinearRing><coordinates>-116.834948,47.045921,0.0 -117.0395,47.127302,0.0 -117.040049,47.154795,0.0 -116.775562,47.097609,0.0 -116.834948,47.045921,0.0</coordinates></LinearRing></outerBoundaryIs></Polygon>"
ELK RIVER,83827,46.8173,100,ID,89.84228,-116.266,99,"<Polygon><outerBoundaryIs><LinearRing><coordinates>-116.329617,46.709401,0.0 -116.329617,46.934297,0.0 -116.32027,46.934297,0.0 -116.152559,46.889758,0.0 -116.249336,46.698403,0.0 -116.326318,46.683007,0.0 -116.329617,46.709401,0.0</coordinates></LinearRing></outerBoundaryIs></Polygon>"
FERNWOOD,83830,47.1179,436,ID,14.68255,-116.37,431,"<Polygon><outerBoundaryIs><LinearRing><coordinates>-116.327968,47.085512,0.0 -116.435192,47.109706,0.0 -116.329617,47.159194,0.0 -116.329067,47.09156,0.0 -116.327968,47.085512,0.0</coordinates></LinearRing></outerBoundaryIs></Polygon>"
GENESEE,83832,46.5904,1378,ID,86.77262,-116.905,1383,"<Polygon><outerBoundaryIs><LinearRing><coordinates>-117.0395,46.54169,0.0 -117.0395,46.587879,0.0 -117.0395,46.603826,0.0 -116.809104,46.647815,0.0 -116.754667,46.54224,0.0 -116.845945,46.54169,0.0 -117.0395,46.54169,0.0</coordinates></LinearRing></outerBoundaryIs></Polygon>"
HARRISON,83833,47.5157,1415,ID,110.58431,-116.741,1395,"<Polygon><outerBoundaryIs><LinearRing><coordinates>-116.753017,47.378592,0.0 -116.755767,47.385741,0.0 -116.858592,47.489116,0.0 -116.761815,47.656277,0.0 -116.606752,47.575446,0.0 -116.749718,47.461073,0.0 -116.673286,47.423132,0.0 -116.753017,47.378592,0.0</coordinates></LinearRing></outerBoundaryIs></Polygon>"
HARVARD,83834,46.9692,256,ID,153.64423,-116.611,254,"<Polygon><outerBoundaryIs><LinearRing><coordinates>-116.727173,46.84027,0.0 -116.808004,47.032724,0.0 -116.329617,47.023376,0.0 -116.329617,47.005781,0.0 -116.663388,46.849617,0.0 -116.727173,46.84027,0.0</coordinates></LinearRing></outerBoundaryIs></Polygon>"
HAYDEN,83835,47.7986,15412,ID,213.09172,-116.544,14929,"<Polygon><outerBoundaryIs><LinearRing><coordinates>-116.850344,47.759102,0.0 -116.764565,47.845982,0.0 -116.630946,47.901519,0.0 -116.646892,47.824537,0.0 -116.506675,47.81134,0.0 -116.494578,47.889972,0.0 -116.323019,47.890521,0.0 -116.324119,47.729959,0.0 -116.714526,47.731609,0.0 -116.850344,47.759102,0.0</coordinates></LinearRing></outerBoundaryIs></Polygon>"
HOPE,83836,48.3265,1107,ID,190.37516,-116.176,1071,"<Polygon><outerBoundaryIs><LinearRing><coordinates>-116.352712,48.282579,0.0 -116.131664,48.401351,0.0 -116.198748,48.501977,0.0 -116.049184,48.501977,0.0 -116.049733,48.261134,0.0 -116.252636,48.202298,0.0 -116.352712,48.282579,0.0</coordinates></LinearRing></outerBoundaryIs></Polygon>"
KELLOGG,83837,47.723,4896,ID,807.7224,-116.082,4910,"<Polygon><outerBoundaryIs><LinearRing><coordinates>-116.329067,47.47537,0.0 -116.23559,47.529257,0.0 -116.221843,47.547952,0.0 -116.180053,47.608438,0.0 -116.324119,47.629333,0.0 -116.324119,47.729959,0.0 -116.323019,47.890521,0.0 -116.260334,48.06758,0.0 -116.048634,47.977401,0.0 -115.955156,47.89492,0.0 -115.730809,47.665075,0.0 -115.751704,47.553451,0.0 -116.033787,47.588643,0.0 -115.994746,47.426981,0.0 -116.329617,47.393989,0.0 -116.329617,47.413784,0.0 -116.329067,47.47537,0.0</coordinates></LinearRing></outerBoundaryIs></Polygon>"
KINGSTON,83839,47.5839,1167,ID,32.31498,-116.269,1166,"<Polygon><outerBoundaryIs><LinearRing><coordinates>-116.241638,47.541904,0.0 -116.324668,47.530357,0.0 -116.324668,47.590292,0.0 -116.324119,47.629333,0.0 -116.180053,47.608438,0.0 -116.221843,47.547952,0.0 -116.241638,47.541904,0.0</coordinates></LinearRing></outerBoundaryIs></Polygon>"
MEDIMONT,83842,47.4336,60,ID,13.19515,-116.524,59,
MOYIE SPRINGS,83845,48.8509,2227,ID,238.57902,-116.166,2158,"<Polygon><outerBoundaryIs><LinearRing><coordinates>-116.049184,48.619649,0.0 -116.244937,48.680135,0.0 -116.35931,49.001259,0.0 -116.049184,49.000709,0.0 -116.049184,48.619649,0.0</coordinates></LinearRing></outerBoundaryIs></Polygon>"
MULLAN,83846,47.4704,911,ID,40.97309,-115.761,926,"<Polygon><outerBoundaryIs><LinearRing><coordinates>-115.759402,47.423132,0.0 -115.844082,47.498464,0.0 -115.711014,47.51661,0.0 -115.628533,47.479769,0.0 -115.759402,47.423132,0.0</coordinates></LinearRing></outerBoundaryIs></Polygon>"
NAPLES,83847,48.5791,1774,ID,239.87774,-116.284,1731,"<Polygon><outerBoundaryIs><LinearRing><coordinates>-116.198748,48.501977,0.0 -116.57156,48.500877,0.0 -116.551765,48.644943,0.0 -116.40495,48.583908,0.0 -116.244937,48.680135,0.0 -116.049184,48.619649,0.0 -116.049184,48.501977,0.0 -116.198748,48.501977,0.0</coordinates></LinearRing></outerBoundaryIs></Polygon>"
NORDMAN,83848,48.6911,651,ID,159.35861,-116.95,283,"<Polygon><outerBoundaryIs><LinearRing><coordinates>-116.859692,48.534969,0.0 -117.035101,48.545417,0.0 -117.032901,48.791209,0.0 -117.032351,48.846745,0.0 -116.880037,48.847295,0.0 -116.859692,48.534969,0.0</coordinates></LinearRing></outerBoundaryIs></Polygon>"
PINEHURST,83850,47.5091,1564,ID,15.45157,-116.283,1728,"<Polygon><outerBoundaryIs><LinearRing><coordinates>-116.329067,47.47537,0.0 -116.324668,47.530357,0.0 -116.241638,47.541904,0.0 -116.23559,47.529257,0.0 -116.329067,47.47537,0.0</coordinates></LinearRing></outerBoundaryIs></Polygon>"
PLUMMER,83851,47.3045,1761,ID,136.74834,-116.878,1739,"<Polygon><outerBoundaryIs><LinearRing><coordinates>-116.753017,47.378592,0.0 -116.674936,47.327455,0.0 -116.778311,47.239475,0.0 -117.040049,47.241125,0.0 -117.040049,47.318107,0.0 -117.040049,47.365945,0.0 -116.755767,47.385741,0.0 -116.753017,47.378592,0.0</coordinates></LinearRing></outerBoundaryIs></Polygon>"
PORTHILL,83853,48.9757,102,ID,9.3331,-116.476,100,"<Polygon><outerBoundaryIs><LinearRing><coordinates>-116.499527,49.000159,0.0 -116.420346,48.963318,0.0 -116.503376,49.000159,0.0 -116.499527,49.000159,0.0</coordinates></LinearRing></outerBoundaryIs></Polygon>"
POST FALLS,83854,47.7224,28251,ID,70.32885,-116.967,27102,"<Polygon><outerBoundaryIs><LinearRing><coordinates>-117.041149,47.654627,0.0 -117.041699,47.697517,0.0 -117.041699,47.701366,0.0 -117.042249,47.816289,0.0 -116.850894,47.759102,0.0 -116.850894,47.705215,0.0 -117.041149,47.654627,0.0</coordinates></LinearRing></outerBoundaryIs></Polygon>"
POTLATCH,83855,46.9983,2006,ID,114.45704,-116.954,2027,"<Polygon><outerBoundaryIs><LinearRing><coordinates>-116.821201,47.032724,0.0 -116.898183,46.875461,0.0 -117.0395,46.907354,0.0 -117.0395,46.949694,0.0 -117.0395,46.96729,0.0 -117.0395,47.127302,0.0 -116.834948,47.045921,0.0 -116.821201,47.032724,0.0</coordinates></LinearRing></outerBoundaryIs></Polygon>"
PRIEST RIVER,83856,48.2748,5978,ID,469.38994,-116.866,6020,"<Polygon><outerBoundaryIs><LinearRing><coordinates>-116.680434,48.005444,0.0 -116.78271,47.977401,0.0 -116.870689,47.977401,0.0 -117.023553,48.085175,0.0 -116.887735,48.220993,0.0 -117.0373,48.260034,0.0 -117.03565,48.499777,0.0 -117.035101,48.545417,0.0 -116.859692,48.534969,0.0 -116.855843,48.418397,0.0 -116.777212,48.500877,0.0 -116.707928,48.500327,0.0 -116.633695,48.379356,0.0 -116.779411,48.250136,0.0 -116.737071,48.167656,0.0 -116.753567,48.095073,0.0 -116.680434,48.005444,0.0</coordinates></LinearRing></outerBoundaryIs></Polygon>"
PRINCETON,83857,46.9026,874,ID,85.19786,-116.811,869,"<Polygon><outerBoundaryIs><LinearRing><coordinates>-116.891035,46.813326,0.0 -116.898183,46.875461,0.0 -116.821201,47.032724,0.0 -116.808004,47.032724,0.0 -116.727173,46.84027,0.0 -116.852544,46.807827,0.0 -116.891035,46.813326,0.0</coordinates></LinearRing></outerBoundaryIs></Polygon>"
RATHDRUM,83858,47.856,11023,ID,121.73652,-116.914,10224,"<Polygon><outerBoundaryIs><LinearRing><coordinates>-117.042249,47.816289,0.0 -117.042249,47.926263,0.0 -117.042249,47.943309,0.0 -116.845395,47.922414,0.0 -116.764565,47.845982,0.0 -116.850344,47.759102,0.0 -116.850894,47.759102,0.0 -117.042249,47.816289,0.0</coordinates></LinearRing></outerBoundaryIs></Polygon>"
SAGLE,83860,48.1826,5522,ID,135.45479,-116.569,5412,"<Polygon><outerBoundaryIs><LinearRing><coordinates>-116.753567,48.095073,0.0 -116.737071,48.167656,0.0 -116.661739,48.252886,0.0 -116.376356,48.252336,0.0 -116.511074,48.098922,0.0 -116.589156,48.114319,0.0 -116.753567,48.095073,0.0</coordinates></LinearRing></outerBoundaryIs></Polygon>"
SAINT MARIES,83861,47.2194,6463,ID,500.05353,-116.541,6510,"<Polygon><outerBoundaryIs><LinearRing><coordinates>-116.775562,47.097609,0.0 -116.680434,47.202084,0.0 -116.778311,47.239475,0.0 -116.674936,47.327455,0.0 -116.753017,47.378592,0.0 -116.673286,47.423132,0.0 -116.582558,47.458324,0.0 -116.472584,47.412684,0.0 -116.329617,47.413784,0.0 -116.329617,47.393989,0.0 -116.329617,47.159194,0.0 -116.435192,47.109706,0.0 -116.327968,47.085512,0.0 -116.329617,47.023376,0.0 -116.808004,47.032724,0.0 -116.821201,47.032724,0.0 -116.834948,47.045921,0.0 -116.775562,47.097609,0.0</coordinates></LinearRing></outerBoundaryIs></Polygon>"
SMELTERVILLE,83868,47.5386,661,ID,1.29775,-116.224,529,"<Polygon><outerBoundaryIs><LinearRing><coordinates>-116.23559,47.529257,0.0 -116.241638,47.541904,0.0 -116.221843,47.547952,0.0 -116.23559,47.529257,0.0</coordinates></LinearRing></outerBoundaryIs></Polygon>"
SPIRIT LAKE,83869,47.9574,2395,ID,31.86657,-116.921,2292,"<Polygon><outerBoundaryIs><LinearRing><coordinates>-117.042249,47.943309,0.0 -117.042249,47.977401,0.0 -116.870689,47.977401,0.0 -116.78271,47.977401,0.0 -116.845395,47.922414,0.0 -117.042249,47.943309,0.0</coordinates></LinearRing></outerBoundaryIs></Polygon>"
TENSED,83870,47.1849,459,ID,97.40118,-116.871,449,"<Polygon><outerBoundaryIs><LinearRing><coordinates>-116.775562,47.097609,0.0 -117.040049,47.154795,0.0 -117.040049,47.202084,0.0 -117.040049,47.241125,0.0 -116.778311,47.239475,0.0 -116.680434,47.202084,0.0 -116.775562,47.097609,0.0</coordinates></LinearRing></outerBoundaryIs></Polygon>"
TROY,83871,46.7585,1735,ID,97.56625,-116.734,1736,"<Polygon><outerBoundaryIs><LinearRing><coordinates>-116.852544,46.807827,0.0 -116.727173,46.84027,0.0 -116.663388,46.849617,0.0 -116.621048,46.730846,0.0 -116.729923,46.674209,0.0 -116.797557,46.664311,0.0 -116.852544,46.807827,0.0</coordinates></LinearRing></outerBoundaryIs></Polygon>"
VIOLA,83872,46.8617,537,ID,37.04174,-116.966,539,"<Polygon><outerBoundaryIs><LinearRing><coordinates>-116.891035,46.813326,0.0 -117.0395,46.825973,0.0 -117.0395,46.860065,0.0 -117.0395,46.907354,0.0 -116.898183,46.875461,0.0 -116.891035,46.813326,0.0</coordinates></LinearRing></outerBoundaryIs></Polygon>"
WALLACE,83873,47.1668,4258,ID,1554.23242,-115.766,4298,"<Polygon><outerBoundaryIs><LinearRing><coordinates>-116.329617,47.159194,0.0 -116.329617,47.393989,0.0 -115.994746,47.426981,0.0 -116.033787,47.588643,0.0 -115.751704,47.553451,0.0 -115.711014,47.51661,0.0 -115.844082,47.498464,0.0 -115.759402,47.423132,0.0 -115.216131,47.145448,0.0 -114.959341,46.932648,0.0 -116.284528,46.934297,0.0 -116.140462,47.072865,0.0 -116.329067,47.09156,0.0 -116.329617,47.159194,0.0</coordinates></LinearRing></outerBoundaryIs><innerBoundaryIs><LinearRing><coordinates>-115.834184,47.126202,0.0 -115.735208,47.358247,0.0 -115.818238,47.391789,0.0 -115.944158,47.236726,0.0 -115.834184,47.126202,0.0</coordinates></LinearRing></innerBoundaryIs></Polygon>"
WORLEY,83876,47.4345,1345,ID,109.82583,-116.925,1299,"<Polygon><outerBoundaryIs><LinearRing><coordinates>-117.040049,47.365945,0.0 -117.040049,47.412684,0.0 -117.040599,47.523208,0.0 -116.858592,47.489116,0.0 -116.755767,47.385741,0.0 -117.040049,47.365945,0.0</coordinates></LinearRing></outerBoundaryIs></Polygon>"
IDAHO FALLS,83404,43.4176,18678,ID,30.2758,-112.002,18255,"<Polygon><outerBoundaryIs><LinearRing><coordinates>-111.983995,43.489362,0.0 -111.902614,43.37169,0.0 -112.04393,43.41018,0.0 -112.034033,43.489362,0.0 -111.983995,43.489362,0.0</coordinates></LinearRing></outerBoundaryIs></Polygon>"
DOWNEY,83234,42.4102,1266,ID,336.2633,-112.089,1269,"<Polygon><outerBoundaryIs><LinearRing><coordinates>-112.126411,42.285146,0.0 -112.318865,42.320888,0.0 -112.38485,42.499596,0.0 -112.120362,42.517741,0.0 -111.916361,42.529839,0.0 -111.87567,42.416565,0.0 -111.9598,42.256553,0.0 -112.126411,42.285146,0.0</coordinates></LinearRing></outerBoundaryIs></Polygon>"
VICTOR,83455,43.6067,2789,ID,92.46941,-111.136,2544,"<Polygon><outerBoundaryIs><LinearRing><coordinates>-111.045916,43.679617,0.0 -111.045366,43.58339,0.0 -111.045366,43.500909,0.0 -111.216376,43.571842,0.0 -111.277961,43.62188,0.0 -111.045916,43.679617,0.0</coordinates></LinearRing></outerBoundaryIs></Polygon>"
BOISE,83706,43.5897,30025,ID,7.76945,-116.191,29742,"<Polygon><outerBoundaryIs><LinearRing><coordinates>-116.19325,43.603735,0.0 -116.139362,43.572942,0.0 -116.182252,43.567993,0.0 -116.253735,43.604285,0.0 -116.253185,43.628479,0.0 -116.23394,43.62188,0.0 -116.19325,43.603735,0.0</coordinates></LinearRing></outerBoundaryIs></Polygon>"
POCATELLO,83201,42.8852,36059,ID,84.00122,-112.353,36011,"<Polygon><outerBoundaryIs><LinearRing><coordinates>-112.30072,42.90595,0.0 -112.304569,42.797625,0.0 -112.495924,42.900451,0.0 -112.428839,42.963686,0.0 -112.30072,42.90595,0.0</coordinates></LinearRing></outerBoundaryIs></Polygon>"
EAGLE,83616,43.7537,16176,ID,98.19396,-116.389,15218,"<Polygon><outerBoundaryIs><LinearRing><coordinates>-116.326318,43.671919,0.0 -116.334566,43.663121,0.0 -116.36206,43.663121,0.0 -116.493479,43.680167,0.0 -116.512724,43.735704,0.0 -116.512724,43.807187,0.0 -116.483581,43.807737,0.0 -116.281779,43.807187,0.0 -116.326318,43.671919,0.0</coordinates></LinearRing></outerBoundaryIs></Polygon>"
SANDPOINT,83864,48.3886,16704,ID,336.27326,-116.473,16468,"<Polygon><outerBoundaryIs><LinearRing><coordinates>-116.661739,48.252886,0.0 -116.737071,48.167656,0.0 -116.779411,48.250136,0.0 -116.633695,48.379356,0.0 -116.707928,48.500327,0.0 -116.57156,48.500877,0.0 -116.198748,48.501977,0.0 -116.131664,48.401351,0.0 -116.352712,48.282579,0.0 -116.661739,48.252886,0.0</coordinates></LinearRing></outerBoundaryIs></Polygon>"
CHALLIS,83226,44.323,2534,ID,1987.75975,-114.002,2529,"<Polygon><outerBoundaryIs><LinearRing><coordinates>-113.320179,44.232786,0.0 -113.416956,44.221789,0.0 -113.446099,43.931457,0.0 -113.765573,44.034283,0.0 -113.95088,44.275676,0.0 -114.410021,43.895716,0.0 -114.534292,43.846227,0.0 -114.443013,44.125012,0.0 -114.2874,44.151955,0.0 -114.402323,44.25808,0.0 -114.478755,44.34166,0.0 -114.552437,44.578104,0.0 -114.221416,44.878883,0.0 -114.181275,44.616595,0.0 -114.048756,44.691928,0.0 -113.800765,44.484627,0.0 -113.476892,44.447785,0.0 -113.320179,44.232786,0.0</coordinates></LinearRing></outerBoundaryIs></Polygon>"
POCATELLO,83204,42.7593,17534,ID,383.25159,-112.574,17549,"<Polygon><outerBoundaryIs><LinearRing><coordinates>-112.738416,42.626616,0.0 -112.716971,42.887254,0.0 -112.569606,42.961487,0.0 -112.495924,42.900451,0.0 -112.304569,42.797625,0.0 -112.335911,42.761334,0.0 -112.417842,42.64916,0.0 -112.700475,42.588125,0.0 -112.738416,42.626616,0.0</coordinates></LinearRing></outerBoundaryIs></Polygon>"
MOSCOW,83843,46.7277,24729,ID,123.29429,-116.941,24964,"<Polygon><outerBoundaryIs><LinearRing><coordinates>-116.809104,46.647815,0.0 -117.0395,46.603826,0.0 -117.0395,46.620872,0.0 -117.0395,46.825973,0.0 -116.891035,46.813326,0.0 -116.852544,46.807827,0.0 -116.797557,46.664311,0.0 -116.809104,46.647815,0.0</coordinates></LinearRing></outerBoundaryIs></Polygon>"
