CHEYENNE,82001,41.1455,33738,WY,17.05104,-104.782,33676,"<Polygon><outerBoundaryIs><LinearRing><coordinates>-104.858779,41.116123,0.0 -104.867027,41.131519,0.0 -104.842833,41.167811,0.0 -104.68282,41.147465,0.0 -104.858779,41.116123,0.0</coordinates></LinearRing></outerBoundaryIs></Polygon>"
FE WARREN AFB,82005,41.1691,1042,WY,8.37744,-104.866,1055,
CHEYENNE,82007,41.0678,16268,WY,383.57763,-104.883,16177,"<Polygon><outerBoundaryIs><LinearRing><coordinates>-104.484317,41.12987,0.0 -104.560749,41.101826,0.0 -104.467821,41.0012,0.0 -104.622335,41.0012,0.0 -104.772449,41.0001,0.0 -104.943459,40.998451,0.0 -105.173304,40.998451,0.0 -105.27723,40.997901,0.0 -105.27888,41.088079,0.0 -105.27888,41.116123,0.0 -105.27888,41.144166,0.0 -104.858779,41.116123,0.0 -104.68282,41.147465,0.0 -104.483767,41.157363,0.0 -104.484317,41.12987,0.0</coordinates></LinearRing></outerBoundaryIs></Polygon>"
CHEYENNE,82009,41.3939,27376,WY,1456.68538,-104.875,27076,"<Polygon><outerBoundaryIs><LinearRing><coordinates>-104.842833,41.167811,0.0 -104.867027,41.131519,0.0 -104.858779,41.116123,0.0 -105.27888,41.144166,0.0 -105.280529,41.331122,0.0 -105.27833,41.566466,0.0 -105.27833,41.656645,0.0 -105.118867,41.656645,0.0 -104.653127,41.652796,0.0 -104.653127,41.564817,0.0 -104.440878,41.564267,0.0 -104.560199,41.491134,0.0 -104.371594,41.564817,0.0 -104.181339,41.564267,0.0 -104.460123,41.389958,0.0 -104.483767,41.157363,0.0 -104.68282,41.147465,0.0 -104.842833,41.167811,0.0</coordinates></LinearRing></outerBoundaryIs></Polygon>"
ALBIN,82050,41.4581,325,WY,170.52273,-104.212,320,"<Polygon><outerBoundaryIs><LinearRing><coordinates>-104.252822,41.360265,0.0 -104.460123,41.389958,0.0 -104.181339,41.564267,0.0 -104.052669,41.564267,0.0 -104.052669,41.505431,0.0 -104.09226,41.389408,0.0 -104.252822,41.360265,0.0</coordinates></LinearRing></outerBoundaryIs></Polygon>"
BOSLER,82051,41.7043,152,WY,645.02281,-105.552,149,"<Polygon><outerBoundaryIs><LinearRing><coordinates>-106.071242,41.531275,0.0 -105.720975,41.59121,0.0 -105.597804,41.929381,0.0 -105.272831,41.998114,0.0 -105.380605,41.701734,0.0 -105.27833,41.656645,0.0 -105.27833,41.566466,0.0 -105.646193,41.577464,0.0 -105.762765,41.481236,0.0 -106.071242,41.531275,0.0</coordinates></LinearRing></outerBoundaryIs></Polygon>"
BUFORD,82052,41.1467,43,WY,80.45853,-105.451,43,"<Polygon><outerBoundaryIs><LinearRing><coordinates>-105.27888,41.088079,0.0 -105.48948,41.08533,0.0 -105.601653,41.206851,0.0 -105.27888,41.116123,0.0 -105.27888,41.088079,0.0</coordinates></LinearRing></outerBoundaryIs></Polygon>"
BURNS,82053,41.2531,1086,WY,205.44647,-104.358,1065,"<Polygon><outerBoundaryIs><LinearRing><coordinates>-104.252822,41.360265,0.0 -104.215981,41.100177,0.0 -104.484317,41.12987,0.0 -104.483767,41.157363,0.0 -104.460123,41.389958,0.0 -104.252822,41.360265,0.0</coordinates></LinearRing></outerBoundaryIs></Polygon>"
CARPENTER,82054,41.068,645,WY,155.0325,-104.342,629,"<Polygon><outerBoundaryIs><LinearRing><coordinates>-104.123603,41.00175,0.0 -104.467821,41.0012,0.0 -104.560749,41.101826,0.0 -104.484317,41.12987,0.0 -104.215981,41.100177,0.0 -104.123603,41.00175,0.0</coordinates></LinearRing></outerBoundaryIs></Polygon>"
CENTENNIAL,82055,41.3625,417,WY,303.83571,-106.074,398,"<Polygon><outerBoundaryIs><LinearRing><coordinates>-106.323083,41.233245,0.0 -106.322533,41.38281,0.0 -106.068493,41.394907,0.0 -106.071242,41.531275,0.0 -105.762765,41.481236,0.0 -105.720975,41.442196,0.0 -106.099835,41.214549,0.0 -106.322533,41.223897,0.0 -106.323083,41.233245,0.0</coordinates></LinearRing></outerBoundaryIs></Polygon>"
GARRETT,82058,42.1576,103,WY,1194.46872,-105.7,101,"<Polygon><outerBoundaryIs><LinearRing><coordinates>-105.597804,41.929381,0.0 -106.072892,41.898038,0.0 -105.873289,42.293944,0.0 -106.073442,42.26975,0.0 -106.073442,42.433061,0.0 -105.69843,42.430862,0.0 -105.556014,42.430312,0.0 -105.6143,42.303292,0.0 -105.521372,42.288446,0.0 -105.375657,42.290095,0.0 -105.283828,42.431412,0.0 -105.282179,42.347282,0.0 -105.415247,42.152078,0.0 -105.281629,42.14273,0.0 -105.272831,41.998114,0.0 -105.597804,41.929381,0.0</coordinates></LinearRing></outerBoundaryIs></Polygon>"
JELM,82063,41.0554,80,WY,57.86352,-106.01,81,"<Polygon><outerBoundaryIs><LinearRing><coordinates>-105.932125,40.997351,0.0 -106.082789,40.997351,0.0 -106.133378,41.060036,0.0 -105.990961,41.133719,0.0 -105.932125,40.997351,0.0</coordinates></LinearRing></outerBoundaryIs></Polygon>"
LARAMIE,82070,41.1851,16095,WY,973.05216,-105.815,16273,"<Polygon><outerBoundaryIs><LinearRing><coordinates>-105.48948,41.08533,0.0 -105.579658,41.089179,0.0 -105.558213,40.997351,0.0 -105.705579,40.996801,0.0 -105.932125,40.997351,0.0 -105.990961,41.133719,0.0 -106.133378,41.060036,0.0 -106.082789,40.997351,0.0 -106.190564,40.997351,0.0 -106.321433,40.999,0.0 -106.322533,41.223897,0.0 -106.099835,41.214549,0.0 -105.720975,41.442196,0.0 -105.585157,41.312426,0.0 -105.576909,41.310777,0.0 -105.280529,41.331122,0.0 -105.27888,41.144166,0.0 -105.27888,41.116123,0.0 -105.601653,41.206851,0.0 -105.48948,41.08533,0.0</coordinates></LinearRing></outerBoundaryIs></Polygon>"
LARAMIE,82071,41.3131,0,WY,0.11801,-105.581,0,
LARAMIE,82072,41.4399,14388,WY,345.10942,-105.49,14596,"<Polygon><outerBoundaryIs><LinearRing><coordinates>-105.585157,41.312426,0.0 -105.720975,41.442196,0.0 -105.762765,41.481236,0.0 -105.646193,41.577464,0.0 -105.27833,41.566466,0.0 -105.280529,41.331122,0.0 -105.576909,41.310777,0.0 -105.585157,41.312426,0.0</coordinates></LinearRing></outerBoundaryIs></Polygon>"
MERIDEN,82081,41.5154,15,WY,52.79947,-104.459,15,"<Polygon><outerBoundaryIs><LinearRing><coordinates>-104.440878,41.564267,0.0 -104.371594,41.564817,0.0 -104.560199,41.491134,0.0 -104.440878,41.564267,0.0</coordinates></LinearRing></outerBoundaryIs></Polygon>"
PINE BLUFFS,82082,41.223,1629,WY,239.08669,-104.136,1594,"<Polygon><outerBoundaryIs><LinearRing><coordinates>-104.215981,41.100177,0.0 -104.252822,41.360265,0.0 -104.09226,41.389408,0.0 -104.052669,41.505431,0.0 -104.052119,41.393257,0.0 -104.053219,41.0012,0.0 -104.123603,41.00175,0.0 -104.215981,41.100177,0.0</coordinates></LinearRing></outerBoundaryIs></Polygon>"
ROCK RIVER,82083,41.6603,425,WY,828.11792,-106.033,420,"<Polygon><outerBoundaryIs><LinearRing><coordinates>-106.071242,41.531275,0.0 -106.068493,41.394907,0.0 -106.322533,41.38281,0.0 -106.532033,41.557119,0.0 -106.399515,41.55052,0.0 -106.073442,41.821606,0.0 -106.072892,41.898038,0.0 -105.597804,41.929381,0.0 -105.720975,41.59121,0.0 -106.071242,41.531275,0.0</coordinates></LinearRing></outerBoundaryIs></Polygon>"
TIE SIDING,82084,41.0439,36,WY,95.4667,-105.423,36,"<Polygon><outerBoundaryIs><LinearRing><coordinates>-105.27723,40.997901,0.0 -105.558213,40.997351,0.0 -105.579658,41.089179,0.0 -105.48948,41.08533,0.0 -105.27888,41.088079,0.0 -105.27723,40.997901,0.0</coordinates></LinearRing></outerBoundaryIs></Polygon>"
YELLOWSTONE NATIONAL PARK,82190,44.5808,550,WY,3000.89281,-110.525,539,"<Polygon><outerBoundaryIs><LinearRing><coordinates>-110.053401,44.13271,0.0 -110.663757,44.13161,0.0 -111.049216,44.13216,0.0 -111.049216,44.474179,0.0 -111.055264,45.001504,0.0 -110.56643,44.992157,0.0 -110.56478,44.992157,0.0 -110.554332,44.992157,0.0 -110.547184,44.992706,0.0 -110.518041,44.992157,0.0 -110.516391,44.992157,0.0 -110.001713,45.003704,0.0 -110.001713,45.003154,0.0 -109.826854,44.720521,0.0 -110.170523,44.542913,0.0 -110.002263,44.489575,0.0 -110.053401,44.13271,0.0</coordinates></LinearRing></outerBoundaryIs><innerBoundaryIs><LinearRing><coordinates>-110.304142,44.280625,0.0 -110.297543,44.393348,0.0 -110.203515,44.314717,0.0 -110.274999,44.509371,0.0 -110.502645,44.706774,0.0 -110.377824,44.568757,0.0 -110.567529,44.405995,0.0 -110.422914,44.42909,0.0 -110.304142,44.280625,0.0</coordinates></LinearRing></innerBoundaryIs></Polygon>"
WHEATLAND,82201,42.0222,6464,WY,1232.70714,-105.03,6486,"<Polygon><outerBoundaryIs><LinearRing><coordinates>-105.272831,41.998114,0.0 -105.281629,42.14273,0.0 -105.415247,42.152078,0.0 -105.282179,42.347282,0.0 -104.891221,42.314839,0.0 -104.753754,42.266451,0.0 -104.89562,42.127884,0.0 -104.654227,42.189469,0.0 -104.653127,41.812258,0.0 -105.06333,41.792463,0.0 -105.118867,41.656645,0.0 -105.27833,41.656645,0.0 -105.380605,41.701734,0.0 -105.272831,41.998114,0.0</coordinates></LinearRing></outerBoundaryIs></Polygon>"
CHUGWATER,82210,41.7289,370,WY,228.26589,-104.864,366,"<Polygon><outerBoundaryIs><LinearRing><coordinates>-104.653127,41.667642,0.0 -104.653127,41.652796,0.0 -105.118867,41.656645,0.0 -105.06333,41.792463,0.0 -104.653127,41.812258,0.0 -104.653127,41.784215,0.0 -104.653127,41.667642,0.0</coordinates></LinearRing></outerBoundaryIs></Polygon>"
FORT LARAMIE,82212,42.2183,306,WY,11.41687,-104.556,305,"<Polygon><outerBoundaryIs><LinearRing><coordinates>-104.528857,42.193868,0.0 -104.628933,42.247755,0.0 -104.476069,42.204316,0.0 -104.528857,42.193868,0.0</coordinates></LinearRing></outerBoundaryIs></Polygon>"
GLENDO,82213,42.4898,562,WY,501.50094,-104.995,552,"<Polygon><outerBoundaryIs><LinearRing><coordinates>-104.654777,42.412716,0.0 -104.945658,42.457256,0.0 -104.873625,42.328036,0.0 -104.891221,42.314839,0.0 -105.282179,42.347282,0.0 -105.283828,42.431412,0.0 -105.286028,42.605721,0.0 -105.086425,42.60847,0.0 -104.892321,42.60902,0.0 -104.664125,42.60957,0.0 -104.655877,42.60957,0.0 -104.654777,42.412716,0.0</coordinates></LinearRing></outerBoundaryIs></Polygon>"
GUERNSEY,82214,42.2369,1259,WY,126.72757,-104.77,1272,"<Polygon><outerBoundaryIs><LinearRing><coordinates>-104.654227,42.245006,0.0 -104.654227,42.189469,0.0 -104.89562,42.127884,0.0 -104.753754,42.266451,0.0 -104.891221,42.314839,0.0 -104.873625,42.328036,0.0 -104.708664,42.378624,0.0 -104.733408,42.27195,0.0 -104.655327,42.300543,0.0 -104.654227,42.245006,0.0</coordinates></LinearRing></outerBoundaryIs></Polygon>"
HARTVILLE,82215,42.3824,146,WY,99.72691,-104.794,145,"<Polygon><outerBoundaryIs><LinearRing><coordinates>-104.873625,42.328036,0.0 -104.945658,42.457256,0.0 -104.654777,42.412716,0.0 -104.655327,42.300543,0.0 -104.733408,42.27195,0.0 -104.708664,42.378624,0.0 -104.873625,42.328036,0.0</coordinates></LinearRing></outerBoundaryIs></Polygon>"
HAWK SPRINGS,82217,41.733,155,WY,213.63322,-104.365,154,"<Polygon><outerBoundaryIs><LinearRing><coordinates>-104.052669,41.707233,0.0 -104.653127,41.667642,0.0 -104.653127,41.784215,0.0 -104.053219,41.783115,0.0 -104.052669,41.707233,0.0</coordinates></LinearRing></outerBoundaryIs></Polygon>"
JAY EM,82219,42.3857,453,WY,944.9795,-104.333,451,"<Polygon><outerBoundaryIs><LinearRing><coordinates>-104.349599,42.146029,0.0 -104.476069,42.204316,0.0 -104.628933,42.247755,0.0 -104.654227,42.245006,0.0 -104.655327,42.300543,0.0 -104.654777,42.412716,0.0 -104.655877,42.60957,0.0 -104.202234,42.612319,0.0 -104.052669,42.611769,0.0 -104.052669,42.117986,0.0 -104.052669,42.095441,0.0 -104.265469,42.131733,0.0 -104.294612,42.213663,0.0 -104.349599,42.146029,0.0</coordinates></LinearRing></outerBoundaryIs></Polygon>"
LAGRANGE,82221,41.625,508,WY,256.50252,-104.343,505,"<Polygon><outerBoundaryIs><LinearRing><coordinates>-104.052669,41.707233,0.0 -104.052669,41.697885,0.0 -104.052669,41.564267,0.0 -104.181339,41.564267,0.0 -104.371594,41.564817,0.0 -104.440878,41.564267,0.0 -104.653127,41.564817,0.0 -104.653127,41.652796,0.0 -104.653127,41.667642,0.0 -104.052669,41.707233,0.0</coordinates></LinearRing></outerBoundaryIs></Polygon>"
LANCE CREEK,82222,43.2875,176,WY,970.14094,-104.588,185,"<Polygon><outerBoundaryIs><LinearRing><coordinates>-104.369944,43.047266,0.0 -104.648179,43.042867,0.0 -104.709214,43.040668,0.0 -104.89782,43.046167,0.0 -104.89727,43.168238,0.0 -104.900019,43.499809,0.0 -104.200584,43.502559,0.0 -104.369944,43.047266,0.0</coordinates></LinearRing></outerBoundaryIs></Polygon>"
LINGLE,82223,42.1477,772,WY,18.50993,-104.305,766,"<Polygon><outerBoundaryIs><LinearRing><coordinates>-104.265469,42.131733,0.0 -104.349599,42.146029,0.0 -104.294612,42.213663,0.0 -104.265469,42.131733,0.0</coordinates></LinearRing></outerBoundaryIs></Polygon>"
LOST SPRINGS,82224,42.9323,13,WY,42.88041,-104.861,13,"<MultiGeometry><Polygon><outerBoundaryIs><LinearRing><coordinates>-104.89782,42.959287,0.0 -104.89782,43.046167,0.0 -104.709214,43.040668,0.0 -104.89782,42.959287,0.0</coordinates></LinearRing></outerBoundaryIs></Polygon><Polygon><outerBoundaryIs><LinearRing><coordinates>-104.892321,42.682153,0.0 -104.966553,42.724493,0.0 -104.892871,42.747587,0.0 -104.892321,42.682153,0.0</coordinates></LinearRing></outerBoundaryIs></Polygon></MultiGeometry>"
LUSK,82225,42.8111,1805,WY,432.69343,-104.478,1847,"<Polygon><outerBoundaryIs><LinearRing><coordinates>-104.655877,42.60957,0.0 -104.664125,42.60957,0.0 -104.648179,43.042867,0.0 -104.369944,43.047266,0.0 -104.450225,42.769582,0.0 -104.202234,42.612319,0.0 -104.655877,42.60957,0.0</coordinates></LinearRing></outerBoundaryIs></Polygon>"
MANVILLE,82227,42.811,147,WY,378.34717,-104.757,151,"<Polygon><outerBoundaryIs><LinearRing><coordinates>-104.664125,42.60957,0.0 -104.892321,42.60902,0.0 -104.892321,42.682153,0.0 -104.892871,42.747587,0.0 -104.89782,42.959287,0.0 -104.709214,43.040668,0.0 -104.648179,43.042867,0.0 -104.664125,42.60957,0.0</coordinates></LinearRing></outerBoundaryIs></Polygon>"
SHAWNEE,82229,42.8614,112,WY,397.75312,-105.024,109,"<Polygon><outerBoundaryIs><LinearRing><coordinates>-104.892321,42.60902,0.0 -105.086425,42.60847,0.0 -105.167806,42.653009,0.0 -105.029788,42.738239,0.0 -105.073778,42.815771,0.0 -105.298125,42.878456,0.0 -104.89727,43.168238,0.0 -104.89782,43.046167,0.0 -104.89782,42.959287,0.0 -104.892871,42.747587,0.0 -104.966553,42.724493,0.0 -104.892321,42.682153,0.0 -104.892321,42.60902,0.0</coordinates></LinearRing></outerBoundaryIs></Polygon>"
TORRINGTON,82240,42.0041,9465,WY,246.91032,-104.202,9515,"<Polygon><outerBoundaryIs><LinearRing><coordinates>-104.30561,41.928281,0.0 -104.324855,42.01736,0.0 -104.256121,42.044853,0.0 -104.528857,42.193868,0.0 -104.476069,42.204316,0.0 -104.349599,42.146029,0.0 -104.265469,42.131733,0.0 -104.052669,42.095441,0.0 -104.052669,42.001963,0.0 -104.052669,41.97282,0.0 -104.053219,41.915084,0.0 -104.052669,41.809509,0.0 -104.30561,41.928281,0.0</coordinates></LinearRing></outerBoundaryIs></Polygon>"
VAN TASSELL,82242,43.026,220,WY,816.72309,-104.196,222,"<Polygon><outerBoundaryIs><LinearRing><coordinates>-104.054869,43.503109,0.0 -104.054869,43.477815,0.0 -104.053219,43.000527,0.0 -104.052669,42.611769,0.0 -104.202234,42.612319,0.0 -104.450225,42.769582,0.0 -104.369944,43.047266,0.0 -104.200584,43.502559,0.0 -104.054869,43.503109,0.0</coordinates></LinearRing></outerBoundaryIs></Polygon>"
VETERAN,82243,41.9742,158,WY,32.39794,-104.362,157,"<Polygon><outerBoundaryIs><LinearRing><coordinates>-104.30561,41.928281,0.0 -104.435929,41.951375,0.0 -104.324855,42.01736,0.0 -104.30561,41.928281,0.0</coordinates></LinearRing></outerBoundaryIs></Polygon>"
YODER,82244,41.9558,695,WY,508.81784,-104.461,691,"<Polygon><outerBoundaryIs><LinearRing><coordinates>-104.052669,41.809509,0.0 -104.053219,41.783115,0.0 -104.653127,41.784215,0.0 -104.653127,41.812258,0.0 -104.654227,42.189469,0.0 -104.654227,42.245006,0.0 -104.628933,42.247755,0.0 -104.528857,42.193868,0.0 -104.256121,42.044853,0.0 -104.324855,42.01736,0.0 -104.435929,41.951375,0.0 -104.30561,41.928281,0.0 -104.052669,41.809509,0.0</coordinates></LinearRing></outerBoundaryIs></Polygon>"
RAWLINS,82301,41.7587,9384,WY,3037.77547,-107.37,9436,"<Polygon><outerBoundaryIs><LinearRing><coordinates>-107.214972,41.17111,0.0 -107.451966,41.140317,0.0 -107.502554,41.215649,0.0 -107.636722,41.119422,0.0 -107.917706,41.074883,0.0 -107.930903,41.642898,0.0 -107.531697,41.656645,0.0 -107.504203,42.020109,0.0 -107.522899,42.261502,0.0 -107.522899,42.434161,0.0 -106.912543,42.433061,0.0 -106.853157,41.927731,0.0 -107.060458,41.873294,0.0 -107.00932,41.818857,0.0 -107.14019,41.766619,0.0 -106.948835,41.751223,0.0 -106.890549,41.693486,0.0 -107.157235,41.517528,0.0 -107.254562,41.270086,0.0 -107.214972,41.17111,0.0</coordinates></LinearRing></outerBoundaryIs></Polygon>"
JEFFREY CITY,82310,42.6471,201,WY,1922.99432,-107.92,198,"<Polygon><outerBoundaryIs><LinearRing><coordinates>-108.337806,42.263701,0.0 -108.217935,42.379174,0.0 -108.261924,42.502895,0.0 -107.937501,42.52269,0.0 -108.389494,42.643662,0.0 -108.36585,42.90485,0.0 -108.1536,42.914198,0.0 -108.1547,43.131396,0.0 -107.764292,43.009875,0.0 -107.703256,42.870208,0.0 -107.502004,42.874607,0.0 -107.522899,42.434161,0.0 -107.522899,42.261502,0.0 -108.337806,42.263701,0.0</coordinates></LinearRing></outerBoundaryIs></Polygon>"
BAGGS,82321,41.0511,487,WY,102.58175,-107.755,483,"<Polygon><outerBoundaryIs><LinearRing><coordinates>-107.573487,41.0023,0.0 -107.68951,41.0023,0.0 -107.918256,41.0023,0.0 -107.917706,41.074883,0.0 -107.636722,41.119422,0.0 -107.573487,41.0023,0.0</coordinates></LinearRing></outerBoundaryIs></Polygon>"
BAIROIL,82322,42.1648,120,WY,687.51418,-107.986,122,"<Polygon><outerBoundaryIs><LinearRing><coordinates>-107.504203,42.020109,0.0 -108.512665,42.115786,0.0 -108.53411,42.263152,0.0 -108.337806,42.263701,0.0 -107.522899,42.261502,0.0 -107.504203,42.020109,0.0</coordinates></LinearRing></outerBoundaryIs></Polygon>"
DIXON,82323,41.0968,255,WY,96.83262,-107.536,253,"<Polygon><outerBoundaryIs><LinearRing><coordinates>-107.47836,41.00285,0.0 -107.573487,41.0023,0.0 -107.636722,41.119422,0.0 -107.502554,41.215649,0.0 -107.451966,41.140317,0.0 -107.47836,41.00285,0.0</coordinates></LinearRing></outerBoundaryIs></Polygon>"
ENCAMPMENT,82325,41.1315,870,WY,862.54763,-106.797,877,"<Polygon><outerBoundaryIs><LinearRing><coordinates>-107.302401,41.00285,0.0 -107.158335,41.118872,0.0 -107.214972,41.17111,0.0 -107.254562,41.270086,0.0 -107.063208,41.203552,0.0 -106.737135,41.320125,0.0 -106.54468,41.200253,0.0 -106.323083,41.233245,0.0 -106.322533,41.223897,0.0 -106.321433,40.999,0.0 -106.857556,41.00285,0.0 -107.302401,41.00285,0.0</coordinates></LinearRing></outerBoundaryIs></Polygon>"
HANNA,82327,42.0302,1330,WY,2018.85556,-106.546,1352,"<Polygon><outerBoundaryIs><LinearRing><coordinates>-106.948835,41.751223,0.0 -107.00932,41.818857,0.0 -107.060458,41.873294,0.0 -106.853157,41.927731,0.0 -106.912543,42.433061,0.0 -106.553478,42.430862,0.0 -106.075641,42.433061,0.0 -106.073442,42.433061,0.0 -106.073442,42.26975,0.0 -106.242252,42.242257,0.0 -106.396215,42.048702,0.0 -106.073442,41.821606,0.0 -106.399515,41.55052,0.0 -106.532033,41.557119,0.0 -106.745383,41.602208,0.0 -106.789922,41.737476,0.0 -106.890549,41.693486,0.0 -106.948835,41.751223,0.0</coordinates></LinearRing></outerBoundaryIs></Polygon>"
MEDICINE BOW,82329,42.0736,280,WY,391.45619,-106.159,293,"<Polygon><outerBoundaryIs><LinearRing><coordinates>-106.073442,42.26975,0.0 -105.873289,42.293944,0.0 -106.072892,41.898038,0.0 -106.073442,41.821606,0.0 -106.396215,42.048702,0.0 -106.242252,42.242257,0.0 -106.073442,42.26975,0.0</coordinates></LinearRing></outerBoundaryIs></Polygon>"
SARATOGA,82331,41.4273,2285,WY,1019.94059,-106.79,2311,"<Polygon><outerBoundaryIs><LinearRing><coordinates>-106.323083,41.233245,0.0 -106.54468,41.200253,0.0 -106.737135,41.320125,0.0 -107.063208,41.203552,0.0 -107.254562,41.270086,0.0 -107.157235,41.517528,0.0 -106.890549,41.693486,0.0 -106.789922,41.737476,0.0 -106.745383,41.602208,0.0 -106.532033,41.557119,0.0 -106.322533,41.38281,0.0 -106.323083,41.233245,0.0</coordinates></LinearRing></outerBoundaryIs></Polygon>"
SAVERY,82332,41.0839,95,WY,109.1786,-107.348,94,"<Polygon><outerBoundaryIs><LinearRing><coordinates>-107.302401,41.00285,0.0 -107.317798,41.00285,0.0 -107.47836,41.00285,0.0 -107.451966,41.140317,0.0 -107.214972,41.17111,0.0 -107.158335,41.118872,0.0 -107.302401,41.00285,0.0</coordinates></LinearRing></outerBoundaryIs></Polygon>"
SINCLAIR,82334,41.7984,431,WY,37.90741,-107.044,441,"<Polygon><outerBoundaryIs><LinearRing><coordinates>-107.00932,41.818857,0.0 -106.948835,41.751223,0.0 -107.14019,41.766619,0.0 -107.00932,41.818857,0.0</coordinates></LinearRing></outerBoundaryIs></Polygon>"
WAMSUTTER,82336,41.6269,398,WY,2675.58869,-108.098,411,"<Polygon><outerBoundaryIs><LinearRing><coordinates>-107.918256,41.0023,0.0 -108.089265,41.00175,0.0 -108.300415,41.0001,0.0 -108.553355,41.559318,0.0 -108.562153,41.642898,0.0 -108.388944,41.625852,0.0 -108.512665,42.115786,0.0 -107.504203,42.020109,0.0 -107.531697,41.656645,0.0 -107.930903,41.642898,0.0 -107.917706,41.074883,0.0 -107.918256,41.0023,0.0</coordinates></LinearRing></outerBoundaryIs></Polygon>"
WORLAND,82401,43.9747,7351,WY,1110.01162,-108.004,7519,"<Polygon><outerBoundaryIs><LinearRing><coordinates>-107.684011,44.166252,0.0 -107.600431,44.066175,0.0 -107.633423,43.646075,0.0 -108.295466,43.845678,0.0 -108.550606,44.079372,0.0 -108.550606,44.168451,0.0 -107.684011,44.166252,0.0</coordinates></LinearRing></outerBoundaryIs></Polygon>"
BASIN,82410,44.3683,1807,WY,135.89107,-108.105,1823,"<Polygon><outerBoundaryIs><LinearRing><coordinates>-108.358701,44.406545,0.0 -108.217385,44.403796,0.0 -107.957296,44.398297,0.0 -107.904509,44.315816,0.0 -108.016132,44.271277,0.0 -108.432384,44.398847,0.0 -108.358701,44.406545,0.0</coordinates></LinearRing></outerBoundaryIs></Polygon>"
BURLINGTON,82411,44.4397,614,WY,36.59861,-108.452,591,"<Polygon><outerBoundaryIs><LinearRing><coordinates>-108.432384,44.398847,0.0 -108.573701,44.394448,0.0 -108.573701,44.42964,0.0 -108.360351,44.432389,0.0 -108.358701,44.406545,0.0 -108.432384,44.398847,0.0</coordinates></LinearRing></outerBoundaryIs></Polygon>"
CODY,82414,44.461,14038,WY,2556.30784,-109.608,13975,"<Polygon><outerBoundaryIs><LinearRing><coordinates>-110.053401,44.007889,0.0 -110.053401,44.13271,0.0 -110.002263,44.489575,0.0 -110.170523,44.542913,0.0 -109.826854,44.720521,0.0 -110.001713,45.003154,0.0 -109.798811,45.002054,0.0 -109.663543,45.002604,0.0 -109.611305,44.859088,0.0 -109.036141,44.744165,0.0 -108.889876,44.495074,0.0 -109.50903,44.254231,0.0 -109.534873,43.954552,0.0 -109.790013,43.802788,0.0 -109.863696,43.954552,0.0 -110.053401,44.007889,0.0</coordinates></LinearRing></outerBoundaryIs></Polygon>"
DEAVER,82421,44.9247,550,WY,33.03283,-108.582,550,"<Polygon><outerBoundaryIs><LinearRing><coordinates>-108.613291,45.000405,0.0 -108.518714,44.886032,0.0 -108.62044,44.877784,0.0 -108.621539,45.000405,0.0 -108.613291,45.000405,0.0</coordinates></LinearRing></outerBoundaryIs></Polygon>"
GREYBULL,82426,44.5921,2519,WY,617.91089,-108.187,2542,"<Polygon><outerBoundaryIs><LinearRing><coordinates>-108.217385,44.403796,0.0 -108.360351,44.432389,0.0 -108.573701,44.42964,0.0 -108.573701,44.461532,0.0 -108.592396,44.647388,0.0 -108.133805,44.630342,0.0 -108.143702,44.815648,0.0 -107.828077,44.803001,0.0 -107.807732,44.785955,0.0 -107.970493,44.635841,0.0 -107.929803,44.47143,0.0 -107.957296,44.398297,0.0 -108.217385,44.403796,0.0</coordinates></LinearRing></outerBoundaryIs></Polygon>"
HYATTVILLE,82428,44.2725,105,WY,47.93496,-107.59,109,"<Polygon><outerBoundaryIs><LinearRing><coordinates>-107.592183,44.186047,0.0 -107.670264,44.228937,0.0 -107.56139,44.381251,0.0 -107.592183,44.186047,0.0</coordinates></LinearRing></outerBoundaryIs></Polygon>"
LOVELL,82431,44.8412,4846,WY,704.87615,-108.265,4856,"<Polygon><outerBoundaryIs><LinearRing><coordinates>-108.592396,44.647388,0.0 -108.62044,44.877784,0.0 -108.518714,44.886032,0.0 -108.613291,45.000405,0.0 -108.249277,44.999305,0.0 -107.911657,45.001504,0.0 -107.828077,44.803001,0.0 -108.143702,44.815648,0.0 -108.133805,44.630342,0.0 -108.592396,44.647388,0.0</coordinates></LinearRing></outerBoundaryIs></Polygon>"
MANDERSON,82432,44.3249,509,WY,1264.25274,-107.772,508,"<Polygon><outerBoundaryIs><LinearRing><coordinates>-108.550606,44.168451,0.0 -108.573701,44.394448,0.0 -108.432384,44.398847,0.0 -108.016132,44.271277,0.0 -107.904509,44.315816,0.0 -107.957296,44.398297,0.0 -107.929803,44.47143,0.0 -107.790136,44.376302,0.0 -107.699407,44.487926,0.0 -107.778589,44.534665,0.0 -107.503654,44.64024,0.0 -107.422273,44.603398,0.0 -107.369485,44.559959,0.0 -107.199575,44.435138,0.0 -107.146788,44.165702,0.0 -107.684011,44.166252,0.0 -108.550606,44.168451,0.0</coordinates></LinearRing></outerBoundaryIs><innerBoundaryIs><LinearRing><coordinates>-107.592183,44.186047,0.0 -107.56139,44.381251,0.0 -107.670264,44.228937,0.0 -107.592183,44.186047,0.0</coordinates></LinearRing></innerBoundaryIs></Polygon>"
MEETEETSE,82433,44.1606,922,WY,1545.06403,-109.055,920,"<Polygon><outerBoundaryIs><LinearRing><coordinates>-108.889876,44.495074,0.0 -108.573701,44.461532,0.0 -108.573701,44.42964,0.0 -108.573701,44.394448,0.0 -108.550606,44.168451,0.0 -108.550606,44.079372,0.0 -108.792549,44.075523,0.0 -108.91297,43.904514,0.0 -109.312726,43.813235,0.0 -109.534873,43.954552,0.0 -109.50903,44.254231,0.0 -108.889876,44.495074,0.0</coordinates></LinearRing></outerBoundaryIs></Polygon>"
OTTO,82434,44.4109,131,WY,19.05362,-108.29,128,"<Polygon><outerBoundaryIs><LinearRing><coordinates>-108.358701,44.406545,0.0 -108.360351,44.432389,0.0 -108.217385,44.403796,0.0 -108.358701,44.406545,0.0</coordinates></LinearRing></outerBoundaryIs></Polygon>"
SHELL,82441,44.5811,381,WY,304.85829,-107.776,380,"<Polygon><outerBoundaryIs><LinearRing><coordinates>-107.929803,44.47143,0.0 -107.970493,44.635841,0.0 -107.807732,44.785955,0.0 -107.503654,44.64024,0.0 -107.778589,44.534665,0.0 -107.699407,44.487926,0.0 -107.790136,44.376302,0.0 -107.929803,44.47143,0.0</coordinates></LinearRing></outerBoundaryIs></Polygon>"
TEN SLEEP,82442,43.8362,758,WY,1144.30704,-107.367,770,"<Polygon><outerBoundaryIs><LinearRing><coordinates>-107.534996,43.501459,0.0 -107.594932,43.501459,0.0 -107.633423,43.646075,0.0 -107.600431,44.066175,0.0 -107.684011,44.166252,0.0 -107.146788,44.165702,0.0 -107.128642,44.160753,0.0 -107.110497,43.500359,0.0 -107.534996,43.501459,0.0</coordinates></LinearRing></outerBoundaryIs></Polygon>"
THERMOPOLIS,82443,43.7182,4833,WY,2003.37984,-108.443,4882,"<Polygon><outerBoundaryIs><LinearRing><coordinates>-107.594932,43.501459,0.0 -107.808282,43.471216,0.0 -108.156349,43.459669,0.0 -108.436233,43.473965,0.0 -109.148315,43.619681,0.0 -109.238494,43.760998,0.0 -109.312726,43.813235,0.0 -108.91297,43.904514,0.0 -108.792549,44.075523,0.0 -108.550606,44.079372,0.0 -108.295466,43.845678,0.0 -107.633423,43.646075,0.0 -107.594932,43.501459,0.0</coordinates></LinearRing></outerBoundaryIs></Polygon>"
RIVERTON,82501,43.1204,18320,WY,1433.41241,-108.736,18259,"<Polygon><outerBoundaryIs><LinearRing><coordinates>-108.579749,42.918597,0.0 -108.479123,42.982931,0.0 -108.656731,42.984031,0.0 -108.805746,43.029121,0.0 -108.966858,43.064862,0.0 -108.932766,42.979082,0.0 -109.048788,42.868559,0.0 -109.325923,42.868559,0.0 -109.374861,42.943341,0.0 -109.504631,43.010425,0.0 -109.460091,43.175386,0.0 -109.342419,43.288659,0.0 -109.234644,43.246319,0.0 -109.301729,43.134696,0.0 -109.006448,43.229823,0.0 -108.669378,43.082458,0.0 -108.748559,43.190782,0.0 -108.495619,43.220475,0.0 -108.655631,43.330449,0.0 -108.444481,43.334298,0.0 -108.436233,43.473965,0.0 -108.156349,43.459669,0.0 -108.15525,43.225424,0.0 -108.391144,43.172087,0.0 -108.1547,43.131396,0.0 -108.1536,42.914198,0.0 -108.36585,42.90485,0.0 -108.579749,42.918597,0.0</coordinates></LinearRing></outerBoundaryIs></Polygon>"
ARAPAHOE,82510,42.9678,345,WY,33.76539,-108.588,342,"<Polygon><outerBoundaryIs><LinearRing><coordinates>-108.579749,42.918597,0.0 -108.656731,42.984031,0.0 -108.479123,42.982931,0.0 -108.579749,42.918597,0.0</coordinates></LinearRing></outerBoundaryIs></Polygon>"
CROWHEART,82512,43.3358,238,WY,295.58259,-109.303,239,"<Polygon><outerBoundaryIs><LinearRing><coordinates>-109.460091,43.175386,0.0 -109.462291,43.54105,0.0 -109.273685,43.49596,0.0 -109.105975,43.283161,0.0 -109.006448,43.229823,0.0 -109.301729,43.134696,0.0 -109.234644,43.246319,0.0 -109.342419,43.288659,0.0 -109.460091,43.175386,0.0</coordinates></LinearRing></outerBoundaryIs></Polygon>"
DUBOIS,82513,43.6036,1804,WY,1373.77159,-109.678,1778,"<Polygon><outerBoundaryIs><LinearRing><coordinates>-109.460091,43.175386,0.0 -109.504631,43.010425,0.0 -109.554669,43.019223,0.0 -109.655845,43.176486,0.0 -109.754821,43.462968,0.0 -110.051751,43.464618,0.0 -110.051201,43.704911,0.0 -110.053401,44.007889,0.0 -109.863696,43.954552,0.0 -109.790013,43.802788,0.0 -109.534873,43.954552,0.0 -109.312726,43.813235,0.0 -109.238494,43.760998,0.0 -109.462291,43.54105,0.0 -109.460091,43.175386,0.0</coordinates></LinearRing></outerBoundaryIs></Polygon>"
FORT WASHAKIE,82514,43.0251,1300,WY,39.84216,-108.913,1283,"<Polygon><outerBoundaryIs><LinearRing><coordinates>-108.805746,43.029121,0.0 -108.932766,42.979082,0.0 -108.966858,43.064862,0.0 -108.805746,43.029121,0.0</coordinates></LinearRing></outerBoundaryIs></Polygon>"
KINNEAR,82516,43.1988,222,WY,77.10073,-108.888,228,"<Polygon><outerBoundaryIs><LinearRing><coordinates>-109.006448,43.229823,0.0 -109.105975,43.283161,0.0 -108.748559,43.190782,0.0 -108.669378,43.082458,0.0 -109.006448,43.229823,0.0</coordinates></LinearRing></outerBoundaryIs></Polygon>"
LANDER,82520,42.6093,11580,WY,1990.64813,-108.691,11579,"<Polygon><outerBoundaryIs><LinearRing><coordinates>-108.337806,42.263701,0.0 -108.53411,42.263152,0.0 -109.04384,42.263701,0.0 -109.070783,42.686552,0.0 -109.325923,42.868559,0.0 -109.048788,42.868559,0.0 -108.932766,42.979082,0.0 -108.805746,43.029121,0.0 -108.656731,42.984031,0.0 -108.579749,42.918597,0.0 -108.36585,42.90485,0.0 -108.389494,42.643662,0.0 -107.937501,42.52269,0.0 -108.261924,42.502895,0.0 -108.217935,42.379174,0.0 -108.337806,42.263701,0.0</coordinates></LinearRing></outerBoundaryIs></Polygon>"
PAVILLION,82523,43.4435,785,WY,1007.97049,-108.919,850,"<Polygon><outerBoundaryIs><LinearRing><coordinates>-109.105975,43.283161,0.0 -109.273685,43.49596,0.0 -109.462291,43.54105,0.0 -109.238494,43.760998,0.0 -109.148315,43.619681,0.0 -108.436233,43.473965,0.0 -108.444481,43.334298,0.0 -108.655631,43.330449,0.0 -108.495619,43.220475,0.0 -108.748559,43.190782,0.0 -109.105975,43.283161,0.0</coordinates></LinearRing></outerBoundaryIs></Polygon>"
CASPER,82601,43.1509,23835,WY,914.62212,-106.372,23369,"<Polygon><outerBoundaryIs><LinearRing><coordinates>-106.073992,42.966985,0.0 -106.277993,42.878456,0.0 -106.256548,42.813572,0.0 -106.29119,42.65081,0.0 -106.4611,42.659608,0.0 -106.337929,42.851513,0.0 -106.578772,43.080808,0.0 -106.684347,43.430526,0.0 -106.406663,43.492661,0.0 -106.327482,43.279861,0.0 -106.073442,43.321102,0.0 -106.073992,42.966985,0.0</coordinates></LinearRing></outerBoundaryIs></Polygon>"
CASPER,82604,42.9007,26148,WY,3987.21667,-106.94,26022,"<Polygon><outerBoundaryIs><LinearRing><coordinates>-106.072892,42.869658,0.0 -106.075641,42.433061,0.0 -106.553478,42.430862,0.0 -106.613964,42.638713,0.0 -106.912543,42.433061,0.0 -107.522899,42.434161,0.0 -107.502004,42.874607,0.0 -107.51685,43.204529,0.0 -107.534996,43.501459,0.0 -107.110497,43.500359,0.0 -106.684347,43.430526,0.0 -106.578772,43.080808,0.0 -106.337929,42.851513,0.0 -106.4611,42.659608,0.0 -106.29119,42.65081,0.0 -106.256548,42.813572,0.0 -106.246101,42.847663,0.0 -106.072892,42.869658,0.0</coordinates></LinearRing></outerBoundaryIs></Polygon>"
CASPER,82609,42.8403,13293,WY,8.32545,-106.278,13270,"<Polygon><outerBoundaryIs><LinearRing><coordinates>-106.277993,42.878456,0.0 -106.246101,42.847663,0.0 -106.256548,42.813572,0.0 -106.277993,42.878456,0.0</coordinates></LinearRing></outerBoundaryIs></Polygon>"
ALCOVA,82620,42.5007,21,WY,119.07168,-106.682,21,"<Polygon><outerBoundaryIs><LinearRing><coordinates>-106.912543,42.433061,0.0 -106.613964,42.638713,0.0 -106.553478,42.430862,0.0 -106.912543,42.433061,0.0</coordinates></LinearRing></outerBoundaryIs></Polygon>"
DOUGLAS,82633,43.0049,8171,WY,2591.95634,-105.394,8158,"<Polygon><outerBoundaryIs><LinearRing><coordinates>-105.283828,42.431412,0.0 -105.375657,42.290095,0.0 -105.521372,42.288446,0.0 -105.6143,42.303292,0.0 -105.556014,42.430312,0.0 -105.69843,42.430862,0.0 -105.803456,42.559532,0.0 -105.652791,42.910349,0.0 -105.807305,42.921896,0.0 -105.676985,43.010425,0.0 -105.683584,43.249069,0.0 -105.923327,43.49486,0.0 -105.079827,43.49871,0.0 -104.900019,43.499809,0.0 -104.89727,43.168238,0.0 -105.298125,42.878456,0.0 -105.073778,42.815771,0.0 -105.029788,42.738239,0.0 -105.167806,42.653009,0.0 -105.086425,42.60847,0.0 -105.286028,42.605721,0.0 -105.283828,42.431412,0.0</coordinates></LinearRing></outerBoundaryIs></Polygon>"
EVANSVILLE,82636,42.9002,2807,WY,57.1474,-106.154,3233,"<Polygon><outerBoundaryIs><LinearRing><coordinates>-106.277993,42.878456,0.0 -106.073992,42.966985,0.0 -106.072892,42.869658,0.0 -106.246101,42.847663,0.0 -106.277993,42.878456,0.0</coordinates></LinearRing></outerBoundaryIs></Polygon>"
GLENROCK,82637,42.9433,3833,WY,1260.04024,-105.899,3774,"<Polygon><outerBoundaryIs><LinearRing><coordinates>-106.072892,42.869658,0.0 -106.073992,42.966985,0.0 -106.073442,43.321102,0.0 -106.077841,43.494311,0.0 -106.017355,43.49486,0.0 -105.923327,43.49486,0.0 -105.683584,43.249069,0.0 -105.676985,43.010425,0.0 -105.807305,42.921896,0.0 -105.652791,42.910349,0.0 -105.803456,42.559532,0.0 -105.69843,42.430862,0.0 -106.073442,42.433061,0.0 -106.075641,42.433061,0.0 -106.072892,42.869658,0.0</coordinates></LinearRing></outerBoundaryIs></Polygon>"
KAYCEE,82639,43.8006,825,WY,2463.94399,-106.564,821,"<Polygon><outerBoundaryIs><LinearRing><coordinates>-106.077841,43.494311,0.0 -106.406663,43.492661,0.0 -106.684347,43.430526,0.0 -107.110497,43.500359,0.0 -107.128642,44.160753,0.0 -106.706342,44.04803,0.0 -106.514437,44.09037,0.0 -106.409962,44.25643,0.0 -106.302188,44.146456,0.0 -106.011306,44.137109,0.0 -106.017355,43.49486,0.0 -106.077841,43.494311,0.0</coordinates></LinearRing></outerBoundaryIs></Polygon>"
LYSITE,82642,43.329,102,WY,303.26758,-107.675,101,"<Polygon><outerBoundaryIs><LinearRing><coordinates>-107.51685,43.204529,0.0 -107.755494,43.166588,0.0 -107.864918,43.226524,0.0 -107.780788,43.313403,0.0 -107.923204,43.274912,0.0 -107.760443,43.385436,0.0 -107.808282,43.471216,0.0 -107.594932,43.501459,0.0 -107.534996,43.501459,0.0 -107.51685,43.204529,0.0</coordinates></LinearRing></outerBoundaryIs></Polygon>"
MIDWEST,82643,43.3997,600,WY,220.61459,-106.245,602,"<Polygon><outerBoundaryIs><LinearRing><coordinates>-106.406663,43.492661,0.0 -106.077841,43.494311,0.0 -106.073442,43.321102,0.0 -106.327482,43.279861,0.0 -106.406663,43.492661,0.0</coordinates></LinearRing></outerBoundaryIs></Polygon>"
SHOSHONI,82649,43.1872,957,WY,777.33578,-107.861,947,"<Polygon><outerBoundaryIs><LinearRing><coordinates>-107.502004,42.874607,0.0 -107.703256,42.870208,0.0 -107.764292,43.009875,0.0 -108.1547,43.131396,0.0 -108.391144,43.172087,0.0 -108.15525,43.225424,0.0 -108.156349,43.459669,0.0 -107.808282,43.471216,0.0 -107.760443,43.385436,0.0 -107.923204,43.274912,0.0 -107.780788,43.313403,0.0 -107.864918,43.226524,0.0 -107.755494,43.166588,0.0 -107.51685,43.204529,0.0 -107.502004,42.874607,0.0</coordinates></LinearRing></outerBoundaryIs></Polygon>"
NEWCASTLE,82701,43.7551,5045,WY,1597.10716,-104.48,5078,"<Polygon><outerBoundaryIs><LinearRing><coordinates>-104.200584,43.502559,0.0 -104.900019,43.499809,0.0 -105.079827,43.49871,0.0 -105.079277,43.813235,0.0 -104.797743,43.799488,0.0 -104.729559,43.946854,0.0 -104.659176,43.804987,0.0 -104.527207,43.801138,0.0 -104.487067,44.020536,0.0 -104.375443,43.990293,0.0 -104.401837,44.116763,0.0 -104.413934,44.181098,0.0 -104.203334,44.180548,0.0 -104.150546,44.066725,0.0 -104.054319,44.17395,0.0 -104.054319,44.140958,0.0 -104.054869,43.969398,0.0 -104.055419,43.853376,0.0 -104.054869,43.503109,0.0 -104.200584,43.502559,0.0</coordinates></LinearRing></outerBoundaryIs></Polygon>"
ALADDIN,82710,44.8208,217,WY,367.59192,-104.212,219,"<Polygon><outerBoundaryIs><LinearRing><coordinates>-104.366645,44.998205,0.0 -104.057618,44.997655,0.0 -104.055969,44.641339,0.0 -104.227528,44.645738,0.0 -104.327604,44.656186,0.0 -104.452425,44.792004,0.0 -104.342451,44.820047,0.0 -104.366645,44.998205,0.0</coordinates></LinearRing></outerBoundaryIs></Polygon>"
BEULAH,82712,44.5464,172,WY,87.64951,-104.115,170,"<Polygon><outerBoundaryIs><LinearRing><coordinates>-104.055419,44.376852,0.0 -104.227528,44.645738,0.0 -104.055969,44.641339,0.0 -104.055969,44.570956,0.0 -104.055419,44.376852,0.0</coordinates></LinearRing></outerBoundaryIs></Polygon>"
DEVILS TOWER,82714,44.6446,130,WY,153.56519,-104.846,127,"<Polygon><outerBoundaryIs><LinearRing><coordinates>-104.692718,44.514869,0.0 -105.082026,44.688078,0.0 -104.85438,44.736467,0.0 -104.678421,44.626493,0.0 -104.692718,44.514869,0.0</coordinates></LinearRing></outerBoundaryIs></Polygon>"
FOUR CORNERS,82715,44.1456,35,WY,22.85085,-104.134,35,"<Polygon><outerBoundaryIs><LinearRing><coordinates>-104.203334,44.180548,0.0 -104.054319,44.180548,0.0 -104.054319,44.17395,0.0 -104.150546,44.066725,0.0 -104.203334,44.180548,0.0</coordinates></LinearRing></outerBoundaryIs></Polygon>"
GILLETTE,82716,44.466,15275,WY,1149.52512,-105.656,14968,"<Polygon><outerBoundaryIs><LinearRing><coordinates>-105.206297,44.307018,0.0 -105.372357,44.288323,0.0 -105.882637,44.158004,0.0 -106.016805,44.21629,0.0 -106.009657,44.563808,0.0 -105.948071,44.713922,0.0 -105.608802,44.661685,0.0 -105.377856,44.727119,0.0 -105.287128,44.59625,0.0 -105.206297,44.307018,0.0</coordinates></LinearRing></outerBoundaryIs></Polygon>"
GILLETTE,82718,43.8561,16302,WY,2244.60427,-105.559,15973,"<Polygon><outerBoundaryIs><LinearRing><coordinates>-105.923327,43.49486,0.0 -106.017355,43.49486,0.0 -106.011306,44.137109,0.0 -106.016805,44.21629,0.0 -105.882637,44.158004,0.0 -105.372357,44.288323,0.0 -105.334416,44.109615,0.0 -105.080376,44.063976,0.0 -105.079277,43.813235,0.0 -105.079827,43.49871,0.0 -105.923327,43.49486,0.0</coordinates></LinearRing></outerBoundaryIs><innerBoundaryIs><LinearRing><coordinates>-105.65609,43.648824,0.0 -105.469684,43.676867,0.0 -105.477383,43.765946,0.0 -105.65609,43.648824,0.0</coordinates></LinearRing></innerBoundaryIs></Polygon>"
HULETT,82720,44.8355,1053,WY,787.57418,-104.7,1061,"<Polygon><outerBoundaryIs><LinearRing><coordinates>-104.327604,44.656186,0.0 -104.678421,44.626493,0.0 -104.85438,44.736467,0.0 -105.082026,44.688078,0.0 -105.085325,44.686979,0.0 -105.089174,45.000405,0.0 -105.038586,45.000405,0.0 -104.411734,44.998205,0.0 -104.366645,44.998205,0.0 -104.342451,44.820047,0.0 -104.452425,44.792004,0.0 -104.327604,44.656186,0.0</coordinates></LinearRing></outerBoundaryIs></Polygon>"
MOORCROFT,82721,44.3768,2457,WY,830.15334,-104.884,2426,"<Polygon><outerBoundaryIs><LinearRing><coordinates>-104.692718,44.514869,0.0 -104.461223,44.180548,0.0 -105.079277,44.176149,0.0 -105.083676,44.283924,0.0 -105.206297,44.307018,0.0 -105.287128,44.59625,0.0 -105.083126,44.502222,0.0 -105.085325,44.686979,0.0 -105.082026,44.688078,0.0 -104.692718,44.514869,0.0</coordinates></LinearRing></outerBoundaryIs></Polygon>"
OSAGE,82723,44.0489,230,WY,39.79174,-104.436,232,"<Polygon><outerBoundaryIs><LinearRing><coordinates>-104.487067,44.020536,0.0 -104.401837,44.116763,0.0 -104.375443,43.990293,0.0 -104.487067,44.020536,0.0</coordinates></LinearRing></outerBoundaryIs></Polygon>"
RECLUSE,82725,44.8506,166,WY,397.04594,-105.806,163,"<Polygon><outerBoundaryIs><LinearRing><coordinates>-105.595055,45.000405,0.0 -105.608802,44.661685,0.0 -105.948071,44.713922,0.0 -106.011306,44.993806,0.0 -105.909031,45.000954,0.0 -105.595055,45.000405,0.0</coordinates></LinearRing></outerBoundaryIs></Polygon>"
ROZET,82727,44.1955,702,WY,171.58989,-105.214,685,"<Polygon><outerBoundaryIs><LinearRing><coordinates>-105.079277,44.176149,0.0 -105.080376,44.063976,0.0 -105.334416,44.109615,0.0 -105.372357,44.288323,0.0 -105.206297,44.307018,0.0 -105.083676,44.283924,0.0 -105.079277,44.176149,0.0</coordinates></LinearRing></outerBoundaryIs></Polygon>"
SUNDANCE,82729,44.4174,2134,WY,758.31577,-104.354,2119,"<Polygon><outerBoundaryIs><LinearRing><coordinates>-104.413934,44.181098,0.0 -104.461223,44.180548,0.0 -104.692718,44.514869,0.0 -104.678421,44.626493,0.0 -104.327604,44.656186,0.0 -104.227528,44.645738,0.0 -104.055419,44.376852,0.0 -104.055419,44.364755,0.0 -104.054319,44.180548,0.0 -104.203334,44.180548,0.0 -104.413934,44.181098,0.0</coordinates></LinearRing></outerBoundaryIs></Polygon>"
UPTON,82730,44.0042,1268,WY,737.8881,-104.776,1299,"<Polygon><outerBoundaryIs><LinearRing><coordinates>-104.487067,44.020536,0.0 -104.527207,43.801138,0.0 -104.659176,43.804987,0.0 -104.729559,43.946854,0.0 -104.797743,43.799488,0.0 -105.079277,43.813235,0.0 -105.080376,44.063976,0.0 -105.079277,44.176149,0.0 -104.461223,44.180548,0.0 -104.413934,44.181098,0.0 -104.401837,44.116763,0.0 -104.487067,44.020536,0.0</coordinates></LinearRing></outerBoundaryIs></Polygon>"
WESTON,82731,44.8032,241,WY,679.25552,-105.322,233,"<Polygon><outerBoundaryIs><LinearRing><coordinates>-105.608802,44.661685,0.0 -105.595055,45.000405,0.0 -105.089174,45.000405,0.0 -105.085325,44.686979,0.0 -105.083126,44.502222,0.0 -105.287128,44.59625,0.0 -105.377856,44.727119,0.0 -105.608802,44.661685,0.0</coordinates></LinearRing></outerBoundaryIs></Polygon>"
WRIGHT,82732,43.702,1476,WY,35.04044,-105.545,1441,"<Polygon><outerBoundaryIs><LinearRing><coordinates>-105.65609,43.648824,0.0 -105.477383,43.765946,0.0 -105.469684,43.676867,0.0 -105.65609,43.648824,0.0</coordinates></LinearRing></outerBoundaryIs></Polygon>"
SHERIDAN,82801,44.8341,22514,WY,635.75405,-106.842,22355,"<Polygon><outerBoundaryIs><LinearRing><coordinates>-107.248514,44.661685,0.0 -107.158335,44.740316,0.0 -107.22212,44.821697,0.0 -106.957083,44.906377,0.0 -107.090151,44.997105,0.0 -107.004922,44.996556,0.0 -106.431957,44.994356,0.0 -106.435256,44.822247,0.0 -106.75858,44.793653,0.0 -106.899896,44.619895,0.0 -107.248514,44.661685,0.0</coordinates></LinearRing></outerBoundaryIs></Polygon>"
ARVADA,82831,44.7615,98,WY,238.5384,-106.092,97,"<Polygon><outerBoundaryIs><LinearRing><coordinates>-106.009657,44.563808,0.0 -106.20761,44.562158,0.0 -106.226306,44.756262,0.0 -106.092687,44.861287,0.0 -106.183416,44.993806,0.0 -106.011306,44.993806,0.0 -105.948071,44.713922,0.0 -106.009657,44.563808,0.0</coordinates></LinearRing></outerBoundaryIs></Polygon>"
BANNER,82832,44.6258,1373,WY,105.20741,-106.803,1326,"<Polygon><outerBoundaryIs><LinearRing><coordinates>-106.75858,44.793653,0.0 -106.788823,44.631442,0.0 -106.543031,44.556659,0.0 -106.981277,44.558859,0.0 -106.899896,44.619895,0.0 -106.75858,44.793653,0.0</coordinates></LinearRing></outerBoundaryIs></Polygon>"
BUFFALO,82834,44.3442,6366,WY,1765.68368,-106.619,6226,"<Polygon><outerBoundaryIs><LinearRing><coordinates>-107.369485,44.559959,0.0 -107.296353,44.558859,0.0 -106.981277,44.558859,0.0 -106.543031,44.556659,0.0 -106.20761,44.562158,0.0 -106.009657,44.563808,0.0 -106.016805,44.21629,0.0 -106.011306,44.137109,0.0 -106.302188,44.146456,0.0 -106.409962,44.25643,0.0 -106.514437,44.09037,0.0 -106.706342,44.04803,0.0 -107.128642,44.160753,0.0 -107.146788,44.165702,0.0 -107.199575,44.435138,0.0 -107.369485,44.559959,0.0</coordinates></LinearRing></outerBoundaryIs></Polygon>"
CLEARMONT,82835,44.7474,398,WY,632.66999,-106.411,396,"<Polygon><outerBoundaryIs><LinearRing><coordinates>-106.543031,44.556659,0.0 -106.788823,44.631442,0.0 -106.75858,44.793653,0.0 -106.435256,44.822247,0.0 -106.431957,44.994356,0.0 -106.263697,44.993806,0.0 -106.183416,44.993806,0.0 -106.092687,44.861287,0.0 -106.226306,44.756262,0.0 -106.20761,44.562158,0.0 -106.543031,44.556659,0.0</coordinates></LinearRing></outerBoundaryIs></Polygon>"
DAYTON,82836,44.8457,1181,WY,548.12655,-107.563,1157,"<Polygon><outerBoundaryIs><LinearRing><coordinates>-107.807732,44.785955,0.0 -107.828077,44.803001,0.0 -107.911657,45.001504,0.0 -107.47616,45.001504,0.0 -107.230918,44.93662,0.0 -107.229268,44.823896,0.0 -107.401378,44.789255,0.0 -107.422273,44.603398,0.0 -107.503654,44.64024,0.0 -107.807732,44.785955,0.0</coordinates></LinearRing></outerBoundaryIs></Polygon>"
PARKMAN,82838,44.9693,183,WY,49.68751,-107.345,179,"<Polygon><outerBoundaryIs><LinearRing><coordinates>-107.47616,45.001504,0.0 -107.236967,45.000954,0.0 -107.230918,44.93662,0.0 -107.47616,45.001504,0.0</coordinates></LinearRing></outerBoundaryIs></Polygon>"
RANCHESTER,82839,44.9118,960,WY,101.77009,-107.121,949,"<Polygon><outerBoundaryIs><LinearRing><coordinates>-107.22212,44.821697,0.0 -107.229268,44.823896,0.0 -107.230918,44.93662,0.0 -107.236967,45.000954,0.0 -107.090151,44.997105,0.0 -106.957083,44.906377,0.0 -107.22212,44.821697,0.0</coordinates></LinearRing></outerBoundaryIs></Polygon>"
STORY,82842,44.6003,138,WY,93.89829,-107.118,134,"<Polygon><outerBoundaryIs><LinearRing><coordinates>-106.981277,44.558859,0.0 -107.296353,44.558859,0.0 -107.248514,44.661685,0.0 -106.899896,44.619895,0.0 -106.981277,44.558859,0.0</coordinates></LinearRing></outerBoundaryIs></Polygon>"
WOLF,82844,44.7028,12,WY,138.4862,-107.305,12,"<Polygon><outerBoundaryIs><LinearRing><coordinates>-107.422273,44.603398,0.0 -107.401378,44.789255,0.0 -107.229268,44.823896,0.0 -107.22212,44.821697,0.0 -107.158335,44.740316,0.0 -107.248514,44.661685,0.0 -107.296353,44.558859,0.0 -107.369485,44.559959,0.0 -107.422273,44.603398,0.0</coordinates></LinearRing></outerBoundaryIs></Polygon>"
BONDURANT,82922,43.249,228,WY,720.45849,-110.177,227,"<Polygon><outerBoundaryIs><LinearRing><coordinates>-109.655845,43.176486,0.0 -109.980268,43.36894,0.0 -110.062199,43.136895,0.0 -110.588974,42.999428,0.0 -110.578527,43.235322,0.0 -110.123784,43.378288,0.0 -110.051751,43.464618,0.0 -109.754821,43.462968,0.0 -109.655845,43.176486,0.0</coordinates></LinearRing></outerBoundaryIs></Polygon>"
BOULDER,82923,42.5111,142,WY,1682.07799,-109.518,135,"<Polygon><outerBoundaryIs><LinearRing><coordinates>-109.04384,42.263701,0.0 -109.496932,42.263152,0.0 -110.053951,42.27085,0.0 -110.189219,42.27085,0.0 -109.969271,42.557882,0.0 -109.705883,42.56613,0.0 -109.684438,42.833917,0.0 -109.374861,42.943341,0.0 -109.325923,42.868559,0.0 -109.070783,42.686552,0.0 -109.04384,42.263701,0.0</coordinates></LinearRing></outerBoundaryIs></Polygon>"
CORA,82925,43.1358,71,WY,399.23397,-109.843,77,"<Polygon><outerBoundaryIs><LinearRing><coordinates>-109.998964,42.98733,0.0 -110.062199,43.136895,0.0 -109.980268,43.36894,0.0 -109.655845,43.176486,0.0 -109.554669,43.019223,0.0 -109.998964,42.98733,0.0</coordinates></LinearRing></outerBoundaryIs></Polygon>"
EVANSTON,82930,41.2772,13736,WY,945.40734,-110.815,13784,"<Polygon><outerBoundaryIs><LinearRing><coordinates>-110.584575,40.996251,0.0 -110.872707,40.997351,0.0 -111.046466,40.997901,0.0 -111.046466,41.251941,0.0 -111.045916,41.545571,0.0 -111.045916,41.579663,0.0 -110.585125,41.579113,0.0 -110.743488,41.286582,0.0 -110.525189,41.287682,0.0 -110.584575,40.996251,0.0</coordinates></LinearRing></outerBoundaryIs></Polygon>"
FORT BRIDGER,82933,41.301,3588,WY,1094.30263,-110.33,3216,"<Polygon><outerBoundaryIs><LinearRing><coordinates>-110.585125,41.579113,0.0 -110.047902,41.577464,0.0 -110.049002,41.46474,0.0 -110.048452,40.997901,0.0 -110.138081,40.996251,0.0 -110.14248,41.074883,0.0 -110.173273,40.996251,0.0 -110.584575,40.996251,0.0 -110.525189,41.287682,0.0 -110.743488,41.286582,0.0 -110.585125,41.579113,0.0</coordinates></LinearRing></outerBoundaryIs><innerBoundaryIs><LinearRing><coordinates>-110.259052,41.301979,0.0 -110.217262,41.385559,0.0 -110.390471,41.345968,0.0 -110.259052,41.301979,0.0</coordinates></LinearRing></innerBoundaryIs></Polygon>"
GREEN RIVER,82935,41.8722,12657,WY,1748.79113,-109.718,12993,"<Polygon><outerBoundaryIs><LinearRing><coordinates>-110.047902,41.577464,0.0 -110.054501,42.030557,0.0 -110.053951,42.27085,0.0 -109.496932,42.263152,0.0 -109.33967,41.758921,0.0 -109.469989,41.659944,0.0 -109.284133,41.520827,0.0 -109.424899,41.438896,0.0 -109.58986,41.554369,0.0 -110.049002,41.46474,0.0 -110.047902,41.577464,0.0</coordinates></LinearRing></outerBoundaryIs></Polygon>"
LONETREE,82936,41.0347,35,WY,23.36352,-110.15,35,"<Polygon><outerBoundaryIs><LinearRing><coordinates>-110.138081,40.996251,0.0 -110.173273,40.996251,0.0 -110.14248,41.074883,0.0 -110.138081,40.996251,0.0</coordinates></LinearRing></outerBoundaryIs></Polygon>"
LYMAN,82937,41.3398,2266,WY,23.13631,-110.307,2703,"<Polygon><outerBoundaryIs><LinearRing><coordinates>-110.259052,41.301979,0.0 -110.390471,41.345968,0.0 -110.217262,41.385559,0.0 -110.259052,41.301979,0.0</coordinates></LinearRing></outerBoundaryIs></Polygon>"
MC KINNON,82938,41.2737,244,WY,1015.74153,-109.78,193,"<Polygon><outerBoundaryIs><LinearRing><coordinates>-110.049002,41.46474,0.0 -109.58986,41.554369,0.0 -109.424899,41.438896,0.0 -109.586011,41.234345,0.0 -109.561267,40.998451,0.0 -109.571165,40.998451,0.0 -110.000613,40.997351,0.0 -110.048452,40.997901,0.0 -110.049002,41.46474,0.0</coordinates></LinearRing></outerBoundaryIs></Polygon>"
PINEDALE,82941,42.8234,3126,WY,557.35599,-109.755,3036,"<Polygon><outerBoundaryIs><LinearRing><coordinates>-109.968721,42.667856,0.0 -109.998964,42.98733,0.0 -109.554669,43.019223,0.0 -109.504631,43.010425,0.0 -109.374861,42.943341,0.0 -109.684438,42.833917,0.0 -109.705883,42.56613,0.0 -109.969271,42.557882,0.0 -109.968721,42.667856,0.0</coordinates></LinearRing></outerBoundaryIs></Polygon>"
JACKSON,83001,43.4353,14680,WY,655.88535,-110.623,13989,"<Polygon><outerBoundaryIs><LinearRing><coordinates>-110.578527,43.235322,0.0 -110.773731,43.235322,0.0 -110.967835,43.315603,0.0 -110.793526,43.574592,0.0 -110.941991,43.613083,0.0 -110.695649,43.66422,0.0 -110.420164,43.603185,0.0 -110.399819,43.395884,0.0 -110.123784,43.378288,0.0 -110.578527,43.235322,0.0</coordinates></LinearRing></outerBoundaryIs></Polygon>"
KELLY,83011,43.5792,100,WY,449.44221,-110.296,96,"<Polygon><outerBoundaryIs><LinearRing><coordinates>-110.695649,43.66422,0.0 -110.543335,43.781893,0.0 -110.576327,43.704361,0.0 -110.051201,43.704911,0.0 -110.051751,43.464618,0.0 -110.123784,43.378288,0.0 -110.399819,43.395884,0.0 -110.420164,43.603185,0.0 -110.695649,43.66422,0.0</coordinates></LinearRing></outerBoundaryIs></Polygon>"
MOOSE,83012,43.8743,692,WY,728.99053,-110.838,658,"<Polygon><outerBoundaryIs><LinearRing><coordinates>-110.941991,43.613083,0.0 -111.045366,43.58339,0.0 -111.045916,43.679617,0.0 -111.046466,43.783542,0.0 -111.047016,43.983145,0.0 -111.049216,44.13216,0.0 -110.663757,44.13161,0.0 -110.543335,43.781893,0.0 -110.695649,43.66422,0.0 -110.941991,43.613083,0.0</coordinates></LinearRing></outerBoundaryIs></Polygon>"
MORAN,83013,43.9283,319,WY,825.73054,-110.331,307,"<Polygon><outerBoundaryIs><LinearRing><coordinates>-110.051201,43.704911,0.0 -110.576327,43.704361,0.0 -110.543335,43.781893,0.0 -110.663757,44.13161,0.0 -110.053401,44.13271,0.0 -110.053401,44.007889,0.0 -110.051201,43.704911,0.0</coordinates></LinearRing></outerBoundaryIs></Polygon>"
WILSON,83014,43.4843,3219,WY,172.52442,-110.948,3020,"<Polygon><outerBoundaryIs><LinearRing><coordinates>-110.967835,43.315603,0.0 -111.044817,43.315603,0.0 -111.045366,43.500909,0.0 -111.045366,43.58339,0.0 -110.941991,43.613083,0.0 -110.793526,43.574592,0.0 -110.967835,43.315603,0.0</coordinates></LinearRing></outerBoundaryIs></Polygon>"
KEMMERER,83101,41.8259,3644,WY,919.79778,-110.311,3682,"<Polygon><outerBoundaryIs><LinearRing><coordinates>-110.047902,41.577464,0.0 -110.585125,41.579113,0.0 -110.52299,42.095441,0.0 -110.054501,42.030557,0.0 -110.047902,41.577464,0.0</coordinates></LinearRing></outerBoundaryIs></Polygon>"
AFTON,83110,42.6921,3760,WY,105.8514,-110.919,3752,"<Polygon><outerBoundaryIs><LinearRing><coordinates>-111.044817,42.648611,0.0 -111.043717,42.767382,0.0 -110.992579,42.772331,0.0 -110.794076,42.667306,0.0 -111.044817,42.648611,0.0</coordinates></LinearRing></outerBoundaryIs></Polygon>"
AUBURN,83111,42.806,805,WY,17.81557,-111.009,785,"<Polygon><outerBoundaryIs><LinearRing><coordinates>-111.043717,42.767382,0.0 -111.043717,42.838316,0.0 -110.976633,42.843814,0.0 -110.992579,42.772331,0.0 -111.043717,42.767382,0.0</coordinates></LinearRing></outerBoundaryIs></Polygon>"
BEDFORD,83112,42.9777,1703,WY,62.95512,-110.943,1625,"<Polygon><outerBoundaryIs><LinearRing><coordinates>-110.913398,42.86251,0.0 -111.012374,42.982931,0.0 -111.011824,43.058264,0.0 -110.972234,43.095655,0.0 -110.855111,42.955988,0.0 -110.913398,42.86251,0.0</coordinates></LinearRing></outerBoundaryIs></Polygon>"
BIG PINEY,83113,42.5626,1918,WY,979.92539,-110.32,1920,"<Polygon><outerBoundaryIs><LinearRing><coordinates>-110.541685,42.286246,0.0 -110.590074,42.458355,0.0 -110.587875,42.843264,0.0 -109.968721,42.667856,0.0 -109.969271,42.557882,0.0 -110.189219,42.27085,0.0 -110.541685,42.286246,0.0</coordinates></LinearRing></outerBoundaryIs></Polygon>"
COKEVILLE,83114,42.0392,913,WY,1580.4864,-110.798,913,"<Polygon><outerBoundaryIs><LinearRing><coordinates>-111.045916,41.579663,0.0 -111.046466,41.767719,0.0 -111.046466,42.001413,0.0 -111.047016,42.259852,0.0 -111.047016,42.400619,0.0 -110.761084,42.514442,0.0 -110.590074,42.458355,0.0 -110.541685,42.286246,0.0 -110.52299,42.095441,0.0 -110.585125,41.579113,0.0 -111.045916,41.579663,0.0</coordinates></LinearRing></outerBoundaryIs></Polygon>"
DANIEL,83115,42.9267,557,WY,601.03518,-110.234,525,"<Polygon><outerBoundaryIs><LinearRing><coordinates>-109.968721,42.667856,0.0 -110.587875,42.843264,0.0 -110.588974,42.999428,0.0 -110.062199,43.136895,0.0 -109.998964,42.98733,0.0 -109.968721,42.667856,0.0</coordinates></LinearRing></outerBoundaryIs></Polygon>"
ETNA,83118,43.2084,1382,WY,165.47911,-110.924,1299,"<Polygon><outerBoundaryIs><LinearRing><coordinates>-111.044267,43.054964,0.0 -111.043717,43.143494,0.0 -111.044817,43.315603,0.0 -110.967835,43.315603,0.0 -110.773731,43.235322,0.0 -110.728641,43.126448,0.0 -111.016773,43.15724,0.0 -110.972234,43.095655,0.0 -111.011824,43.058264,0.0 -111.044267,43.054964,0.0</coordinates></LinearRing></outerBoundaryIs></Polygon>"
FREEDOM,83120,43.0172,279,WY,9.09607,-111.027,265,"<Polygon><outerBoundaryIs><LinearRing><coordinates>-111.012374,42.982931,0.0 -111.043717,42.982931,0.0 -111.044267,43.020323,0.0 -111.044267,43.054964,0.0 -111.011824,43.058264,0.0 -111.012374,42.982931,0.0</coordinates></LinearRing></outerBoundaryIs></Polygon>"
GROVER,83122,42.8972,457,WY,688.62523,-110.739,442,"<Polygon><outerBoundaryIs><LinearRing><coordinates>-110.992579,42.772331,0.0 -110.976633,42.843814,0.0 -110.913398,42.86251,0.0 -110.855111,42.955988,0.0 -110.972234,43.095655,0.0 -111.016773,43.15724,0.0 -110.728641,43.126448,0.0 -110.773731,43.235322,0.0 -110.578527,43.235322,0.0 -110.588974,42.999428,0.0 -110.587875,42.843264,0.0 -110.590074,42.458355,0.0 -110.761084,42.514442,0.0 -110.794076,42.667306,0.0 -110.992579,42.772331,0.0</coordinates></LinearRing></outerBoundaryIs></Polygon>"
LA BARGE,83123,42.1791,611,WY,330.11469,-110.291,613,"<Polygon><outerBoundaryIs><LinearRing><coordinates>-110.054501,42.030557,0.0 -110.52299,42.095441,0.0 -110.541685,42.286246,0.0 -110.189219,42.27085,0.0 -110.053951,42.27085,0.0 -110.054501,42.030557,0.0</coordinates></LinearRing></outerBoundaryIs></Polygon>"
SMOOT,83126,42.5495,371,WY,161.30536,-110.921,305,"<Polygon><outerBoundaryIs><LinearRing><coordinates>-111.047016,42.400619,0.0 -111.046466,42.513342,0.0 -111.044817,42.648611,0.0 -110.794076,42.667306,0.0 -110.761084,42.514442,0.0 -111.047016,42.400619,0.0</coordinates></LinearRing></outerBoundaryIs></Polygon>"
THAYNE,83127,42.9043,0,WY,39.50158,-111,886,"<Polygon><outerBoundaryIs><LinearRing><coordinates>-111.043717,42.838316,0.0 -111.043717,42.982931,0.0 -111.012374,42.982931,0.0 -110.913398,42.86251,0.0 -110.976633,42.843814,0.0 -111.043717,42.838316,0.0</coordinates></LinearRing></outerBoundaryIs></Polygon>"
POWELL,82435,44.8058,10495,WY,1123.86939,-108.989,10506,"<Polygon><outerBoundaryIs><LinearRing><coordinates>-109.663543,45.002604,0.0 -109.263238,45.005353,0.0 -109.081781,44.999855,0.0 -108.621539,45.000405,0.0 -108.62044,44.877784,0.0 -108.592396,44.647388,0.0 -108.573701,44.461532,0.0 -108.889876,44.495074,0.0 -109.036141,44.744165,0.0 -109.611305,44.859088,0.0 -109.663543,45.002604,0.0</coordinates></LinearRing></outerBoundaryIs></Polygon>"
ROCK SPRINGS,82901,41.6038,23429,WY,4370.41586,-108.958,23902,"<Polygon><outerBoundaryIs><LinearRing><coordinates>-108.300415,41.0001,0.0 -109.049888,41.00065,0.0 -109.561267,40.998451,0.0 -109.586011,41.234345,0.0 -109.424899,41.438896,0.0 -109.284133,41.520827,0.0 -109.469989,41.659944,0.0 -109.33967,41.758921,0.0 -109.496932,42.263152,0.0 -109.04384,42.263701,0.0 -108.53411,42.263152,0.0 -108.512665,42.115786,0.0 -108.388944,41.625852,0.0 -108.562153,41.642898,0.0 -108.553355,41.559318,0.0 -108.300415,41.0001,0.0</coordinates></LinearRing></outerBoundaryIs></Polygon>"
