1008,839251002,BIOC  BS -----,998,45.000,13.000,0.000,58.000,2.5,15.000,45.000,Sophomore,Freshman,Male,Asian
1008,836439075,BINF  BS -----,986,92.000,12.000,0.000,104.000,3.4,14.000,95.500,Senior,Unknown,Male,Asian
1008,811116141,BIOL  BS -----,988,27.000,4.000,57.000,88.000,3.7,11.000,27.000,Junior,Unknown,Male,White
1008,804704180,CENG  BS -----,998,45.000,42.000,0.000,87.000,3.3,13.000,45.000,Junior,Freshman,Male,Asian
1008,841387739,CENG  BS -----,1008,14.000,24.000,0.000,38.000,3.2,14.000,14.000,Freshman,Freshman,Male,White
1008,811158044,CHEM  BS -----,1008,14.000,6.000,0.000,20.000,3.4,14.000,14.000,Freshman,Freshman,Female,Asian
1008,834122795,CMPE  BS -----,1008,11.000,0.000,0.000,11.000,2.4,11.000,11.000,Freshman,Freshman,Male,White
1008,848493934,CMPE  BS -----,996,42.500,16.000,0.000,58.500,2.9,9.500,44.000,Sophomore,Unknown,Male,White
1008,809985319,CMPE  BS -----,1008,17.000,0.000,0.000,17.000,2.9,17.000,17.000,Freshman,Freshman,Male,Black/African American
1008,846325381,CMPE  BS -----,1008,15.000,0.000,60.000,75.000,1.9,7.000,24.500,Junior,Reinstate,Male,White
1008,816494754,CMPE  BS -----,1008,17.000,0.000,0.000,17.000,3.6,17.000,17.000,Freshman,Freshman,Male,White
1008,843409688,CMPE  BS -----,1008,10.000,12.000,0.000,22.000,3.0,10.000,10.000,Freshman,Freshman,Male,Asian
1008,833188436,CMPE  BS -----,968,56.000,4.000,56.000,116.000,2.6,9.000,82.500,Senior,Unknown,Male,White
1008,810866491,CMPE  BS -----,988,52.500,0.000,3.000,55.500,2.4,4.500,55.500,Sophomore,Freshman,Male,Asian
1008,832092768,CMPE  BS -----,996,44.000,0.000,0.000,44.000,3.0,8.000,44.000,Sophomore,Unknown,Male,Black/African American
1008,806228505,CMPE  BS -----,1008,3.000,0.000,0.000,3.000,3.0,3.000,3.000,Freshman,Freshman,Male,Black/African American
1008,845872997,CMPE  BS -----,998,39.000,0.000,0.000,39.000,3.5,13.000,48.000,Freshman,Freshman,Male,Asian
1008,802837155,CMPE  BS -----,1008,5.000,29.000,3.000,37.000,3.0,8.000,8.000,Sophomore,Freshman,Male,White
1008,810406616,CMPE  BS -----,1008,6.000,0.000,45.000,51.000,3.5,6.000,6.000,Sophomore,Transfer,Male,Asian
1008,834122795,CMSC  BS -----,1008,11.000,0.000,0.000,11.000,2.4,11.000,11.000,Freshman,Freshman,Male,White
1008,825025613,CMSC  BS -----,998,29.000,7.000,0.000,36.000,2.2,12.000,33.000,Freshman,Freshman,Male,Asian
1008,827614406,CMSC  BS -----,998,25.000,9.000,0.000,34.000,2.1,10.000,36.000,Sophomore,Freshman,Male,Asian
1008,811363954,CMSC  BS -----,1008,15.000,3.000,0.000,18.000,2.5,15.000,15.000,Freshman,Freshman,Male,White
1008,816494754,CMSC  BS -----,1008,17.000,0.000,0.000,17.000,3.6,17.000,17.000,Freshman,Freshman,Male,White
1008,828012092,CMSC  BS -----,1008,17.000,0.000,0.000,17.000,3.4,17.000,17.000,Freshman,Freshman,Male,Not Specified
1008,848108020,CMSC  BS -----,978,65.000,0.000,17.000,82.000,2.9,17.000,77.000,Junior,Transfer,Male,Asian
1008,818474495,CMSC  BS -----,1008,10.000,0.000,89.000,95.000,3.7,10.000,10.000,Junior,Transfer,Male,Black/African American
1008,825166624,CMSC  BS -----,1008,13.000,4.000,0.000,14.000,2.9,13.000,13.000,Freshman,Freshman,Male,Not Specified
1008,819403375,CMSC  BS -----,1008,15.000,7.000,0.000,22.000,2.8,15.000,15.000,Freshman,Freshman,Male,White
1008,806921009,CMSC  BS -----,1008,12.000,3.000,0.000,15.000,2.0,12.000,12.000,Freshman,Freshman,Male,Black/African American
1008,819991302,CMSC  BS -----,998,34.000,0.000,0.000,34.000,2.8,14.000,38.000,Freshman,Freshman,Male,White
1008,847889826,CMSC  BS -----,998,15.500,4.000,0.000,16.500,1.6,4.500,15.500,Freshman,Freshman,Male,White
1008,826307010,CMSC  BS -----,1008,12.000,0.000,0.000,12.000,3.3,15.000,15.000,Freshman,Freshman,Male,Asian
1008,841387739,CMSC  BS -----,1008,14.000,24.000,0.000,38.000,3.2,14.000,14.000,Freshman,Freshman,Male,White
1008,845835223,CMSC  BS -----,1008,5.000,19.000,6.000,30.000,4.0,5.000,5.000,Freshman,Freshman,Male,White
1008,802837155,CMSC  BS -----,1008,5.000,29.000,3.000,37.000,3.0,8.000,8.000,Sophomore,Freshman,Male,White
1008,813049992,CMSC  BS -----,998,39.000,0.000,49.000,88.000,2.1,15.000,43.000,Junior,Transfer,Male,Asian
1008,821639123,CMSC  BS -----,988,49.000,0.000,0.000,49.000,2.8,15.000,49.000,Sophomore,Freshman,Male,Asian
1008,818274856,ECON  BA -----,1008,15.000,9.000,0.000,24.000,3.7,15.000,15.000,Freshman,Freshman,Male,Black/African American
1008,808566402,ENGR    BA -----,1008,14.000,3.000,0.000,17.000,3.0,14.000,14.000,Freshman,Freshman,Female,White
1008,839722945,ENGR    BA -----,1008,12.000,0.000,57.000,69.000,3.3,12.000,12.000,Sophomore,Transfer,Male,White
1008,806921009,ENGR    BA -----,1008,12.000,3.000,0.000,15.000,2.0,12.000,12.000,Freshman,Freshman,Male,Black/African American
1008,806228505,ENGR    BA -----,1008,3.000,0.000,0.000,3.000,3.0,3.000,3.000,Freshman,Freshman,Male,Black/African American
1008,845835223,ENGR    BA -----,1008,5.000,19.000,6.000,30.000,4.0,5.000,5.000,Freshman,Freshman,Male,White
1008,846325381,FIEC  BS -----,1008,15.000,0.000,60.000,75.000,1.9,7.000,24.500,Junior,Reinstate,Male,White
1008,828621353,FIEC  BS -----,978,85.500,20.000,0.000,105.500,2.7,13.500,85.500,Senior,Freshman,Male,White
1008,835736079,IFSM  BS -----,998,24.000,13.000,0.000,37.000,2.3,9.000,27.000,Sophomore,Freshman,Male,White
1008,833188436,IFSM  BS -----,968,56.000,4.000,56.000,116.000,2.6,9.000,82.500,Senior,Unknown,Male,White
1008,823996373,IFSM  BS -----,1008,14.000,10.000,0.000,24.000,3.0,14.000,14.000,Freshman,Freshman,Female,Asian
1008,846675915,MATH  BA -----,982,24.000,0.000,63.220,87.220,2.4,10.000,35.000,Junior,Unknown,Male,Black/African American
1008,842013289,MATH  BA -----,998,40.000,0.000,55.000,95.000,3.9,14.000,40.000,Junior,Transfer,Female,Asian
1008,829926814,MATH  BS -----,1008,13.000,4.000,0.000,17.000,3.5,13.000,13.000,Freshman,Freshman,Female,White
1008,811401949,MATH  BS -----,998,39.000,10.000,0.000,49.000,3.1,14.000,39.000,Sophomore,Freshman,Male,White
1008,814048024,MENG  BS -----,1008,15.000,39.000,0.000,54.000,2.8,15.000,15.000,Sophomore,Freshman,Male,White
1008,829468411,MENG  BS -----,1006,19.000,0.000,90.000,79.000,3.0,16.000,25.000,Junior,Transfer,Female,White
1008,808646333,MENG  BS -----,988,19.000,6.000,0.000,25.000,2.5,6.000,19.000,Freshman,Unknown,Male,Native Hawaiian/Other Pacific Islander
1008,825059393,MENG  BS -----,998,37.000,0.000,0.000,37.000,2.4,11.000,37.000,Freshman,Freshman,Male,Asian
1008,821486393,MENG  BS -----,978,76.000,0.000,0.000,76.000,2.6,3.000,83.000,Junior,Freshman,Male,White
1008,844143292,MENG  BS -----,1008,14.000,3.000,0.000,17.000,2.7,14.000,14.000,Freshman,Freshman,Female,Hispanic/Latino
1008,807269050,MENG  BS -----,1002,18.000,0.000,65.000,78.000,2.6,14.000,18.000,Junior,Transfer,Male,White
1008,832355863,MENG  BSE -----,998,39.000,24.000,0.000,63.000,3.6,14.000,39.000,Sophomore,Freshman,Male,Native Hawaiian/Other Pacific Islander
1008,833832804,PHYS  BS -----,1002,9.000,0.000,123.750,99.000,3.0,6.000,19.000,Senior,Transfer,Male,Black/African American
1008,844719740,PHYS  BS -----,1008,13.000,35.000,0.000,48.000,4.0,13.000,13.000,Sophomore,Freshman,Female,Asian
1008,801667108,PHYS  BS -----,998,34.000,25.000,25.000,84.000,2.2,14.500,39.500,Junior,Transfer,Male,White
1008,825079142,POLI  BA -----,992,60.000,0.000,40.000,100.000,3.4,12.000,66.000,Senior,Transfer,Male,White
1008,806994606,UGST    BA DENT   OPT,1008,12.500,19.000,0.000,31.500,3.0,12.500,12.500,Freshman,Freshman,Male,White
1008,833767993,UGST    BA DENT   OPT,988,56.000,0.000,54.750,110.750,3.5,13.000,71.000,Senior,Transfer,Male,Asian
1008,803311580,VAAV    BA UN     SPC,1008,13.000,14.000,0.000,27.000,3.2,13.000,13.000,Freshman,Freshman,Female,White
