1012,839251002,BIOC  BS -----,998,54.000,13.000,0.000,67.000,2.3,12.000,57.000,Sophomore,Freshman,Male,Asian
1012,837257394,BINF  BS -----,1010,12.000,15.000,33.000,60.000,3.7,12.000,12.000,Sophomore,Transfer,Male,Asian
1012,811116141,BIOL  BS -----,988,40.000,4.000,57.000,101.000,3.7,13.000,40.000,Junior,Unknown,Male,White
1012,804704180,CENG  BS -----,998,60.000,42.000,0.000,102.000,3.4,15.000,60.000,Junior,Freshman,Male,Asian
1012,841387739,CENG  BS -----,1008,29.000,24.000,0.000,53.000,3.2,19.000,33.000,Sophomore,Freshman,Male,White
1012,811158044,CHEM  BS -----,1008,25.500,6.000,0.000,31.500,3.4,10.000,25.500,Freshman,Freshman,Female,Asian
1012,834122795,CMPE  BS -----,1008,26.000,0.000,0.000,26.000,2.7,12.000,26.000,Freshman,Freshman,Male,White
1012,848493934,CMPE  BS -----,996,56.500,16.000,0.000,72.500,2.8,14.000,61.000,Junior,Unknown,Male,White
1012,809985319,CMPE  BS -----,1008,32.000,0.000,0.000,32.000,2.6,15.000,32.000,Freshman,Freshman,Male,Black/African American
1012,842093273,CMPE  BS -----,1012,9.000,0.000,0.000,9.000,4.0,9.000,9.000,Freshman,Readmit,Male,Black/African American
1012,846325381,CMPE  BS -----,1008,21.000,0.000,60.000,78.000,2.0,6.000,30.500,Junior,Reinstate,Male,White
1012,816494754,CMPE  BS -----,1008,33.000,0.000,0.000,33.000,3.0,16.000,33.000,Freshman,Freshman,Male,White
1012,843409688,CMPE  BS -----,1008,16.000,12.000,0.000,28.000,3.4,6.000,16.000,Freshman,Freshman,Male,Asian
1012,833188436,CMPE  BS -----,968,65.000,4.000,56.000,125.000,2.4,12.000,94.500,Senior,Unknown,Male,White
1012,810866491,CMPE  BS -----,988,65.500,0.000,3.000,68.500,2.5,13.000,68.500,Sophomore,Freshman,Male,Asian
1012,832092768,CMPE  BS -----,996,61.000,0.000,0.000,61.000,3.2,17.000,61.000,Sophomore,Unknown,Male,Black/African American
1012,845872997,CMPE  BS -----,998,56.000,0.000,0.000,50.000,3.4,17.000,65.000,Sophomore,Freshman,Male,Asian
1012,810406616,CMPE  BS -----,1008,20.000,0.000,45.000,65.000,3.5,14.000,20.000,Sophomore,Transfer,Male,Asian
1012,834122795,CMSC  BS -----,1008,26.000,0.000,0.000,26.000,2.7,12.000,26.000,Freshman,Freshman,Male,White
1012,825025613,CMSC  BS -----,998,39.000,7.000,0.000,46.000,2.1,14.000,47.000,Sophomore,Freshman,Male,Asian
1012,827614406,CMSC  BS -----,998,31.000,9.000,0.000,40.000,2.3,9.000,45.000,Sophomore,Freshman,Male,Asian
1012,811363954,CMSC  BS -----,1008,18.000,3.000,0.000,21.000,2.4,14.000,29.000,Freshman,Freshman,Male,White
1012,816494754,CMSC  BS -----,1008,33.000,0.000,0.000,33.000,3.0,16.000,33.000,Freshman,Freshman,Male,White
1012,828012092,CMSC  BS -----,1008,39.000,0.000,0.000,39.000,3.4,19.000,39.000,Freshman,Freshman,Male,Not Specified
1012,825079142,CMSC  BS -----,992,74.000,0.000,40.000,114.000,3.4,14.000,80.000,Senior,Transfer,Male,White
1012,848108020,CMSC  BS -----,978,71.000,0.000,17.000,88.000,2.9,6.000,83.000,Junior,Transfer,Male,Asian
1012,818474495,CMSC  BS -----,1008,16.000,0.000,89.000,101.000,3.2,10.000,20.000,Senior,Transfer,Male,Black/African American
1012,825166624,CMSC  BS -----,1008,27.000,4.000,0.000,28.000,3.4,14.000,27.000,Freshman,Freshman,Male,Not Specified
1012,818274856,CMSC  BS -----,1008,27.000,9.000,0.000,36.000,3.6,12.000,27.000,Freshman,Freshman,Male,Black/African American
1012,846022882,CMSC  BS -----,1012,9.000,18.000,64.000,91.000,2.7,12.000,12.000,Junior,Transfer,Female,White
1012,819403375,CMSC  BS -----,1008,22.000,7.000,0.000,29.000,2.7,7.000,22.000,Freshman,Freshman,Male,White
1012,806921009,CMSC  BS -----,1008,16.000,3.000,0.000,19.000,2.2,8.000,20.000,Freshman,Freshman,Male,Black/African American
1012,819991302,CMSC  BS -----,998,47.000,0.000,0.000,47.000,3.0,13.000,51.000,Sophomore,Freshman,Male,White
1012,806228505,CMSC  BS -----,1008,14.000,0.000,0.000,14.000,2.8,11.000,14.000,Freshman,Freshman,Male,Black/African American
1012,826307010,CMSC  BS -----,1008,18.000,0.000,0.000,18.000,3.1,6.000,21.000,Freshman,Freshman,Male,Asian
1012,841387739,CMSC  BS -----,1008,29.000,24.000,0.000,53.000,3.2,19.000,33.000,Sophomore,Freshman,Male,White
1012,845835223,CMSC  BS -----,1008,17.000,19.000,6.000,42.000,3.1,12.000,17.000,Sophomore,Freshman,Male,White
1012,802837155,CMSC  BS -----,1008,5.000,29.000,3.000,37.000,3.0,3.000,11.000,Sophomore,Freshman,Male,White
1012,821639123,CMSC  BS -----,988,68.000,0.000,0.000,68.000,2.5,19.000,68.000,Sophomore,Freshman,Male,Asian
1012,835075820,ENGR    BA -----,1012,3.000,0.000,88.000,72.000,4.0,3.000,3.000,Junior,Transfer,Male,White
1012,839722945,ENGR    BA -----,1008,20.000,0.000,57.000,77.000,3.0,8.000,20.000,Junior,Transfer,Male,White
1012,806921009,ENGR    BA -----,1008,16.000,3.000,0.000,19.000,2.2,8.000,20.000,Freshman,Freshman,Male,Black/African American
1012,845835223,ENGR    BA -----,1008,17.000,19.000,6.000,42.000,3.1,12.000,17.000,Sophomore,Freshman,Male,White
1012,846325381,FIEC  BS -----,1008,21.000,0.000,60.000,78.000,2.0,6.000,30.500,Junior,Reinstate,Male,White
1012,828621353,FIEC  BS -----,978,94.500,20.000,0.000,114.500,2.6,9.000,94.500,Senior,Freshman,Male,White
1012,835736079,IFSM  BS -----,998,42.000,13.000,0.000,55.000,2.5,18.000,45.000,Sophomore,Freshman,Male,White
1012,833188436,IFSM  BS -----,968,65.000,4.000,56.000,125.000,2.4,12.000,94.500,Senior,Unknown,Male,White
1012,823996373,IFSM  BS -----,1008,25.000,10.000,0.000,35.000,3.1,11.000,25.000,Freshman,Freshman,Female,Asian
1012,846675915,MATH  BA -----,982,31.000,0.000,63.220,94.220,2.5,11.000,46.000,Junior,Unknown,Male,Black/African American
1012,842013289,MATH  BA -----,998,53.000,0.000,55.000,108.000,3.9,13.000,53.000,Senior,Transfer,Female,Asian
1012,837257394,MATH  BS -----,1010,12.000,15.000,33.000,60.000,3.7,12.000,12.000,Sophomore,Transfer,Male,Asian
1012,848427720,MATH  BS -----,1012,16.000,10.000,27.000,53.000,3.1,16.000,16.000,Sophomore,Transfer,Male,White
1012,829926814,MATH  BS -----,1008,29.000,4.000,0.000,33.000,3.2,16.000,29.000,Freshman,Freshman,Female,White
1012,836439075,MATH  BS -----,986,105.000,12.000,0.000,117.000,3.4,13.000,108.500,Senior,Unknown,Male,Asian
1012,814048024,MENG  BS -----,1008,31.000,39.000,0.000,70.000,2.7,16.000,31.000,Sophomore,Freshman,Male,White
1012,808566402,MENG  BS -----,1008,18.000,3.000,0.000,21.000,2.8,4.000,18.000,Freshman,Freshman,Female,White
1012,829468411,MENG  BS -----,1006,35.500,0.000,90.000,95.500,2.6,18.000,44.500,Junior,Transfer,Female,White
1012,808646333,MENG  BS -----,988,28.000,6.000,0.000,34.000,2.5,9.000,28.000,Freshman,Unknown,Male,Native Hawaiian/Other Pacific Islander
1012,825059393,MENG  BS -----,998,47.000,0.000,0.000,47.000,2.2,10.000,47.000,Sophomore,Freshman,Male,Asian
1012,821486393,MENG  BS -----,978,93.000,0.000,0.000,93.000,2.6,14.000,100.000,Junior,Freshman,Male,White
1012,811401949,MENG  BS -----,998,54.000,10.000,0.000,64.000,3.1,15.000,54.000,Sophomore,Freshman,Male,White
1012,844143292,MENG  BS -----,1008,20.000,3.000,0.000,23.000,2.5,6.000,20.000,Freshman,Freshman,Female,Hispanic/Latino
1012,807269050,MENG  BS -----,1002,22.000,0.000,65.000,82.000,2.5,7.000,25.000,Junior,Transfer,Male,White
1012,832355863,MENG  BS -----,998,54.000,24.000,0.000,78.000,3.4,15.000,54.000,Junior,Freshman,Male,Native Hawaiian/Other Pacific Islander
1012,835075820,MUSC  BA MURE   SPC,1012,3.000,0.000,88.000,72.000,4.0,3.000,3.000,Junior,Transfer,Male,White
1012,844719740,PHYS  BS -----,1008,31.000,35.000,0.000,66.000,3.6,18.000,31.000,Sophomore,Freshman,Female,Asian
1012,801667108,PHYS  BS -----,998,35.500,25.000,25.000,85.500,1.9,11.500,51.000,Junior,Transfer,Male,White
1012,806994606,UGST    BA DENT   OPT,1008,26.500,19.000,0.000,45.500,2.6,14.000,26.500,Sophomore,Freshman,Male,White
1012,833767993,UGST    BA DENT   OPT,988,70.000,0.000,54.750,124.750,3.4,14.000,85.000,Senior,Transfer,Male,Asian
1012,803311580,VAAV    BA UN     SPC,1008,26.000,14.000,0.000,40.000,3.6,13.000,26.000,Freshman,Freshman,Female,White
