1018,839251002,BIOC  BS -----,998,58.000,13.000,0.000,71.000,2.3,4.000,61.000,Junior,Freshman,Male,Asian
1018,841387739,BIOC  BS -----,1008,49.500,24.000,0.000,73.500,3.2,17.000,53.500,Sophomore,Freshman,Male,White
1018,837257394,BINF  BS -----,1010,24.000,15.000,33.000,72.000,3.4,15.000,27.000,Junior,Transfer,Male,Asian
1018,820796490,BINF  BS -----,1018,13.000,43.000,0.000,56.000,4.0,13.000,13.000,Sophomore,Freshman,Male,Asian
1018,816235870,BIOL  BA -----,1018,14.000,0.000,0.000,14.000,3.3,14.000,14.000,Freshman,Freshman,Male,Asian
1018,811116141,BIOL  BS -----,988,52.000,4.000,57.000,113.000,3.8,12.000,52.000,Senior,Unknown,Male,White
1018,818196286,BIOL  BS -----,1016,22.000,23.000,0.000,45.000,3.8,15.000,22.000,Sophomore,Freshman,Female,Native Hawaiian/Other Pacific Islander
1018,828846547,BIOL  BS -----,1018,13.000,19.000,3.000,35.000,3.5,13.000,13.000,Freshman,Freshman,Male,American Indian/Alaska Native
1018,812888605,BTA   BA -----,1018,14.000,6.000,0.000,20.000,2.2,14.000,14.000,Freshman,Freshman,Male,White
1018,804235898,CENG  BS -----,1018,11.000,8.000,7.000,26.000,3.3,15.000,15.000,Freshman,Freshman,Female,Asian
1018,801177159,CENG  BS -----,1018,14.000,10.000,0.000,24.000,2.5,14.000,14.000,Freshman,Freshman,Male,White
1018,842097646,CENG  BS -----,1018,14.000,13.000,3.000,30.000,3.3,14.000,14.000,Freshman,Freshman,Male,Asian
1018,808983838,CENG  BS -----,1018,14.000,0.000,0.000,14.000,2.6,14.000,14.000,Freshman,Freshman,Male,Hispanic/Latino
1018,843883839,CENG  BS -----,1018,14.000,0.000,0.000,14.000,2.7,14.000,14.000,Freshman,Freshman,Male,White
1018,804704180,CENG  BS -----,998,83.000,42.000,0.000,125.000,3.3,17.000,83.000,Senior,Freshman,Male,Asian
1018,841387739,CENG  BS -----,1008,49.500,24.000,0.000,73.500,3.2,17.000,53.500,Sophomore,Freshman,Male,White
1018,811158044,CHEM  BS -----,1008,43.500,6.000,0.000,49.500,3.4,11.000,43.500,Sophomore,Freshman,Female,Asian
1018,803077087,CHEM  BS -----,1018,15.000,4.000,11.000,30.000,2.7,15.000,15.000,Freshman,Freshman,Male,White
1018,834122795,CMPE  BS -----,1008,40.000,0.000,0.000,40.000,2.7,10.000,40.000,Sophomore,Freshman,Male,White
1018,848493934,CMPE  BS -----,996,62.000,16.000,0.000,78.000,2.3,12.500,73.500,Junior,Unknown,Male,White
1018,809985319,CMPE  BS -----,1008,45.000,0.000,0.000,45.000,2.5,13.000,45.000,Sophomore,Freshman,Male,Black/African American
1018,842093273,CMPE  BS -----,1012,22.000,0.000,0.000,22.000,3.7,13.000,22.000,Freshman,Readmit,Male,Black/African American
1018,843678237,CMPE  BS -----,1018,6.000,6.000,50.000,58.000,2.0,10.000,10.000,Sophomore,Transfer,Female,Hispanic/Latino
1018,816494754,CMPE  BS -----,1008,37.000,0.000,0.000,37.000,3.0,4.000,37.000,Sophomore,Freshman,Male,White
1018,828012092,CMPE  BS -----,1008,46.000,0.000,0.000,46.000,3.2,7.000,46.000,Sophomore,Freshman,Male,Not Specified
1018,848023416,CMPE  BS -----,1018,13.000,0.000,3.000,16.000,2.2,17.000,17.000,Freshman,Freshman,Male,White
1018,801957149,CMPE  BS -----,1018,14.000,4.000,58.000,76.000,2.9,14.000,14.000,Junior,Transfer,Male,White
1018,837161661,CMPE  BS -----,1018,14.000,9.000,0.000,23.000,3.2,14.000,14.000,Freshman,Freshman,Male,White
1018,819121172,CMPE  BS -----,1018,7.000,34.000,0.000,41.000,2.6,7.000,7.000,Sophomore,Freshman,Male,White
1018,818474495,CMPE  BS -----,1008,24.000,0.000,89.000,109.000,3.2,9.000,29.000,Senior,Transfer,Male,Black/African American
1018,843409688,CMPE  BS -----,1008,34.500,12.000,0.000,46.500,3.3,17.000,34.500,Freshman,Freshman,Male,Asian
1018,833188436,CMPE  BS -----,968,77.000,4.000,56.000,137.000,2.3,14.000,112.500,Senior,Unknown,Male,White
1018,833848390,CMPE  BS -----,1018,13.000,22.000,0.000,35.000,3.7,13.000,13.000,Freshman,Freshman,Male,White
1018,846091077,CMPE  BS -----,1018,10.000,0.000,30.150,40.150,2.7,10.000,10.000,Sophomore,Transfer,Male,Black/African American
1018,818924684,CMPE  BS -----,1018,8.500,0.000,0.000,8.500,2.0,8.500,8.500,Freshman,Freshman,Male,White
1018,843287311,CMPE  BS -----,1018,11.000,10.000,0.000,21.000,4.0,11.000,11.000,Freshman,Freshman,Female,White
1018,800468687,CMPE  BS -----,1018,15.000,0.000,28.000,43.000,3.5,15.000,15.000,Freshman,Transfer,Male,Not Specified
1018,845159590,CMPE  BS -----,1018,4.000,20.000,0.000,24.000,4.0,8.000,8.000,Freshman,Freshman,Male,White
1018,830088006,CMPE  BS -----,1018,10.000,13.000,0.000,23.000,3.0,10.000,10.000,Freshman,Freshman,Male,White
1018,836920892,CMPE  BS -----,1018,7.000,0.000,70.000,67.000,2.1,10.000,10.000,Junior,Transfer,Male,Black/African American
1018,834503337,CMPE  BS -----,1018,17.000,6.000,0.000,23.000,1.9,17.000,17.000,Freshman,Freshman,Male,Two or More
1018,810866491,CMPE  BS -----,988,78.000,0.000,3.000,81.000,2.5,9.500,81.000,Junior,Freshman,Male,Asian
1018,845178550,CMPE  BS -----,1018,13.000,0.000,15.000,28.000,2.7,13.000,13.000,Freshman,Transfer,Female,Black/African American
1018,832092768,CMPE  BS -----,996,79.000,0.000,0.000,79.000,3.3,18.000,79.000,Junior,Unknown,Male,Black/African American
1018,816873405,CMPE  BS -----,1018,15.000,0.000,0.000,15.000,4.0,15.000,15.000,Freshman,Freshman,Male,Black/African American
1018,834827460,CMPE  BS -----,1018,14.000,0.000,0.000,14.000,2.8,14.000,14.000,Freshman,Freshman,Male,Black/African American
1018,804096564,CMPE  BS -----,1016,30.500,0.000,108.000,120.500,2.4,12.500,34.500,Senior,Reinstate,Male,Asian
1018,830126097,CMPE  BS -----,1018,15.000,17.000,1.000,33.000,2.2,17.000,17.000,Freshman,Freshman,Male,Two or More
1018,844652021,CMPE  BS -----,1018,15.000,11.000,0.000,26.000,4.0,15.000,15.000,Freshman,Freshman,Female,Asian
1018,845872997,CMPE  BS -----,998,70.000,0.000,0.000,64.000,3.4,14.000,79.000,Sophomore,Freshman,Male,Asian
1018,810406616,CMPE  BS -----,1008,33.000,0.000,45.000,75.000,3.4,13.000,33.000,Junior,Transfer,Male,Asian
1018,842108422,CMSC  BS -----,1018,7.500,9.000,0.000,16.500,2.0,7.500,7.500,Freshman,Freshman,Male,White
1018,829944153,CMSC  BS -----,1018,13.000,0.000,0.000,13.000,3.8,13.000,13.000,Freshman,Freshman,Male,White
1018,834122795,CMSC  BS -----,1008,40.000,0.000,0.000,40.000,2.7,10.000,40.000,Sophomore,Freshman,Male,White
1018,818601323,CMSC  BS -----,1018,15.000,12.000,0.000,27.000,2.5,15.000,15.000,Freshman,Freshman,Male,Asian
1018,835736079,CMSC  BS -----,998,52.000,13.000,0.000,65.000,2.5,10.000,55.000,Sophomore,Freshman,Male,White
1018,846325381,CMSC  BS -----,1008,28.000,0.000,60.000,85.000,2.0,7.000,37.500,Junior,Reinstate,Male,White
1018,812670837,CMSC  BS -----,1018,7.000,7.000,0.000,14.000,3.0,7.000,7.000,Freshman,Freshman,Male,Black/African American
1018,823791569,CMSC  BS -----,1018,14.000,0.000,6.000,20.000,4.0,14.000,14.000,Freshman,Freshman,Male,Asian
1018,837170737,CMSC  BS -----,1018,14.000,20.000,0.000,34.000,3.0,14.000,14.000,Freshman,Freshman,Female,Asian
1018,827614406,CMSC  BS -----,998,39.000,9.000,0.000,48.000,2.3,12.000,57.000,Sophomore,Freshman,Male,Asian
1018,811363954,CMSC  BS -----,1008,22.500,3.000,0.000,25.500,2.4,13.500,45.500,Freshman,Freshman,Male,White
1018,816494754,CMSC  BS -----,1008,37.000,0.000,0.000,37.000,3.0,4.000,37.000,Sophomore,Freshman,Male,White
1018,848427720,CMSC  BS -----,1012,31.000,10.000,27.000,68.000,3.0,15.000,31.000,Sophomore,Transfer,Male,White
1018,837847457,CMSC  BS -----,1018,14.000,4.000,0.000,18.000,2.9,14.000,14.000,Freshman,Freshman,Male,White
1018,815496572,CMSC  BS -----,1018,7.000,9.000,55.000,71.000,3.0,7.000,7.000,Junior,Transfer,Male,White
1018,802982737,CMSC  BS -----,1018,3.000,6.000,0.000,9.000,1.0,6.000,6.000,Freshman,Freshman,Male,White
1018,842556251,CMSC  BS -----,1018,14.000,12.000,0.000,26.000,3.4,14.000,14.000,Freshman,Freshman,Male,White
1018,825079142,CMSC  BS -----,992,90.000,0.000,40.000,130.000,3.3,12.000,96.000,Senior,Transfer,Male,White
1018,848108020,CMSC  BS -----,978,90.500,0.000,17.000,107.500,3.1,13.500,102.500,Senior,Transfer,Male,Asian
1018,839339727,CMSC  BS -----,1018,0.000,0.000,85.000,60.000,0.0,16.000,16.000,Junior,Transfer,Male,White
1018,812916914,CMSC  BS -----,1018,13.000,4.000,0.000,17.000,3.2,13.000,13.000,Freshman,Freshman,Male,White
1018,812888605,CMSC  BS -----,1018,14.000,6.000,0.000,20.000,2.2,14.000,14.000,Freshman,Freshman,Male,White
1018,823211171,CMSC  BS -----,1018,17.000,0.000,0.000,11.000,4.0,17.000,17.000,Freshman,Transfer,Male,Not Specified
1018,828060446,CMSC  BS -----,1018,15.000,0.000,61.000,75.000,3.4,15.000,15.000,Junior,Transfer,Male,White
1018,818924684,CMSC  BS -----,1018,8.500,0.000,0.000,8.500,2.0,8.500,8.500,Freshman,Freshman,Male,White
1018,825166624,CMSC  BS -----,1008,34.000,4.000,0.000,35.000,3.5,7.000,34.000,Freshman,Freshman,Male,Not Specified
1018,818274856,CMSC  BS -----,1008,40.000,9.000,0.000,49.000,3.7,13.000,40.000,Sophomore,Freshman,Male,Black/African American
1018,818285014,CMSC  BS -----,1018,13.000,15.000,3.000,31.000,4.0,13.000,13.000,Freshman,Freshman,Male,White
1018,827884893,CMSC  BS -----,1018,11.000,0.000,0.000,11.000,2.0,11.000,11.000,Freshman,Freshman,Male,White
1018,846022882,CMSC  BS -----,1012,18.000,18.000,64.000,100.000,3.0,9.000,21.000,Senior,Transfer,Female,White
1018,805560659,CMSC  BS -----,1018,14.000,0.000,0.000,14.000,3.3,14.000,14.000,Freshman,Freshman,Male,White
1018,819142483,CMSC  BS -----,1018,0.000,16.000,0.000,16.000,0.0,4.000,4.000,Freshman,Freshman,Male,White
1018,806921009,CMSC  BS -----,1008,24.000,3.000,0.000,27.000,2.3,11.000,31.000,Freshman,Freshman,Male,Black/African American
1018,821486393,CMSC  BS -----,978,105.000,0.000,0.000,105.000,2.7,12.000,112.000,Senior,Freshman,Male,White
1018,819991302,CMSC  BS -----,998,53.000,0.000,0.000,53.000,3.0,13.000,64.000,Sophomore,Freshman,Male,White
1018,845733819,CMSC  BS -----,1018,17.000,6.000,19.000,42.000,1.4,12.000,39.000,Sophomore,Reinstate,Male,White
1018,801494523,CMSC  BS -----,1018,17.000,6.000,0.000,23.000,2.8,17.000,17.000,Freshman,Freshman,Male,Two or More
1018,839352720,CMSC  BS -----,1018,12.000,0.000,0.000,12.000,4.0,12.000,12.000,Freshman,Transfer,Male,Asian
1018,827240262,CMSC  BS -----,1018,6.000,3.000,0.000,9.000,3.5,6.000,6.000,Freshman,Freshman,Male,White
1018,801720405,CMSC  BS -----,1018,7.000,0.000,70.000,63.000,4.0,11.000,11.000,Junior,Transfer,Male,Two or More
1018,837834132,CMSC  BS -----,1018,14.000,0.000,0.000,14.000,2.8,14.000,14.000,Freshman,Transfer,Male,White
1018,806228505,CMSC  BS -----,1008,25.000,0.000,4.000,29.000,2.7,15.000,29.000,Freshman,Freshman,Male,Black/African American
1018,813617622,CMSC  BS -----,1018,14.000,0.000,3.000,17.000,3.5,14.000,14.000,Freshman,Freshman,Male,White
1018,813403062,CMSC  BS -----,1018,14.000,19.000,0.000,33.000,2.5,14.000,14.000,Freshman,Freshman,Male,White
1018,801409416,CMSC  BS -----,1018,10.000,31.000,0.000,41.000,3.3,10.000,10.000,Sophomore,Freshman,Male,Asian
1018,826307010,CMSC  BS -----,1008,30.000,0.000,0.000,30.000,2.5,16.000,37.000,Freshman,Freshman,Male,Asian
1018,845835223,CMSC  BS -----,1008,33.000,19.000,6.000,58.000,3.0,12.000,33.000,Sophomore,Freshman,Male,White
1018,818936055,CMSC  BS -----,1018,7.000,6.000,10.000,23.000,2.4,10.000,10.000,Freshman,Freshman,Male,Two or More
1018,837958999,CMSC  BS -----,1018,16.000,15.000,0.000,31.000,3.6,16.000,16.000,Freshman,Freshman,Male,Hispanic/Latino
1018,821818348,ENGR    BA -----,1018,20.000,0.000,59.000,79.000,2.9,17.000,23.000,Junior,Transfer,Male,White
1018,812038324,ENGR    BA -----,1018,15.000,0.000,0.000,15.000,3.1,15.000,15.000,Freshman,Freshman,Male,White
1018,835075820,ENGR    BA -----,1012,16.000,0.000,88.000,85.000,3.7,13.000,16.000,Junior,Transfer,Male,White
1018,821817548,ENGR    BA -----,1018,14.000,0.000,0.000,14.000,3.3,14.000,14.000,Freshman,Freshman,Male,White
1018,806921009,ENGR    BA -----,1008,24.000,3.000,0.000,27.000,2.3,11.000,31.000,Freshman,Freshman,Male,Black/African American
1018,834827460,ENGR    BA -----,1018,14.000,0.000,0.000,14.000,2.8,14.000,14.000,Freshman,Freshman,Male,Black/African American
1018,845835223,ENGR    BA -----,1008,33.000,19.000,6.000,58.000,3.0,12.000,33.000,Sophomore,Freshman,Male,White
1018,803125283,ENGR    BA -----,1018,15.000,0.000,0.000,15.000,2.5,15.000,15.000,Freshman,Freshman,Male,White
1018,825035313,ENGR    BA -----,1018,17.000,0.000,0.000,17.000,2.9,17.000,17.000,Freshman,Freshman,Male,Asian
1018,801409416,ENGL  BA -----,1018,10.000,31.000,0.000,41.000,3.3,10.000,10.000,Sophomore,Freshman,Male,Asian
1018,832282421,ENSC  BS -----,1018,15.000,0.000,0.000,15.000,2.4,15.000,15.000,Freshman,Freshman,Male,Two or More
1018,828846547,ENSC  BS -----,1018,13.000,19.000,3.000,35.000,3.5,13.000,13.000,Freshman,Freshman,Male,American Indian/Alaska Native
1018,846325381,FIEC  BS -----,1008,28.000,0.000,60.000,85.000,2.0,7.000,37.500,Junior,Reinstate,Male,White
1018,828621353,FIEC  BS -----,978,102.000,20.000,0.000,122.000,2.6,7.500,102.000,Senior,Freshman,Male,White
1018,825025613,IFSM  BS -----,998,48.000,7.000,0.000,55.000,2.3,12.000,59.000,Sophomore,Freshman,Male,Asian
1018,833188436,IFSM  BS -----,968,77.000,4.000,56.000,137.000,2.3,14.000,112.500,Senior,Unknown,Male,White
1018,839352720,IFSM  BS -----,1018,12.000,0.000,0.000,12.000,4.0,12.000,12.000,Freshman,Transfer,Male,Asian
1018,830126097,IFSM  BS -----,1018,15.000,17.000,1.000,33.000,2.2,17.000,17.000,Freshman,Freshman,Male,Two or More
1018,823996373,IFSM  BS -----,1008,39.000,10.000,0.000,49.000,3.0,17.000,42.000,Sophomore,Freshman,Female,Asian
1018,842013289,MATH  BA -----,998,65.000,0.000,55.000,120.000,3.8,12.000,65.000,Senior,Transfer,Female,Asian
1018,837257394,MATH  BS -----,1010,24.000,15.000,33.000,72.000,3.4,15.000,27.000,Junior,Transfer,Male,Asian
1018,829926814,MATH  BS -----,1008,45.500,4.000,0.000,49.500,3.3,16.500,45.500,Sophomore,Freshman,Female,White
1018,819401534,MATH  BS -----,1018,17.000,8.000,7.000,32.000,3.2,17.000,17.000,Freshman,Freshman,Male,White
1018,836439075,MATH  BS -----,986,126.500,12.000,0.000,138.500,3.4,19.000,134.000,Senior,Unknown,Male,Asian
1018,803125283,MATH  BS -----,1018,15.000,0.000,0.000,15.000,2.5,15.000,15.000,Freshman,Freshman,Male,White
1018,814048024,MENG  BS -----,1008,39.500,39.000,0.000,78.500,2.5,12.500,43.500,Junior,Freshman,Male,White
1018,806932715,MENG  BS -----,1018,15.000,0.000,0.000,15.000,3.2,15.000,15.000,Freshman,Freshman,Male,White
1018,808566402,MENG  BS -----,1008,42.500,3.000,0.000,45.500,2.8,14.500,42.500,Sophomore,Freshman,Female,White
1018,839722945,MENG  BS -----,1008,30.000,0.000,57.000,87.000,3.1,10.000,30.000,Junior,Transfer,Male,White
1018,808646333,MENG  BS -----,988,39.000,6.000,0.000,45.000,2.7,15.000,43.000,Sophomore,Unknown,Male,Native Hawaiian/Other Pacific Islander
1018,832728301,MENG  BS -----,1018,11.500,15.000,0.000,26.500,2.9,11.500,11.500,Freshman,Freshman,Male,Asian
1018,835278929,MENG  BS -----,1018,12.500,0.000,0.000,12.500,3.6,12.500,12.500,Freshman,Freshman,Male,White
1018,825059393,MENG  BS -----,998,53.000,0.000,0.000,53.000,2.0,6.000,56.000,Sophomore,Freshman,Male,Asian
1018,802850742,MENG  BS -----,1018,18.000,3.000,0.000,21.000,2.8,18.000,18.000,Freshman,Freshman,Male,White
1018,811401949,MENG  BS -----,998,68.000,10.000,3.000,81.000,3.1,18.000,72.000,Junior,Freshman,Male,White
1018,844143292,MENG  BS -----,1008,38.000,3.000,0.000,41.000,2.7,14.000,38.000,Freshman,Freshman,Female,Hispanic/Latino
1018,837715141,MENG  BS -----,1018,14.000,8.000,0.000,22.000,2.2,14.000,14.000,Freshman,Freshman,Male,White
1018,807269050,MENG  BS -----,1002,29.000,0.000,65.000,89.000,2.5,7.000,32.000,Junior,Transfer,Male,White
1018,832355863,MENG  BS -----,998,71.000,24.000,0.000,95.000,3.4,17.000,71.000,Junior,Freshman,Male,Native Hawaiian/Other Pacific Islander
1018,802642698,MENG  BS -----,1018,15.000,16.000,10.000,41.000,2.7,15.000,15.000,Freshman,Freshman,Male,White
1018,819430994,MENG  BS -----,1018,11.000,8.000,0.000,19.000,2.3,11.000,11.000,Freshman,Freshman,Male,Asian
1018,835075820,MUSC  BA MUTC   SPC,1012,16.000,0.000,88.000,85.000,3.7,13.000,16.000,Junior,Transfer,Male,White
1018,844719740,PHYS  BS -----,1008,49.000,35.000,0.000,84.000,3.6,18.000,49.000,Junior,Freshman,Female,Asian
1018,801667108,PHYS  BS -----,998,37.000,25.000,25.000,87.000,1.9,1.500,52.500,Junior,Transfer,Male,White
1018,829468411,PHYS  BS -----,1006,49.500,0.000,94.000,109.500,2.7,14.000,58.500,Senior,Transfer,Female,White
1018,816130220,PHYS  BS -----,1018,14.000,8.000,0.000,22.000,2.4,14.000,14.000,Freshman,Freshman,Male,White
1018,835278929,PHYS  BS -----,1018,12.500,0.000,0.000,12.500,3.6,12.500,12.500,Freshman,Freshman,Male,White
1018,833565448,PHYS  BS -----,1016,3.000,6.000,0.000,9.000,2.0,3.000,3.000,Freshman,Freshman,Male,Asian
1018,824348566,PHYS  BS -----,1018,12.000,30.000,0.000,42.000,4.0,12.000,12.000,Sophomore,Freshman,Male,White
1018,823342612,POLI  BA -----,1018,14.000,9.000,0.000,23.000,3.0,14.000,14.000,Freshman,Freshman,Male,Asian
1018,836202551,POLI  BA -----,1018,10.000,9.000,0.000,19.000,3.4,10.000,10.000,Freshman,Freshman,Male,White
1018,829211655,PSYC  BA -----,1018,11.000,0.000,0.000,11.000,2.6,11.000,11.000,Freshman,Freshman,Male,White
1018,830839127,PSYC  BA -----,1018,12.000,9.000,50.000,71.000,3.8,12.000,12.000,Sophomore,Transfer,Male,White
1018,821639123,PSYC  BA -----,988,81.000,0.000,3.000,84.000,2.4,17.000,85.000,Junior,Freshman,Male,Asian
1018,831700175,STAT  BS -----,1018,6.000,9.000,0.000,15.000,2.0,9.000,9.000,Freshman,Freshman,Male,White
1018,821817548,STAT  BS -----,1018,14.000,0.000,0.000,14.000,3.3,14.000,14.000,Freshman,Freshman,Male,White
1018,802837155,UGST  -- -----,1008,18.000,29.000,3.000,47.000,3.5,10.000,24.000,Sophomore,Freshman,Male,White
1018,822916003,UGST    BA -----,1018,15.000,0.000,0.000,15.000,3.8,15.000,15.000,Freshman,Freshman,Male,Black/African American
1018,804244041,UGST    BA -----,1018,13.000,12.000,0.000,25.000,3.2,13.000,13.000,Freshman,Freshman,Male,White
1018,843764102,UGST    BA -----,1018,11.000,0.000,0.000,11.000,3.3,11.000,11.000,Freshman,Freshman,Male,Asian
1018,806994606,UGST    BA DENT   OPT,1008,42.500,19.000,0.000,61.500,2.5,16.000,42.500,Sophomore,Freshman,Male,White
1018,833767993,UGST    BA DENT   OPT,988,82.000,0.000,54.750,136.750,3.3,12.000,97.000,Senior,Transfer,Male,Asian
1018,848023416,VAAV    BA GR     SPC,1018,13.000,0.000,3.000,16.000,2.2,17.000,17.000,Freshman,Freshman,Male,White
1018,803311580,VAAV    BA UN     SPC,1008,39.000,14.000,0.000,53.000,3.7,13.000,39.000,Sophomore,Freshman,Female,White
