1022,826923612,ACTG  BFA -----,1028,4.000,0.000,0.000,4.000,3.0,4.000,4.000,Freshman,Special - Non Degree,Male,Asian
1022,839251002,BIOC  BS -----,998,66.000,13.000,0.000,79.000,2.2,10.000,71.000,Junior,Freshman,Male,Asian
1022,841387739,BIOC  BS -----,1008,68.500,24.000,0.000,92.500,3.1,19.000,72.500,Junior,Freshman,Male,White
1022,837257394,BINF  BS -----,1010,36.000,15.000,33.000,84.000,3.4,11.000,42.000,Junior,Transfer,Male,Asian
1022,815496572,BINF  BS -----,1018,11.000,9.000,55.000,75.000,3.0,4.000,11.000,Junior,Transfer,Male,White
1022,820796490,BINF  BS -----,1018,30.000,43.000,0.000,73.000,3.9,17.000,30.000,Sophomore,Freshman,Male,Asian
1022,818196286,BINF  BS -----,1016,36.000,23.000,0.000,59.000,3.7,14.000,36.000,Sophomore,Freshman,Female,Native Hawaiian/Other Pacific Islander
1022,830051510,BIOL  BA -----,1022,7.000,15.000,55.000,77.000,3.0,11.000,11.000,Junior,Transfer,Female,White
1022,816235870,BIOL  BA -----,1018,30.000,0.000,0.000,30.000,3.2,16.000,30.000,Freshman,Freshman,Male,Asian
1022,833767993,BIOL  BS -----,988,88.000,0.000,54.750,142.750,3.2,9.000,106.000,Senior,Transfer,Male,Asian
1022,815216364,BIOL  BS -----,1018,15.000,33.000,0.000,48.000,3.0,15.000,15.000,Sophomore,Freshman,Male,Asian
1022,811116141,BIOL  BS -----,988,60.000,4.000,57.000,121.000,3.8,8.000,60.000,Senior,Unknown,Male,White
1022,828846547,BIOL  BS -----,1018,25.000,19.000,3.000,47.000,2.9,12.000,25.000,Sophomore,Freshman,Male,American Indian/Alaska Native
1022,823342612,BIOL  BS -----,1018,23.000,9.000,0.000,32.000,3.0,9.000,23.000,Freshman,Freshman,Male,Asian
1022,804235898,CENG  BS -----,1018,24.000,8.000,10.000,42.000,3.1,13.000,28.000,Freshman,Freshman,Female,Asian
1022,801177159,CENG  BS -----,1018,27.000,10.000,0.000,37.000,2.9,13.000,27.000,Freshman,Freshman,Male,White
1022,842097646,CENG  BS -----,1018,31.000,13.000,3.000,47.000,3.3,17.000,31.000,Sophomore,Freshman,Male,Asian
1022,801840331,CENG  BS -----,1022,10.000,20.000,17.000,47.000,2.7,10.000,10.000,Sophomore,Transfer,Male,White
1022,808983838,CENG  BS -----,1018,33.000,0.000,0.000,33.000,2.5,19.000,33.000,Freshman,Freshman,Male,Hispanic/Latino
1022,804704180,CENG  BS -----,998,99.000,42.000,0.000,141.000,3.3,16.000,99.000,Senior,Freshman,Male,Asian
1022,811158044,CHEM  BS -----,1008,63.000,6.000,0.000,69.000,3.0,18.000,66.000,Sophomore,Freshman,Female,Asian
1022,803077087,CHEM  BS -----,1018,31.000,4.000,11.000,46.000,2.7,16.000,31.000,Sophomore,Freshman,Male,White
1022,834122795,CMPE  BS -----,1008,50.000,0.000,0.000,50.000,2.8,10.000,50.000,Sophomore,Freshman,Male,White
1022,809985319,CMPE  BS -----,1008,51.000,0.000,0.000,51.000,2.5,10.000,55.000,Sophomore,Freshman,Male,Black/African American
1022,842093273,CMPE  BS -----,1012,33.500,0.000,0.000,33.500,3.5,11.500,33.500,Freshman,Readmit,Male,Black/African American
1022,843678237,CMPE  BS -----,1018,16.000,6.000,50.000,68.000,2.9,10.000,20.000,Sophomore,Transfer,Female,Hispanic/Latino
1022,816494754,CMPE  BS -----,1008,54.000,0.000,0.000,54.000,3.2,17.000,54.000,Sophomore,Freshman,Male,White
1022,828012092,CMPE  BS -----,1008,63.000,0.000,0.000,63.000,3.3,17.000,63.000,Sophomore,Freshman,Male,Not Specified
1022,848023416,CMPE  BS -----,1018,28.500,0.000,3.000,31.500,2.9,15.500,32.500,Freshman,Freshman,Male,White
1022,821818348,CMPE  BS -----,1018,33.000,0.000,59.000,92.000,2.7,13.000,36.000,Junior,Transfer,Male,White
1022,808477061,CMPE  BS -----,1018,10.000,0.000,41.000,51.000,3.3,10.000,10.000,Sophomore,Transfer,Male,Black/African American
1022,835075820,CMPE  BS -----,1012,28.500,0.000,88.000,97.500,3.8,12.500,28.500,Junior,Transfer,Male,White
1022,842561290,CMPE  BS -----,1022,15.000,0.000,16.000,31.000,2.8,15.000,15.000,Freshman,Transfer,Male,White
1022,801957149,CMPE  BS -----,1018,33.000,4.000,58.000,95.000,3.3,19.000,33.000,Junior,Transfer,Male,White
1022,823314091,CMPE  BS -----,1022,19.000,0.000,75.000,94.000,3.2,19.000,19.000,Junior,Transfer,Female,Black/African American
1022,837161661,CMPE  BS -----,1018,25.000,9.000,0.000,34.000,2.9,11.000,25.000,Freshman,Freshman,Male,White
1022,819121172,CMPE  BS -----,1018,14.000,34.000,0.000,48.000,2.6,7.000,14.000,Sophomore,Freshman,Male,White
1022,818474495,CMPE  BS -----,1008,38.000,0.000,89.000,123.000,3.2,14.000,43.000,Senior,Transfer,Male,Black/African American
1022,843409688,CMPE  BS -----,1008,50.500,12.000,0.000,62.500,3.2,16.000,50.500,Sophomore,Freshman,Male,Asian
1022,833188436,CMPE  BS -----,968,77.000,4.000,56.000,137.000,2.2,3.000,115.500,Senior,Unknown,Male,White
1022,832728301,CMPE  BS -----,1018,26.500,15.000,0.000,41.500,2.3,15.000,26.500,Freshman,Freshman,Male,Asian
1022,833848390,CMPE  BS -----,1018,32.500,22.000,0.000,54.500,3.9,15.500,32.500,Sophomore,Freshman,Male,White
1022,846091077,CMPE  BS -----,1018,23.000,0.000,30.150,53.150,2.9,13.000,23.000,Sophomore,Transfer,Male,Black/African American
1022,818924684,CMPE  BS -----,1018,19.500,0.000,0.000,19.500,2.2,11.000,19.500,Freshman,Freshman,Male,White
1022,843287311,CMPE  BS -----,1018,26.000,10.000,0.000,36.000,3.4,15.000,26.000,Freshman,Freshman,Female,White
1022,800468687,CMPE  BS -----,1018,31.000,0.000,28.000,59.000,3.8,16.000,31.000,Sophomore,Transfer,Male,Not Specified
1022,845159590,CMPE  BS -----,1018,18.000,20.000,0.000,38.000,3.1,14.000,22.000,Freshman,Freshman,Male,White
1022,830088006,CMPE  BS -----,1018,14.000,13.000,0.000,27.000,3.0,4.000,14.000,Freshman,Freshman,Male,White
1022,821817548,CMPE  BS -----,1018,25.000,0.000,0.000,25.000,3.0,15.000,29.000,Freshman,Freshman,Male,White
1022,836920892,CMPE  BS -----,1018,17.000,0.000,70.000,77.000,2.0,13.000,23.000,Junior,Transfer,Male,Black/African American
1022,834503337,CMPE  BS -----,1018,31.000,6.000,0.000,37.000,2.3,14.000,31.000,Freshman,Freshman,Male,Two or More
1022,810866491,CMPE  BS -----,988,95.000,0.000,3.000,98.000,2.5,17.000,98.000,Junior,Freshman,Male,Asian
1022,832092768,CMPE  BS -----,996,96.500,0.000,0.000,96.500,3.3,14.500,96.500,Junior,Unknown,Male,Black/African American
1022,816873405,CMPE  BS -----,1018,29.000,0.000,0.000,29.000,4.0,14.000,29.000,Freshman,Freshman,Male,Black/African American
1022,834827460,CMPE  BS -----,1018,25.000,0.000,0.000,25.000,2.7,11.000,25.000,Freshman,Freshman,Male,Black/African American
1022,804096564,CMPE  BS -----,1016,41.500,0.000,108.000,131.500,2.4,14.000,48.500,Senior,Reinstate,Male,Asian
1022,843883839,CMPE  BS -----,1018,27.000,0.000,0.000,27.000,3.0,13.000,27.000,Freshman,Freshman,Male,White
1022,830126097,CMPE  BS -----,1018,31.000,17.000,2.000,50.000,2.4,18.000,35.000,Sophomore,Freshman,Male,Two or More
1022,807219547,CMPE  BS -----,1022,57.000,0.000,88.000,142.000,2.7,4.000,68.000,Senior,Readmit,Male,Two or More
1022,845872997,CMPE  BS -----,998,87.000,0.000,0.000,81.000,3.3,17.000,99.000,Junior,Freshman,Male,Asian
1022,810406616,CMPE  BS -----,1008,45.000,0.000,45.000,84.000,3.5,12.000,45.000,Junior,Transfer,Male,Asian
1022,804803863,CMPE  BS -----,1022,7.000,9.000,0.000,16.000,3.4,7.000,7.000,Freshman,Transfer,Male,White
1022,842108422,CMSC  BS -----,1018,18.500,9.000,0.000,27.500,2.0,14.000,21.500,Freshman,Freshman,Male,White
1022,814048024,CMSC  BS -----,1008,53.500,39.000,0.000,92.500,2.4,14.000,57.500,Junior,Freshman,Male,White
1022,829944153,CMSC  BS -----,1018,27.000,0.000,0.000,27.000,3.9,14.000,27.000,Freshman,Freshman,Male,White
1022,834122795,CMSC  BS -----,1008,50.000,0.000,0.000,50.000,2.8,10.000,50.000,Sophomore,Freshman,Male,White
1022,818601323,CMSC  BS -----,1018,27.000,12.000,0.000,39.000,2.7,12.000,27.000,Freshman,Freshman,Male,Asian
1022,835736079,CMSC  BS -----,998,64.000,13.000,0.000,77.000,2.4,12.000,67.000,Junior,Freshman,Male,White
1022,846325381,CMSC  BS -----,1008,32.000,0.000,60.000,89.000,2.3,4.000,41.500,Junior,Reinstate,Male,White
1022,812670837,CMSC  BS -----,1018,14.000,7.000,0.000,21.000,2.8,7.000,14.000,Freshman,Freshman,Male,Black/African American
1022,823791569,CMSC  BS -----,1018,26.000,0.000,6.000,32.000,3.8,12.000,26.000,Freshman,Freshman,Male,Asian
1022,837170737,CMSC  BS -----,1018,25.000,20.000,0.000,45.000,3.0,11.000,25.000,Sophomore,Freshman,Female,Asian
1022,827614406,CMSC  BS -----,998,49.000,9.000,0.000,58.000,2.1,13.000,70.000,Sophomore,Freshman,Male,Asian
1022,816494754,CMSC  BS -----,1008,54.000,0.000,0.000,54.000,3.2,17.000,54.000,Sophomore,Freshman,Male,White
1022,848427720,CMSC  BS -----,1012,49.000,10.000,27.000,86.000,3.0,18.000,49.000,Junior,Transfer,Male,White
1022,837847457,CMSC  BS -----,1018,29.000,4.000,0.000,33.000,3.1,15.000,29.000,Freshman,Freshman,Male,White
1022,842561290,CMSC  BS -----,1022,15.000,0.000,16.000,31.000,2.8,15.000,15.000,Freshman,Transfer,Male,White
1022,829468411,CMSC  BS -----,1006,59.500,0.000,94.000,119.500,2.7,13.000,71.500,Senior,Transfer,Female,White
1022,815496572,CMSC  BS -----,1018,11.000,9.000,55.000,75.000,3.0,4.000,11.000,Junior,Transfer,Male,White
1022,802982737,CMSC  BS -----,1018,10.000,6.000,0.000,16.000,1.5,14.000,20.000,Freshman,Freshman,Male,White
1022,842556251,CMSC  BS -----,1018,24.000,12.000,0.000,36.000,3.2,10.000,24.000,Freshman,Freshman,Male,White
1022,825079142,CMSC  BS -----,992,90.000,0.000,44.000,134.000,3.3,13.000,109.000,Senior,Transfer,Male,White
1022,848108020,CMSC  BS -----,978,104.000,0.000,17.000,121.000,3.1,13.500,116.000,Senior,Transfer,Male,Asian
1022,808646333,CMSC  BS -----,988,46.000,6.000,0.000,52.000,2.6,11.000,54.000,Sophomore,Unknown,Male,Native Hawaiian/Other Pacific Islander
1022,846437692,CMSC  BS -----,1022,9.000,33.000,12.000,54.000,3.3,9.000,9.000,Sophomore,Transfer,Female,White
1022,812916914,CMSC  BS -----,1018,21.000,4.000,0.000,25.000,2.9,8.000,21.000,Freshman,Freshman,Male,White
1022,812888605,CMSC  BS -----,1018,25.000,6.000,0.000,31.000,2.5,11.000,25.000,Freshman,Freshman,Male,White
1022,823211171,CMSC  BS -----,1018,29.000,0.000,0.000,23.000,3.7,16.000,33.000,Freshman,Transfer,Male,Not Specified
1022,828060446,CMSC  BS -----,1018,30.000,0.000,61.000,90.000,3.2,15.000,30.000,Junior,Transfer,Male,White
1022,818924684,CMSC  BS -----,1018,19.500,0.000,0.000,19.500,2.2,11.000,19.500,Freshman,Freshman,Male,White
1022,825059393,CMSC  BS -----,998,57.000,0.000,0.000,57.000,2.1,4.000,60.000,Sophomore,Freshman,Male,Asian
1022,825166624,CMSC  BS -----,1008,44.000,4.000,0.000,45.000,3.2,10.000,44.000,Sophomore,Freshman,Male,Not Specified
1022,818274856,CMSC  BS -----,1008,52.000,9.000,0.000,61.000,3.6,12.000,52.000,Sophomore,Freshman,Male,Black/African American
1022,818285014,CMSC  BS -----,1018,30.000,15.000,3.000,48.000,3.5,17.000,30.000,Sophomore,Freshman,Male,White
1022,802850742,CMSC  BS -----,1018,32.000,3.000,0.000,35.000,2.6,17.000,35.000,Freshman,Freshman,Male,White
1022,827884893,CMSC  BS -----,1018,21.000,0.000,0.000,21.000,2.3,10.000,21.000,Freshman,Freshman,Male,White
1022,846022882,CMSC  BS -----,1012,32.500,18.000,64.000,114.500,2.9,13.000,35.500,Senior,Transfer,Female,White
1022,805560659,CMSC  BS -----,1018,21.000,0.000,0.000,21.000,3.0,7.000,21.000,Freshman,Freshman,Male,White
1022,819142483,CMSC  BS -----,1018,14.000,16.000,0.000,30.000,3.2,14.000,18.000,Freshman,Freshman,Male,White
1022,806921009,CMSC  BS -----,1008,36.000,3.000,0.000,39.000,2.2,12.000,43.000,Freshman,Freshman,Male,Black/African American
1022,846675915,CMSC  BS -----,982,37.000,0.000,63.220,100.220,2.6,10.000,59.000,Senior,Unknown,Male,Black/African American
1022,821486393,CMSC  BS -----,978,119.000,0.000,0.000,119.000,2.7,14.000,126.000,Senior,Freshman,Male,White
1022,819991302,CMSC  BS -----,998,59.000,0.000,0.000,59.000,3.1,1.500,70.000,Sophomore,Freshman,Male,White
1022,801494523,CMSC  BS -----,1018,25.000,6.000,0.000,31.000,2.3,12.000,29.000,Freshman,Freshman,Male,Two or More
1022,839352720,CMSC  BS -----,1018,24.000,0.000,0.000,24.000,4.0,12.000,24.000,Freshman,Transfer,Male,Asian
1022,827240262,CMSC  BS -----,1018,20.000,3.000,0.000,23.000,3.0,14.000,20.000,Freshman,Freshman,Male,White
1022,844143292,CMSC  BS -----,1008,41.000,3.000,0.000,44.000,2.8,6.000,44.000,Sophomore,Freshman,Female,Hispanic/Latino
1022,801720405,CMSC  BS -----,1018,13.000,0.000,70.000,69.000,3.1,6.000,17.000,Junior,Transfer,Male,Two or More
1022,806228505,CMSC  BS -----,1008,32.000,0.000,4.000,36.000,2.5,7.000,36.000,Freshman,Freshman,Male,Black/African American
1022,844652021,CMSC  BS -----,1018,26.000,11.000,0.000,37.000,3.5,11.000,26.000,Freshman,Freshman,Female,Asian
1022,813617622,CMSC  BS -----,1018,28.000,0.000,3.000,31.000,3.8,14.000,28.000,Freshman,Freshman,Male,White
1022,813403062,CMSC  BS -----,1018,20.000,19.000,0.000,39.000,2.5,6.000,20.000,Sophomore,Freshman,Male,White
1022,801409416,CMSC  BS -----,1018,22.000,31.000,0.000,53.000,3.3,12.000,22.000,Sophomore,Freshman,Male,Asian
1022,826307010,CMSC  BS -----,1008,46.000,0.000,0.000,46.000,2.1,19.000,56.000,Sophomore,Freshman,Male,Asian
1022,845835223,CMSC  BS -----,1008,49.000,19.000,6.000,74.000,3.0,19.000,52.000,Sophomore,Freshman,Male,White
1022,818936055,CMSC  BS -----,1018,18.000,6.000,10.000,34.000,2.6,11.000,21.000,Freshman,Freshman,Male,Two or More
1022,837958999,CMSC  BS -----,1018,34.000,15.000,0.000,49.000,3.4,18.000,34.000,Sophomore,Freshman,Male,Hispanic/Latino
1022,813049992,CMSC  BS -----,998,48.000,0.000,49.000,97.000,2.2,9.000,80.000,Junior,Transfer,Male,Asian
1022,826923612,CMSC  BS -----,1028,4.000,0.000,0.000,4.000,3.0,4.000,4.000,Freshman,Special - Non Degree,Male,Asian
1022,825035313,CMSC  BS -----,1018,35.000,0.000,0.000,35.000,2.9,18.000,35.000,Freshman,Freshman,Male,Asian
1022,811186830,CMSC  BS -----,1022,13.000,0.000,62.000,73.000,3.5,13.000,13.000,Junior,Transfer,Male,White
1022,812038324,ENGR    BS -----,1018,30.000,0.000,0.000,30.000,3.5,15.000,30.000,Freshman,Freshman,Male,White
1022,845835223,ENGR    BS -----,1008,49.000,19.000,6.000,74.000,3.0,19.000,52.000,Sophomore,Freshman,Male,White
1022,803125283,ENGR    BS -----,1018,23.000,0.000,0.000,23.000,2.0,11.000,26.000,Freshman,Freshman,Male,White
1022,801409416,ENGL  BA -----,1018,22.000,31.000,0.000,53.000,3.3,12.000,22.000,Sophomore,Freshman,Male,Asian
1022,819403375,ENGL  BA LITE   SPC,1008,22.000,7.000,0.000,29.000,2.7,3.000,25.000,Freshman,Freshman,Male,White
1022,832282421,ENSC  BS -----,1018,28.000,0.000,0.000,28.000,2.5,13.000,28.000,Freshman,Freshman,Male,Two or More
1022,828846547,ENSC  BS -----,1018,25.000,19.000,3.000,47.000,2.9,12.000,25.000,Sophomore,Freshman,Male,American Indian/Alaska Native
1022,846325381,FIEC  BS -----,1008,32.000,0.000,60.000,89.000,2.3,4.000,41.500,Junior,Reinstate,Male,White
1022,825025613,IFSM  BS -----,998,63.000,7.000,0.000,70.000,2.6,15.000,74.000,Sophomore,Freshman,Male,Asian
1022,811363954,IFSM  BS -----,1008,22.500,3.000,0.000,25.500,2.4,6.000,51.500,Freshman,Freshman,Male,White
1022,808566402,IFSM  BS -----,1008,59.500,3.000,0.000,62.500,2.9,17.000,59.500,Sophomore,Freshman,Female,White
1022,833188436,IFSM  BS -----,968,77.000,4.000,56.000,137.000,2.2,3.000,115.500,Senior,Unknown,Male,White
1022,845733819,IFSM  BS -----,1018,33.000,6.000,19.000,58.000,2.1,16.000,55.000,Sophomore,Reinstate,Male,White
1022,839352720,IFSM  BS -----,1018,24.000,0.000,0.000,24.000,4.0,12.000,24.000,Freshman,Transfer,Male,Asian
1022,823996373,IFSM  BS -----,1008,51.000,10.000,0.000,61.000,3.0,12.000,54.000,Sophomore,Freshman,Female,Asian
1022,842013289,MATH  BA -----,998,78.000,0.000,55.000,133.000,3.7,13.000,78.000,Senior,Transfer,Female,Asian
1022,837257394,MATH  BS -----,1010,36.000,15.000,33.000,84.000,3.4,11.000,42.000,Junior,Transfer,Male,Asian
1022,803311580,MATH  BS -----,1008,51.000,14.000,0.000,65.000,3.8,12.000,51.000,Sophomore,Freshman,Female,White
1022,846437692,MATH  BS -----,1022,9.000,33.000,12.000,54.000,3.3,9.000,9.000,Sophomore,Transfer,Female,White
1022,829926814,MATH  BS -----,1008,62.500,4.000,0.000,66.500,3.3,17.000,62.500,Sophomore,Freshman,Female,White
1022,819401534,MATH  BS -----,1018,35.000,8.000,7.000,50.000,3.4,18.000,35.000,Sophomore,Freshman,Male,White
1022,836439075,MATH  BS -----,986,138.500,12.000,0.000,150.500,3.4,11.000,146.000,Senior,Unknown,Male,Asian
1022,844143292,MATH  BS -----,1008,41.000,3.000,0.000,44.000,2.8,6.000,44.000,Sophomore,Freshman,Female,Hispanic/Latino
1022,803125283,MATH  BS -----,1018,23.000,0.000,0.000,23.000,2.0,11.000,26.000,Freshman,Freshman,Male,White
1022,806932715,MENG  BS -----,1018,25.000,0.000,0.000,25.000,3.0,13.000,28.000,Freshman,Freshman,Male,White
1022,839722945,MENG  BS -----,1008,43.500,0.000,57.000,100.500,2.8,13.500,43.500,Junior,Transfer,Male,White
1022,826961547,MENG  BS -----,1022,13.000,0.000,70.000,76.000,2.5,13.000,13.000,Junior,Transfer,Male,Asian
1022,811401949,MENG  BS -----,998,85.000,10.000,3.000,98.000,3.1,16.000,92.000,Junior,Freshman,Male,White
1022,837715141,MENG  BS -----,1018,15.500,8.000,0.000,23.500,1.8,4.500,18.500,Freshman,Freshman,Male,White
1022,807269050,MENG  BS -----,1002,32.000,0.000,65.000,92.000,2.3,3.000,35.000,Junior,Transfer,Male,White
1022,832355863,MENG  BS -----,998,87.000,24.000,0.000,111.000,3.4,16.000,87.000,Senior,Freshman,Male,Native Hawaiian/Other Pacific Islander
1022,802642698,MENG  BS -----,1018,28.000,16.000,10.000,54.000,2.6,13.000,28.000,Sophomore,Freshman,Male,White
1022,819430994,MENG  BS -----,1018,15.000,8.000,0.000,23.000,2.2,7.000,18.000,Freshman,Freshman,Male,Asian
1022,835075820,MUSC  BA MUTC   SPC,1012,28.500,0.000,88.000,97.500,3.8,12.500,28.500,Junior,Transfer,Male,White
1022,844719740,PHYS  BS -----,1008,64.000,35.000,0.000,99.000,3.6,15.000,64.000,Junior,Freshman,Female,Asian
1022,801667108,PHYS  BS -----,998,41.000,25.000,25.000,91.000,2.0,4.000,56.500,Junior,Transfer,Male,White
1022,816130220,PHYS  BS -----,1018,18.000,8.000,0.000,26.000,2.1,4.000,18.000,Freshman,Freshman,Male,White
1022,833565448,PHYS  BS -----,1016,13.000,6.000,0.000,19.000,2.5,10.000,13.000,Freshman,Freshman,Male,Asian
1022,824348566,PHYS  BS -----,1018,23.000,30.000,0.000,53.000,3.8,11.000,23.000,Sophomore,Freshman,Male,White
1022,829211655,PSYC  BA -----,1018,20.000,0.000,0.000,20.000,2.6,9.000,20.000,Freshman,Freshman,Male,White
1022,821639123,PSYC  BA -----,988,93.000,0.000,3.000,96.000,2.5,12.000,97.000,Junior,Freshman,Male,Asian
1022,831700175,STAT  BS -----,1018,17.000,9.000,0.000,26.000,1.9,11.000,20.000,Freshman,Freshman,Male,White
1022,821817548,STAT  BS -----,1018,25.000,0.000,0.000,25.000,3.0,15.000,29.000,Freshman,Freshman,Male,White
1022,822916003,UGST    BA -----,1018,32.500,0.000,0.000,32.500,3.2,17.500,32.500,Freshman,Freshman,Male,Black/African American
1022,804244041,UGST    BA -----,1018,29.000,12.000,0.000,41.000,3.1,16.000,29.000,Freshman,Freshman,Male,White
1022,836202551,UGST    BA -----,1018,13.000,9.000,0.000,22.000,3.3,3.000,13.000,Freshman,Freshman,Male,White
1022,802837155,UGST    BA -----,1008,18.000,29.000,3.000,47.000,3.5,15.000,39.000,Sophomore,Freshman,Male,White
1022,843764102,UGST    BA -----,1018,22.000,0.000,0.000,22.000,3.3,11.000,22.000,Freshman,Freshman,Male,Asian
1022,806994606,UGST    BA DENT   OPT,1008,53.500,19.000,0.000,72.500,2.5,11.000,53.500,Junior,Freshman,Male,White
1022,830051510,UGST    BA PHAR   OPT,1022,7.000,15.000,55.000,77.000,3.0,11.000,11.000,Junior,Transfer,Female,White
1022,848023416,VAAV    BA GR     SPC,1018,28.500,0.000,3.000,31.500,2.9,15.500,32.500,Freshman,Freshman,Male,White
