1026,839251002,BIOC  BS -----,998,67.500,13.000,0.000,80.500,2.2,1.500,72.500,Junior,Freshman,Male,Asian
1026,837257394,BINF  BS -----,1010,45.000,15.000,33.000,93.000,3.3,13.000,55.000,Junior,Transfer,Male,Asian
1026,816235870,BIOL  BA -----,1018,34.000,0.000,0.000,34.000,3.3,4.000,34.000,Sophomore,Freshman,Male,Asian
1026,815216364,BIOL  BS -----,1018,28.000,33.000,0.000,61.000,3.3,13.000,28.000,Sophomore,Freshman,Male,Asian
1026,804235898,CENG  BS -----,1018,28.000,8.000,10.000,46.000,3.1,4.000,32.000,Sophomore,Freshman,Female,Asian
1026,811158044,CHEM  BS -----,1008,74.000,6.000,3.000,83.000,3.0,11.000,77.000,Junior,Freshman,Female,Asian
1026,842522959,CMPE  BS -----,1026,7.000,0.000,0.000,7.000,3.0,7.000,7.000,Freshman,Freshman,Male,Black/African American
1026,843678237,CMPE  BS -----,1018,20.000,6.000,50.000,72.000,2.7,4.000,24.000,Junior,Transfer,Female,Hispanic/Latino
1026,808477061,CMPE  BS -----,1018,13.000,0.000,44.000,57.000,3.5,3.000,13.000,Sophomore,Transfer,Male,Black/African American
1026,835075820,CMPE  BS -----,1012,32.500,0.000,88.000,101.500,3.9,4.000,32.500,Senior,Transfer,Male,White
1026,823314091,CMPE  BS -----,1022,23.000,0.000,75.000,98.000,3.2,4.000,23.000,Senior,Transfer,Female,Black/African American
1026,833188436,CMPE  BS -----,968,80.000,4.000,56.000,140.000,2.2,3.000,118.500,Senior,Unknown,Male,White
1026,833848390,CMPE  BS -----,1018,36.500,22.000,0.000,58.500,3.9,4.000,36.500,Sophomore,Freshman,Male,White
1026,845159590,CMPE  BS -----,1018,24.000,20.000,0.000,44.000,2.9,6.000,28.000,Sophomore,Freshman,Male,White
1026,821817548,CMPE  BS -----,1018,29.000,0.000,0.000,29.000,3.0,4.000,33.000,Freshman,Freshman,Male,White
1026,816873405,CMPE  BS -----,1018,32.000,0.000,0.000,32.000,3.8,3.000,32.000,Freshman,Freshman,Male,Black/African American
1026,834827460,CMPE  BS -----,1018,33.000,0.000,0.000,33.000,2.9,8.000,33.000,Freshman,Freshman,Male,Black/African American
1026,825192242,CMPE  BS -----,1026,7.000,0.000,0.000,7.000,4.0,7.000,7.000,Freshman,Freshman,Male,Black/African American
1026,826116501,CMPE  BS -----,1026,7.000,0.000,0.000,7.000,3.6,7.000,7.000,Freshman,Freshman,Male,Asian
1026,845872997,CMPE  BS -----,998,88.000,0.000,0.000,82.000,3.3,1.000,100.000,Junior,Freshman,Male,Asian
1026,843960635,CMPE  BS -----,1026,7.000,10.000,0.000,17.000,4.0,7.000,7.000,Freshman,Freshman,Male,Black/African American
1026,804803863,CMPE  BS -----,1022,11.000,9.000,0.000,20.000,2.9,4.000,11.000,Freshman,Transfer,Male,White
1026,842108422,CMSC  BS -----,1018,21.500,9.000,0.000,30.500,2.3,3.000,24.500,Freshman,Freshman,Male,White
1026,846926851,CMSC  BS -----,1026,7.000,0.000,0.000,7.000,3.6,7.000,7.000,Freshman,Freshman,Female,Black/African American
1026,818601323,CMSC  BS -----,1018,31.000,12.000,0.000,43.000,2.7,4.000,31.000,Sophomore,Freshman,Male,Asian
1026,839290011,CMSC  BS -----,1026,7.000,15.000,0.000,22.000,3.6,7.000,7.000,Freshman,Freshman,Male,White
1026,829468411,CMSC  BS -----,1006,62.500,0.000,94.000,122.500,2.8,3.000,74.500,Senior,Transfer,Female,White
1026,808646333,CMSC  BS -----,988,50.000,6.000,0.000,56.000,2.7,4.000,58.000,Sophomore,Unknown,Male,Native Hawaiian/Other Pacific Islander
1026,839973756,CMSC  BS -----,1026,7.000,21.000,0.000,28.000,4.0,7.000,7.000,Freshman,Freshman,Female,White
1026,812888605,CMSC  BS -----,1018,28.000,6.000,0.000,34.000,2.7,3.000,28.000,Sophomore,Freshman,Male,White
1026,823211171,CMSC  BS -----,1018,29.000,0.000,0.000,23.000,3.7,4.000,37.000,Freshman,Transfer,Male,Not Specified
1026,800093769,CMSC  BS -----,1026,7.000,0.000,0.000,7.000,3.6,7.000,7.000,Freshman,Transfer,Female,Black/African American
1026,819142483,CMSC  BS -----,1018,23.000,16.000,0.000,39.000,3.5,9.000,27.000,Sophomore,Freshman,Male,White
1026,846675915,CMSC  BS -----,982,40.000,0.000,63.220,103.220,2.7,3.000,62.000,Senior,Unknown,Male,Black/African American
1026,818864459,CMSC  BS -----,1026,7.000,16.000,0.000,23.000,4.0,7.000,7.000,Freshman,Freshman,Female,Two or More
1026,819991302,CMSC  BS -----,998,71.000,0.000,0.000,71.000,3.2,12.000,82.000,Sophomore,Freshman,Male,White
1026,844683255,CMSC  BS -----,1026,7.000,0.000,0.000,7.000,3.6,7.000,7.000,Freshman,Freshman,Male,Black/African American
1026,844143292,CMSC  BS -----,1008,44.000,3.000,0.000,47.000,2.8,3.000,47.000,Sophomore,Freshman,Female,Hispanic/Latino
1026,824490463,CMSC  BS -----,1026,7.000,16.000,0.000,23.000,3.0,7.000,7.000,Freshman,Freshman,Male,Black/African American
1026,845835223,CMSC  BS -----,1008,53.000,19.000,6.000,78.000,3.1,4.000,56.000,Junior,Freshman,Male,White
1026,837958999,CMSC  BS -----,1018,35.500,15.000,0.000,50.500,3.4,1.500,35.500,Sophomore,Freshman,Male,Hispanic/Latino
1026,845835223,ENGR    BS -----,1008,53.000,19.000,6.000,78.000,3.1,4.000,56.000,Junior,Freshman,Male,White
1026,833188436,IFSM  BS -----,968,80.000,4.000,56.000,140.000,2.2,3.000,118.500,Senior,Unknown,Male,White
1026,837257394,MATH  BS -----,1010,45.000,15.000,33.000,93.000,3.3,13.000,55.000,Junior,Transfer,Male,Asian
1026,844143292,MATH  BS -----,1008,44.000,3.000,0.000,47.000,2.8,3.000,47.000,Sophomore,Freshman,Female,Hispanic/Latino
1026,822582265,MENG  BS -----,1026,4.000,0.000,0.000,4.000,4.0,4.000,4.000,Freshman,Freshman,Male,White
1026,832355863,MENG  BS -----,998,90.000,24.000,0.000,114.000,3.4,3.000,90.000,Senior,Freshman,Male,Native Hawaiian/Other Pacific Islander
1026,835075820,MUSC  BA MUTC   SPC,1012,32.500,0.000,88.000,101.500,3.9,4.000,32.500,Senior,Transfer,Male,White
1026,833565448,PHYS  BS -----,1016,20.000,6.000,0.000,26.000,2.7,7.000,20.000,Freshman,Freshman,Male,Asian
1026,821639123,PSYC  BA -----,988,96.000,0.000,3.000,99.000,2.5,3.000,100.000,Senior,Freshman,Male,Asian
1026,821817548,STAT  BS -----,1018,29.000,0.000,0.000,29.000,3.0,4.000,33.000,Freshman,Freshman,Male,White
1026,838829900,UGST    BA -----,1026,7.000,10.000,0.000,17.000,3.6,7.000,7.000,Freshman,Freshman,Male,Black/African American
1026,804244041,UGST    BA -----,1018,33.000,12.000,0.000,45.000,3.1,4.000,33.000,Sophomore,Freshman,Male,White
1026,836202551,UGST    BA -----,1018,17.000,9.000,0.000,26.000,3.5,4.000,17.000,Freshman,Freshman,Male,White
