1028,825284198,ACTG  BFA -----,1026,14.000,0.000,0.000,11.000,3.1,17.000,17.000,Freshman,Freshman,Male,Asian
1028,826936334,BIOC  BS -----,1028,17.000,34.000,0.000,51.000,3.3,17.000,17.000,Sophomore,Freshman,Male,White
1028,839251002,BIOC  BS -----,998,71.500,13.000,0.000,84.500,2.0,11.000,83.500,Junior,Freshman,Male,Asian
1028,841387739,BIOC  BS -----,1008,78.500,24.000,0.000,102.500,3.2,10.000,82.500,Senior,Freshman,Male,White
1028,837257394,BINF  BS -----,1010,57.000,15.000,33.000,105.000,3.1,12.000,67.000,Senior,Transfer,Male,Asian
1028,842097646,BINF  BS -----,1018,48.000,13.000,3.000,64.000,3.4,17.000,48.000,Sophomore,Freshman,Male,Asian
1028,815496572,BINF  BS -----,1018,11.000,9.000,55.000,75.000,3.0,6.000,17.000,Junior,Transfer,Male,White
1028,820796490,BINF  BS -----,1018,47.000,43.000,0.000,90.000,3.8,17.000,47.000,Junior,Freshman,Male,Asian
1028,841194517,BINF  BS -----,1028,14.000,0.000,0.000,14.000,2.9,14.000,14.000,Freshman,Freshman,Male,Asian
1028,821424324,BINF  BS -----,1028,18.000,27.000,0.000,45.000,4.0,18.000,18.000,Freshman,Freshman,Male,White
1028,818196286,BINF  BS -----,1016,52.000,23.000,0.000,75.000,3.6,16.000,52.000,Sophomore,Freshman,Female,Native Hawaiian/Other Pacific Islander
1028,836737468,BINF  BS -----,1028,15.000,0.000,2.680,17.680,4.0,18.000,18.000,Freshman,Transfer,Male,White
1028,842555739,BIOL  BA -----,1028,9.000,0.000,79.000,65.000,2.3,9.000,9.000,Junior,Transfer,Male,Hispanic/Latino
1028,833767993,BIOL  BA -----,988,97.000,0.000,54.750,151.750,3.2,9.000,115.000,Senior,Transfer,Male,Asian
1028,816235870,BIOL  BA -----,1018,47.000,0.000,0.000,47.000,3.4,13.000,47.000,Sophomore,Freshman,Male,Asian
1028,845424224,BIOL  BA -----,1028,15.000,6.000,0.000,21.000,3.5,15.000,15.000,Freshman,Freshman,Male,Asian
1028,844363522,BIOL  BS -----,1028,15.000,23.000,0.000,38.000,3.7,15.000,15.000,Freshman,Freshman,Female,Hispanic/Latino
1028,834493188,BIOL  BS -----,1028,4.000,0.000,75.000,64.000,1.5,12.000,12.000,Junior,Transfer,Male,White
1028,846934956,BIOL  BS -----,1028,14.000,44.000,0.000,58.000,4.0,14.000,14.000,Sophomore,Freshman,Female,Asian
1028,823342612,BIOL  BS -----,1018,35.000,9.000,4.000,48.000,2.7,12.000,35.000,Sophomore,Freshman,Male,Asian
1028,802485894,BTA   BA -----,1028,11.000,3.000,7.000,21.000,3.3,11.000,11.000,Freshman,Freshman,Female,White
1028,849324079,BTA   BA -----,1028,12.000,7.000,0.000,19.000,3.3,12.000,12.000,Freshman,Freshman,Male,White
1028,804410503,BTA   BA -----,1028,15.000,6.000,0.000,21.000,2.7,15.000,15.000,Freshman,Freshman,Male,White
1028,804235898,CENG  BS -----,1018,37.000,8.000,10.000,55.000,2.9,9.000,41.000,Sophomore,Freshman,Female,Asian
1028,801177159,CENG  BS -----,1018,36.000,10.000,0.000,46.000,2.4,9.000,36.000,Sophomore,Freshman,Male,White
1028,808983838,CENG  BS -----,1018,42.000,0.000,0.000,42.000,2.6,9.000,42.000,Sophomore,Freshman,Male,Hispanic/Latino
1028,804704180,CENG  BS -----,998,119.500,42.000,0.000,161.500,3.4,20.500,119.500,Senior,Freshman,Male,Asian
1028,842072746,CHEM  BA -----,1028,15.000,27.000,0.000,42.000,2.7,15.000,15.000,Freshman,Freshman,Male,White
1028,811158044,CHEM  BS -----,1008,78.000,6.000,3.000,87.000,2.7,16.000,93.000,Junior,Freshman,Female,Asian
1028,803077087,CHEM  BS -----,1018,49.000,4.000,11.000,64.000,2.9,18.000,49.000,Sophomore,Freshman,Male,White
1028,827621502,CMPE  BS -----,1028,16.000,4.000,0.000,20.000,3.2,16.000,16.000,Freshman,Freshman,Male,White
1028,817174583,CMPE  BS -----,1028,12.000,0.000,86.000,98.000,3.0,12.000,12.000,Junior,Transfer,Male,Black/African American
1028,842522959,CMPE  BS -----,1026,22.000,0.000,0.000,22.000,3.5,15.000,22.000,Freshman,Freshman,Male,Black/African American
1028,842615641,CMPE  BS -----,1028,4.000,0.000,48.000,52.000,3.0,4.000,4.000,Sophomore,Transfer,Male,White
1028,834122795,CMPE  BS -----,1008,63.000,0.000,0.000,63.000,2.7,13.000,63.000,Sophomore,Freshman,Male,White
1028,809985319,CMPE  BS -----,1008,65.000,0.000,0.000,65.000,2.5,14.000,69.000,Sophomore,Freshman,Male,Black/African American
1028,842093273,CMPE  BS -----,1012,48.500,0.000,0.000,48.500,3.3,15.000,48.500,Sophomore,Readmit,Male,Black/African American
1028,819178692,CMPE  BS -----,1028,15.000,0.000,52.000,67.000,2.2,15.000,15.000,Sophomore,Transfer,Male,White
1028,824959343,CMPE  BS -----,1028,10.000,0.000,23.000,33.000,2.9,10.000,10.000,Freshman,Transfer,Female,Hispanic/Latino
1028,826936334,CMPE  BS -----,1028,17.000,34.000,0.000,51.000,3.3,17.000,17.000,Sophomore,Freshman,Male,White
1028,843678237,CMPE  BS -----,1018,28.500,6.000,50.000,80.500,2.8,8.500,32.500,Junior,Transfer,Female,Hispanic/Latino
1028,816494754,CMPE  BS -----,1008,58.000,0.000,4.000,62.000,3.2,4.000,58.000,Sophomore,Freshman,Male,White
1028,828012092,CMPE  BS -----,1008,67.000,0.000,0.000,67.000,3.3,8.000,71.000,Junior,Freshman,Male,Not Specified
1028,808180685,CMPE  BS -----,1028,10.000,0.000,152.570,100.000,3.3,10.000,10.000,Senior,Transfer,Male,White
1028,848023416,CMPE  BS -----,1018,43.500,0.000,7.000,50.500,2.9,15.000,47.500,Sophomore,Freshman,Male,White
1028,842072746,CMPE  BS -----,1028,15.000,27.000,0.000,42.000,2.7,15.000,15.000,Freshman,Freshman,Male,White
1028,821818348,CMPE  BS -----,1018,48.000,0.000,59.000,107.000,2.9,15.000,51.000,Senior,Transfer,Male,White
1028,846388208,CMPE  BS -----,1028,11.000,0.000,131.000,86.000,3.3,11.000,11.000,Senior,Transfer,Male,Hispanic/Latino
1028,807514973,CMPE  BS -----,1028,17.000,33.000,0.000,50.000,3.5,17.000,17.000,Sophomore,Freshman,Male,Asian
1028,835075820,CMPE  BS -----,1012,47.500,0.000,88.000,116.500,3.7,15.000,47.500,Senior,Transfer,Male,White
1028,842561290,CMPE  BS -----,1022,27.000,0.000,16.000,43.000,2.4,12.000,27.000,Sophomore,Transfer,Male,White
1028,801957149,CMPE  BS -----,1018,51.000,4.000,58.000,113.000,3.3,18.000,51.000,Senior,Transfer,Male,White
1028,823314091,CMPE  BS -----,1022,37.000,0.000,75.000,112.000,3.0,14.000,37.000,Senior,Transfer,Female,Black/African American
1028,837161661,CMPE  BS -----,1018,36.000,9.000,0.000,45.000,2.9,15.000,40.000,Sophomore,Freshman,Male,White
1028,819121172,CMPE  BS -----,1018,28.500,34.000,0.000,62.500,2.7,14.500,28.500,Sophomore,Freshman,Male,White
1028,838829900,CMPE  BS -----,1026,15.000,10.000,0.000,25.000,3.5,8.000,15.000,Freshman,Freshman,Male,Black/African American
1028,844439507,CMPE  BS -----,1028,16.000,0.000,43.000,59.000,3.4,16.000,16.000,Sophomore,Transfer,Male,White
1028,849126264,CMPE  BS -----,1028,16.000,4.000,0.000,20.000,3.0,16.000,16.000,Freshman,Freshman,Male,White
1028,818474495,CMPE  BS -----,1008,53.000,0.000,95.000,139.000,3.2,15.000,58.000,Senior,Transfer,Male,Black/African American
1028,843409688,CMPE  BS -----,1008,50.500,12.000,0.000,62.500,3.2,12.000,62.500,Junior,Freshman,Male,Asian
1028,833188436,CMPE  BS -----,968,80.000,4.000,56.000,140.000,2.2,3.000,121.500,Senior,Unknown,Male,White
1028,832728301,CMPE  BS -----,1018,29.500,15.000,0.000,44.500,2.2,3.000,29.500,Sophomore,Freshman,Male,Asian
1028,833848390,CMPE  BS -----,1018,48.500,22.000,0.000,70.500,3.8,15.000,51.500,Sophomore,Freshman,Male,White
1028,846091077,CMPE  BS -----,1018,38.000,0.000,30.150,68.150,3.0,15.000,38.000,Sophomore,Transfer,Male,Black/African American
1028,837375264,CMPE  BS -----,1028,15.000,10.000,0.000,25.000,4.0,15.000,15.000,Freshman,Freshman,Male,White
1028,818924684,CMPE  BS -----,1018,22.500,0.000,0.000,22.500,2.5,3.000,22.500,Freshman,Freshman,Male,White
1028,843287311,CMPE  BS -----,1018,41.000,10.000,3.000,54.000,3.2,15.000,41.000,Sophomore,Freshman,Female,White
1028,830088006,CMPE  BS -----,1018,29.000,13.000,0.000,39.000,2.5,15.000,29.000,Freshman,Freshman,Male,White
1028,838457019,CMPE  BS -----,1028,17.000,8.000,0.000,19.000,4.0,17.000,17.000,Freshman,Freshman,Male,Asian
1028,805478410,CMPE  BS -----,1028,15.000,0.000,0.000,15.000,3.7,15.000,15.000,Freshman,Freshman,Male,White
1028,836529295,CMPE  BS -----,1028,16.000,0.000,0.000,16.000,2.2,16.000,16.000,Freshman,Freshman,Male,White
1028,836920892,CMPE  BS -----,1018,21.000,0.000,70.000,81.000,2.4,4.000,27.000,Junior,Transfer,Male,Black/African American
1028,834503337,CMPE  BS -----,1018,34.000,6.000,0.000,40.000,2.2,3.000,34.000,Sophomore,Freshman,Male,Two or More
1028,804275764,CMPE  BS -----,1028,14.000,20.000,0.000,34.000,4.0,14.000,14.000,Freshman,Freshman,Male,Two or More
1028,810866491,CMPE  BS -----,988,102.000,0.000,3.000,105.000,2.5,7.000,105.000,Senior,Freshman,Male,Asian
1028,821616861,CMPE  BS -----,1028,8.000,0.000,34.000,42.000,3.0,12.000,8.000,Sophomore,Freshman,Male,White
1028,826961547,CMPE  BS -----,1022,23.000,0.000,70.000,86.000,2.7,10.000,23.000,Junior,Transfer,Male,Asian
1028,845178550,CMPE  BS -----,1018,20.000,0.000,22.000,42.000,2.6,7.000,20.000,Sophomore,Transfer,Female,Black/African American
1028,818113838,CMPE  BS -----,1028,13.000,25.000,0.000,38.000,3.3,13.000,13.000,Freshman,Freshman,Male,Asian
1028,832092768,CMPE  BS -----,996,109.000,0.000,0.000,109.000,3.3,12.500,109.000,Senior,Unknown,Male,Black/African American
1028,816873405,CMPE  BS -----,1018,49.000,0.000,0.000,49.000,3.7,17.000,49.000,Sophomore,Freshman,Male,Black/African American
1028,834827460,CMPE  BS -----,1018,44.000,0.000,0.000,44.000,2.8,11.000,44.000,Sophomore,Freshman,Male,Black/African American
1028,804096564,CMPE  BS -----,1016,48.500,0.000,108.000,138.500,2.3,10.000,58.500,Senior,Reinstate,Male,Asian
1028,818619753,CMPE  BS -----,1028,16.000,0.000,11.000,27.000,3.8,16.000,16.000,Freshman,Freshman,Male,White
1028,825192242,CMPE  BS -----,1026,23.000,0.000,6.000,29.000,4.0,16.000,23.000,Freshman,Freshman,Male,Black/African American
1028,843883839,CMPE  BS -----,1018,38.000,0.000,0.000,38.000,3.1,15.000,42.000,Freshman,Freshman,Male,White
1028,844446882,CMPE  BS -----,1028,14.000,4.000,62.000,80.000,4.0,14.000,14.000,Junior,Transfer,Male,White
1028,832900863,CMPE  BS -----,1028,17.000,0.000,0.000,17.000,3.2,17.000,17.000,Freshman,Freshman,Male,White
1028,836737468,CMPE  BS -----,1028,15.000,0.000,2.680,17.680,4.0,18.000,18.000,Freshman,Transfer,Male,White
1028,815524103,CMPE  BS -----,1028,16.000,12.000,0.000,28.000,2.5,16.000,16.000,Freshman,Freshman,Male,White
1028,835134472,CMPE  BS -----,1028,11.000,0.000,17.000,28.000,2.1,14.000,14.000,Freshman,Transfer,Male,White
1028,833506520,CMPE  BS -----,1028,16.000,23.000,0.000,39.000,3.8,16.000,16.000,Freshman,Freshman,Male,White
1028,826116501,CMPE  BS -----,1026,22.000,0.000,0.000,22.000,3.4,15.000,22.000,Freshman,Freshman,Male,Asian
1028,807219547,CMPE  BS -----,1022,71.000,0.000,88.000,156.000,2.7,14.000,82.000,Senior,Readmit,Male,Two or More
1028,845872997,CMPE  BS -----,998,94.000,0.000,0.000,88.000,3.2,9.000,109.000,Junior,Freshman,Male,Asian
1028,822111004,CMPE  BS -----,1028,12.000,6.000,0.000,18.000,1.7,12.000,12.000,Freshman,Freshman,Male,Not Specified
1028,804934848,CMPE  BS -----,1028,14.000,10.000,0.000,24.000,3.4,14.000,14.000,Freshman,Freshman,Male,White
1028,843960635,CMPE  BS -----,1026,22.000,10.000,0.000,32.000,3.8,15.000,22.000,Freshman,Freshman,Male,Black/African American
1028,818440084,CMPE  BS -----,1028,15.000,10.000,0.000,25.000,3.5,15.000,15.000,Freshman,Freshman,Male,Asian
1028,810406616,CMPE  BS -----,1008,58.000,0.000,45.000,97.000,3.5,13.000,58.000,Junior,Transfer,Male,Asian
1028,804803863,CMPE  BS -----,1022,14.000,9.000,28.000,51.000,3.1,3.000,14.000,Sophomore,Transfer,Male,White
1028,842108422,CMSC  BS -----,1018,33.500,9.000,0.000,42.500,2.5,16.000,40.500,Sophomore,Freshman,Male,White
1028,840822397,CMSC  BS -----,1028,17.000,27.000,0.000,44.000,4.0,17.000,17.000,Freshman,Freshman,Male,White
1028,814048024,CMSC  BS -----,1008,67.500,39.000,0.000,106.500,2.5,14.000,71.500,Senior,Freshman,Male,White
1028,817908363,CMSC  BS -----,1028,14.000,54.000,0.000,68.000,4.0,14.000,14.000,Sophomore,Freshman,Male,White
1028,809917355,CMSC  BS -----,1028,7.000,0.000,75.000,77.000,3.0,11.000,11.000,Junior,Transfer,Male,White
1028,842555739,CMSC  BS -----,1028,9.000,0.000,79.000,65.000,2.3,9.000,9.000,Junior,Transfer,Male,Hispanic/Latino
1028,829944153,CMSC  BS -----,1018,42.000,0.000,0.000,42.000,3.9,15.000,42.000,Freshman,Freshman,Male,White
1028,817997577,CMSC  BS -----,1028,16.000,34.000,0.000,50.000,3.4,16.000,16.000,Sophomore,Freshman,Male,White
1028,843899951,CMSC  BS -----,1028,15.000,0.000,0.000,15.000,4.0,15.000,15.000,Freshman,Freshman,Male,White
1028,834122795,CMSC  BS -----,1008,63.000,0.000,0.000,63.000,2.7,13.000,63.000,Sophomore,Freshman,Male,White
1028,848493934,CMSC  BS -----,996,71.000,16.000,0.000,84.000,2.3,9.000,95.500,Junior,Unknown,Male,White
1028,846926851,CMSC  BS -----,1026,22.000,6.000,0.000,28.000,3.7,15.000,22.000,Freshman,Freshman,Female,Black/African American
1028,832067625,CMSC  BS -----,1028,15.000,0.000,60.000,75.000,2.6,15.000,15.000,Junior,Transfer,Male,White
1028,802557060,CMSC  BS -----,1028,4.000,21.000,42.000,67.000,1.0,8.000,8.000,Junior,Transfer,Male,White
1028,803044513,CMSC  BS -----,1028,11.000,44.000,0.000,55.000,3.4,11.000,11.000,Sophomore,Freshman,Male,Asian
1028,818601323,CMSC  BS -----,1018,45.000,12.000,0.000,57.000,3.0,14.000,45.000,Sophomore,Freshman,Male,Asian
1028,835203210,CMSC  BS -----,1028,15.000,22.000,0.000,37.000,4.0,15.000,15.000,Freshman,Freshman,Male,White
1028,835736079,CMSC  BS -----,998,71.500,13.000,0.000,84.500,2.4,7.500,74.500,Junior,Freshman,Male,White
1028,834132114,CMSC  BS -----,1028,16.000,3.000,0.000,19.000,2.8,16.000,16.000,Freshman,Freshman,Male,White
1028,839290011,CMSC  BS -----,1026,22.000,15.000,0.000,37.000,3.5,15.000,22.000,Freshman,Freshman,Male,White
1028,827609579,CMSC  BS -----,1028,13.000,11.000,8.000,32.000,3.8,13.000,13.000,Freshman,Freshman,Male,White
1028,846325381,CMSC  BS -----,1008,43.000,0.000,64.000,100.000,2.4,11.000,52.500,Junior,Reinstate,Male,White
1028,812670837,CMSC  BS -----,1018,21.000,7.000,0.000,28.000,2.5,7.000,21.000,Freshman,Freshman,Male,Black/African American
1028,825311074,CMSC  BS -----,1028,13.000,0.000,49.000,62.000,3.2,13.000,13.000,Sophomore,Transfer,Male,White
1028,801621326,CMSC  BS -----,1028,14.000,0.000,0.000,14.000,2.4,14.000,14.000,Freshman,Freshman,Male,White
1028,831030103,CMSC  BS -----,1028,14.000,0.000,0.000,14.000,3.5,14.000,14.000,Freshman,Freshman,Male,Asian
1028,823791569,CMSC  BS -----,1018,37.000,0.000,6.000,43.000,3.7,11.000,37.000,Sophomore,Freshman,Male,Asian
1028,802036547,CMSC  BS -----,1028,11.000,9.000,0.000,20.000,3.4,11.000,11.000,Freshman,Freshman,Male,Asian
1028,837170737,CMSC  BS -----,1018,41.000,20.000,0.000,61.000,3.0,16.000,41.000,Sophomore,Freshman,Female,Asian
1028,827614406,CMSC  BS -----,998,52.000,9.000,0.000,61.000,2.0,7.000,77.000,Sophomore,Freshman,Male,Asian
1028,806981308,CMSC  BS -----,1028,15.000,0.000,7.000,22.000,3.3,15.000,15.000,Freshman,Freshman,Male,White
1028,816494754,CMSC  BS -----,1008,58.000,0.000,4.000,62.000,3.2,4.000,58.000,Sophomore,Freshman,Male,White
1028,806932715,CMSC  BS -----,1018,39.000,0.000,0.000,39.000,3.1,14.000,42.000,Freshman,Freshman,Male,White
1028,848427720,CMSC  BS -----,1012,58.000,10.000,27.000,95.000,2.9,9.000,58.000,Junior,Transfer,Male,White
1028,823085155,CMSC  BS -----,1028,15.000,0.000,0.000,15.000,2.7,15.000,15.000,Freshman,Freshman,Male,White
1028,825182591,CMSC  BS -----,1028,15.000,14.000,0.000,29.000,3.2,15.000,15.000,Freshman,Freshman,Male,White
1028,833107595,CMSC  BS -----,1028,12.000,25.000,0.000,37.000,2.7,12.000,12.000,Freshman,Freshman,Male,Two or More
1028,808477061,CMSC  BS -----,1022,21.000,0.000,44.000,65.000,3.5,8.000,21.000,Sophomore,Transfer,Male,Black/African American
1028,837847457,CMSC  BS -----,1018,42.000,4.000,0.000,46.000,3.1,13.000,42.000,Sophomore,Freshman,Male,White
1028,848250612,CMSC  BS -----,1028,13.000,0.000,0.000,13.000,3.2,13.000,13.000,Freshman,Freshman,Female,Two or More
1028,801667108,CMSC  BS -----,998,44.000,25.000,25.000,94.000,2.0,3.000,59.500,Senior,Transfer,Male,White
1028,801840331,CMSC  BS -----,1022,19.000,20.000,25.000,64.000,3.2,12.000,22.000,Sophomore,Transfer,Male,White
1028,842561290,CMSC  BS -----,1022,27.000,0.000,16.000,43.000,2.4,12.000,27.000,Sophomore,Transfer,Male,White
1028,814852204,CMSC  BS -----,1028,17.000,0.000,31.000,48.000,3.3,17.000,17.000,Sophomore,Transfer,Male,White
1028,829468411,CMSC  BS -----,1006,74.500,0.000,94.000,134.500,2.9,12.000,86.500,Senior,Transfer,Female,White
1028,815496572,CMSC  BS -----,1018,11.000,9.000,55.000,75.000,3.0,6.000,17.000,Junior,Transfer,Male,White
1028,802982737,CMSC  BS -----,1018,19.000,6.000,8.000,30.000,2.0,9.000,29.000,Freshman,Freshman,Male,White
1028,842556251,CMSC  BS -----,1018,41.000,12.000,0.000,53.000,3.1,17.000,41.000,Sophomore,Freshman,Male,White
1028,809588741,CMSC  BS -----,1028,8.000,0.000,33.000,41.000,3.5,8.000,8.000,Sophomore,Freshman,Male,White
1028,827440333,CMSC  BS -----,1028,8.000,3.000,59.000,67.000,2.0,8.000,8.000,Junior,Transfer,Male,White
1028,808646333,CMSC  BS -----,988,53.000,6.000,0.000,59.000,2.6,3.000,61.000,Sophomore,Unknown,Male,Native Hawaiian/Other Pacific Islander
1028,807615285,CMSC  BS -----,1028,7.000,0.000,0.000,7.000,3.0,11.000,11.000,Freshman,Freshman,Male,Black/African American
1028,802147750,CMSC  BS -----,1028,14.000,14.000,0.000,28.000,3.1,14.000,14.000,Freshman,Freshman,Male,White
1028,816130220,CMSC  BS -----,1018,22.000,8.000,0.000,30.000,1.4,15.000,33.000,Freshman,Freshman,Male,White
1028,839973756,CMSC  BS -----,1026,24.000,21.000,0.000,45.000,4.0,17.000,24.000,Freshman,Freshman,Female,White
1028,846437692,CMSC  BS -----,1022,23.000,33.000,12.000,68.000,3.4,14.000,23.000,Sophomore,Transfer,Female,White
1028,832852993,CMSC  BS -----,1028,14.000,0.000,46.000,60.000,3.4,14.000,14.000,Sophomore,Transfer,Male,White
1028,812916914,CMSC  BS -----,1018,33.000,4.000,0.000,37.000,2.8,15.000,36.000,Freshman,Freshman,Male,White
1028,814797826,CMSC  BS -----,1028,8.000,0.000,88.000,94.000,2.5,8.000,8.000,Junior,Transfer,Male,Asian
1028,812888605,CMSC  BS -----,1018,46.000,6.000,0.000,52.000,2.7,18.000,46.000,Sophomore,Freshman,Male,White
1028,835725108,CMSC  BS -----,1028,6.000,10.000,75.000,91.000,3.5,6.000,6.000,Junior,Transfer,Male,White
1028,820805871,CMSC  BS -----,1028,11.000,0.000,0.000,11.000,3.3,11.000,11.000,Freshman,Freshman,Male,White
1028,823211171,CMSC  BS -----,1018,37.000,0.000,0.000,31.000,3.6,8.000,45.000,Freshman,Transfer,Male,Not Specified
1028,828060446,CMSC  BS -----,1018,42.000,0.000,61.000,102.000,3.1,12.000,42.000,Senior,Transfer,Male,White
1028,800093769,CMSC  BS -----,1026,19.000,0.000,54.000,64.000,3.2,12.000,19.000,Junior,Transfer,Female,Black/African American
1028,839883443,CMSC  BS -----,1028,18.000,20.000,0.000,35.000,3.3,18.000,18.000,Freshman,Freshman,Male,Asian
1028,849129518,CMSC  BS -----,1028,16.000,0.000,0.000,16.000,3.0,16.000,16.000,Freshman,Freshman,Male,White
1028,818924684,CMSC  BS -----,1018,22.500,0.000,0.000,22.500,2.5,3.000,22.500,Freshman,Freshman,Male,White
1028,835514021,CMSC  BS -----,1028,11.000,14.000,0.000,25.000,2.0,11.000,11.000,Freshman,Freshman,Male,Asian
1028,825166624,CMSC  BS -----,1008,59.000,4.000,0.000,54.000,3.0,15.000,59.000,Sophomore,Freshman,Male,Not Specified
1028,818274856,CMSC  BS -----,1008,62.000,9.000,0.000,71.000,3.6,10.000,62.000,Junior,Freshman,Male,Black/African American
1028,818285014,CMSC  BS -----,1018,40.000,15.000,3.000,58.000,3.1,10.000,40.000,Sophomore,Freshman,Male,White
1028,845159590,CMSC  BS -----,1018,32.000,20.000,0.000,52.000,2.2,15.000,43.000,Sophomore,Freshman,Male,White
1028,804985023,CMSC  BS -----,1028,15.000,3.000,0.000,18.000,2.7,15.000,15.000,Freshman,Freshman,Male,White
1028,802850742,CMSC  BS -----,1018,45.000,3.000,0.000,48.000,2.8,13.000,48.000,Sophomore,Freshman,Male,White
1028,827884893,CMSC  BS -----,1018,35.000,0.000,0.000,35.000,2.7,14.000,35.000,Freshman,Freshman,Male,White
1028,846022882,CMSC  BS -----,1012,39.500,18.000,64.000,121.500,2.9,14.000,49.500,Senior,Transfer,Female,White
1028,805560659,CMSC  BS -----,1018,36.500,0.000,4.000,40.500,3.1,15.500,36.500,Freshman,Freshman,Male,White
1028,838457019,CMSC  BS -----,1028,17.000,8.000,0.000,19.000,4.0,17.000,17.000,Freshman,Freshman,Male,Asian
1028,814982197,CMSC  BS -----,1028,17.000,37.000,0.000,54.000,4.0,17.000,17.000,Sophomore,Freshman,Male,White
1028,821668252,CMSC  BS -----,1028,14.000,12.000,0.000,26.000,4.0,14.000,14.000,Freshman,Freshman,Male,Not Specified
1028,819142483,CMSC  BS -----,1018,37.500,16.000,0.000,53.500,3.7,14.500,41.500,Sophomore,Freshman,Male,White
1028,832319620,CMSC  BS -----,1028,12.000,12.000,0.000,24.000,3.8,12.000,12.000,Freshman,Freshman,Female,Hispanic/Latino
1028,825284198,CMSC  BS -----,1026,14.000,0.000,0.000,11.000,3.1,17.000,17.000,Freshman,Freshman,Male,Asian
1028,846238346,CMSC  BS -----,1028,7.000,25.000,0.000,32.000,3.0,7.000,7.000,Freshman,Freshman,Male,Asian
1028,844425815,CMSC  BS -----,1028,15.000,16.000,0.000,31.000,3.5,15.000,15.000,Freshman,Freshman,Male,White
1028,821817548,CMSC  BS -----,1018,37.000,0.000,0.000,37.000,2.9,11.000,44.000,Freshman,Freshman,Male,White
1028,829211655,CMSC  BS -----,1018,37.000,0.000,0.000,37.000,2.7,17.000,37.000,Freshman,Freshman,Male,White
1028,800960406,CMSC  BS -----,1028,15.000,0.000,39.000,48.000,3.1,15.000,15.000,Sophomore,Transfer,Male,White
1028,806921009,CMSC  BS -----,1008,36.000,3.000,0.000,39.000,2.2,6.000,49.000,Sophomore,Freshman,Male,Black/African American
1028,840294354,CMSC  BS -----,1028,16.000,0.000,57.000,61.000,2.8,16.000,16.000,Sophomore,Transfer,Male,Black/African American
1028,818864459,CMSC  BS -----,1026,22.000,16.000,0.000,38.000,4.0,15.000,22.000,Freshman,Freshman,Female,Two or More
1028,810391096,CMSC  BS -----,1028,15.000,29.000,0.000,44.000,3.7,15.000,15.000,Freshman,Freshman,Female,Hispanic/Latino
1028,821486393,CMSC  BS -----,978,129.000,0.000,0.000,129.000,2.7,10.000,136.000,Senior,Freshman,Male,White
1028,836949203,CMSC  BS -----,1028,31.000,3.000,23.000,54.000,2.8,16.000,40.000,Sophomore,Transfer,Male,White
1028,816228899,CMSC  BS -----,1028,17.000,0.000,8.000,25.000,3.2,17.000,17.000,Freshman,Freshman,Male,American Indian/Alaska Native
1028,849324079,CMSC  BS -----,1028,12.000,7.000,0.000,19.000,3.3,12.000,12.000,Freshman,Freshman,Male,White
1028,808134429,CMSC  BS -----,1028,17.000,16.000,0.000,33.000,3.2,18.500,18.500,Freshman,Freshman,Male,White
1028,801494523,CMSC  BS -----,1018,32.000,6.000,0.000,38.000,2.2,7.000,36.000,Sophomore,Freshman,Male,Two or More
1028,808631790,CMSC  BS -----,1028,12.000,3.000,0.000,15.000,4.0,12.000,12.000,Freshman,Freshman,Male,White
1028,839352720,CMSC  BS -----,1018,36.000,0.000,0.000,36.000,4.0,12.000,36.000,Freshman,Transfer,Male,Asian
1028,818113838,CMSC  BS -----,1028,13.000,25.000,0.000,38.000,3.3,13.000,13.000,Freshman,Freshman,Male,Asian
1028,827240262,CMSC  BS -----,1018,32.000,3.000,0.000,35.000,2.9,12.000,32.000,Freshman,Freshman,Male,White
1028,844683255,CMSC  BS -----,1026,23.000,0.000,0.000,23.000,3.5,16.000,23.000,Freshman,Freshman,Male,Black/African American
1028,844143292,CMSC  BS -----,1008,58.000,3.000,0.000,61.000,2.9,14.000,61.000,Sophomore,Freshman,Female,Hispanic/Latino
1028,828846547,CMSC  BS -----,1018,39.000,19.000,3.000,61.000,3.0,14.000,39.000,Sophomore,Freshman,Male,American Indian/Alaska Native
1028,801720405,CMSC  BS -----,1018,19.000,0.000,70.000,75.000,3.1,6.000,23.000,Junior,Transfer,Male,Two or More
1028,811505069,CMSC  BS -----,1028,12.000,25.000,0.000,37.000,3.3,12.000,12.000,Freshman,Freshman,Male,Asian
1028,804410503,CMSC  BS -----,1028,15.000,6.000,0.000,21.000,2.7,15.000,15.000,Freshman,Freshman,Male,White
1028,837834132,CMSC  BS -----,1018,14.000,0.000,0.000,14.000,2.8,3.000,17.000,Freshman,Transfer,Male,White
1028,825355638,CMSC  BS -----,1028,15.000,0.000,0.000,15.000,4.0,15.000,15.000,Freshman,Transfer,Female,Asian
1028,822134099,CMSC  BS -----,1028,12.000,0.000,60.000,72.000,3.1,12.000,12.000,Junior,Transfer,Male,Hispanic/Latino
1028,804716581,CMSC  BS -----,1028,15.000,4.000,0.000,19.000,4.0,15.000,15.000,Freshman,Freshman,Female,White
1028,806228505,CMSC  BS -----,1008,47.000,0.000,4.000,51.000,2.5,15.000,51.000,Sophomore,Freshman,Male,Black/African American
1028,813382616,CMSC  BS -----,1028,14.000,25.000,0.000,39.000,3.8,14.000,14.000,Freshman,Freshman,Male,White
1028,847889826,CMSC  BS -----,1028,31.500,4.000,40.000,72.500,2.6,16.000,31.500,Sophomore,Reinstate,Male,White
1028,817696023,CMSC  BS -----,1028,14.500,33.000,0.000,47.500,4.0,14.500,14.500,Sophomore,Freshman,Male,White
1028,849919957,CMSC  BS -----,1028,16.000,9.000,0.000,25.000,3.5,16.000,16.000,Freshman,Freshman,Male,White
1028,815524103,CMSC  BS -----,1028,16.000,12.000,0.000,28.000,2.5,16.000,16.000,Freshman,Freshman,Male,White
1028,802423143,CMSC  BS -----,1028,13.500,12.000,0.000,25.500,3.0,13.500,13.500,Freshman,Freshman,Male,Hispanic/Latino
1028,830839127,CMSC  BS -----,1018,24.000,9.000,62.000,93.000,3.4,12.000,24.000,Junior,Transfer,Male,White
1028,844652021,CMSC  BS -----,1018,45.000,11.000,0.000,56.000,3.4,19.000,45.000,Sophomore,Freshman,Female,Asian
1028,813617622,CMSC  BS -----,1018,42.000,0.000,6.000,48.000,3.7,14.000,42.000,Sophomore,Freshman,Male,White
1028,840724635,CMSC  BS -----,1028,12.500,0.000,52.000,64.500,3.5,12.500,12.500,Sophomore,Transfer,Male,White
1028,813403062,CMSC  BS -----,1018,38.000,19.000,0.000,57.000,2.6,18.000,38.000,Sophomore,Freshman,Male,White
1028,829061072,CMSC  BS -----,1028,16.000,0.000,0.000,16.000,3.4,16.000,16.000,Freshman,Freshman,Male,Black/African American
1028,801409416,CMSC  BS -----,1018,39.000,31.000,0.000,70.000,3.2,17.000,39.000,Sophomore,Freshman,Male,Asian
1028,809927411,CMSC  BS -----,1028,15.000,14.000,0.000,29.000,3.3,15.000,15.000,Freshman,Freshman,Male,Asian
1028,826307010,CMSC  BS -----,1008,49.000,0.000,0.000,49.000,1.9,13.000,69.000,Sophomore,Freshman,Male,Asian
1028,824490463,CMSC  BS -----,1026,18.000,16.000,0.000,34.000,3.2,11.000,18.000,Freshman,Freshman,Male,Black/African American
1028,808165836,CMSC  BS -----,1028,15.000,9.000,0.000,24.000,3.7,15.000,15.000,Freshman,Freshman,Male,White
1028,849448417,CMSC  BS -----,1028,19.000,0.000,0.000,16.000,3.2,19.000,19.000,Freshman,Freshman,Male,Asian
1028,802124115,CMSC  BS -----,1028,15.000,0.000,30.000,45.000,2.7,15.000,15.000,Sophomore,Transfer,Male,Black/African American
1028,841089491,CMSC  BS -----,1028,16.500,21.000,0.000,37.500,3.5,16.500,16.500,Freshman,Freshman,Male,White
1028,823169530,CMSC  BS -----,1038,8.000,0.000,0.000,8.000,3.5,4.000,8.000,Freshman,High School Concurrent Enroll,Male,White
1028,831417839,CMSC  BS -----,1028,12.000,0.000,67.670,74.670,3.0,12.000,12.000,Junior,Transfer,Female,White
1028,809251577,CMSC  BS -----,1028,14.000,0.000,57.000,71.000,2.9,14.000,14.000,Sophomore,Transfer,Male,White
1028,845835223,CMSC  BS -----,1008,69.000,19.000,6.000,94.000,2.9,16.000,72.000,Junior,Freshman,Male,White
1028,818936055,CMSC  BS -----,1018,31.000,6.000,14.000,51.000,2.5,17.000,38.000,Sophomore,Freshman,Male,Two or More
1028,816284306,CMSC  BS -----,1028,14.000,0.000,0.000,14.000,2.8,14.000,14.000,Freshman,Freshman,Male,Two or More
1028,837958999,CMSC  BS -----,1018,49.000,15.000,0.000,64.000,3.3,13.500,49.000,Sophomore,Freshman,Male,Hispanic/Latino
1028,803125283,CMSC  BS -----,1018,39.000,0.000,4.000,40.000,2.2,16.000,42.000,Freshman,Freshman,Male,White
1028,822256214,CMSC  BS -----,1028,13.000,7.000,0.000,20.000,3.8,13.000,13.000,Freshman,Freshman,Male,Asian
1028,813049992,CMSC  BS -----,998,59.000,0.000,49.000,108.000,2.2,11.000,91.000,Senior,Transfer,Male,Asian
1028,826923612,CMSC  BS -----,1028,15.000,0.000,99.000,105.000,2.5,11.000,15.000,Senior,Transfer,Male,Asian
1028,825035313,CMSC  BS -----,1018,48.000,0.000,0.000,48.000,3.0,13.000,48.000,Sophomore,Freshman,Male,Asian
1028,824635064,CMSC  BS -----,1028,15.000,23.000,0.000,38.000,3.7,15.000,15.000,Freshman,Freshman,Male,Asian
1028,811186830,CMSC  BS -----,1022,26.000,0.000,62.000,86.000,3.7,16.000,29.000,Junior,Transfer,Male,White
1028,841538100,CMSC  BS -----,1028,14.000,0.000,63.000,74.000,3.3,14.000,14.000,Junior,Transfer,Male,White
1028,808134429,ECON  BA -----,1028,17.000,16.000,0.000,33.000,3.2,18.500,18.500,Freshman,Freshman,Male,White
1028,827621502,ENGR    BS -----,1028,16.000,4.000,0.000,20.000,3.2,16.000,16.000,Freshman,Freshman,Male,White
1028,808180685,ENGR    BS -----,1028,10.000,0.000,152.570,100.000,3.3,10.000,10.000,Senior,Transfer,Male,White
1028,806298331,ENGR    BS -----,1028,14.000,8.000,7.000,29.000,3.4,14.000,14.000,Freshman,Freshman,Male,White
1028,805478410,ENGR    BS -----,1028,15.000,0.000,0.000,15.000,3.7,15.000,15.000,Freshman,Freshman,Male,White
1028,836529295,ENGR    BS -----,1028,16.000,0.000,0.000,16.000,2.2,16.000,16.000,Freshman,Freshman,Male,White
1028,821616861,ENGR    BS -----,1028,8.000,0.000,34.000,42.000,3.0,12.000,8.000,Sophomore,Freshman,Male,White
1028,818619753,ENGR    BS -----,1028,16.000,0.000,11.000,27.000,3.8,16.000,16.000,Freshman,Freshman,Male,White
1028,833506520,ENGR    BS -----,1028,16.000,23.000,0.000,39.000,3.8,16.000,16.000,Freshman,Freshman,Male,White
1028,849448417,ENGR    BS -----,1028,19.000,0.000,0.000,16.000,3.2,19.000,19.000,Freshman,Freshman,Male,Asian
1028,802124115,ENGR    BS -----,1028,15.000,0.000,30.000,45.000,2.7,15.000,15.000,Sophomore,Transfer,Male,Black/African American
1028,823169530,ENGR    BS -----,1038,8.000,0.000,0.000,8.000,3.5,4.000,8.000,Freshman,High School Concurrent Enroll,Male,White
1028,845835223,ENGR    BS -----,1008,69.000,19.000,6.000,94.000,2.9,16.000,72.000,Junior,Freshman,Male,White
1028,832282421,ENSC  BS -----,1018,42.000,0.000,0.000,42.000,2.5,14.000,42.000,Freshman,Freshman,Male,Two or More
1028,846325381,FIEC  BS -----,1008,43.000,0.000,64.000,100.000,2.4,11.000,52.500,Junior,Reinstate,Male,White
1028,804943156,HIST  BA -----,1028,12.000,26.000,0.000,38.000,3.3,12.000,12.000,Freshman,Freshman,Male,White
1028,825025613,IFSM  BS -----,998,78.000,7.000,3.000,88.000,2.7,15.000,89.000,Junior,Freshman,Male,Asian
1028,808566402,IFSM  BS -----,1008,72.500,3.000,0.000,75.500,3.1,13.000,72.500,Junior,Freshman,Female,White
1028,807615285,IFSM  BS -----,1028,7.000,0.000,0.000,7.000,3.0,11.000,11.000,Freshman,Freshman,Male,Black/African American
1028,833188436,IFSM  BS -----,968,80.000,4.000,56.000,140.000,2.2,3.000,121.500,Senior,Unknown,Male,White
1028,809237841,IFSM  BS -----,1028,14.000,4.000,0.000,18.000,2.4,14.000,14.000,Freshman,Freshman,Male,Not Specified
1028,845733819,IFSM  BS -----,1018,50.500,6.000,32.000,88.500,2.4,17.500,72.500,Junior,Reinstate,Male,White
1028,839352720,IFSM  BS -----,1018,36.000,0.000,0.000,36.000,4.0,12.000,36.000,Freshman,Transfer,Male,Asian
1028,823996373,IFSM  BS -----,1008,66.000,10.000,0.000,76.000,2.9,18.000,72.000,Junior,Freshman,Female,Asian
1028,839883443,MATH  BA -----,1028,18.000,20.000,0.000,35.000,3.3,18.000,18.000,Freshman,Freshman,Male,Asian
1028,820638008,MATH  BA -----,1028,17.000,30.000,0.000,47.000,4.0,17.000,17.000,Sophomore,Freshman,Female,White
1028,808631790,MATH  BA -----,1028,12.000,3.000,0.000,15.000,4.0,12.000,12.000,Freshman,Freshman,Male,White
1028,819292751,MATH  BA -----,1028,16.000,41.000,0.000,57.000,3.8,16.000,16.000,Sophomore,Freshman,Male,White
1028,840822397,MATH  BS -----,1028,17.000,27.000,0.000,44.000,4.0,17.000,17.000,Freshman,Freshman,Male,White
1028,838651788,MATH  BS -----,1028,14.000,3.000,0.000,17.000,3.8,14.000,14.000,Freshman,Freshman,Male,White
1028,837257394,MATH  BS -----,1010,57.000,15.000,33.000,105.000,3.1,12.000,67.000,Senior,Transfer,Male,Asian
1028,817993305,MATH  BS -----,1028,13.000,4.000,60.000,74.000,2.5,13.000,13.000,Junior,Transfer,Male,White
1028,812038324,MATH  BS -----,1018,45.000,0.000,0.000,45.000,3.5,15.000,45.000,Sophomore,Freshman,Male,White
1028,803311580,MATH  BS -----,1008,67.000,14.000,0.000,81.000,3.9,16.000,67.000,Junior,Freshman,Female,White
1028,846437692,MATH  BS -----,1022,23.000,33.000,12.000,68.000,3.4,14.000,23.000,Sophomore,Transfer,Female,White
1028,829926814,MATH  BS -----,1008,73.500,4.000,0.000,77.500,3.2,14.000,76.500,Junior,Freshman,Female,White
1028,819401534,MATH  BS -----,1018,51.000,8.000,7.000,66.000,3.4,16.000,51.000,Sophomore,Freshman,Male,White
1028,836439075,MATH  BS -----,986,152.500,12.000,0.000,164.500,3.3,17.000,163.000,Senior,Unknown,Male,Asian
1028,844143292,MATH  BS -----,1008,58.000,3.000,0.000,61.000,2.9,14.000,61.000,Sophomore,Freshman,Female,Hispanic/Latino
1028,821357016,MATH  BS -----,1028,74.000,25.000,0.000,99.000,3.2,8.000,85.500,Senior,Readmit,Male,Asian
1028,824635064,MATH  BS -----,1028,15.000,23.000,0.000,38.000,3.7,15.000,15.000,Freshman,Freshman,Male,Asian
1028,819395001,MENG  BS -----,1028,17.000,7.000,29.000,53.000,4.0,17.000,17.000,Sophomore,Transfer,Female,White
1028,832425367,MENG  BS -----,1028,16.000,23.000,0.000,39.000,4.0,16.000,16.000,Freshman,Freshman,Male,White
1028,839722945,MENG  BS -----,1008,60.500,0.000,57.000,117.500,3.1,17.000,60.500,Senior,Transfer,Male,White
1028,822582265,MENG  BS -----,1026,20.500,0.000,6.000,26.500,2.8,16.500,20.500,Freshman,Freshman,Male,White
1028,835278929,MENG  BS -----,1018,24.500,0.000,9.000,33.500,3.8,12.000,24.500,Freshman,Freshman,Male,White
1028,804791271,MENG  BS -----,1028,13.000,8.000,0.000,21.000,3.5,13.000,13.000,Freshman,Freshman,Male,White
1028,809237841,MENG  BS -----,1028,14.000,4.000,0.000,18.000,2.4,14.000,14.000,Freshman,Freshman,Male,Not Specified
1028,811401949,MENG  BS -----,998,98.000,10.000,3.000,111.000,3.1,13.000,105.000,Senior,Freshman,Male,White
1028,837715141,MENG  BS -----,1018,32.500,8.000,4.000,41.500,2.5,17.000,35.500,Freshman,Freshman,Male,White
1028,807269050,MENG  BS -----,1002,39.000,0.000,65.000,99.000,2.5,7.000,42.000,Senior,Transfer,Male,White
1028,832355863,MENG  BS -----,998,106.500,24.000,0.000,130.500,3.4,16.500,106.500,Senior,Freshman,Male,Native Hawaiian/Other Pacific Islander
1028,802642698,MENG  BS -----,1018,43.000,16.000,13.000,72.000,2.5,15.000,43.000,Sophomore,Freshman,Male,White
1028,825648552,MENG  BS -----,1028,12.000,7.000,0.000,19.000,2.3,12.000,12.000,Freshman,Freshman,Male,Asian
1028,819430994,MENG  BS -----,1018,27.000,8.000,0.000,35.000,2.3,15.000,33.000,Freshman,Freshman,Male,Asian
1028,838306527,MLL   BA LING  SPC,1028,15.000,35.000,0.000,50.000,4.0,15.000,15.000,Sophomore,Freshman,Female,White
1028,826825765,MUSC  BA MUED   SPC,1028,20.000,26.000,0.000,46.000,4.0,20.000,20.000,Freshman,Freshman,Male,White
1028,835075820,MUSC  BA MUTC   SPC,1012,47.500,0.000,88.000,116.500,3.7,15.000,47.500,Senior,Transfer,Male,White
1028,833832804,PHYS  BS -----,1028,15.000,0.000,123.750,105.000,2.6,6.000,25.000,Senior,Readmit,Male,Black/African American
1028,817993305,PHYS  BS -----,1028,13.000,4.000,60.000,74.000,2.5,13.000,13.000,Junior,Transfer,Male,White
1028,818458649,PHYS  BS -----,1028,11.000,7.000,0.000,18.000,2.6,11.000,11.000,Freshman,Freshman,Male,White
1028,844719740,PHYS  BS -----,1008,81.500,35.000,0.000,116.500,3.7,17.500,81.500,Senior,Freshman,Female,Asian
1028,835278929,PHYS  BS -----,1018,24.500,0.000,9.000,33.500,3.8,12.000,24.500,Freshman,Freshman,Male,White
1028,804716581,PHYS  BS -----,1028,15.000,4.000,0.000,19.000,4.0,15.000,15.000,Freshman,Freshman,Female,White
1028,833565448,PHYS  BS -----,1016,24.000,6.000,0.000,30.000,2.8,4.000,24.000,Freshman,Freshman,Male,Asian
1028,819292751,PHYS  BS -----,1028,16.000,41.000,0.000,57.000,3.8,16.000,16.000,Sophomore,Freshman,Male,White
1028,824348566,PHYS  BS -----,1018,39.000,30.000,3.000,72.000,3.3,16.000,39.000,Sophomore,Freshman,Male,White
1028,810391096,PSYC  BA -----,1028,15.000,29.000,0.000,44.000,3.7,15.000,15.000,Freshman,Freshman,Female,Hispanic/Latino
1028,821639123,PSYC  BA -----,988,111.000,0.000,3.000,114.000,2.6,15.000,115.000,Senior,Freshman,Male,Asian
1028,819395001,STAT  BS -----,1028,17.000,7.000,29.000,53.000,4.0,17.000,17.000,Sophomore,Transfer,Female,White
1028,831700175,STAT  BS -----,1018,31.000,9.000,4.000,41.000,2.2,14.000,34.000,Sophomore,Freshman,Male,White
1028,821817548,STAT  BS APST   TRK,1018,37.000,0.000,0.000,37.000,2.9,11.000,44.000,Freshman,Freshman,Male,White
1028,829944935,UGST    BA -----,1028,16.000,0.000,0.000,16.000,3.8,16.000,16.000,Freshman,Freshman,Male,White
1028,822916003,UGST    BA -----,1018,48.500,0.000,0.000,48.500,3.1,16.000,48.500,Sophomore,Freshman,Male,Black/African American
1028,826581900,UGST    BA -----,1028,15.000,9.000,0.000,24.000,3.5,15.000,15.000,Freshman,Freshman,Male,White
1028,849462675,UGST    BA -----,1028,43.500,0.000,40.000,83.500,2.7,12.500,77.500,Junior,Reinstate,Male,Asian
1028,804244041,UGST    BA -----,1018,48.000,12.000,0.000,60.000,3.1,15.000,48.000,Sophomore,Freshman,Male,White
1028,836202551,UGST    BA -----,1018,27.000,9.000,0.000,36.000,3.0,10.000,27.000,Freshman,Freshman,Male,White
1028,802837155,UGST    BA -----,1008,25.000,29.000,3.000,54.000,3.6,7.000,46.000,Sophomore,Freshman,Male,White
1028,843764102,UGST    BA -----,1018,32.000,0.000,8.000,40.000,3.1,12.000,34.000,Sophomore,Freshman,Male,Asian
1028,806994606,UGST    BA DENT   OPT,1008,57.500,19.000,0.000,76.500,2.5,4.000,57.500,Junior,Freshman,Male,White
1028,830051510,UGST    BA PHAR   OPT,1022,18.000,15.000,55.000,88.000,3.4,15.500,26.500,Junior,Transfer,Female,White
1028,842492644,VAAV    BA AI     SPC,1028,15.000,23.000,0.000,38.000,4.0,15.000,15.000,Freshman,Freshman,Female,White
1028,848023416,VAAV    BA GR     SPC,1018,43.500,0.000,7.000,50.500,2.9,15.000,47.500,Sophomore,Freshman,Male,White
