1046,804235898,BINF  BS -----,1018,88.000,8.000,10.000,106.000,2.9,7.000,95.000,Senior,Freshman,Female,Asian
1046,824868055,BINF  BS -----,1030,41.000,0.000,70.500,111.500,2.8,4.000,44.000,Senior,Transfer,Male,Asian
1046,830051510,BINF  BS -----,1022,61.500,15.000,55.000,131.500,3.2,4.000,74.000,Senior,Transfer,Female,White
1046,821424324,BINF  BS -----,1028,80.000,27.000,0.000,107.000,4.0,3.000,80.000,Senior,Freshman,Male,White
1046,844652021,BINF  BS -----,1018,96.500,11.000,0.000,107.500,3.2,5.500,96.500,Senior,Freshman,Female,Asian
1046,842555739,BIOL  BA -----,1028,37.500,0.000,79.000,93.500,2.2,5.500,50.500,Junior,Transfer,Male,Hispanic/Latino
1046,816235870,BIOL  BA -----,1018,115.000,0.000,0.000,115.000,3.7,4.000,115.000,Senior,Freshman,Male,Asian
1046,844363522,BIOL  BS -----,1028,69.500,23.000,0.000,92.500,3.7,3.000,69.500,Junior,Freshman,Female,Hispanic/Latino
1046,824868055,BIOL  BS -----,1030,41.000,0.000,70.500,111.500,2.8,4.000,44.000,Senior,Transfer,Male,Asian
1046,815216364,BIOL  BS -----,1042,51.500,33.000,32.000,116.500,3.6,5.000,51.500,Senior,Readmit,Male,Asian
1046,827621502,CMPE  BS -----,1028,62.000,4.000,0.000,66.000,3.0,3.000,62.000,Junior,Freshman,Male,White
1046,842522959,CMPE  BS -----,1026,75.000,0.000,0.000,75.000,3.4,3.000,75.000,Junior,Freshman,Male,Black/African American
1046,817467694,CMPE  BS -----,1042,19.000,0.000,79.000,84.000,3.2,6.000,19.000,Junior,Transfer,Male,Asian
1046,812230894,CMPE  BS -----,1038,42.000,0.000,28.350,70.350,3.3,13.000,42.000,Sophomore,Transfer,Male,White
1046,834122795,CMPE  BS -----,1008,88.500,0.000,3.000,91.500,2.7,4.500,88.500,Junior,Freshman,Male,White
1046,803181057,CMPE  BS -----,1038,40.000,0.000,0.000,40.000,2.7,7.000,40.000,Sophomore,Freshman,Male,White
1046,809985319,CMPE  BS -----,1008,104.000,0.000,0.000,104.000,2.6,3.000,111.000,Senior,Freshman,Male,Black/African American
1046,823803941,CMPE  BS -----,1038,42.000,0.000,94.000,102.000,3.3,7.000,42.000,Senior,Transfer,Male,White
1046,826920229,CMPE  BS -----,1038,29.000,0.000,0.000,29.000,2.5,11.000,32.000,Freshman,Freshman,Male,White
1046,848594542,CMPE  BS -----,1038,45.000,0.000,0.000,45.000,4.0,6.000,45.000,Sophomore,Freshman,Male,White
1046,824959343,CMPE  BS -----,1028,63.000,0.000,27.000,90.000,3.2,3.000,63.000,Junior,Transfer,Female,Hispanic/Latino
1046,833415704,CMPE  BS -----,1032,33.500,0.000,73.000,93.500,3.3,4.000,33.500,Junior,Transfer,Female,White
1046,842072746,CMPE  BS -----,1028,39.000,27.000,3.000,69.000,3.1,3.000,51.000,Junior,Freshman,Male,White
1046,821177025,CMPE  BS -----,1032,54.000,0.000,70.000,114.000,3.7,3.000,54.000,Senior,Transfer,Male,White
1046,828312428,CMPE  BS -----,1038,38.000,25.000,0.000,63.000,3.4,13.000,38.000,Sophomore,Freshman,Male,Asian
1046,824291527,CMPE  BS -----,1042,20.000,0.000,63.000,83.000,3.7,7.000,20.000,Junior,Transfer,Male,Black/African American
1046,849754508,CMPE  BS -----,1038,38.000,0.000,0.000,38.000,3.3,6.000,42.000,Sophomore,Freshman,Male,Two or More
1046,823314091,CMPE  BS -----,1022,73.000,0.000,75.000,148.000,2.8,3.000,77.000,Senior,Transfer,Female,Black/African American
1046,833188436,CMPE  BS -----,968,100.500,4.000,56.000,160.500,2.4,1.500,142.000,Senior,Unknown,Male,White
1046,828033556,CMPE  BS -----,1038,34.000,3.000,0.000,37.000,3.4,4.000,34.000,Sophomore,Freshman,Male,White
1046,818829177,CMPE  BS -----,1042,18.000,0.000,127.000,81.000,2.9,3.000,18.000,Junior,Readmit,Male,White
1046,826071367,CMPE  BS -----,1038,34.000,3.000,3.000,40.000,3.2,4.000,34.000,Sophomore,Freshman,Male,Asian
1046,800468687,CMPE  BS -----,1018,74.000,0.000,31.000,105.000,3.8,3.000,74.000,Senior,Transfer,Male,Not Specified
1046,809982098,CMPE  BS -----,1038,35.000,12.000,0.000,47.000,3.6,6.000,35.000,Sophomore,Freshman,Male,White
1046,830088006,CMPE  BS -----,1018,77.000,13.000,0.000,87.000,3.0,3.000,77.000,Junior,Freshman,Male,White
1046,819124841,CMPE  BS -----,1038,35.000,8.000,3.000,46.000,3.6,3.000,35.000,Sophomore,Freshman,Male,Not Specified
1046,840291545,CMPE  BS -----,1038,24.000,0.000,69.000,93.000,3.3,4.000,24.000,Junior,Transfer,Female,Two or More
1046,845178550,CMPE  BS -----,1018,68.000,0.000,22.000,87.000,2.6,4.000,68.000,Junior,Transfer,Female,Black/African American
1046,834827460,CMPE  BS -----,1018,85.000,0.000,7.000,92.000,2.9,4.000,85.000,Junior,Freshman,Male,Black/African American
1046,820709291,CMPE  BS -----,1038,32.000,0.000,72.000,87.000,3.2,6.000,36.000,Junior,Transfer,Male,Black/African American
1046,801997550,CMPE  BS -----,1038,33.000,26.000,0.000,59.000,3.9,4.000,33.000,Sophomore,Freshman,Male,White
1046,825593038,CMPE  BS -----,1038,33.000,29.000,0.000,62.000,3.5,4.000,33.000,Sophomore,Freshman,Male,White
1046,814819195,CMPE  BS -----,1038,34.000,0.000,43.000,77.000,4.0,4.000,34.000,Junior,Transfer,Female,White
1046,825915655,CMPE  BS -----,1038,30.500,6.000,11.000,47.500,3.3,4.000,30.500,Sophomore,Freshman,Male,Two or More
1046,832900863,CMPE  BS -----,1028,67.000,0.000,0.000,67.000,3.0,3.000,67.000,Junior,Freshman,Male,White
1046,808226005,CMPE  BS -----,1038,20.000,0.000,35.000,55.000,3.6,4.000,20.000,Sophomore,Transfer,Male,White
1046,825648552,CMPE  BS -----,1028,58.000,7.000,0.000,65.000,2.7,3.000,58.000,Junior,Freshman,Male,Asian
1046,825876870,CMPE  BS -----,1036,39.000,9.000,27.000,75.000,2.8,14.000,39.000,Junior,Transfer,Male,Black/African American
1046,802837155,CMPE  BS -----,1008,61.500,29.000,3.000,90.500,3.5,5.500,85.500,Junior,Freshman,Male,White
1046,828219398,CMPE  BS -----,1032,39.000,0.000,68.000,99.000,3.9,6.000,39.000,Senior,Transfer,Male,White
1046,818440084,CMPE  BS -----,1028,64.000,10.000,0.000,74.000,3.2,3.000,64.000,Junior,Freshman,Male,Asian
1046,810406616,CMPE  BS -----,1008,91.500,0.000,45.000,130.500,3.0,1.500,91.500,Senior,Transfer,Male,Asian
1046,842555739,CMSC  BS -----,1028,37.500,0.000,79.000,93.500,2.2,5.500,50.500,Junior,Transfer,Male,Hispanic/Latino
1046,834122795,CMSC  BS -----,1008,88.500,0.000,3.000,91.500,2.7,4.500,88.500,Junior,Freshman,Male,White
1046,832067625,CMSC  BS -----,1028,68.000,0.000,60.000,128.000,3.3,6.000,72.000,Senior,Transfer,Male,White
1046,802557060,CMSC  BS -----,1028,58.000,21.000,42.000,121.000,2.4,10.500,66.000,Senior,Transfer,Male,White
1046,841144953,CMSC  BS -----,1036,26.000,0.000,118.000,116.000,3.5,3.000,26.000,Senior,Transfer,Male,Two or More
1046,834132114,CMSC  BS -----,1028,54.000,3.000,0.000,57.000,2.7,3.000,57.000,Sophomore,Freshman,Male,White
1046,839290011,CMSC  BS -----,1026,70.000,15.000,0.000,85.000,3.2,4.000,72.000,Junior,Freshman,Male,White
1046,835131976,CMSC  BS -----,1046,3.000,0.000,61.000,63.000,4.0,3.000,3.000,Junior,Transfer,Male,Black/African American
1046,829944935,CMSC  BS -----,1028,73.000,0.000,0.000,73.000,3.7,1.500,73.000,Junior,Freshman,Male,White
1046,801621326,CMSC  BS -----,1028,50.000,0.000,0.000,50.000,2.8,3.000,50.000,Sophomore,Freshman,Male,White
1046,823791569,CMSC  BS -----,1018,83.000,0.000,6.000,89.000,3.5,4.000,83.000,Junior,Freshman,Male,Asian
1046,832040039,CMSC  BS -----,1038,28.500,0.000,43.000,71.500,2.9,5.500,28.500,Junior,Transfer,Male,Asian
1046,806510814,CMSC  BS -----,1032,25.000,0.000,81.000,91.000,3.0,6.000,32.000,Junior,Transfer,Male,Asian
1046,838555005,CMSC  BS -----,1042,22.500,0.000,75.000,97.500,4.0,7.000,22.500,Senior,Transfer,Male,White
1046,810862323,CMSC  BS -----,1042,24.500,7.000,60.000,91.500,3.0,10.500,24.500,Junior,Transfer,Male,White
1046,848427720,CMSC  BS -----,1012,95.000,10.000,27.000,132.000,3.0,6.000,98.000,Senior,Transfer,Male,White
1046,823085155,CMSC  BS -----,1028,59.000,0.000,0.000,59.000,2.6,4.000,63.000,Sophomore,Freshman,Male,White
1046,817073229,CMSC  BS -----,1038,31.000,0.000,132.000,120.000,3.2,4.000,31.000,Senior,Transfer,Male,Hispanic/Latino
1046,817784155,CMSC  BS -----,1038,97.000,0.000,76.000,173.000,2.7,7.000,105.500,Senior,Readmit,Male,Asian
1046,808477061,CMSC  BS -----,1022,36.000,0.000,44.000,80.000,3.3,4.000,39.000,Junior,Transfer,Male,Black/African American
1046,827846618,CMSC  BS -----,1038,33.000,12.000,0.000,45.000,3.8,4.000,33.000,Sophomore,Freshman,Male,Asian
1046,822582265,CMSC  BS -----,1026,47.500,0.000,6.000,53.500,2.6,7.000,51.500,Sophomore,Freshman,Male,White
1046,802982737,CMSC  BS -----,1018,74.000,6.000,12.000,89.000,2.8,9.000,84.000,Junior,Freshman,Male,White
1046,831700175,CMSC  BS -----,1018,70.000,9.000,4.000,80.000,2.8,3.000,73.000,Junior,Freshman,Male,White
1046,825079142,CMSC  BS -----,1038,99.000,0.000,65.000,164.000,3.3,6.000,136.000,Senior,Readmit,Male,White
1046,805953799,CMSC  BS -----,1032,29.000,0.000,83.000,112.000,2.7,4.000,33.000,Senior,Transfer,Male,White
1046,827440333,CMSC  BS -----,1028,56.000,3.000,59.000,109.000,2.7,3.000,56.000,Senior,Transfer,Male,White
1046,807615285,CMSC  BS -----,1028,39.000,0.000,6.000,45.000,2.6,3.000,43.000,Sophomore,Freshman,Male,Black/African American
1046,835231126,CMSC  BS -----,1042,9.000,0.000,137.000,99.000,3.3,3.000,9.000,Senior,Transfer,Male,White
1046,802070806,CMSC  BS -----,1038,35.000,7.000,0.000,42.000,3.9,4.000,35.000,Sophomore,Freshman,Male,White
1046,846437692,CMSC  BS -----,1022,53.000,33.000,12.000,98.000,2.9,3.000,53.000,Senior,Transfer,Female,White
1046,805365575,CMSC  BS -----,1042,20.000,0.000,77.000,80.000,3.1,7.000,20.000,Junior,Transfer,Male,White
1046,812916914,CMSC  BS -----,1018,68.000,4.000,0.000,72.000,2.7,3.000,74.000,Junior,Freshman,Male,White
1046,814797826,CMSC  BS -----,1028,47.000,0.000,88.000,133.000,2.9,6.000,50.000,Senior,Transfer,Male,Asian
1046,812888605,CMSC  BS -----,1018,101.000,6.000,0.000,107.000,2.8,3.000,101.000,Senior,Freshman,Male,White
1046,835725108,CMSC  BS -----,1028,12.000,10.000,75.000,97.000,3.8,3.000,18.000,Senior,Transfer,Male,White
1046,820805871,CMSC  BS -----,1028,59.000,0.000,0.000,59.000,3.0,7.000,61.000,Sophomore,Freshman,Male,White
1046,820247081,CMSC  BS -----,1038,49.000,11.000,57.000,117.000,3.8,14.000,49.000,Senior,Transfer,Male,Not Specified
1046,823211171,CMSC  BS -----,1018,85.000,0.000,0.000,79.000,3.6,3.000,93.000,Junior,Transfer,Male,Not Specified
1046,800093769,CMSC  BS -----,1026,45.000,0.000,54.000,90.000,3.1,3.000,60.000,Senior,Transfer,Female,Black/African American
1046,839883443,CMSC  BS -----,1028,44.000,20.000,0.000,61.000,2.4,4.000,55.000,Junior,Freshman,Male,Asian
1046,838313404,CMSC  BS -----,1042,13.000,20.000,22.000,55.000,3.3,4.000,17.000,Sophomore,Transfer,Male,White
1046,817359225,CMSC  BS -----,1038,38.000,4.000,0.000,42.000,3.3,7.000,38.000,Sophomore,Freshman,Male,White
1046,849462675,CMSC  BS -----,1028,67.000,0.000,40.000,107.000,3.1,3.000,101.000,Senior,Reinstate,Male,Asian
1046,805560659,CMSC  BS -----,1018,73.500,0.000,4.000,77.500,3.0,4.000,80.500,Junior,Freshman,Male,White
1046,847883234,CMSC  BS -----,1042,20.000,0.000,47.000,67.000,3.4,3.000,20.000,Junior,Transfer,Male,Asian
1046,819142483,CMSC  BS -----,1018,92.500,16.000,0.000,108.500,3.7,3.000,96.500,Senior,Freshman,Male,White
1046,830873202,CMSC  BS -----,1038,23.000,3.000,0.000,26.000,2.8,4.000,23.000,Freshman,Freshman,Male,White
1046,806921009,CMSC  BS -----,1008,59.000,3.000,0.000,59.000,1.9,4.000,75.000,Sophomore,Freshman,Male,Black/African American
1046,836911596,CMSC  BS -----,1036,43.000,0.000,34.000,77.000,3.7,4.000,43.000,Junior,Transfer,Female,Hispanic/Latino
1046,812640473,CMSC  BS -----,1038,27.000,0.000,60.000,87.000,4.0,3.000,27.000,Junior,Transfer,Male,White
1046,849928543,CMSC  BS -----,1032,47.500,13.000,19.000,79.500,3.6,1.500,47.500,Junior,Transfer,Female,White
1046,814837974,CMSC  BS -----,1032,36.500,0.000,61.000,97.500,3.1,3.000,43.500,Senior,Transfer,Female,White
1046,846675915,CMSC  BS -----,982,63.000,0.000,70.220,133.220,2.8,3.000,88.000,Senior,Unknown,Male,Black/African American
1046,818864459,CMSC  BS -----,1026,69.000,16.000,0.000,85.000,3.9,4.000,69.000,Junior,Freshman,Female,Two or More
1046,836949203,CMSC  BS -----,1028,79.000,3.000,32.000,111.000,2.8,3.000,88.000,Senior,Transfer,Male,White
1046,803306841,CMSC  BS -----,1038,25.500,0.000,62.000,87.500,2.8,4.500,33.500,Junior,Transfer,Male,White
1046,839352720,CMSC  BS -----,1018,74.500,0.000,0.000,74.500,3.9,1.500,74.500,Junior,Transfer,Male,Asian
1046,816235870,CMSC  BS -----,1018,115.000,0.000,0.000,115.000,3.7,4.000,115.000,Senior,Freshman,Male,Asian
1046,846642500,CMSC  BS -----,1032,54.500,0.000,65.000,114.500,3.8,7.000,54.500,Senior,Transfer,Male,White
1046,844143292,CMSC  BS -----,1008,99.000,3.000,0.000,102.000,2.8,5.000,112.000,Senior,Freshman,Female,Hispanic/Latino
1046,807075759,CMSC  BS -----,1038,30.000,26.000,13.000,69.000,3.5,4.000,30.000,Junior,Freshman,Male,White
1046,835872070,CMSC  BS -----,1032,11.000,0.000,108.000,93.000,3.1,3.000,11.000,Senior,Transfer,Female,Asian
1046,845424224,CMSC  BS -----,1028,65.000,6.000,0.000,71.000,3.1,3.000,65.000,Junior,Freshman,Male,Asian
1046,837834132,CMSC  BS -----,1018,57.000,0.000,0.000,57.000,2.2,6.000,66.000,Sophomore,Transfer,Male,White
1046,825355638,CMSC  BS -----,1028,81.000,0.000,0.000,81.000,4.0,6.500,81.000,Junior,Transfer,Female,Asian
1046,806228505,CMSC  BS -----,1008,87.500,0.000,4.000,91.500,2.7,4.500,91.500,Junior,Freshman,Male,Black/African American
1046,847889826,CMSC  BS -----,1028,69.500,4.000,40.000,110.500,3.2,3.000,69.500,Senior,Reinstate,Male,White
1046,817660720,CMSC  BS -----,1032,40.000,0.000,36.000,76.000,3.2,4.000,40.000,Junior,Transfer,Male,White
1046,815524103,CMSC  BS -----,1028,53.000,12.000,0.000,62.000,3.1,4.000,53.000,Sophomore,Freshman,Male,White
1046,847257448,CMSC  BS -----,1042,10.000,0.000,25.000,35.000,2.1,3.000,17.000,Sophomore,Transfer,Male,White
1046,833565448,CMSC  BS -----,1016,58.000,6.000,0.000,64.000,2.9,3.000,65.000,Junior,Freshman,Male,Asian
1046,829977150,CMSC  BS -----,1046,4.000,0.000,62.000,64.000,2.0,4.000,4.000,Junior,Transfer,Male,Not Specified
1046,810429272,CMSC  BS -----,1032,23.000,0.000,115.000,113.000,3.4,3.000,23.000,Senior,Transfer,Male,White
1046,821689219,CMSC  BS -----,1032,22.500,0.000,81.000,82.500,3.1,4.500,22.500,Junior,Transfer,Male,White
1046,840724635,CMSC  BS -----,1028,40.000,0.000,56.000,96.000,3.1,4.500,43.000,Senior,Transfer,Male,White
1046,844138611,CMSC  BS -----,1038,31.000,0.000,63.000,87.000,3.4,4.000,31.000,Junior,Transfer,Male,White
1046,813403062,CMSC  BS -----,1018,81.500,19.000,0.000,100.500,2.9,3.000,81.500,Senior,Freshman,Male,White
1046,829061072,CMSC  BS -----,1028,68.500,0.000,0.000,68.500,3.4,7.000,68.500,Junior,Freshman,Male,Black/African American
1046,833073856,CMSC  BS -----,1038,26.000,0.000,53.000,67.000,2.8,6.000,29.000,Junior,Transfer,Male,Not Specified
1046,848494422,CMSC  BS -----,1048,3.000,0.000,0.000,3.000,4.0,3.000,3.000,Freshman,Freshman,Male,White
1046,808165836,CMSC  BS -----,1028,61.500,9.000,0.000,70.500,3.9,3.000,61.500,Junior,Freshman,Male,White
1046,844508396,CMSC  BS -----,1038,35.000,15.000,0.000,50.000,4.0,6.000,35.000,Sophomore,Freshman,Male,White
1046,802124115,CMSC  BS -----,1028,67.000,0.000,30.000,97.000,2.9,11.000,67.000,Junior,Transfer,Male,Black/African American
1046,823169530,CMSC  BS -----,1038,27.000,45.000,0.000,72.000,2.9,6.000,30.000,Junior,Freshman,Male,White
1046,831417839,CMSC  BS -----,1028,65.000,0.000,71.670,127.670,3.7,7.500,65.000,Senior,Transfer,Female,White
1046,809251577,CMSC  BS -----,1028,51.000,0.000,57.000,108.000,2.8,3.000,51.000,Senior,Transfer,Male,White
1046,835594345,CMSC  BS -----,1042,11.000,9.000,88.000,101.000,3.6,3.000,11.000,Senior,Transfer,Male,Not Specified
1046,836202551,CMSC  BS -----,1018,62.000,9.000,0.000,71.000,3.2,4.000,62.000,Junior,Freshman,Male,White
1046,842232730,CMSC  BS -----,1032,35.000,0.000,118.000,125.000,3.0,4.000,35.000,Senior,Transfer,Male,White
1046,841538100,CMSC  BS -----,1028,52.500,0.000,63.000,112.500,3.3,3.000,52.500,Senior,Transfer,Male,White
1046,824559694,CMSC  BS -----,1038,33.000,18.000,0.000,51.000,3.9,3.000,33.000,Sophomore,Freshman,Male,White
1046,849754508,ENGR    BS -----,1038,38.000,0.000,0.000,38.000,3.3,6.000,42.000,Sophomore,Freshman,Male,Two or More
1046,820709291,ENGR    BS -----,1038,32.000,0.000,72.000,87.000,3.2,6.000,36.000,Junior,Transfer,Male,Black/African American
1046,833073856,ENGR    BS -----,1038,26.000,0.000,53.000,67.000,2.8,6.000,29.000,Junior,Transfer,Male,Not Specified
1046,802124115,ENGR    BS -----,1028,67.000,0.000,30.000,97.000,2.9,11.000,67.000,Junior,Transfer,Male,Black/African American
1046,827614406,IFSM  BS -----,998,108.000,9.000,0.000,117.000,2.5,12.000,133.000,Senior,Freshman,Male,Asian
1046,833188436,IFSM  BS -----,968,100.500,4.000,56.000,160.500,2.4,1.500,142.000,Senior,Unknown,Male,White
1046,834503337,IFSM  BS -----,1018,71.000,6.000,0.000,77.000,2.5,3.000,77.000,Junior,Freshman,Male,Two or More
1046,839352720,IFSM  BS -----,1018,74.500,0.000,0.000,74.500,3.9,1.500,74.500,Junior,Transfer,Male,Asian
1046,844446882,IFSM  BS -----,1028,59.500,4.000,62.000,125.500,3.8,8.000,59.500,Senior,Transfer,Male,White
1046,814048024,MATH  BA -----,1008,98.000,39.000,0.000,137.000,2.3,3.000,105.000,Senior,Freshman,Male,White
1046,837257394,MATH  BA -----,1010,101.000,15.000,33.000,149.000,3.1,3.000,126.000,Senior,Transfer,Male,Asian
1046,839883443,MATH  BA -----,1028,44.000,20.000,0.000,61.000,2.4,4.000,55.000,Junior,Freshman,Male,Asian
1046,846642500,MATH  BA -----,1032,54.500,0.000,65.000,114.500,3.8,7.000,54.500,Senior,Transfer,Male,White
1046,829468411,MATH  BS -----,1006,95.500,0.000,94.000,155.500,2.9,6.000,120.500,Senior,Transfer,Female,White
1046,803311580,MATH  BS -----,1008,128.000,14.000,0.000,142.000,3.8,9.000,128.000,Senior,Freshman,Female,White
1046,846437692,MATH  BS -----,1022,53.000,33.000,12.000,98.000,2.9,3.000,53.000,Senior,Transfer,Female,White
1046,829926814,MATH  BS -----,1008,104.500,4.000,0.000,108.500,2.8,3.000,116.500,Senior,Freshman,Female,White
1046,819401534,MATH  BS -----,1018,101.500,8.000,7.000,116.500,3.3,3.000,101.500,Senior,Freshman,Male,White
1046,836911596,MATH  BS -----,1036,43.000,0.000,34.000,77.000,3.7,4.000,43.000,Junior,Transfer,Female,Hispanic/Latino
1046,835927291,MATH  BS -----,1038,41.500,8.000,56.000,105.500,3.5,9.000,41.500,Senior,Transfer,Female,White
1046,844143292,MATH  BS -----,1008,99.000,3.000,0.000,102.000,2.8,5.000,112.000,Senior,Freshman,Female,Hispanic/Latino
1046,825355638,MATH  BS -----,1028,81.000,0.000,0.000,81.000,4.0,6.500,81.000,Junior,Transfer,Female,Asian
1046,847257448,MATH  BS -----,1042,10.000,0.000,25.000,35.000,2.1,3.000,17.000,Sophomore,Transfer,Male,White
1046,838752476,MATH  BS -----,1038,41.500,12.000,0.000,53.500,3.7,3.000,41.500,Sophomore,Freshman,Male,Black/African American
1046,837657305,MATH  BS -----,1038,33.500,0.000,75.000,101.500,3.9,6.500,33.500,Senior,Transfer,Male,White
1046,808602130,MATH  BS -----,1038,35.000,22.000,0.000,57.000,3.8,4.000,35.000,Sophomore,Freshman,Male,White
1046,819395001,MENG  BS -----,1028,68.500,7.000,32.000,107.500,4.0,3.000,68.500,Senior,Transfer,Female,White
1046,829534125,MENG  BS -----,1036,49.500,4.000,11.000,64.500,3.8,8.000,49.500,Sophomore,Freshman,Male,White
1046,806199538,MENG  BS -----,1038,33.000,0.000,27.000,60.000,3.0,7.000,36.000,Sophomore,Transfer,Male,White
1046,828312428,PHYS  BS -----,1038,38.000,25.000,0.000,63.000,3.4,13.000,38.000,Sophomore,Freshman,Male,Asian
1046,808602130,PHYS  BS -----,1038,35.000,22.000,0.000,57.000,3.8,4.000,35.000,Sophomore,Freshman,Male,White
