1072,811743079,BIOC  BS -----,1048,106.000,0.000,64.000,166.000,3.7,18.000,106.000,Senior,Freshman,Male,White
1072,814566621,BINF  BS -----,1038,128.000,12.000,0.000,140.000,3.1,14.500,131.000,Senior,Freshman,Male,Asian
1072,833767993,BIOL  BS -----,988,209.000,0.000,54.750,263.750,3.2,12.000,230.000,Senior,Transfer,Male,Asian
1072,830748940,BTA   BA -----,1038,81.000,0.000,79.000,160.000,2.4,19.500,97.000,Senior,Transfer,Male,Native Hawaiian/Other Pacific Islander
1072,849468899,CENG  BS TRAE   TRK,1048,57.000,0.000,65.000,117.000,2.8,6.000,64.000,Senior,Transfer,Male,Hispanic/Latino
1072,804020720,CMPE  BS -----,1038,91.000,0.000,38.750,129.750,3.0,12.000,91.000,Senior,Transfer,Male,White
1072,829801769,CMPE  BS -----,1038,88.000,16.000,0.000,104.000,3.4,9.000,88.000,Senior,Freshman,Male,White
1072,823251157,CMPE  BS -----,1038,125.000,10.000,0.000,135.000,3.5,13.500,128.000,Senior,Freshman,Male,White
1072,849754508,CMPE  BS -----,1038,134.000,0.000,0.000,98.000,3.1,12.000,138.000,Senior,Freshman,Male,Two or More
1072,802813116,CMPE  BS -----,1038,91.000,0.000,12.000,103.000,2.6,3.000,94.000,Senior,Transfer,Male,White
1072,802070806,CMPE  BS -----,1038,114.000,7.000,0.000,121.000,3.8,12.000,117.000,Senior,Freshman,Male,White
1072,828033556,CMPE  BS -----,1038,128.000,3.000,0.000,131.000,3.3,11.000,128.000,Senior,Freshman,Male,White
1072,806061183,CMPE  BS -----,1048,82.500,0.000,106.000,172.500,3.4,15.500,82.500,Senior,Transfer,Female,Black/African American
1072,801571521,CMPE  BS -----,1038,101.500,18.000,0.000,119.500,2.7,17.000,124.500,Senior,Freshman,Male,White
1072,843262069,CMPE  BS -----,1038,111.500,28.000,0.000,139.500,2.9,11.000,117.500,Senior,Freshman,Male,White
1072,815935010,CMPE  BS -----,1038,113.500,24.000,0.000,137.500,3.4,12.500,113.500,Senior,Freshman,Male,White
1072,835054890,CMPE  BS -----,1038,124.000,0.000,0.000,124.000,3.6,12.000,124.000,Senior,Freshman,Male,Black/African American
1072,825915655,CMPE  BS -----,1038,107.500,6.000,11.000,124.500,3.4,13.000,107.500,Senior,Freshman,Male,Two or More
1072,832337069,CMPE  BS -----,1038,69.500,0.000,78.000,134.500,2.8,13.500,73.500,Senior,Transfer,Male,Not Specified
1072,835134472,CMPE  BS -----,1028,106.000,0.000,17.000,123.000,2.7,12.000,112.000,Senior,Transfer,Male,White
1072,825648552,CMPE  BS -----,1028,133.000,7.000,3.000,143.000,2.6,19.500,139.000,Senior,Freshman,Male,Asian
1072,831609600,CMPE  BS -----,1038,94.000,3.000,0.000,97.000,2.9,12.000,106.000,Junior,Freshman,Male,White
1072,805880817,CMPE  BS COMM   TRK,1038,141.000,3.000,0.000,144.000,3.9,13.500,141.000,Senior,Freshman,Male,White
1072,831322872,CMPE  BS COMM   TRK,1048,81.000,0.000,64.000,145.000,3.6,15.000,84.000,Senior,Transfer,Male,White
1072,815898881,CMPE  BS COMM   TRK,1038,107.000,35.000,0.000,142.000,3.9,14.000,111.500,Senior,Freshman,Male,White
1072,809982098,CMPE  BS COMM   TRK,1038,127.500,12.000,0.000,139.500,3.6,12.500,127.500,Senior,Freshman,Male,White
1072,805478410,CMPE  BS COMM   TRK,1028,153.000,0.000,0.000,141.000,3.5,12.000,153.000,Senior,Freshman,Male,White
1072,819124841,CMPE  BS COMM   TRK,1038,127.000,12.000,3.000,142.000,3.7,12.500,130.000,Senior,Freshman,Male,Not Specified
1072,839803209,CMPE  BS COMM   TRK,1048,88.500,0.000,78.000,148.500,3.8,12.500,88.500,Senior,Transfer,Male,White
1072,818619753,CMPE  BS COMM   TRK,1028,123.000,0.000,14.000,137.000,3.1,2.000,123.000,Senior,Freshman,Male,White
1072,801997550,CMPE  BS COMM   TRK,1038,120.000,26.000,0.000,146.000,3.7,14.000,120.000,Senior,Freshman,Male,White
1072,825593038,CMPE  BS COMM   TRK,1038,119.000,29.000,0.000,148.000,3.4,14.000,119.000,Senior,Freshman,Male,White
1072,818730770,CMPE  BS COMM   TRK,1038,119.500,41.000,0.000,160.500,3.7,12.500,119.500,Senior,Freshman,Male,Asian
1072,817809210,CMPE  BS COMM   TRK,1038,121.500,7.000,0.000,128.500,3.6,14.000,121.500,Senior,Freshman,Male,Asian
1072,808226005,CMPE  BS COMM   TRK,1038,104.500,0.000,35.000,139.500,3.7,12.500,104.500,Senior,Transfer,Male,White
1072,825876870,CMPE  BS COMM   TRK,1036,118.000,9.000,27.000,154.000,3.3,15.500,121.000,Senior,Transfer,Male,Black/African American
1072,833992871,CMPE  BS COMM   TRK,1038,137.000,29.000,4.000,170.000,4.0,12.500,137.000,Senior,Freshman,Female,Black/African American
1072,818440084,CMPE  BS COMM   TRK,1028,130.000,10.000,0.000,140.000,2.9,3.000,133.000,Senior,Freshman,Male,Asian
1072,817467694,CMPE  BS ELSY   TRK,1042,89.000,0.000,79.000,154.000,3.3,14.000,91.000,Senior,Transfer,Male,Asian
1072,846191942,CMPE  BS ELSY   TRK,1048,81.500,0.000,75.000,156.500,3.2,12.500,87.000,Senior,Transfer,Male,White
1072,848594542,CMPE  BS ELSY   TRK,1038,135.500,0.000,9.000,144.500,3.8,12.500,135.500,Senior,Freshman,Male,White
1072,847851914,CMPE  BS ELSY   TRK,1038,135.000,11.000,3.000,149.000,3.9,12.500,138.000,Senior,Freshman,Male,White
1072,841778983,CMPE  BS ELSY   TRK,1042,87.000,22.000,58.000,167.000,3.5,12.500,90.000,Senior,Transfer,Male,White
1072,804996953,CMPE  BS ELSY   TRK,1042,102.000,3.000,103.750,195.000,3.2,17.000,105.000,Senior,Transfer,Female,Asian
1072,811241658,CMPE  BS ELSY   TRK,1038,112.500,16.000,15.000,143.500,3.7,12.500,112.500,Senior,Freshman,Male,White
1072,832728301,CMPE  BS ELSY   TRK,1018,133.000,15.000,0.000,148.000,2.7,8.000,133.000,Senior,Freshman,Male,Asian
1072,805202990,CMPE  BS ELSY   TRK,1038,101.000,9.000,87.000,179.000,3.8,15.500,109.500,Senior,Transfer,Male,White
1072,837440786,CMPE  BS ELSY   TRK,1038,130.500,19.000,0.000,149.500,4.0,12.500,130.500,Senior,Freshman,Male,Asian
1072,801025268,CMPE  BS ELSY   TRK,1038,129.000,34.000,0.000,163.000,3.7,12.500,129.000,Senior,Freshman,Male,Asian
1072,804275764,CMPE  BS ELSY   TRK,1028,123.000,20.000,0.000,143.000,2.8,7.000,129.000,Senior,Freshman,Male,Two or More
1072,848436360,CMPE  BS ELSY   TRK,1038,124.000,16.000,0.000,140.000,3.7,12.500,124.000,Senior,Freshman,Male,White
1072,834827460,CMPE  BS ELSY   TRK,1018,164.000,0.000,10.000,174.000,3.1,18.500,170.000,Senior,Freshman,Male,Black/African American
1072,814819195,CMPE  BS ELSY   TRK,1038,94.000,0.000,43.000,137.000,3.8,2.000,95.500,Senior,Transfer,Female,White
1072,816624557,CMPE  BS ELSY   TRK,1038,68.000,7.000,74.000,134.000,2.9,3.000,86.000,Senior,Transfer,Male,White
1072,847502863,CMPE  BS ELSY   TRK,1048,74.000,0.000,108.800,164.000,3.7,15.500,80.000,Senior,Transfer,Male,White
1072,843960635,CMPE  BS ELSY   TRK,1026,140.000,10.000,0.000,150.000,3.2,13.000,143.000,Senior,Freshman,Male,Black/African American
1072,840234121,CMSC  BS -----,1038,107.500,0.000,0.000,107.500,2.8,16.000,110.500,Senior,Freshman,Male,American Indian/Alaska Native
1072,841115788,CMSC  BS -----,1038,103.000,30.000,0.000,133.000,3.2,17.500,105.000,Senior,Freshman,Male,White
1072,815919801,CMSC  BS -----,1038,117.500,7.000,0.000,124.500,3.2,19.000,121.500,Senior,Freshman,Male,Hispanic/Latino
1072,804667418,CMSC  BS -----,1048,93.500,0.000,28.000,121.500,3.5,15.000,96.500,Senior,Transfer,Male,Asian
1072,817993305,CMSC  BS -----,1028,85.500,4.000,60.000,146.500,2.4,12.000,112.000,Senior,Transfer,Male,White
1072,820218656,CMSC  BS -----,1048,61.000,0.000,61.000,121.000,2.9,17.500,80.000,Senior,Transfer,Male,Asian
1072,813789169,CMSC  BS -----,1038,120.000,11.000,3.000,134.000,3.6,10.000,124.000,Senior,Freshman,Male,White
1072,842093273,CMSC  BS -----,1012,146.000,0.000,0.000,146.000,3.1,15.000,155.000,Senior,Readmit,Male,Black/African American
1072,833713547,CMSC  BS -----,1038,88.500,0.000,56.000,144.500,3.1,9.000,92.500,Senior,Transfer,Male,White
1072,818387234,CMSC  BS -----,1042,93.000,0.000,60.000,153.000,3.4,3.000,93.000,Senior,Transfer,Male,White
1072,815938225,CMSC  BS -----,1048,71.000,0.000,68.000,131.000,2.5,12.000,78.000,Senior,Transfer,Male,White
1072,801621326,CMSC  BS -----,1028,123.000,0.000,0.000,123.000,2.8,9.000,126.000,Senior,Freshman,Male,White
1072,837196782,CMSC  BS -----,1038,70.000,13.000,46.000,129.000,3.0,12.000,103.000,Senior,Transfer,Male,Black/African American
1072,832040039,CMSC  BS -----,1038,95.000,0.000,47.000,142.000,2.7,3.000,95.000,Senior,Transfer,Male,Asian
1072,826879867,CMSC  BS -----,1038,116.500,9.000,0.000,125.500,3.1,14.000,116.500,Senior,Freshman,Male,White
1072,806738271,CMSC  BS -----,1038,131.000,11.000,0.000,142.000,3.6,18.000,134.000,Senior,Freshman,Male,White
1072,812786098,CMSC  BS -----,1038,106.500,0.000,3.000,109.500,3.0,12.000,112.500,Senior,Freshman,Male,White
1072,822865135,CMSC  BS -----,1038,131.000,18.000,0.000,149.000,3.2,13.500,137.000,Senior,Freshman,Male,White
1072,828312428,CMSC  BS -----,1038,131.500,25.000,0.000,156.500,3.1,17.500,137.500,Senior,Freshman,Male,Asian
1072,823085155,CMSC  BS -----,1028,127.500,0.000,0.000,127.500,2.8,6.000,141.500,Senior,Freshman,Male,White
1072,808677048,CMSC  BS -----,1038,82.000,0.000,80.000,142.000,3.7,9.000,85.000,Senior,Transfer,Female,White
1072,800363133,CMSC  BS -----,1048,19.000,7.000,44.870,70.870,1.4,3.000,59.000,Junior,Transfer,Male,Not Specified
1072,842172035,CMSC  BS -----,1038,107.000,17.000,0.000,124.000,3.9,16.500,107.000,Senior,Freshman,Male,White
1072,837847457,CMSC  BS -----,1018,137.000,4.000,0.000,141.000,3.3,12.000,137.000,Senior,Freshman,Male,White
1072,848250612,CMSC  BS -----,1028,123.000,0.000,0.000,123.000,3.0,17.500,124.500,Senior,Freshman,Female,Two or More
1072,841180077,CMSC  BS -----,1042,106.500,0.000,60.000,166.500,3.4,12.000,122.500,Senior,Readmit,Male,White
1072,812774274,CMSC  BS -----,1048,68.000,22.000,48.000,138.000,3.0,9.000,78.000,Senior,Transfer,Male,Black/African American
1072,814186233,CMSC  BS -----,1038,131.000,29.000,0.000,160.000,3.8,21.000,137.000,Senior,Freshman,Male,Black/African American
1072,843450476,CMSC  BS -----,1038,119.000,4.000,0.000,123.000,3.6,13.500,119.000,Senior,Freshman,Male,White
1072,843520775,CMSC  BS -----,1038,117.000,11.000,0.000,128.000,3.7,12.000,117.000,Senior,Freshman,Male,White
1072,833997937,CMSC  BS -----,1038,97.000,21.000,0.000,118.000,3.3,13.000,101.000,Senior,Freshman,Male,Not Specified
1072,846871715,CMSC  BS -----,1038,109.500,0.000,0.000,109.500,3.0,12.000,109.500,Senior,Freshman,Male,White
1072,843964038,CMSC  BS -----,1038,124.000,0.000,0.000,124.000,3.3,15.000,130.000,Senior,Freshman,Male,White
1072,806240022,CMSC  BS -----,1038,101.000,18.000,22.000,141.000,3.7,13.500,117.000,Senior,Freshman,Female,Asian
1072,827846618,CMSC  BS -----,1038,124.000,12.000,0.000,136.000,3.9,13.500,124.000,Senior,Freshman,Male,Asian
1072,829534125,CMSC  BS -----,1036,132.000,4.000,14.000,150.000,3.5,15.000,135.000,Senior,Freshman,Male,White
1072,826237108,CMSC  BS -----,1038,113.000,6.000,0.000,119.000,3.4,18.000,120.000,Senior,Freshman,Male,White
1072,824803268,CMSC  BS -----,1038,116.000,7.000,0.000,123.000,3.7,12.000,116.000,Senior,Freshman,Male,Asian
1072,849812003,CMSC  BS -----,1048,67.500,0.000,71.000,138.500,3.2,12.000,82.500,Senior,Transfer,Male,White
1072,835725108,CMSC  BS -----,1066,30.000,10.000,75.000,115.000,3.9,15.000,49.000,Senior,Readmit,Male,White
1072,826560070,CMSC  BS -----,1038,111.000,12.000,0.000,123.000,3.1,7.500,111.000,Senior,Freshman,Male,Hispanic/Latino
1072,826071367,CMSC  BS -----,1038,122.000,3.000,3.000,128.000,3.6,10.500,122.000,Senior,Freshman,Male,Asian
1072,809637005,CMSC  BS -----,1038,80.000,24.000,111.000,170.000,2.9,9.000,84.000,Senior,Transfer,Male,Not Specified
1072,818924684,CMSC  BS -----,1018,109.000,0.000,17.000,126.000,2.6,16.000,120.000,Senior,Freshman,Male,White
1072,833767993,CMSC  BS -----,988,209.000,0.000,54.750,263.750,3.2,12.000,230.000,Senior,Transfer,Male,Asian
1072,814109579,CMSC  BS -----,1048,82.000,31.000,0.000,113.000,3.4,9.000,82.000,Senior,Freshman,Male,White
1072,838313404,CMSC  BS -----,1042,92.000,20.000,22.000,134.000,3.3,15.000,104.000,Senior,Transfer,Male,White
1072,801430680,CMSC  BS -----,1052,49.000,19.000,59.000,127.000,2.4,6.000,55.000,Senior,Transfer,Male,White
1072,804887900,CMSC  BS -----,1048,97.500,32.000,0.000,129.500,3.9,17.500,97.500,Senior,Freshman,Male,White
1072,838113676,CMSC  BS -----,1036,122.000,15.000,0.000,137.000,3.8,19.000,122.000,Senior,Freshman,Male,White
1072,834043719,CMSC  BS -----,1038,127.000,8.000,0.000,135.000,4.0,13.500,127.000,Senior,Freshman,Male,White
1072,832795724,CMSC  BS -----,1048,81.500,28.000,116.000,174.500,4.0,19.500,81.500,Senior,Transfer,Male,Asian
1072,834614845,CMSC  BS -----,1052,41.000,0.000,57.000,98.000,2.1,13.500,59.500,Senior,Transfer,Male,Not Specified
1072,848430748,CMSC  BS -----,1042,98.000,0.000,25.000,123.000,2.8,7.500,101.000,Senior,Transfer,Male,Asian
1072,819142483,CMSC  BS -----,1018,164.500,16.000,0.000,180.500,3.5,12.000,177.500,Senior,Freshman,Male,White
1072,802820595,CMSC  BS -----,1038,101.000,23.000,22.110,146.110,3.4,12.000,104.000,Senior,Transfer,Male,Two or More
1072,805027456,CMSC  BS -----,1048,84.000,29.000,0.000,113.000,4.0,12.000,84.000,Senior,Freshman,Male,Asian
1072,804791271,CMSC  BS -----,1028,73.000,8.000,6.000,87.000,3.9,9.000,73.000,Junior,Freshman,Male,White
1072,825284198,CMSC  BS -----,1026,136.000,0.000,0.000,133.000,3.1,14.000,160.000,Senior,Freshman,Male,Asian
1072,824583401,CMSC  BS -----,1048,42.000,0.000,68.000,102.000,2.6,9.000,46.000,Senior,Transfer,Male,White
1072,830873202,CMSC  BS -----,1038,99.000,3.000,0.000,102.000,2.7,14.500,106.000,Junior,Freshman,Male,White
1072,822922579,CMSC  BS -----,1038,110.500,25.000,0.000,135.500,3.4,19.500,122.500,Senior,Freshman,Male,Not Specified
1072,804794266,CMSC  BS -----,1038,123.500,32.000,0.000,155.500,4.0,15.000,126.500,Senior,Freshman,Male,White
1072,841313511,CMSC  BS -----,1038,120.000,3.000,0.000,123.000,3.1,12.000,123.000,Senior,Freshman,Male,White
1072,834004659,CMSC  BS -----,1048,56.000,0.000,159.000,146.000,3.6,7.500,59.000,Senior,Transfer,Male,White
1072,842358220,CMSC  BS -----,1038,120.000,0.000,0.000,120.000,3.2,16.000,120.000,Senior,Freshman,Male,White
1072,807075759,CMSC  BS -----,1038,100.500,26.000,13.000,139.500,3.2,11.500,109.500,Senior,Freshman,Male,White
1072,839590728,CMSC  BS -----,1038,113.000,12.000,0.000,125.000,3.5,14.000,119.000,Senior,Freshman,Female,Asian
1072,840319492,CMSC  BS -----,1038,112.500,20.000,0.000,132.500,3.6,12.000,112.500,Senior,Freshman,Male,White
1072,801720405,CMSC  BS -----,1018,72.000,0.000,70.000,128.000,3.1,3.000,88.000,Senior,Transfer,Male,Two or More
1072,811258609,CMSC  BS -----,1038,108.000,16.000,0.000,124.000,3.1,16.500,111.000,Senior,Freshman,Male,Asian
1072,838308431,CMSC  BS -----,1048,75.500,0.000,64.000,135.500,3.2,10.500,78.500,Senior,Transfer,Male,White
1072,841952167,CMSC  BS -----,1038,124.000,12.000,3.000,139.000,3.9,15.000,127.000,Senior,Freshman,Female,White
1072,819510616,CMSC  BS -----,1038,129.000,0.000,0.000,105.000,4.0,18.000,129.000,Senior,Freshman,Male,White
1072,802649746,CMSC  BS -----,1042,52.000,0.000,56.000,108.000,2.6,6.000,52.000,Senior,Transfer,Male,Not Specified
1072,835770249,CMSC  BS -----,1038,114.000,13.000,0.000,127.000,3.3,13.500,114.000,Senior,Freshman,Male,Two or More
1072,840399645,CMSC  BS -----,1048,52.000,0.000,65.000,112.000,3.7,13.000,78.000,Senior,Transfer,Male,Not Specified
1072,800602220,CMSC  BS -----,1038,106.000,21.000,0.000,127.000,3.1,14.500,109.000,Senior,Freshman,Male,Asian
1072,836536269,CMSC  BS -----,1038,120.500,4.000,0.000,124.500,3.2,19.000,123.500,Senior,Freshman,Male,White
1072,838752476,CMSC  BS -----,1038,136.000,12.000,0.000,148.000,3.6,12.000,139.000,Senior,Freshman,Male,Black/African American
1072,821689219,CMSC  BS -----,1032,85.500,0.000,81.000,121.500,3.1,14.000,89.500,Senior,Transfer,Male,White
1072,803445128,CMSC  BS -----,1038,100.000,30.000,0.000,130.000,3.1,19.500,109.000,Senior,Freshman,Male,White
1072,842013289,CMSC  BS -----,1058,98.000,0.000,55.000,153.000,3.7,3.000,98.000,Senior,Readmit,Female,Asian
1072,809927411,CMSC  BS -----,1028,109.000,14.000,0.000,123.000,3.1,3.000,109.000,Senior,Freshman,Male,Asian
1072,848494422,CMSC  BS -----,1048,89.500,20.000,0.000,109.500,3.5,12.000,89.500,Senior,Freshman,Male,White
1072,831239069,CMSC  BS -----,1038,136.000,27.000,0.000,163.000,3.9,12.000,139.000,Senior,Freshman,Male,Asian
1072,844508396,CMSC  BS -----,1038,117.000,15.000,0.000,132.000,3.8,13.500,117.000,Senior,Freshman,Male,White
1072,806309442,CMSC  BS -----,1048,62.000,0.000,68.000,122.000,3.1,10.000,70.000,Senior,Transfer,Male,Asian
1072,832757027,CMSC  BS -----,1038,98.000,25.000,0.000,123.000,3.0,9.000,101.000,Senior,Freshman,Male,White
1072,825648552,CMSC  BS -----,1028,133.000,7.000,3.000,143.000,2.6,19.500,139.000,Senior,Freshman,Male,Asian
1072,816265586,CMSC  BS -----,1038,103.500,9.000,0.000,112.500,3.2,12.000,103.500,Senior,Freshman,Male,White
1072,823169530,CMSC  BS -----,1072,41.500,45.000,0.000,86.500,2.5,3.000,66.500,Junior,Readmit,Male,White
1072,845835223,CMSC  BS -----,1008,170.000,19.000,6.000,195.000,2.8,5.000,178.000,Senior,Freshman,Male,White
1072,806199538,CMSC  BS -----,1038,94.500,0.000,27.000,121.500,3.0,9.000,101.500,Senior,Transfer,Male,White
1072,849205081,CMSC  BS -----,1038,122.000,3.000,22.000,147.000,3.8,13.000,122.000,Senior,Freshman,Male,White
1072,832858891,CMSC  BS -----,1038,118.000,19.000,0.000,137.000,3.9,13.500,118.000,Senior,Freshman,Male,White
1072,836202551,CMSC  BS -----,1018,128.000,9.000,0.000,137.000,3.3,13.000,134.000,Senior,Freshman,Male,White
1072,808602130,CMSC  BS -----,1038,131.000,22.000,0.000,153.000,3.6,16.500,131.000,Senior,Freshman,Male,White
1072,826923612,CMSC  BS -----,1028,122.000,0.000,99.000,212.000,3.1,16.000,126.000,Senior,Transfer,Male,Asian
1072,824559694,CMSC  BS -----,1038,111.000,18.000,0.000,129.000,3.9,12.000,111.000,Senior,Freshman,Male,White
1072,822783816,CMSC  BS CYBR  TRK,1038,103.000,11.000,0.000,114.000,3.2,19.000,111.000,Senior,Freshman,Male,White
1072,822783816,CMSC  BS DSCI  TRK,1038,103.000,11.000,0.000,114.000,3.2,19.000,111.000,Senior,Freshman,Male,White
1072,827609579,CMSC  BS GDEV   TRK,1028,106.500,11.000,8.000,125.500,3.8,3.000,106.500,Senior,Freshman,Male,White
1072,803401206,CMSC  BS GDEV   TRK,1038,135.000,24.000,0.000,159.000,3.8,16.000,138.000,Senior,Freshman,Male,White
1072,835078859,CMSC  BS GDEV   TRK,1038,106.000,36.000,3.000,145.000,3.5,12.000,109.000,Senior,Freshman,Male,White
1072,819704056,CMSC  BS GDEV   TRK,1038,116.000,20.000,3.000,139.000,3.3,13.500,116.000,Senior,Freshman,Male,Hispanic/Latino
1072,811540945,CMSC  BS GDEV   TRK,1038,122.000,0.000,3.000,125.000,4.0,16.500,122.000,Senior,Freshman,Male,White
1072,821817548,DSGN   BFA -----,1018,133.000,0.000,6.000,139.000,2.9,12.000,157.000,Senior,Freshman,Male,White
1072,849754508,ENGR    BS -----,1038,134.000,0.000,0.000,98.000,3.1,12.000,138.000,Senior,Freshman,Male,Two or More
1072,809237841,FIEC  BS -----,1028,143.000,4.000,0.000,147.000,3.1,13.500,146.000,Senior,Freshman,Male,Not Specified
1072,842108422,IFSM  BS -----,1018,114.000,15.000,0.000,129.000,2.7,6.000,134.000,Senior,Freshman,Male,White
1072,848493934,IFSM  BS -----,996,112.500,16.000,10.000,135.500,2.5,9.000,147.000,Senior,Unknown,Male,White
1072,826920229,IFSM  BS -----,1038,77.000,0.000,0.000,74.000,2.4,13.000,101.000,Junior,Freshman,Male,White
1072,812506567,IFSM  BS -----,1038,104.000,13.000,16.000,133.000,3.2,12.000,122.000,Senior,Freshman,Female,White
1072,847898286,IFSM  BS -----,1036,113.000,19.000,0.000,132.000,3.4,16.500,113.000,Senior,Freshman,Male,White
1072,842561290,IFSM  BS -----,1022,96.000,0.000,38.000,134.000,2.6,15.000,96.000,Senior,Transfer,Male,White
1072,814239764,IFSM  BS -----,1038,90.000,0.000,74.000,150.000,3.3,15.000,108.000,Senior,Transfer,Male,White
1072,805953799,IFSM  BS -----,1032,79.000,0.000,83.000,162.000,2.7,12.000,92.000,Senior,Transfer,Male,White
1072,800093769,IFSM  BS -----,1062,97.000,0.000,54.000,142.000,3.4,19.000,136.000,Senior,Readmit,Female,Black/African American
1072,839883443,IFSM  BS -----,1028,87.000,20.000,0.000,104.000,2.1,15.000,111.000,Junior,Freshman,Male,Asian
1072,802850742,IFSM  BS -----,1018,128.000,3.000,0.000,131.000,2.8,4.000,145.000,Senior,Freshman,Male,White
1072,805066199,IFSM  BS -----,1048,59.000,16.000,26.000,101.000,3.2,10.000,72.000,Senior,Freshman,Male,Asian
1072,830285912,IFSM  BS -----,1038,85.500,13.000,0.000,98.500,2.3,10.500,105.500,Senior,Freshman,Male,Asian
1072,845178550,IFSM  BS -----,1018,138.000,0.000,25.000,160.000,2.6,15.000,141.000,Senior,Transfer,Female,Black/African American
1072,823731282,IFSM  BS -----,1038,100.500,29.000,3.000,132.500,2.8,3.000,103.500,Senior,Freshman,Male,Hispanic/Latino
1072,815524103,IFSM  BS -----,1028,138.000,12.000,0.000,147.000,3.2,7.500,141.000,Senior,Freshman,Male,White
1072,817334258,IFSM  BS -----,1038,114.000,6.000,6.000,123.000,3.2,14.500,124.000,Senior,Freshman,Female,Asian
1072,822111004,IFSM  BS -----,1028,125.000,6.000,0.000,128.000,2.7,9.000,145.000,Senior,Freshman,Male,Not Specified
1072,815496572,INDS  BA -----,1018,94.000,9.000,55.000,158.000,3.8,14.000,103.000,Senior,Transfer,Male,White
1072,814186233,MATH  BA -----,1038,131.000,29.000,0.000,160.000,3.8,21.000,137.000,Senior,Freshman,Male,Black/African American
1072,828764159,MATH  BA -----,1038,94.000,21.000,0.000,115.000,2.5,12.000,112.000,Senior,Freshman,Male,White
1072,838829900,MATH  BA -----,1026,97.000,10.000,0.000,107.000,2.4,12.000,134.000,Senior,Freshman,Male,Black/African American
1072,812670837,MATH  BS -----,1068,72.000,7.000,17.000,96.000,2.2,11.000,96.000,Senior,Readmit,Male,Black/African American
1072,806738271,MATH  BS -----,1038,131.000,11.000,0.000,142.000,3.6,18.000,134.000,Senior,Freshman,Male,White
1072,842072746,MATH  BS -----,1028,87.500,27.000,3.000,117.500,2.7,13.500,121.500,Senior,Freshman,Male,White
1072,822865135,MATH  BS -----,1038,131.000,18.000,0.000,149.000,3.2,13.500,137.000,Senior,Freshman,Male,White
1072,828312428,MATH  BS -----,1038,131.500,25.000,0.000,156.500,3.1,17.500,137.500,Senior,Freshman,Male,Asian
1072,823573985,MATH  BS -----,1058,65.000,0.000,63.000,125.000,3.0,15.000,79.000,Senior,Readmit,Female,Two or More
1072,836875529,MATH  BS -----,1038,110.000,14.000,0.000,124.000,3.9,16.500,117.000,Senior,Freshman,Male,Hispanic/Latino
1072,837161661,MATH  BS -----,1018,145.000,9.000,0.000,154.000,2.5,15.000,169.000,Senior,Freshman,Male,White
1072,827846618,MATH  BS -----,1038,124.000,12.000,0.000,136.000,3.9,13.500,124.000,Senior,Freshman,Male,Asian
1072,814665461,MATH  BS -----,1038,85.500,7.000,0.000,92.500,2.9,15.000,104.500,Junior,Freshman,Male,White
1072,817359225,MATH  BS -----,1038,135.000,4.000,0.000,139.000,3.1,15.000,138.000,Senior,Freshman,Male,White
1072,804887900,MATH  BS -----,1048,97.500,32.000,0.000,129.500,3.9,17.500,97.500,Senior,Freshman,Male,White
1072,834043719,MATH  BS -----,1038,127.000,8.000,0.000,135.000,4.0,13.500,127.000,Senior,Freshman,Male,White
1072,804794266,MATH  BS -----,1038,123.500,32.000,0.000,155.500,4.0,15.000,126.500,Senior,Freshman,Male,White
1072,830126097,MATH  BS -----,1038,82.500,17.000,27.000,126.500,1.9,3.000,105.500,Senior,Readmit,Male,Two or More
1072,838752476,MATH  BS -----,1038,136.000,12.000,0.000,148.000,3.6,12.000,139.000,Senior,Freshman,Male,Black/African American
1072,808602130,MATH  BS -----,1038,131.000,22.000,0.000,153.000,3.6,16.500,131.000,Senior,Freshman,Male,White
1072,806912246,MENG  BS -----,1038,123.500,15.000,0.000,138.500,3.3,16.500,123.500,Senior,Freshman,Male,White
1072,823573985,PHIL  BA -----,1058,65.000,0.000,63.000,125.000,3.0,15.000,79.000,Senior,Readmit,Female,Two or More
1072,838113676,PHIL  BA -----,1036,122.000,15.000,0.000,137.000,3.8,19.000,122.000,Senior,Freshman,Male,White
1072,828312428,PHYS  BS -----,1038,131.500,25.000,0.000,156.500,3.1,17.500,137.500,Senior,Freshman,Male,Asian
1072,815496572,PSYC  BA -----,1018,94.000,9.000,55.000,158.000,3.8,14.000,103.000,Senior,Transfer,Male,White
1072,831239069,STAT  BS APST   TRK,1038,136.000,27.000,0.000,163.000,3.9,12.000,139.000,Senior,Freshman,Male,Asian
1072,819142483,VAAV    BA AI     SPC,1018,164.500,16.000,0.000,180.500,3.5,12.000,177.500,Senior,Freshman,Male,White
