1008,814048024,318245,4,B,MENG  BS -----, , , ,First Time Freshman,Freshman,New Freshman,
1008,834122795,316036,13,C,CMSC  BS -----,CMPE  BS -----, , ,First Time Freshman,Freshman,New Freshman,
1008,848493934,318245,3,C,CMPE  BS -----,HONR   CTN -----, , ,Undergrad Other,Unknown,Continuing UG,
1008,809985319,315806,5,B,CMPE  BS -----, , , ,First Time Freshman,Freshman,New Freshman,
1008,835736079,318061,1,F,IFSM  BS -----, , , ,First Time Freshman,Freshman,Continuing UG,
1008,846325381,316036,16,C,CMPE  BS -----,FIEC  BS -----, , ,Undergrad Other,Reinstate,Continuing UG,
1008,811158044,316035,06,A,CHEM  BS -----, , , ,First Time Freshman,Freshman,New Freshman,
1008,825025613,316036,01,C,CMSC  BS -----, , , ,First Time Freshman,Freshman,Continuing UG,
1008,811363954,316036,07,C,CMSC  BS -----, , , ,First Time Freshman,Freshman,New Freshman,
1008,816494754,316035,01,A,CMPE  BS -----,CMSC  BS -----, , ,First Time Freshman,Freshman,New Freshman,
1008,828012092,316035,01,B,CMSC  BS -----, , , ,First Time Freshman,Freshman,New Freshman,
1008,801667108,318245,4,D,PHYS  BS -----, , , ,Undergrad Transfers,Transfer,Continuing UG,
1008,808566402,316036,10,B,ENGR    BA -----, , , ,First Time Freshman,Freshman,New Freshman,
1008,829468411,318108,3,W,MENG  BS -----,MATH  MINR -----, , ,Undergrad Transfers,Transfer,New Transfer,
1008,839722945,316036,10,A,ENGR    BA -----, , , ,Undergrad Transfers,Transfer,New Transfer,
1008,803311580,318104,1,B,VAAV    BA UN     SPC, , , ,First Time Freshman,Freshman,New Freshman,
1008,825079142,315806,9,B,POLI  BA -----,EDUC  CRTN -----, , ,Undergrad Transfers,Transfer,Continuing UG,
1008,808646333,316035,06,F,MENG  BS -----,LPOL  MINR -----, , ,Undergrad Other,Unknown,Continuing UG,
1008,843409688,316036,25,B,CMPE  BS -----, , , ,First Time Freshman,Freshman,New Freshman,
1008,825059393,318245,1,C,MENG  BS -----, , , ,First Time Freshman,Freshman,Continuing UG,
1008,825166624,316037,13,C,CMSC  BS -----, , , ,First Time Freshman,Freshman,New Freshman,
1008,818274856,316035,01,A,ECON  BA -----, , , ,First Time Freshman,Freshman,New Freshman,
1008,829926814,316037,04,A,MATH  BS -----, , , ,First Time Freshman,Freshman,New Freshman,
1008,819403375,316036,13,C,CMSC  BS -----, , , ,First Time Freshman,Freshman,New Freshman,
1008,806921009,316036,22,B,CMSC  BS -----,ENGR    BA -----, , ,First Time Freshman,Freshman,New Freshman,
1008,846675915,316037,10,C,MATH  BA -----, , , ,Undergrad Other,Unknown,Continuing UG,
1008,821486393,316037,01,D,MENG  BS -----, , , ,First Time Freshman,Freshman,Continuing UG,
1008,819991302,316036,04,B,CMSC  BS -----, , , ,First Time Freshman,Freshman,Continuing UG,
1008,811401949,318104,3,A,MATH  BS -----, , , ,First Time Freshman,Freshman,Continuing UG,
1008,811401949,318245,4,A,MATH  BS -----, , , ,First Time Freshman,Freshman,Continuing UG,
1008,844143292,316035,06,B,MENG  BS -----, , , ,First Time Freshman,Freshman,New Freshman,
1008,832092768,318245,3,C,CMPE  BS -----, , , ,Undergrad Other,Unknown,Continuing UG,
1008,806228505,316035,11,D,CMPE  BS -----,ENGR    BA -----, , ,First Time Freshman,Freshman,New Freshman,
1008,847889826,316037,10,D,CMSC  BS -----, , , ,First Time Freshman,Freshman,Continuing UG,
1008,842013289,318245,1,A,MATH  BA -----,EDUC  CRTN -----, , ,Undergrad Transfers,Transfer,Continuing UG,
1008,826307010,316036,01,B,CMSC  BS -----, , , ,First Time Freshman,Freshman,New Freshman,
1008,804704180,318108,1,A,CENG  BS -----, , , ,First Time Freshman,Freshman,Continuing UG,
1008,841387739,316037,10,B,CENG  BS -----,CMSC  BS -----, , ,First Time Freshman,Freshman,New Freshman,
1008,845872997,318245,1,A,CMPE  BS -----, , , ,First Time Freshman,Freshman,Continuing UG,
1008,845835223,316037,07,D,ENGR    BA -----,CMSC  BS -----, , ,First Time Freshman,Freshman,New Freshman,
1008,802837155,318245,2,C,CMPE  BS -----,CMSC  BS -----,HONR   CTN -----, ,First Time Freshman,Freshman,New Freshman,
1008,802837155,322859,29,B,CMPE  BS -----,CMSC  BS -----,HONR   CTN -----, ,First Time Freshman,Freshman,New Freshman,
1008,823996373,316036,25,C,IFSM  BS -----,CMSC  MINR -----,WEBC  ULC -----, ,First Time Freshman,Freshman,New Freshman,
1008,821639123,316036,25,A,CMSC  BS -----, , , ,First Time Freshman,Freshman,Continuing UG,
1008,821639123,318104,4,B,CMSC  BS -----, , , ,First Time Freshman,Freshman,Continuing UG,
1008,810406616,318104,3,B,CMPE  BS -----, , , ,Undergrad Transfers,Transfer,New Transfer,
1008,810406616,318245,2,D,CMPE  BS -----, , , ,Undergrad Transfers,Transfer,New Transfer,
1008,839251002,301552,4,B,BIOC  BS -----, , , ,First Time Freshman,Freshman,Continuing UG,
1008,848108020,301557,7,B,CMSC  BS -----,MATH  MINR -----, , ,Undergrad Transfers,Transfer,Continuing UG,
1008,811401949,301557,4,B,MATH  BS -----, , , ,First Time Freshman,Freshman,Continuing UG,
1008,807269050,301557,4,B,MENG  BS -----, , , ,Undergrad Transfers,Transfer,Continuing UG,
1008,832355863,301557,7,A,MENG  BSE -----,HONR   CTN -----, , ,First Time Freshman,Freshman,Continuing UG,
1008,813049992,301557,7,D,CMSC  BS -----, , , ,Undergrad Transfers,Transfer,Continuing UG,
