1012,814048024,318108,02,C,MENG  BS -----, , , ,First Time Freshman,Freshman,Continuing UG,
1012,834122795,316037,01,C,CMSC  BS -----,CMPE  BS -----, , ,First Time Freshman,Freshman,Continuing UG,
1012,809985319,316035,06,C,CMPE  BS -----, , , ,First Time Freshman,Freshman,Continuing UG,
1012,842093273,316036,06,D,CMPE  BS -----, , , ,Undergrad Other,Readmit,Continuing UG,
1012,811158044,316036,06,A,CHEM  BS -----, , , ,First Time Freshman,Freshman,Continuing UG,
1012,825025613,316037,06,F,CMSC  BS -----, , , ,First Time Freshman,Freshman,Continuing UG,
1012,827614406,318104,05,F,CMSC  BS -----, , , ,First Time Freshman,Freshman,Continuing UG,
1012,811363954,316037,06,W,CMSC  BS -----, , , ,First Time Freshman,Freshman,Continuing UG,
1012,816494754,316036,06,C,CMPE  BS -----,CMSC  BS -----, , ,First Time Freshman,Freshman,Continuing UG,
1012,828012092,316036,06,B,CMSC  BS -----, , , ,First Time Freshman,Freshman,Continuing UG,
1012,848427720,316037,01,C,MATH  BS -----, , , ,Undergrad Transfers,Transfer,New Transfer,
1012,848427720,318104,04,A,MATH  BS -----, , , ,Undergrad Transfers,Transfer,New Transfer,
1012,844719740,318104,05,B,PHYS  BS -----,HONR   CTN -----, , ,First Time Freshman,Freshman,Continuing UG,
1012,844719740,318245,02,B,PHYS  BS -----,HONR   CTN -----, , ,First Time Freshman,Freshman,Continuing UG,
1012,801667108,318245,01,W,PHYS  BS -----, , , ,Undergrad Transfers,Transfer,Continuing UG,
1012,808566402,316037,01,F,MENG  BS -----, , , ,First Time Freshman,Freshman,Continuing UG,
1012,839722945,316037,01,F,ENGR    BA -----, , , ,Undergrad Transfers,Transfer,Continuing UG,
1012,839251002,316037,06,F,BIOC  BS -----, , , ,First Time Freshman,Freshman,Continuing UG,
1012,825079142,316035,01,B,CMSC  BS -----,POLI  MINR -----, , ,Undergrad Transfers,Transfer,Continuing UG,
1012,808646333,316035,01,F,MENG  BS -----,LPOL  MINR -----, , ,Undergrad Other,Unknown,Continuing UG,
1012,843409688,316037,01,F,CMPE  BS -----, , , ,First Time Freshman,Freshman,Continuing UG,
1012,825059393,318108,03,D,MENG  BS -----, , , ,First Time Freshman,Freshman,Continuing UG,
1012,825166624,318104,03,A,CMSC  BS -----, , , ,First Time Freshman,Freshman,Continuing UG,
1012,818274856,316040,01,A,CMSC  BS -----,ECON  MINR -----, , ,First Time Freshman,Freshman,Continuing UG,
1012,829926814,318104,02,B,MATH  BS -----, , , ,First Time Freshman,Freshman,Continuing UG,
1012,836439075,318108,03,A,MATH  BS -----,MLL   MINR -----, , ,Undergrad Other,Unknown,Continuing UG,
1012,836439075,320219,02,B,MATH  BS -----,MLL   MINR -----, , ,Undergrad Other,Unknown,Continuing UG,
1012,819403375,316037,01,D,CMSC  BS -----, , , ,First Time Freshman,Freshman,Continuing UG,
1012,806921009,316037,01,D,CMSC  BS -----,ENGR    BA -----, , ,First Time Freshman,Freshman,Continuing UG,
1012,810866491,318104,05,A,CMPE  BS -----, , , ,First Time Freshman,Freshman,Continuing UG,
1012,810866491,318108,03,B,CMPE  BS -----, , , ,First Time Freshman,Freshman,Continuing UG,
1012,821486393,316037,01,C,MENG  BS -----, , , ,First Time Freshman,Freshman,Continuing UG,
1012,811401949,318108,01,A,MENG  BS -----, , , ,First Time Freshman,Freshman,Continuing UG,
1012,844143292,316036,01,D,MENG  BS -----, , , ,First Time Freshman,Freshman,Continuing UG,
1012,832092768,318104,04,A,CMPE  BS -----, , , ,Undergrad Other,Unknown,Continuing UG,
1012,832092768,318108,03,A,CMPE  BS -----, , , ,Undergrad Other,Unknown,Continuing UG,
1012,806228505,316035,06,A,CMSC  BS -----, , , ,First Time Freshman,Freshman,Continuing UG,
1012,842013289,318108,02,A,MATH  BA -----,EDUC  CRTN -----, , ,Undergrad Transfers,Transfer,Continuing UG,
1012,842013289,320219,02,B,MATH  BA -----,EDUC  CRTN -----, , ,Undergrad Transfers,Transfer,Continuing UG,
1012,841387739,318108,01,A,CENG  BS -----,CMSC  BS -----, , ,First Time Freshman,Freshman,Continuing UG,
1012,841387739,318245,03,W,CENG  BS -----,CMSC  BS -----, , ,First Time Freshman,Freshman,Continuing UG,
1012,845872997,318108,01,B,CMPE  BS -----, , , ,First Time Freshman,Freshman,Continuing UG,
1012,845835223,316037,01,F,ENGR    BA -----,CMSC  BS -----, , ,First Time Freshman,Freshman,Continuing UG,
1012,802837155,318104,02,F,CMSC  BS -----,HONR   CTN -----, , ,First Time Freshman,Freshman,Continuing UG,
1012,823996373,316037,06,D,IFSM  BS -----,CMSC  MINR -----,WEBC  ULC -----, ,First Time Freshman,Freshman,Continuing UG,
1012,813049992,318104,04,W,CMSC  BS -----, , , ,Undergrad Transfers,Transfer,Continuing Other,
1012,821639123,316037,01,C,CMSC  BS -----, , , ,First Time Freshman,Freshman,Continuing UG,
1012,821639123,320219,02,D,CMSC  BS -----, , , ,First Time Freshman,Freshman,Continuing UG,
1012,810406616,318245,01,B,CMPE  BS -----, , , ,Undergrad Transfers,Transfer,Continuing UG,
1012,814048024,301557,01,C,MENG  BS -----, , , ,First Time Freshman,Freshman,Continuing UG,
1012,821639123,301557,01,D,CMSC  BS -----, , , ,First Time Freshman,Freshman,Continuing UG,
