1016,808566402,316037,01,A,MENG  BS -----, , , ,First Time Freshman,Freshman,Continuing UG,
1016,825079142,316036,03,B,CMSC  BS -----,POLI  MINR -----, , ,Undergrad Transfers,Transfer,Continuing UG,
1016,833188436,318245,1,B,CMPE  BS -----,IFSM  BS -----,NETC  ULC -----, ,Undergrad Other,Unknown,Continuing UG,
1016,836439075,320224,1,B,MATH  BS -----,MLL   MINR -----, , ,Undergrad Other,Unknown,Continuing UG,
1016,836439075,322527,1,A,MATH  BS -----,MLL   MINR -----, , ,Undergrad Other,Unknown,Continuing UG,
1016,818196286,316035,01,A,BIOL  BS -----, , , ,First Time Freshman,Freshman,New Freshman,
1016,804096564,318108,1,C,CMPE  BS -----, , , ,Undergrad Other,Reinstate,Continuing UG,
1016,804704180,318104,1,A,CENG  BS -----, , , ,First Time Freshman,Freshman,Continuing UG,
