1018,842108422,316036,01,D,CMSC  BS -----, , , ,First Time Freshman,Freshman,New Freshman,
1018,804235898,316036,06,B,CENG  BS -----, , , ,First Time Freshman,Freshman,New Freshman,
1018,829944153,315806,06,A,CMSC  BS -----, , , ,First Time Freshman,Freshman,New Freshman,
1018,832282421,315806,04,B,ENSC  BS -----,ANTH  MINR -----, , ,First Time Freshman,Freshman,New Freshman,
1018,834122795,318245,03,C,CMSC  BS -----,CMPE  BS -----, , ,First Time Freshman,Freshman,Continuing UG,
1018,848493934,318104,02,F,CMPE  BS -----, , , ,Undergrad Other,Unknown,Continuing UG,
1018,848493934,318245,02,D,CMPE  BS -----, , , ,Undergrad Other,Unknown,Continuing UG,
1018,809985319,316036,01,C,CMPE  BS -----, , , ,First Time Freshman,Freshman,Continuing UG,
1018,818601323,316035,06,C,CMSC  BS -----, , , ,First Time Freshman,Freshman,New Freshman,
1018,835736079,316037,11,D,CMSC  BS -----, , , ,First Time Freshman,Freshman,Continuing UG,
1018,801177159,316035,01,C,CENG  BS -----, , , ,First Time Freshman,Freshman,New Freshman,
1018,812670837,316036,06,C,CMSC  BS -----, , , ,First Time Freshman,Freshman,New Freshman,
1018,811158044,316037,01,B,CHEM  BS -----, , , ,First Time Freshman,Freshman,Continuing UG,
1018,825025613,318104,03,A,IFSM  BS -----,CMSC  MINR -----, , ,First Time Freshman,Freshman,Continuing UG,
1018,823791569,316036,06,A,CMSC  BS -----, , , ,First Time Freshman,Freshman,New Freshman,
1018,843678237,318104,04,C,CMPE  BS -----, , , ,Undergrad Transfers,Transfer,New Transfer,
1018,828621353,318104,03,C,FIEC  BS -----, , , ,First Time Freshman,Freshman,Continuing UG,
1018,827614406,316037,06,W,CMSC  BS -----, , , ,First Time Freshman,Freshman,Continuing UG,
1018,811363954,316037,11,W,CMSC  BS -----, , , ,First Time Freshman,Freshman,Continuing UG,
1018,816494754,316037,06,F,CMPE  BS -----,CMSC  BS -----, , ,First Time Freshman,Freshman,Continuing UG,
1018,828012092,316037,06,F,CMPE  BS -----, , , ,First Time Freshman,Freshman,Continuing UG,
1018,848023416,316036,01,W,CMPE  BS -----,VAAV    BA GR     SPC, , ,First Time Freshman,Freshman,New Freshman,
1018,821818348,318245,02,B,ENGR    BA -----, , , ,Undergrad Transfers,Transfer,New Transfer,
1018,812038324,316036,11,A,ENGR    BA -----, , , ,First Time Freshman,Freshman,New Freshman,
1018,806932715,316036,16,B,MENG  BS -----, , , ,First Time Freshman,Freshman,New Freshman,
1018,848427720,318245,02,B,CMSC  BS -----, , , ,Undergrad Transfers,Transfer,Continuing UG,
1018,844719740,318108,03,A,PHYS  BS -----,HONR   CTN -----, , ,First Time Freshman,Freshman,Continuing UG,
1018,844719740,320219,03,B,PHYS  BS -----,HONR   CTN -----, , ,First Time Freshman,Freshman,Continuing UG,
1018,822916003,315806,01,A,UGST    BA -----, , , ,First Time Freshman,Freshman,New Freshman,
1018,837847457,316036,11,B,CMSC  BS -----, , , ,First Time Freshman,Freshman,New Freshman,
1018,842097646,316036,01,A,CENG  BS -----, , , ,First Time Freshman,Freshman,New Freshman,
1018,808566402,318245,01,C,MENG  BS -----, , , ,First Time Freshman,Freshman,Continuing UG,
1018,801957149,316037,06,C,CMPE  BS -----, , , ,Undergrad Transfers,Transfer,New Transfer,
1018,839722945,316037,06,F,MENG  BS -----, , , ,Undergrad Transfers,Transfer,Continuing UG,
1018,837161661,316036,06,B,CMPE  BS -----, , , ,First Time Freshman,Freshman,New Freshman,
1018,839251002,316037,01,D,BIOC  BS -----, , , ,First Time Freshman,Freshman,Continuing UG,
1018,802982737,316035,11,F,CMSC  BS -----, , , ,First Time Freshman,Freshman,New Freshman,
1018,808983838,316036,16,B,CENG  BS -----, , , ,First Time Freshman,Freshman,New Freshman,
1018,819121172,316037,06,C,CMPE  BS -----, , , ,First Time Freshman,Freshman,New Freshman,
1018,831700175,315806,08,B,STAT  BS -----, , , ,First Time Freshman,Freshman,New Freshman,
1018,842556251,316036,06,C,CMSC  BS -----, , , ,First Time Freshman,Freshman,New Freshman,
1018,803311580,318245,02,A,VAAV    BA UN     SPC, , , ,First Time Freshman,Freshman,Continuing UG,
1018,825079142,316037,01,C,CMSC  BS -----,POLI  MINR -----, , ,Undergrad Transfers,Transfer,Continuing UG,
1018,839339727,320219,02,W,CMSC  BS -----,MATH  MINR -----, , ,Undergrad Transfers,Transfer,New Transfer,
1018,818474495,318245,04,C,CMPE  BS -----,PHYS  MINR -----, , ,Undergrad Transfers,Transfer,Continuing UG,
1018,808646333,316035,01,B,MENG  BS -----,LPOL  MINR -----, , ,Undergrad Other,Unknown,Continuing UG,
1018,843409688,316037,01,C,CMPE  BS -----, , , ,First Time Freshman,Freshman,Continuing UG,
1018,816130220,316036,01,C,PHYS  BS -----, , , ,First Time Freshman,Freshman,New Freshman,
1018,832728301,316036,11,C,MENG  BS -----,HIST  MINR -----, , ,First Time Freshman,Freshman,New Freshman,
1018,835278929,318108,02,A,MENG  BS -----,PHYS  BS -----, , ,First Time Freshman,Freshman,New Freshman,
1018,835278929,318245,01,A,MENG  BS -----,PHYS  BS -----, , ,First Time Freshman,Freshman,New Freshman,
1018,833848390,316638,01,A,CMPE  BS -----,HONR   CTN -----, , ,First Time Freshman,Freshman,New Freshman,
1018,812916914,316036,16,C,CMSC  BS -----, , , ,First Time Freshman,Freshman,New Freshman,
1018,812888605,316035,01,C,CMSC  BS -----,BTA   BA -----, , ,First Time Freshman,Freshman,New Freshman,
1018,823211171,316035,06,A,CMSC  BS -----, , , ,Undergrad Transfers,Transfer,New Transfer,
1018,828060446,315806,05,B,CMSC  BS -----, , , ,Undergrad Transfers,Transfer,New Transfer,
1018,846091077,316035,11,B,CMPE  BS -----, , , ,Undergrad Transfers,Transfer,New Transfer,
1018,818924684,316035,06,D,CMPE  BS -----,CMSC  BS -----, , ,First Time Freshman,Freshman,New Freshman,
1018,843287311,316036,01,B,CMPE  BS -----, , , ,First Time Freshman,Freshman,New Freshman,
1018,818274856,316036,06,A,CMSC  BS -----,ECON  MINR -----, , ,First Time Freshman,Freshman,Continuing UG,
1018,800468687,316037,01,A,CMPE  BS -----, , , ,Undergrad Transfers,Transfer,New Transfer,
1018,818285014,318104,04,A,CMSC  BS -----, , , ,First Time Freshman,Freshman,New Freshman,
1018,845159590,318245,02,D,CMPE  BS -----, , , ,First Time Freshman,Freshman,New Freshman,
1018,802850742,316036,16,B,MENG  BS -----, , , ,First Time Freshman,Freshman,New Freshman,
1018,829926814,318108,03,C,MATH  BS -----, , , ,First Time Freshman,Freshman,Continuing UG,
1018,827884893,316036,06,F,CMSC  BS -----, , , ,First Time Freshman,Freshman,New Freshman,
1018,819401534,318104,03,B,MATH  BS -----, , , ,First Time Freshman,Freshman,New Freshman,
1018,819401534,318108,02,B,MATH  BS -----, , , ,First Time Freshman,Freshman,New Freshman,
1018,830088006,316036,11,B,CMPE  BS -----,PHYS  MINR -----, , ,First Time Freshman,Freshman,New Freshman,
1018,815216364,316035,06,F,BIOL  BS -----, , , ,First Time Freshman,Freshman,New UG Other,
1018,846022882,318104,01,F,CMSC  BS -----,PSYC  MINR -----, , ,Undergrad Transfers,Transfer,Continuing UG,
1018,805560659,316036,11,B,CMSC  BS -----, , , ,First Time Freshman,Freshman,New Freshman,
1018,819142483,316037,06,C,CMSC  BS -----, , , ,First Time Freshman,Freshman,New Freshman,
1018,836439075,322568,01,B,MATH  BS -----,MLL   MINR -----, , ,Undergrad Other,Unknown,Continuing UG,
1018,836439075,322616,01,C,MATH  BS -----,MLL   MINR -----, , ,Undergrad Other,Unknown,Continuing UG,
1018,819403375,316037,11,F,CMSC  BS -----, , , ,First Time Freshman,Freshman,Continuing Other,
1018,819403375,318104,01,F,CMSC  BS -----, , , ,First Time Freshman,Freshman,Continuing Other,
1018,821817548,315806,03,A,ENGR    BA -----,STAT  BS -----, , ,First Time Freshman,Freshman,New Freshman,
1018,829211655,316035,11,C,PSYC  BA -----, , , ,First Time Freshman,Freshman,New Freshman,
1018,806921009,316037,01,C,CMSC  BS -----,ENGR    BA -----, , ,First Time Freshman,Freshman,Continuing UG,
1018,804244041,316035,06,C,UGST    BA -----, , , ,First Time Freshman,Freshman,New Freshman,
1018,834503337,316036,11,C,CMPE  BS -----, , , ,First Time Freshman,Freshman,New Freshman,
1018,821486393,318104,03,B,CMSC  BS -----, , , ,First Time Freshman,Freshman,Continuing UG,
1018,818196286,316036,11,A,BIOL  BS -----, , , ,First Time Freshman,Freshman,New Freshman,
1018,819991302,316037,01,W,CMSC  BS -----, , , ,First Time Freshman,Freshman,Continuing UG,
1018,845733819,316036,06,W,CMSC  BS -----, , , ,Undergrad Other,Reinstate,Continuing UG,
1018,801494523,316035,01,C,CMSC  BS -----, , , ,First Time Freshman,Freshman,New Freshman,
1018,845178550,316035,06,C,CMPE  BS -----, , , ,Undergrad Transfers,Transfer,New Transfer,
1018,839352720,316035,06,A,CMSC  BS -----,IFSM  BS -----, , ,Undergrad Transfers,Transfer,New Transfer,
1018,827240262,316035,06,D,CMSC  BS -----, , , ,First Time Freshman,Freshman,New Freshman,
1018,816235870,316036,01,A,BIOL  BA -----, , , ,First Time Freshman,Freshman,New Freshman,
1018,811401949,320219,03,B,MENG  BS -----, , , ,First Time Freshman,Freshman,Continuing UG,
1018,844143292,316036,06,B,MENG  BS -----, , , ,First Time Freshman,Freshman,Continuing UG,
1018,832092768,318245,03,B,CMPE  BS -----, , , ,Undergrad Other,Unknown,Continuing UG,
1018,816873405,316035,11,A,CMPE  BS -----, , , ,First Time Freshman,Freshman,New Freshman,
1018,834827460,315806,05,C,ENGR    BA -----,CMPE  BS -----, , ,First Time Freshman,Freshman,New Freshman,
1018,801720405,318104,04,F,CMSC  BS -----, , , ,Undergrad Transfers,Transfer,New Transfer,
1018,804096564,318104,01,C,CMPE  BS -----, , , ,Undergrad Other,Reinstate,Continuing UG,
1018,843883839,316036,11,B,CENG  BS -----, , , ,First Time Freshman,Freshman,New Freshman,
1018,803077087,316036,01,C,CHEM  BS -----, , , ,First Time Freshman,Freshman,New Freshman,
1018,806228505,316037,06,W,CMSC  BS -----, , , ,First Time Freshman,Freshman,Continuing UG,
1018,833565448,315806,03,C,PHYS  BS -----, , , ,First Time Freshman,Freshman,New Freshman,
1018,844652021,316035,01,A,CMPE  BS -----, , , ,First Time Freshman,Freshman,New Freshman,
1018,813617622,316036,11,A,CMSC  BS -----, , , ,First Time Freshman,Freshman,New Freshman,
1018,813403062,316036,01,C,CMSC  BS -----, , , ,First Time Freshman,Freshman,New Freshman,
1018,842013289,320599,01,A,MATH  BA -----, , , ,Undergrad Transfers,Transfer,Continuing UG,
1018,842013289,322434,01,B,MATH  BA -----, , , ,Undergrad Transfers,Transfer,Continuing UG,
1018,842013289,322568,01,B,MATH  BA -----, , , ,Undergrad Transfers,Transfer,Continuing UG,
1018,801409416,316037,01,F,CMSC  BS -----,ENGL  BA -----, , ,First Time Freshman,Freshman,New Freshman,
1018,826307010,316037,01,D,CMSC  BS -----, , , ,First Time Freshman,Freshman,Continuing UG,
1018,832355863,318245,01,A,MENG  BS -----, , , ,First Time Freshman,Freshman,Continuing UG,
1018,802642698,316037,01,B,MENG  BS -----, , , ,First Time Freshman,Freshman,New Freshman,
1018,841387739,318245,01,A,CENG  BS -----,BIOC  BS -----, , ,First Time Freshman,Freshman,Continuing UG,
1018,845872997,318104,04,C,CMPE  BS -----, , , ,First Time Freshman,Freshman,Continuing UG,
1018,845835223,318245,01,D,ENGR    BA -----,CMSC  BS -----, , ,First Time Freshman,Freshman,Continuing UG,
1018,823996373,316037,01,P,IFSM  BS -----,CMSC  MINR -----,WEBC  ULC -----, ,First Time Freshman,Freshman,Continuing UG,
1018,837958999,315806,02,B,CMSC  BS -----, , , ,First Time Freshman,Freshman,New Freshman,
1018,803125283,316036,16,C,ENGR    BA -----,MATH  BS -----, , ,First Time Freshman,Freshman,New Freshman,
1018,843764102,316035,11,B,UGST    BA -----, , , ,First Time Freshman,Freshman,New Freshman,
1018,824348566,316037,01,B,PHYS  BS -----, , , ,First Time Freshman,Freshman,New Freshman,
1018,825035313,316036,01,B,ENGR    BA -----, , , ,First Time Freshman,Freshman,New Freshman,
1018,821639123,318245,01,W,PSYC  BA -----, , , ,First Time Freshman,Freshman,Continuing UG,
1018,819430994,316036,06,B,MENG  BS -----, , , ,First Time Freshman,Freshman,New Freshman,
1018,825025613,301557,01,B,IFSM  BS -----,CMSC  MINR -----, , ,First Time Freshman,Freshman,Continuing UG,
1018,806994606,301552,01,C,UGST    BA DENT   OPT, , , ,First Time Freshman,Freshman,Continuing UG,
1018,836439075,301557,04,B,MATH  BS -----,MLL   MINR -----, , ,Undergrad Other,Unknown,Continuing UG,
1018,823342612,325345,01,B,POLI  BA -----,LPOL  MINR -----, , ,First Time Freshman,Freshman,New Freshman,
