1022,842108422,316036,01,B,CMSC  BS -----, , , ,First Time Freshman,Freshman,Continuing UG,
1022,814048024,318104,01,C,CMSC  BS -----, , , ,First Time Freshman,Freshman,Continuing UG,
1022,829944153,316035,01,A,CMSC  BS -----, , , ,First Time Freshman,Freshman,Continuing UG,
1022,832282421,316035,01,F,ENSC  BS -----,ANTH  MINR -----, , ,First Time Freshman,Freshman,Continuing UG,
1022,834122795,318104,03,B,CMSC  BS -----,CMPE  BS -----, , ,First Time Freshman,Freshman,Continuing UG,
1022,834122795,318108,01,D,CMSC  BS -----,CMPE  BS -----, , ,First Time Freshman,Freshman,Continuing UG,
1022,848493934,318104,01,W,CMSC  BS -----, , , ,Undergrad Other,Unknown,Continuing Other,
1022,809985319,316037,01,C,CMPE  BS -----, , , ,First Time Freshman,Freshman,Continuing UG,
1022,818601323,316036,11,C,CMSC  BS -----, , , ,First Time Freshman,Freshman,Continuing UG,
1022,835736079,316037,06,D,CMSC  BS -----, , , ,First Time Freshman,Freshman,Continuing UG,
1022,801177159,316036,11,A,CENG  BS -----, , , ,First Time Freshman,Freshman,Continuing UG,
1022,842093273,316036,06,B,CMPE  BS -----, , , ,Undergrad Other,Readmit,Continuing UG,
1022,846325381,316037,06,D,CMSC  BS -----,FIEC  BS -----, , ,Undergrad Other,Reinstate,Continuing UG,
1022,812670837,316036,11,B,CMSC  BS -----, , , ,First Time Freshman,Freshman,Continuing UG,
1022,811158044,318245,01,C,CHEM  BS -----,CMSC  MINR -----, , ,First Time Freshman,Freshman,Continuing UG,
1022,823791569,316037,06,B,CMSC  BS -----, , , ,First Time Freshman,Freshman,Continuing UG,
1022,827614406,318104,01,F,CMSC  BS -----, , , ,First Time Freshman,Freshman,Continuing UG,
1022,816494754,316037,06,B,CMPE  BS -----,CMSC  BS -----, , ,First Time Freshman,Freshman,Continuing UG,
1022,828012092,316037,06,B,CMPE  BS -----, , , ,First Time Freshman,Freshman,Continuing UG,
1022,848023416,316035,06,B,CMPE  BS -----,VAAV    BA GR     SPC, , ,First Time Freshman,Freshman,Continuing UG,
1022,812038324,316037,01,A,ENGR    BS -----, , , ,First Time Freshman,Freshman,Continuing UG,
1022,806932715,316037,06,D,MENG  BS -----, , , ,First Time Freshman,Freshman,Continuing UG,
1022,844719740,320220,01,A,PHYS  BS -----,HONR   CTN -----, , ,First Time Freshman,Freshman,Continuing UG,
1022,822916003,316035,01,B,UGST    BA -----, , , ,First Time Freshman,Freshman,Continuing UG,
1022,808477061,318104,03,B,CMPE  BS -----, , , ,Undergrad Transfers,Transfer,Continuing UG,
1022,837847457,316037,01,B,CMSC  BS -----, , , ,First Time Freshman,Freshman,Continuing UG,
1022,835075820,315806,03,A,CMPE  BS -----,MUSC  BA MUTC   SPC,HONR   CTN -----, ,Undergrad Transfers,Transfer,Continuing UG,
1022,842097646,316037,01,A,CENG  BS -----, , , ,First Time Freshman,Freshman,Continuing UG,
1022,801840331,318245,02,F,CENG  BS -----, , , ,Undergrad Transfers,Transfer,New Transfer,
1022,842561290,315806,05,B,CMPE  BS -----,CMSC  BS -----, , ,Undergrad Transfers,Transfer,New Transfer,
1022,801957149,318245,01,B,CMPE  BS -----, , , ,Undergrad Transfers,Transfer,Continuing UG,
1022,823314091,316037,01,B,CMPE  BS -----,MATH  MINR -----, , ,Undergrad Transfers,Transfer,New Transfer,
1022,837161661,316037,06,C,CMPE  BS -----, , , ,First Time Freshman,Freshman,Continuing UG,
1022,802982737,316036,06,W,CMSC  BS -----, , , ,First Time Freshman,Freshman,Continuing UG,
1022,808983838,316037,01,C,CENG  BS -----, , , ,First Time Freshman,Freshman,Continuing UG,
1022,819121172,318245,03,C,CMPE  BS -----, , , ,First Time Freshman,Freshman,Continuing UG,
1022,831700175,316035,06,D,STAT  BS -----, , , ,First Time Freshman,Freshman,Continuing UG,
1022,842556251,316037,06,F,CMSC  BS -----, , , ,First Time Freshman,Freshman,Continuing UG,
1022,803311580,318108,01,A,MATH  BS -----, , , ,First Time Freshman,Freshman,Continuing UG,
1022,825079142,318104,04,W,CMSC  BS -----,POLI  MINR -----, , ,Undergrad Transfers,Transfer,Continuing UG,
1022,818474495,318104,04,B,CMPE  BS -----,PHYS  MINR -----, , ,Undergrad Transfers,Transfer,Continuing UG,
1022,808646333,316036,01,F,CMSC  BS -----, , , ,Undergrad Other,Unknown,Continuing UG,
1022,843409688,318245,03,B,CMPE  BS -----, , , ,First Time Freshman,Freshman,Continuing UG,
1022,833188436,318108,02,F,CMPE  BS -----,IFSM  BS -----,NETC  ULC -----, ,Undergrad Other,Unknown,Continuing UG,
1022,816130220,316037,06,F,PHYS  BS -----, , , ,First Time Freshman,Freshman,Continuing UG,
1022,846437692,316037,01,B,MATH  BS -----,CMSC  BS -----, , ,Undergrad Transfers,Transfer,New Transfer,
1022,832728301,316037,01,C,CMPE  BS -----,HIST  MINR -----, , ,First Time Freshman,Freshman,Continuing UG,
1022,833848390,316685,01,A,CMPE  BS -----,HONR   CTN -----, , ,First Time Freshman,Freshman,Continuing UG,
1022,812888605,316036,06,C,CMSC  BS -----, , , ,First Time Freshman,Freshman,Continuing UG,
1022,823211171,316036,11,B,CMSC  BS -----, , , ,Undergrad Transfers,Transfer,Continuing UG,
1022,828060446,316035,01,B,CMSC  BS -----, , , ,Undergrad Transfers,Transfer,Continuing UG,
1022,846091077,316036,01,B,CMPE  BS -----, , , ,Undergrad Transfers,Transfer,Continuing UG,
1022,818924684,316035,06,B,CMPE  BS -----,CMSC  BS -----, , ,First Time Freshman,Freshman,Continuing UG,
1022,843287311,316037,01,B,CMPE  BS -----, , , ,First Time Freshman,Freshman,Continuing UG,
1022,825059393,318245,03,B,CMSC  BS -----, , , ,First Time Freshman,Freshman,Continuing UG,
1022,818274856,316037,06,B,CMSC  BS -----,ECON  MINR -----, , ,First Time Freshman,Freshman,Continuing UG,
1022,800468687,318245,01,A,CMPE  BS -----, , , ,Undergrad Transfers,Transfer,Continuing UG,
1022,845159590,318108,01,C,CMPE  BS -----, , , ,First Time Freshman,Freshman,Continuing UG,
1022,845159590,318245,02,B,CMPE  BS -----, , , ,First Time Freshman,Freshman,Continuing UG,
1022,802850742,316037,06,B,CMSC  BS -----, , , ,First Time Freshman,Freshman,Continuing UG,
1022,829926814,318245,02,B,MATH  BS -----,CMSC  MINR -----, , ,First Time Freshman,Freshman,Continuing UG,
1022,827884893,316036,01,D,CMSC  BS -----, , , ,First Time Freshman,Freshman,Continuing UG,
1022,819401534,318245,01,A,MATH  BS -----, , , ,First Time Freshman,Freshman,Continuing UG,
1022,830088006,316037,06,D,CMPE  BS -----,PHYS  MINR -----, , ,First Time Freshman,Freshman,Continuing UG,
1022,815216364,316035,01,B,BIOL  BS -----, , , ,First Time Freshman,Freshman,Continuing UG,
1022,846022882,318104,03,B,CMSC  BS -----,PSYC  MINR -----, , ,Undergrad Transfers,Transfer,Continuing UG,
1022,805560659,316037,06,D,CMSC  BS -----, , , ,First Time Freshman,Freshman,Continuing UG,
1022,830051510,316036,11,B,BIOL  BA -----,UGST    BA PHAR   OPT, , ,Undergrad Transfers,Transfer,New Transfer,
1022,819142483,316037,06,B,CMSC  BS -----, , , ,First Time Freshman,Freshman,Continuing UG,
1022,836439075,320407,01,C,MATH  BS -----,MLL   MINR -----, , ,Undergrad Other,Unknown,Continuing UG,
1022,819403375,318104,04,W,ENGL  BA LITE   SPC, , , ,First Time Freshman,Freshman,Continuing UG,
1022,821817548,316035,06,C,CMPE  BS -----,STAT  BS -----, , ,First Time Freshman,Freshman,Continuing UG,
1022,806921009,318104,05,C,CMSC  BS -----, , , ,First Time Freshman,Freshman,Continuing UG,
1022,836920892,318108,01,F,CMPE  BS -----, , , ,Undergrad Transfers,Transfer,Continuing UG,
1022,804244041,316036,11,B,UGST    BA -----, , , ,First Time Freshman,Freshman,Continuing UG,
1022,834503337,316037,01,D,CMPE  BS -----, , , ,First Time Freshman,Freshman,Continuing UG,
1022,818196286,316037,01,A,BINF  BS -----, , , ,First Time Freshman,Freshman,Continuing UG,
1022,826961547,318108,02,C,MENG  BS -----,CMSC  MINR -----, , ,Undergrad Transfers,Transfer,New Transfer,
1022,845733819,316040,07,B,IFSM  BS -----, , , ,Undergrad Other,Reinstate,Continuing UG,
1022,801494523,316036,06,D,CMSC  BS -----, , , ,First Time Freshman,Freshman,Continuing UG,
1022,845178550,316036,06,D,CMPE  BS -----, , , ,Undergrad Transfers,Transfer,Continuing Other,
1022,839352720,316036,01,A,CMSC  BS -----,IFSM  BS -----, , ,Undergrad Transfers,Transfer,Continuing UG,
1022,827240262,316035,06,C,CMSC  BS -----, , , ,First Time Freshman,Freshman,Continuing UG,
1022,811401949,320220,01,C,MENG  BS -----, , , ,First Time Freshman,Freshman,Continuing UG,
1022,844143292,316037,06,D,CMSC  BS -----,MATH  BS -----, , ,First Time Freshman,Freshman,Continuing UG,
1022,844143292,318104,02,F,CMSC  BS -----,MATH  BS -----, , ,First Time Freshman,Freshman,Continuing UG,
1022,828846547,316036,01,B,BIOL  BS -----,ENSC  BS -----, , ,First Time Freshman,Freshman,Continuing UG,
1022,816873405,316036,01,A,CMPE  BS -----,MATH  MINR -----, , ,First Time Freshman,Freshman,Continuing UG,
1022,834827460,316035,06,D,CMPE  BS -----, , , ,First Time Freshman,Freshman,Continuing UG,
1022,801720405,318104,01,C,CMSC  BS -----, , , ,Undergrad Transfers,Transfer,Continuing UG,
1022,837715141,316037,01,F,MENG  BS -----, , , ,First Time Freshman,Freshman,Continuing UG,
1022,843883839,316037,06,B,CMPE  BS -----, , , ,First Time Freshman,Freshman,Continuing UG,
1022,803077087,316037,06,C,CHEM  BS -----, , , ,First Time Freshman,Freshman,Continuing UG,
1022,806228505,316037,01,D,CMSC  BS -----, , , ,First Time Freshman,Freshman,Continuing UG,
1022,833565448,316035,06,F,PHYS  BS -----, , , ,First Time Freshman,Freshman,Continuing UG,
1022,830126097,316037,06,C,CMPE  BS -----, , , ,First Time Freshman,Freshman,Continuing UG,
1022,844652021,316036,06,B,CMSC  BS -----, , , ,First Time Freshman,Freshman,Continuing UG,
1022,813617622,316037,01,A,CMSC  BS -----, , , ,First Time Freshman,Freshman,Continuing UG,
1022,813403062,316037,01,D,CMSC  BS -----, , , ,First Time Freshman,Freshman,Continuing UG,
1022,842013289,320407,01,C,MATH  BA -----, , , ,Undergrad Transfers,Transfer,Continuing UG,
1022,842013289,322570,01,B,MATH  BA -----, , , ,Undergrad Transfers,Transfer,Continuing UG,
1022,801409416,316037,06,B,CMSC  BS -----,ENGL  BA -----, , ,First Time Freshman,Freshman,Continuing UG,
1022,832355863,318104,03,B,MENG  BS -----, , , ,First Time Freshman,Freshman,Continuing UG,
1022,802837155,318104,05,W,UGST    BA -----,HONR   CTN -----, , ,First Time Freshman,Freshman,Continuing UG,
1022,823996373,318104,02,C,IFSM  BS -----,CMSC  MINR -----,WEBC  ULC -----, ,First Time Freshman,Freshman,Continuing UG,
1022,837958999,316035,01,B,CMSC  BS -----, , , ,First Time Freshman,Freshman,Continuing UG,
1022,803125283,316037,06,D,ENGR    BS -----,MATH  BS -----, , ,First Time Freshman,Freshman,Continuing UG,
1022,843764102,316036,01,F,UGST    BA -----, , , ,First Time Freshman,Freshman,Continuing UG,
1022,824348566,318245,04,B,PHYS  BS -----, , , ,First Time Freshman,Freshman,Continuing UG,
1022,825035313,316037,01,C,CMSC  BS -----, , , ,First Time Freshman,Freshman,Continuing UG,
1022,819430994,316037,01,C,MENG  BS -----, , , ,First Time Freshman,Freshman,Continuing UG,
1022,811186830,318104,05,C,CMSC  BS -----,HONR   CTN -----, , ,Undergrad Transfers,Transfer,New Transfer,
1022,804803863,316036,11,B,CMPE  BS -----, , , ,Undergrad Transfers,Transfer,New Transfer,
1022,811158044,325345,01,A,CHEM  BS -----,CMSC  MINR -----, , ,First Time Freshman,Freshman,Continuing UG,
1022,848427720,301557,04,C,CMSC  BS -----, , , ,Undergrad Transfers,Transfer,Continuing UG,
1022,808566402,301557,01,C,IFSM  BS -----, , , ,First Time Freshman,Freshman,Continuing UG,
1022,815496572,301557,04,B,CMSC  BS -----,BINF  BS -----,MATH  MINR -----, ,Undergrad Transfers,Transfer,Continuing UG,
1022,831700175,325345,05,C,STAT  BS -----, , , ,First Time Freshman,Freshman,Continuing UG,
1022,825079142,301557,04,W,CMSC  BS -----,POLI  MINR -----, , ,Undergrad Transfers,Transfer,Continuing UG,
1022,818474495,301557,04,B,CMPE  BS -----,PHYS  MINR -----, , ,Undergrad Transfers,Transfer,Continuing UG,
1022,825166624,301557,01,C,CMSC  BS -----, , , ,First Time Freshman,Freshman,Continuing UG,
1022,846675915,301557,04,W,CMSC  BS -----, , , ,Undergrad Other,Unknown,Continuing UG,
1022,810866491,301557,04,D,CMPE  BS -----, , , ,First Time Freshman,Freshman,Continuing UG,
1022,821486393,301557,04,C,CMSC  BS -----, , , ,First Time Freshman,Freshman,Continuing UG,
1022,801720405,301557,01,F,CMSC  BS -----, , , ,Undergrad Transfers,Transfer,Continuing UG,
