1026,842522959,318432,01,B,CMPE  BS -----, , , ,First Time Freshman,Freshman,New Freshman,
1026,837257394,322527,1,A,BINF  BS -----,MATH  BS -----,CMSC  MINR -----, ,Undergrad Transfers,Transfer,Continuing UG,
1026,846926851,318432,01,A,CMSC  BS -----, , , ,First Time Freshman,Freshman,New Freshman,
1026,818601323,316036,01,B,CMSC  BS -----, , , ,First Time Freshman,Freshman,Continuing UG,
1026,835075820,316035,01,A,CMPE  BS -----,MUSC  BA MUTC   SPC,HONR   CTN -----, ,Undergrad Transfers,Transfer,Continuing UG,
1026,822582265,316035,03,A,MENG  BS -----, , , ,First Time Freshman,Freshman,New Freshman,
1026,838829900,318432,01,A,UGST    BA -----, , , ,First Time Freshman,Freshman,New Freshman,
1026,808646333,316036,03,B,CMSC  BS -----, , , ,Undergrad Other,Unknown,Continuing UG,
1026,833188436,318104,1,C,CMPE  BS -----,IFSM  BS -----,NETC  ULC -----, ,Undergrad Other,Unknown,Continuing UG,
1026,833188436,318108,1,F,CMPE  BS -----,IFSM  BS -----,NETC  ULC -----, ,Undergrad Other,Unknown,Continuing UG,
1026,839973756,318432,01,A,CMSC  BS -----,HONR   CTN -----, , ,First Time Freshman,Freshman,New Freshman,
1026,800093769,318432,01,A,CMSC  BS -----,MATH  MINR -----, , ,Undergrad Transfers,Transfer,New Transfer,
1026,845159590,318104,1,C,CMPE  BS -----, , , ,First Time Freshman,Freshman,Continuing UG,
1026,821817548,316036,01,B,CMPE  BS -----,STAT  BS -----, , ,First Time Freshman,Freshman,Continuing UG,
1026,818864459,318432,01,A,CMSC  BS -----, , , ,First Time Freshman,Freshman,New Freshman,
1026,844683255,316035,01,A,CMSC  BS -----,BIOL  MINR -----, , ,First Time Freshman,Freshman,New Freshman,
1026,816873405,318104,1,C,CMPE  BS -----,MATH  MINR -----, , ,First Time Freshman,Freshman,Continuing UG,
1026,834827460,316035,01,A,CMPE  BS -----, , , ,First Time Freshman,Freshman,Continuing UG,
1026,825192242,318432,01,A,CMPE  BS -----, , , ,First Time Freshman,Freshman,New Freshman,
1026,833565448,316035,01,A,PHYS  BS -----, , , ,First Time Freshman,Freshman,Continuing UG,
1026,826116501,318432,01,A,CMPE  BS -----, , , ,First Time Freshman,Freshman,New Freshman,
1026,824490463,318432,01,B,CMSC  BS -----, , , ,First Time Freshman,Freshman,New Freshman,
1026,845835223,316037,01,A,ENGR    BS -----,CMSC  BS -----, , ,First Time Freshman,Freshman,Continuing UG,
1026,836202551,316035,01,A,UGST    BA -----, , , ,First Time Freshman,Freshman,Continuing UG,
1026,843960635,318432,01,A,CMPE  BS -----, , , ,First Time Freshman,Freshman,New Freshman,
