1028,827621502,316037,01,A,ENGR    BS -----,CMPE  BS -----, , ,First Time Freshman,Freshman,New Freshman,
1028,842522959,316036,01,B,CMPE  BS -----, , , ,First Time Freshman,Freshman,New Freshman,
1028,842108422,316037,11,C,CMSC  BS -----, , , ,First Time Freshman,Freshman,Continuing UG,
1028,840822397,318245,04,A,MATH  BS -----,CMSC  BS -----,PHIL  MINR -----,PHYS  MINR -----,First Time Freshman,Freshman,New Freshman,
1028,842615641,318245,01,C,CMPE  BS -----, , , ,Undergrad Transfers,Transfer,New Transfer,
1028,838651788,316036,06,A,MATH  BS -----, , , ,First Time Freshman,Freshman,New Freshman,
1028,817908363,318245,01,A,CMSC  BS -----, , , ,First Time Freshman,Freshman,New Freshman,
1028,809917355,322804,01,B,CMSC  BS -----, , , ,Undergrad Transfers,Transfer,New Transfer,
1028,837257394,320219,01,C,BINF  BS -----,MATH  BS -----,CMSC  MINR -----, ,Undergrad Transfers,Transfer,Continuing UG,
1028,804235898,316037,01,C,CENG  BS -----, , , ,First Time Freshman,Freshman,Continuing UG,
1028,829944153,316036,01,A,CMSC  BS -----, , , ,First Time Freshman,Freshman,Continuing UG,
1028,817997577,316037,06,C,CMSC  BS -----,HONR   CTN -----, , ,First Time Freshman,Freshman,New Freshman,
1028,817993305,318104,02,B,MATH  BS -----,PHYS  BS -----, , ,Undergrad Transfers,Transfer,New Transfer,
1028,843899951,316035,06,A,CMSC  BS -----, , , ,First Time Freshman,Freshman,New Freshman,
1028,832282421,316035,11,C,ENSC  BS -----,ANTH  MINR -----, , ,First Time Freshman,Freshman,Continuing UG,
1028,834122795,318245,03,B,CMSC  BS -----,CMPE  BS -----, , ,First Time Freshman,Freshman,Continuing UG,
1028,846926851,316036,06,A,CMSC  BS -----,HIST  MINR -----, , ,First Time Freshman,Freshman,New Freshman,
1028,832067625,316035,01,B,CMSC  BS -----, , , ,Undergrad Transfers,Transfer,New Transfer,
1028,809985319,316037,01,C,CMPE  BS -----, , , ,First Time Freshman,Freshman,Continuing UG,
1028,809985319,318108,02,C,CMPE  BS -----, , , ,First Time Freshman,Freshman,Continuing UG,
1028,818458649,316037,01,F,PHYS  BS -----,MATH  MINR -----, , ,First Time Freshman,Freshman,New Freshman,
1028,803044513,318104,03,C,CMSC  BS -----, , , ,First Time Freshman,Freshman,New Freshman,
1028,818601323,318104,03,A,CMSC  BS -----, , , ,First Time Freshman,Freshman,Continuing UG,
1028,842492644,316035,06,A,VAAV    BA AI     SPC,SPAN  CRTN -----, , ,First Time Freshman,Freshman,New Freshman,
1028,835203210,316036,16,A,CMSC  BS -----, , , ,First Time Freshman,Freshman,New Freshman,
1028,835736079,318104,03,D,CMSC  BS -----, , , ,First Time Freshman,Freshman,Continuing UG,
1028,834132114,316035,06,C,CMSC  BS -----, , , ,First Time Freshman,Freshman,New Freshman,
1028,839290011,316036,11,A,CMSC  BS -----, , , ,First Time Freshman,Freshman,New Freshman,
1028,801177159,316037,11,F,CENG  BS -----, , , ,First Time Freshman,Freshman,Continuing UG,
1028,827609579,318104,01,B,CMSC  BS -----, , , ,First Time Freshman,Freshman,New Freshman,
1028,842093273,316037,06,C,CMPE  BS -----, , , ,Undergrad Other,Readmit,Continuing UG,
1028,829944935,315806,02,A,UGST    BA -----, , , ,First Time Freshman,Freshman,New Freshman,
1028,812670837,316037,06,F,CMSC  BS -----, , , ,First Time Freshman,Freshman,Continuing UG,
1028,819178692,316037,01,C,CMPE  BS -----, , , ,Undergrad Transfers,Transfer,New Transfer,
1028,825311074,316036,01,B,CMSC  BS -----, , , ,Undergrad Transfers,Transfer,New Transfer,
1028,824959343,318245,03,D,CMPE  BS -----, , , ,Undergrad Transfers,Transfer,New Transfer,
1028,801621326,316035,06,C,CMSC  BS -----, , , ,First Time Freshman,Freshman,New Freshman,
1028,831030103,316036,01,A,CMSC  BS -----, , , ,First Time Freshman,Freshman,New Freshman,
1028,823791569,318104,02,A,CMSC  BS -----, , , ,First Time Freshman,Freshman,Continuing UG,
1028,802036547,316035,11,A,CMSC  BS -----, , , ,First Time Freshman,Freshman,New Freshman,
1028,837170737,318104,01,B,CMSC  BS -----, , , ,First Time Freshman,Freshman,Continuing UG,
1028,827614406,316037,01,F,CMSC  BS -----, , , ,First Time Freshman,Freshman,Continuing UG,
1028,806981308,316036,01,B,CMSC  BS -----, , , ,First Time Freshman,Freshman,New Freshman,
1028,828012092,318245,03,W,CMPE  BS -----, , , ,First Time Freshman,Freshman,Continuing UG,
1028,808180685,318104,04,B,CMPE  BS -----,ENGR    BS -----, , ,Undergrad Transfers,Transfer,New Transfer,
1028,848023416,316037,11,C,CMPE  BS -----,VAAV    BA GR     SPC, , ,First Time Freshman,Freshman,Continuing UG,
1028,819395001,318108,02,A,MENG  BS -----,MATH  MINR -----,CMSC  MINR -----,STAT  BS -----,Undergrad Transfers,Transfer,New Transfer,
1028,819395001,318245,01,A,MENG  BS -----,MATH  MINR -----,CMSC  MINR -----,STAT  BS -----,Undergrad Transfers,Transfer,New Transfer,
1028,842072746,316037,01,C,CMPE  BS -----,CHEM  BA -----, , ,First Time Freshman,Freshman,New Freshman,
1028,821818348,318104,01,B,CMPE  BS -----, , , ,Undergrad Transfers,Transfer,Continuing UG,
1028,834493188,316037,06,W,BIOL  BS -----, , , ,Undergrad Transfers,Transfer,New Transfer,
1028,812038324,318108,03,C,MATH  BS -----, , , ,First Time Freshman,Freshman,Continuing UG,
1028,812038324,318245,02,B,MATH  BS -----, , , ,First Time Freshman,Freshman,Continuing UG,
1028,806932715,316037,11,B,CMSC  BS -----, , , ,First Time Freshman,Freshman,Continuing UG,
1028,823085155,315806,02,B,CMSC  BS -----, , , ,First Time Freshman,Freshman,New Freshman,
1028,807514973,318245,02,B,CMPE  BS -----,HONR   CTN -----, , ,First Time Freshman,Freshman,New Freshman,
1028,825182591,316036,06,B,CMSC  BS -----, , , ,First Time Freshman,Freshman,New Freshman,
1028,822916003,316036,06,B,UGST    BA -----, , , ,First Time Freshman,Freshman,Continuing UG,
1028,833107595,316037,06,C,CMSC  BS -----, , , ,First Time Freshman,Freshman,New Freshman,
1028,837847457,318104,02,B,CMSC  BS -----, , , ,First Time Freshman,Freshman,Continuing UG,
1028,848250612,315806,04,A,CMSC  BS -----, , , ,First Time Freshman,Freshman,New Freshman,
1028,835075820,316036,01,B,CMPE  BS -----,MUSC  BA MUTC   SPC,HONR   CTN -----, ,Undergrad Transfers,Transfer,Continuing UG,
1028,842097646,318104,03,A,BINF  BS -----,CMSC  MINR -----, , ,First Time Freshman,Freshman,Continuing UG,
1028,802485894,316036,01,C,BTA   BA -----, , , ,First Time Freshman,Freshman,New Freshman,
1028,808566402,318104,01,B,IFSM  BS -----,CMSC  MINR -----, , ,First Time Freshman,Freshman,Continuing UG,
1028,814852204,318104,04,C,CMSC  BS -----, , , ,Undergrad Transfers,Transfer,New Transfer,
1028,801957149,318108,01,B,CMPE  BS -----, , , ,Undergrad Transfers,Transfer,Continuing UG,
1028,839722945,316037,06,A,MENG  BS -----, , , ,Undergrad Transfers,Transfer,Continuing UG,
1028,823314091,318104,03,C,CMPE  BS -----,MATH  MINR -----, , ,Undergrad Transfers,Transfer,Continuing UG,
1028,823314091,318245,04,B,CMPE  BS -----,MATH  MINR -----, , ,Undergrad Transfers,Transfer,Continuing UG,
1028,837161661,318245,03,W,CMPE  BS -----, , , ,First Time Freshman,Freshman,Continuing UG,
1028,815496572,318104,02,W,CMSC  BS -----,BINF  BS -----,MATH  MINR -----, ,Undergrad Transfers,Transfer,Continuing UG,
1028,806994606,318104,01,D,UGST    BA DENT   OPT, , , ,First Time Freshman,Freshman,Continuing UG,
1028,822582265,316036,11,C,MENG  BS -----, , , ,First Time Freshman,Freshman,New Freshman,
1028,808983838,318245,01,D,CENG  BS -----, , , ,First Time Freshman,Freshman,Continuing UG,
1028,819121172,318104,02,B,CMPE  BS -----, , , ,First Time Freshman,Freshman,Continuing UG,
1028,819121172,318108,01,D,CMPE  BS -----, , , ,First Time Freshman,Freshman,Continuing UG,
1028,838829900,316036,01,B,CMPE  BS -----, , , ,First Time Freshman,Freshman,New Freshman,
1028,831700175,316037,11,D,STAT  BS -----, , , ,First Time Freshman,Freshman,Continuing UG,
1028,842556251,318104,02,B,CMSC  BS -----, , , ,First Time Freshman,Freshman,Continuing UG,
1028,809588741,316036,01,B,CMSC  BS -----, , , ,First Time Freshman,Freshman,New Freshman,
1028,844439507,318104,04,B,CMPE  BS -----, , , ,Undergrad Transfers,Transfer,New Transfer,
1028,844439507,318108,02,A,CMPE  BS -----, , , ,Undergrad Transfers,Transfer,New Transfer,
1028,803311580,320219,02,A,MATH  BS -----, , , ,First Time Freshman,Freshman,Continuing UG,
1028,826581900,316035,06,A,UGST    BA -----, , , ,First Time Freshman,Freshman,New Freshman,
1028,849126264,316037,06,C,CMPE  BS -----, , , ,First Time Freshman,Freshman,New Freshman,
1028,818474495,316037,11,A,CMPE  BS -----,PHYS  MINR -----, , ,Undergrad Transfers,Transfer,Continuing UG,
1028,838306527,316036,01,A,MLL   BA LING  SPC,HONR   CTN -----, , ,First Time Freshman,Freshman,New Freshman,
1028,807615285,316036,06,D,CMSC  BS -----,IFSM  BS -----, , ,First Time Freshman,Freshman,New Freshman,
1028,802147750,318245,02,C,CMSC  BS -----, , , ,First Time Freshman,Freshman,New Freshman,
1028,816130220,316037,06,F,CMSC  BS -----, , , ,First Time Freshman,Freshman,Continuing UG,
1028,839973756,316638,01,A,CMSC  BS -----,HONR   CTN -----, , ,First Time Freshman,Freshman,New Freshman,
1028,846437692,318104,01,A,MATH  BS -----,CMSC  BS -----, , ,Undergrad Transfers,Transfer,Continuing UG,
1028,832728301,318245,01,F,CMPE  BS -----,HIST  MINR -----, , ,First Time Freshman,Freshman,Continuing UG,
1028,835278929,320219,02,A,MENG  BS -----,PHYS  BS -----, , ,First Time Freshman,Freshman,Continuing UG,
1028,833848390,300430,01,W,CMPE  BS -----,HONR   CTN -----, , ,First Time Freshman,Freshman,Continuing UG,
1028,833848390,318245,01,A,CMPE  BS -----,HONR   CTN -----, , ,First Time Freshman,Freshman,Continuing UG,
1028,812916914,316037,06,C,CMSC  BS -----, , , ,First Time Freshman,Freshman,Continuing UG,
1028,812888605,316037,06,C,CMSC  BS -----, , , ,First Time Freshman,Freshman,Continuing UG,
1028,820805871,316036,06,B,CMSC  BS -----, , , ,First Time Freshman,Freshman,New Freshman,
1028,823211171,316037,06,A,CMSC  BS -----, , , ,Undergrad Transfers,Transfer,Continuing UG,
1028,828060446,316036,16,C,CMSC  BS -----, , , ,Undergrad Transfers,Transfer,Continuing UG,
1028,800093769,316037,06,B,CMSC  BS -----,MATH  MINR -----, , ,Undergrad Transfers,Transfer,New Transfer,
1028,839883443,316036,06,B,CMSC  BS -----,MATH  BA -----, , ,First Time Freshman,Freshman,New Freshman,
1028,846091077,316037,06,B,CMPE  BS -----, , , ,Undergrad Transfers,Transfer,Continuing UG,
1028,846091077,318104,02,A,CMPE  BS -----, , , ,Undergrad Transfers,Transfer,Continuing UG,
1028,849129518,316036,01,B,CMSC  BS -----, , , ,First Time Freshman,Freshman,New Freshman,
1028,837375264,316036,06,A,CMPE  BS -----, , , ,First Time Freshman,Freshman,New Freshman,
1028,818924684,316037,11,F,CMPE  BS -----,CMSC  BS -----, , ,First Time Freshman,Freshman,Continuing UG,
1028,843287311,318245,04,B,CMPE  BS -----,MATH  MINR -----, , ,First Time Freshman,Freshman,Continuing UG,
1028,835514021,316037,06,C,CMSC  BS -----, , , ,First Time Freshman,Freshman,New Freshman,
1028,825166624,318108,02,C,CMSC  BS -----, , , ,First Time Freshman,Freshman,Continuing UG,
1028,818274856,318104,02,A,CMSC  BS -----,ECON  MINR -----, , ,First Time Freshman,Freshman,Continuing UG,
1028,818285014,318245,04,C,CMSC  BS -----, , , ,First Time Freshman,Freshman,Continuing UG,
1028,804985023,316036,01,B,CMSC  BS -----, , , ,First Time Freshman,Freshman,New Freshman,
1028,802850742,318104,01,C,CMSC  BS -----, , , ,First Time Freshman,Freshman,Continuing UG,
1028,829926814,320219,03,C,MATH  BS -----,CMSC  MINR -----, , ,First Time Freshman,Freshman,Continuing UG,
1028,827884893,316036,16,B,CMSC  BS -----, , , ,First Time Freshman,Freshman,Continuing UG,
1028,830088006,316037,06,C,CMPE  BS -----,PHYS  MINR -----, , ,First Time Freshman,Freshman,Continuing UG,
1028,815216364,316036,06,F,BIOL  BS -----, , , ,First Time Freshman,Freshman,Continuing Other,
1028,849462675,316037,06,A,UGST    BA -----, , , ,Undergrad Other,Reinstate,Continuing UG,
1028,849462675,318104,04,A,UGST    BA -----, , , ,Undergrad Other,Reinstate,Continuing UG,
1028,846022882,316037,11,W,CMSC  BS -----,PSYC  MINR -----, , ,Undergrad Transfers,Transfer,Continuing UG,
1028,805560659,318104,02,B,CMSC  BS -----, , , ,First Time Freshman,Freshman,Continuing UG,
1028,805478410,316036,06,A,CMPE  BS -----,ENGR    BS -----, , ,First Time Freshman,Freshman,New Freshman,
1028,841194517,316036,06,C,BINF  BS -----, , , ,First Time Freshman,Freshman,New Freshman,
1028,814982197,316037,06,A,CMSC  BS -----,HONR   CTN -----, , ,First Time Freshman,Freshman,New Freshman,
1028,821668252,316036,06,A,CMSC  BS -----, , , ,First Time Freshman,Freshman,New Freshman,
1028,819142483,318104,02,A,CMSC  BS -----, , , ,First Time Freshman,Freshman,Continuing UG,
1028,836439075,320220,01,B,MATH  BS -----,MLL   MINR -----, , ,Undergrad Other,Unknown,Continuing UG,
1028,836439075,322804,01,B,MATH  BS -----,MLL   MINR -----, , ,Undergrad Other,Unknown,Continuing UG,
1028,804791271,318245,01,B,MENG  BS -----, , , ,First Time Freshman,Freshman,New Freshman,
1028,825284198,316036,06,B,CMSC  BS -----,ACTG  BFA -----, , ,First Time Freshman,Freshman,New Freshman,
1028,846238346,318104,04,F,CMSC  BS -----, , , ,First Time Freshman,Freshman,New Freshman,
1028,844425815,316037,06,B,CMSC  BS -----, , , ,First Time Freshman,Freshman,New Freshman,
1028,821817548,316037,06,F,CMSC  BS -----,STAT  BS APST   TRK, , ,First Time Freshman,Freshman,Continuing UG,
1028,829211655,316036,16,C,CMSC  BS -----, , , ,First Time Freshman,Freshman,Continuing UG,
1028,800960406,316036,16,B,CMSC  BS -----, , , ,Undergrad Transfers,Transfer,New Transfer,
1028,806921009,318108,03,W,CMSC  BS -----, , , ,First Time Freshman,Freshman,Continuing UG,
1028,809237841,316036,16,C,MENG  BS -----,IFSM  BS -----, , ,First Time Freshman,Freshman,New Freshman,
1028,836529295,316036,01,C,CMPE  BS -----,ENGR    BS -----, , ,First Time Freshman,Freshman,New Freshman,
1028,804244041,316037,06,B,UGST    BA -----, , , ,First Time Freshman,Freshman,Continuing UG,
1028,834503337,316037,06,F,CMPE  BS -----, , , ,First Time Freshman,Freshman,Continuing UG,
1028,820638008,316037,06,A,MATH  BA -----,LING  MINR -----,MLL   MINR SPANM  SPC,CMSC  MINR -----,First Time Freshman,Freshman,New Freshman,
1028,804275764,316036,16,A,CMPE  BS -----, , , ,First Time Freshman,Freshman,New Freshman,
1028,840294354,316036,06,B,CMSC  BS -----, , , ,Undergrad Transfers,Transfer,New Transfer,
1028,818864459,316036,01,A,CMSC  BS -----, , , ,First Time Freshman,Freshman,New Freshman,
1028,810391096,316037,01,A,CMSC  BS -----,PSYC  BA -----, , ,First Time Freshman,Freshman,New Freshman,
1028,836949203,316036,16,B,CMSC  BS -----, , , ,Undergrad Transfers,Transfer,New Transfer,
1028,821616861,316037,11,AU,CMPE  BS -----,ENGR    BS -----, , ,First Time Freshman,Freshman,New Freshman,
1028,816228899,316036,01,B,CMSC  BS -----, , , ,First Time Freshman,Freshman,New Freshman,
1028,849324079,316036,16,B,CMSC  BS -----,BTA   BA -----, , ,First Time Freshman,Freshman,New Freshman,
1028,845733819,318104,01,B,IFSM  BS -----,CMSC  MINR -----, , ,Undergrad Other,Reinstate,Continuing UG,
1028,808134429,316036,16,B,ECON  BA -----,CMSC  BS -----, , ,First Time Freshman,Freshman,New Freshman,
1028,801494523,316036,01,F,CMSC  BS -----, , , ,First Time Freshman,Freshman,Continuing UG,
1028,808631790,316036,06,A,CMSC  BS -----,MATH  BA -----, , ,First Time Freshman,Freshman,New Freshman,
1028,845178550,316037,01,D,CMPE  BS -----, , , ,Undergrad Transfers,Transfer,Continuing UG,
1028,845178550,318104,03,D,CMPE  BS -----, , , ,Undergrad Transfers,Transfer,Continuing UG,
1028,839352720,316037,06,A,CMSC  BS -----,IFSM  BS -----, , ,Undergrad Transfers,Transfer,Continuing UG,
1028,818113838,318104,04,A,CMSC  BS -----,CMPE  BS -----, , ,First Time Freshman,Freshman,New Freshman,
1028,827240262,316036,11,C,CMSC  BS -----, , , ,First Time Freshman,Freshman,Continuing UG,
1028,844683255,316036,01,A,CMSC  BS -----,BIOL  MINR -----, , ,First Time Freshman,Freshman,New Freshman,
1028,844143292,316037,11,B,CMSC  BS -----,MATH  BS -----, , ,First Time Freshman,Freshman,Continuing UG,
1028,828846547,316037,01,B,CMSC  BS -----, , , ,First Time Freshman,Freshman,Continuing UG,
1028,828846547,318104,01,B,CMSC  BS -----, , , ,First Time Freshman,Freshman,Continuing UG,
1028,816873405,316037,06,B,CMPE  BS -----,MATH  MINR -----, , ,First Time Freshman,Freshman,Continuing UG,
1028,834827460,316036,01,D,CMPE  BS -----, , , ,First Time Freshman,Freshman,Continuing UG,
1028,811505069,316037,01,B,CMSC  BS -----, , , ,First Time Freshman,Freshman,New Freshman,
1028,845424224,316036,01,A,BIOL  BA -----, , , ,First Time Freshman,Freshman,New Freshman,
1028,804410503,316036,16,C,CMSC  BS -----,BTA   BA -----, , ,First Time Freshman,Freshman,New Freshman,
1028,837834132,316036,01,F,CMSC  BS -----, , , ,Undergrad Transfers,Transfer,Continuing UG,
1028,821357016,320220,01,B,MATH  BS -----, , , ,Undergrad Other,Readmit,Continuing UG,
1028,821357016,322434,01,C,MATH  BS -----, , , ,Undergrad Other,Readmit,Continuing UG,
1028,825355638,316035,11,A,CMSC  BS -----, , , ,Undergrad Transfers,Transfer,New Transfer,
1028,818619753,316036,16,A,ENGR    BS -----,CMPE  BS -----, , ,First Time Freshman,Freshman,New Freshman,
1028,825192242,316036,01,A,CMPE  BS -----, , , ,First Time Freshman,Freshman,New Freshman,
1028,823342612,316036,06,C,BIOL  BS -----, , , ,First Time Freshman,Freshman,Continuing UG,
1028,843883839,318245,04,W,CMPE  BS -----, , , ,First Time Freshman,Freshman,Continuing UG,
1028,822134099,316036,01,B,CMSC  BS -----, , , ,Undergrad Transfers,Transfer,New Transfer,
1028,804716581,316036,11,A,CMSC  BS -----,PHYS  BS -----,HONR   CTN -----, ,First Time Freshman,Freshman,New Freshman,
1028,806228505,316037,06,C,CMSC  BS -----, , , ,First Time Freshman,Freshman,Continuing UG,
1028,832900863,316036,06,B,CMPE  BS -----, , , ,First Time Freshman,Freshman,New Freshman,
1028,849919957,316036,16,A,CMSC  BS -----, , , ,First Time Freshman,Freshman,New Freshman,
1028,836737468,316035,11,A,CMPE  BS -----,BINF  BS -----, , ,Undergrad Transfers,Transfer,New Transfer,
1028,815524103,316036,06,B,CMPE  BS -----,CMSC  BS -----, , ,First Time Freshman,Freshman,New Freshman,
1028,833565448,316036,01,D,PHYS  BS -----, , , ,First Time Freshman,Freshman,Continuing UG,
1028,830839127,316036,06,C,CMSC  BS -----, , , ,Undergrad Transfers,Transfer,Continuing UG,
1028,844652021,316037,01,B,CMSC  BS -----, , , ,First Time Freshman,Freshman,Continuing UG,
1028,835134472,316035,11,A,CMPE  BS -----,MATH  MINR -----, , ,Undergrad Transfers,Transfer,New Transfer,
1028,813403062,316037,01,C,CMSC  BS -----, , , ,First Time Freshman,Freshman,Continuing UG,
1028,829061072,315806,06,A,CMSC  BS -----, , , ,First Time Freshman,Freshman,New Freshman,
1028,833506520,316037,06,A,ENGR    BS -----,CMPE  BS -----, , ,First Time Freshman,Freshman,New Freshman,
1028,801409416,318104,03,A,CMSC  BS -----, , , ,First Time Freshman,Freshman,Continuing UG,
1028,809927411,316036,06,B,CMSC  BS -----, , , ,First Time Freshman,Freshman,New Freshman,
1028,826307010,316037,11,W,CMSC  BS -----, , , ,First Time Freshman,Freshman,Continuing UG,
1028,826307010,318104,04,F,CMSC  BS -----, , , ,First Time Freshman,Freshman,Continuing UG,
1028,826116501,316036,16,A,CMPE  BS -----, , , ,First Time Freshman,Freshman,New Freshman,
1028,824490463,316036,01,B,CMSC  BS -----, , , ,First Time Freshman,Freshman,New Freshman,
1028,808165836,316035,06,A,CMSC  BS -----, , , ,First Time Freshman,Freshman,New Freshman,
1028,802642698,318245,04,C,MENG  BS -----,CMSC  MINR -----, , ,First Time Freshman,Freshman,Continuing UG,
1028,849448417,316036,16,B,ENGR    BS -----,CMSC  BS -----, , ,First Time Freshman,Freshman,New Freshman,
1028,822111004,316036,06,C,CMPE  BS -----, , , ,First Time Freshman,Freshman,New Freshman,
1028,825648552,316037,06,C,MENG  BS -----, , , ,First Time Freshman,Freshman,New Freshman,
1028,802124115,316036,11,C,CMSC  BS -----,ENGR    BS -----, , ,Undergrad Transfers,Transfer,New Transfer,
1028,841089491,316036,06,A,CMSC  BS -----, , , ,First Time Freshman,Freshman,New Freshman,
1028,809251577,316035,01,C,CMSC  BS -----, , , ,Undergrad Transfers,Transfer,New Transfer,
1028,845835223,318245,03,D,ENGR    BS -----,CMSC  BS -----, , ,First Time Freshman,Freshman,Continuing UG,
1028,804934848,316036,16,B,CMPE  BS -----, , , ,First Time Freshman,Freshman,New Freshman,
1028,819292751,318245,04,A,MATH  BA -----,PHYS  BS -----,HONR   CTN -----, ,First Time Freshman,Freshman,New Freshman,
1028,843960635,316036,06,A,CMPE  BS -----, , , ,First Time Freshman,Freshman,New Freshman,
1028,802837155,318108,03,A,UGST    BA -----, , , ,First Time Freshman,Freshman,Continuing UG,
1028,816284306,316036,06,B,CMSC  BS -----, , , ,First Time Freshman,Freshman,New Freshman,
1028,837958999,316036,11,B,CMSC  BS -----, , , ,First Time Freshman,Freshman,Continuing UG,
1028,803125283,318104,04,D,CMSC  BS -----, , , ,First Time Freshman,Freshman,Continuing UG,
1028,822256214,315806,04,A,CMSC  BS -----, , , ,First Time Freshman,Freshman,New Freshman,
1028,824348566,318104,02,C,PHYS  BS -----, , , ,First Time Freshman,Freshman,Continuing UG,
1028,824348566,318108,01,C,PHYS  BS -----, , , ,First Time Freshman,Freshman,Continuing UG,
1028,826923612,316035,01,B,CMSC  BS -----, , , ,Undergrad Transfers,Transfer,New Transfer,
1028,825035313,318104,01,B,CMSC  BS -----, , , ,First Time Freshman,Freshman,Continuing UG,
1028,824635064,318245,03,B,MATH  BS -----,CMSC  BS -----, , ,First Time Freshman,Freshman,New Freshman,
1028,819430994,318245,01,B,MENG  BS -----, , , ,First Time Freshman,Freshman,Continuing UG,
1028,809917355,301557,01,W,CMSC  BS -----, , , ,Undergrad Transfers,Transfer,New Transfer,
1028,837257394,303762,01,D,BINF  BS -----,MATH  BS -----,CMSC  MINR -----, ,Undergrad Transfers,Transfer,Continuing UG,
1028,837257394,303765,01,C,BINF  BS -----,MATH  BS -----,CMSC  MINR -----, ,Undergrad Transfers,Transfer,Continuing UG,
1028,817993305,301557,01,C,MATH  BS -----,PHYS  BS -----, , ,Undergrad Transfers,Transfer,New Transfer,
1028,802557060,301557,01,D,CMSC  BS -----, , , ,Undergrad Transfers,Transfer,New Transfer,
1028,837170737,301557,04,C,CMSC  BS -----, , , ,First Time Freshman,Freshman,Continuing UG,
1028,801667108,301557,04,F,CMSC  BS -----, , , ,Undergrad Transfers,Transfer,Continuing UG,
1028,818285014,301557,01,D,CMSC  BS -----, , , ,First Time Freshman,Freshman,Continuing UG,
1028,819401534,301557,04,B,MATH  BS -----, , , ,First Time Freshman,Freshman,Continuing UG,
1028,830051510,301552,04,A,UGST    BA PHAR   OPT, , , ,Undergrad Transfers,Transfer,Continuing UG,
1028,836439075,303765,01,B,MATH  BS -----,MLL   MINR -----, , ,Undergrad Other,Unknown,Continuing UG,
1028,840294354,301557,01,C,CMSC  BS -----, , , ,Undergrad Transfers,Transfer,New Transfer,
1028,816235870,301552,01,A,BIOL  BA -----, , , ,First Time Freshman,Freshman,Continuing UG,
1028,847889826,301557,01,B,CMSC  BS -----, , , ,Undergrad Other,Reinstate,Continuing UG,
1028,802423143,301557,01,B,CMSC  BS -----, , , ,First Time Freshman,Freshman,New Freshman,
1028,802642698,301557,04,C,MENG  BS -----,CMSC  MINR -----, , ,First Time Freshman,Freshman,Continuing UG,
1028,831417839,301557,01,B,CMSC  BS -----, , , ,Undergrad Transfers,Transfer,New Transfer,
1028,836202551,325345,01,C,UGST    BA -----, , , ,First Time Freshman,Freshman,Continuing UG,
1028,841538100,301557,01,B,CMSC  BS -----, , , ,Undergrad Transfers,Transfer,New Transfer,
