1032,827621502,318245,02,B,ENGR    BS -----,CMPE  BS -----, , ,First Time Freshman,Freshman,Continuing UG,
1032,842522959,316037,01,A,CMPE  BS -----, , , ,First Time Freshman,Freshman,Continuing UG,
1032,842108422,318104,03,F,CMSC  BS -----, , , ,First Time Freshman,Freshman,Continuing UG,
1032,833832804,316037,01,A,CMSC  BS -----, , , ,Undergrad Other,Readmit,Continuing UG,
1032,840822397,318104,05,A,MATH  BS -----,CMSC  BS -----,PHIL  MINR -----,PHYS  MINR -----,First Time Freshman,Freshman,Continuing UG,
1032,842615641,318104,04,C,CMPE  BS -----, , , ,Undergrad Transfers,Transfer,Continuing UG,
1032,842615641,318108,03,B,CMPE  BS -----, , , ,Undergrad Transfers,Transfer,Continuing UG,
1032,842615641,318245,01,B,CMPE  BS -----, , , ,Undergrad Transfers,Transfer,Continuing UG,
1032,838651788,316037,11,B,MATH  BS -----, , , ,First Time Freshman,Freshman,Continuing UG,
1032,817908363,318104,05,A,CMSC  BS -----, , , ,First Time Freshman,Freshman,Continuing UG,
1032,809917355,320219,02,W,CMSC  BS -----, , , ,Undergrad Transfers,Transfer,Continuing UG,
1032,830812519,318104,02,B,CMPE  BS -----, , , ,Undergrad Transfers,Transfer,New Transfer,
1032,830812519,318245,02,W,CMPE  BS -----, , , ,Undergrad Transfers,Transfer,New Transfer,
1032,837257394,322475,01,D,BINF  BS -----,MATH  BS -----,CMSC  MINR -----, ,Undergrad Transfers,Transfer,Continuing UG,
1032,837257394,322524,01,W,BINF  BS -----,MATH  BS -----,CMSC  MINR -----, ,Undergrad Transfers,Transfer,Continuing UG,
1032,804235898,316037,06,C,BINF  BS -----,PSYC  MINR -----, , ,First Time Freshman,Freshman,Continuing UG,
1032,829944153,316037,01,A,CMSC  BS -----, , , ,First Time Freshman,Freshman,Continuing UG,
1032,817997577,318104,02,B,CMSC  BS -----,HONR   CTN -----, , ,First Time Freshman,Freshman,Continuing UG,
1032,817993305,320219,02,W,CMSC  BS -----, , , ,Undergrad Transfers,Transfer,Continuing UG,
1032,843899951,316036,01,A,CMSC  BS -----, , , ,First Time Freshman,Freshman,Continuing UG,
1032,832282421,316036,06,F,CMSC  BS -----, , , ,First Time Freshman,Freshman,Continuing UG,
1032,834122795,318108,04,B,CMSC  BS -----,CMPE  BS -----, , ,First Time Freshman,Freshman,Continuing UG,
1032,846926851,316037,11,A,CMSC  BS -----,HIST  MINR -----, , ,First Time Freshman,Freshman,Continuing UG,
1032,832067625,316036,01,B,CMSC  BS -----, , , ,Undergrad Transfers,Transfer,Continuing UG,
1032,809985319,318104,03,B,CMPE  BS -----, , , ,First Time Freshman,Freshman,Continuing UG,
1032,809985319,318245,01,B,CMPE  BS -----, , , ,First Time Freshman,Freshman,Continuing UG,
1032,818458649,316037,01,A,CMSC  BS -----,PSYC  MINR -----, , ,First Time Freshman,Freshman,Continuing UG,
1032,835203210,316037,06,B,CMSC  BS -----, , , ,First Time Freshman,Freshman,Continuing UG,
1032,835736079,318104,05,D,CMSC  BS -----, , , ,First Time Freshman,Freshman,Continuing UG,
1032,834132114,316036,11,C,CMSC  BS -----, , , ,First Time Freshman,Freshman,Continuing UG,
1032,839290011,316037,11,B,CMSC  BS -----, , , ,First Time Freshman,Freshman,Continuing UG,
1032,801177159,316037,06,B,CMSC  BS -----, , , ,First Time Freshman,Freshman,Continuing UG,
1032,842093273,318245,03,C,CMPE  BS -----, , , ,Undergrad Other,Readmit,Continuing UG,
1032,846325381,318104,02,D,CMSC  BS -----,FIEC  BS -----, , ,Undergrad Other,Reinstate,Continuing UG,
1032,829944935,316035,01,A,UGST    BA -----, , , ,First Time Freshman,Freshman,Continuing UG,
1032,812670837,318104,05,D,CMSC  BS -----, , , ,First Time Freshman,Freshman,Continuing UG,
1032,819178692,318245,01,B,CMPE  BS -----, , , ,Undergrad Transfers,Transfer,Continuing UG,
1032,825311074,316037,01,C,CMSC  BS -----, , , ,Undergrad Transfers,Transfer,Continuing UG,
1032,824959343,318104,02,B,CMPE  BS -----, , , ,Undergrad Transfers,Transfer,Continuing UG,
1032,801621326,316036,01,D,CMSC  BS -----, , , ,First Time Freshman,Freshman,Continuing UG,
1032,826936334,318245,01,A,CMPE  BS -----,BIOC  BS -----,HONR   CTN -----, ,First Time Freshman,Freshman,Continuing UG,
1032,831030103,316037,01,B,CMSC  BS -----, , , ,First Time Freshman,Freshman,Continuing UG,
1032,802036547,316036,06,B,CMSC  BS -----, , , ,First Time Freshman,Freshman,Continuing UG,
1032,806981308,316037,11,B,CMSC  BS -----, , , ,First Time Freshman,Freshman,Continuing UG,
1032,816494754,318108,03,A,CMPE  BS -----,CMSC  BS -----, , ,First Time Freshman,Freshman,Continuing UG,
1032,828012092,318108,03,B,CMPE  BS -----, , , ,First Time Freshman,Freshman,Continuing UG,
1032,828012092,318245,03,B,CMPE  BS -----, , , ,First Time Freshman,Freshman,Continuing UG,
1032,804671124,318104,01,B,CMPE  BS -----, , , ,Undergrad Transfers,Transfer,New Transfer,
1032,804671124,318108,01,C,CMPE  BS -----, , , ,Undergrad Transfers,Transfer,New Transfer,
1032,804671124,318245,02,F,CMPE  BS -----, , , ,Undergrad Transfers,Transfer,New Transfer,
1032,848023416,318104,01,A,CMPE  BS -----,VAAV    BA GR     SPC, , ,First Time Freshman,Freshman,Continuing UG,
1032,842072746,318245,02,A,CMPE  BS -----,CHEM  BA -----, , ,First Time Freshman,Freshman,Continuing UG,
1032,834493188,316037,11,F,BIOL  BS -----,CMSC  BS -----, , ,Undergrad Transfers,Transfer,Continuing UG,
1032,832425367,318245,02,A,MENG  BS -----, , , ,First Time Freshman,Freshman,Continuing UG,
1032,812038324,318104,01,A,MATH  BS -----,CMSC  MINR -----, , ,First Time Freshman,Freshman,Continuing UG,
1032,806932715,318104,01,C,CMSC  BS -----, , , ,First Time Freshman,Freshman,Continuing UG,
1032,823085155,316035,01,C,CMSC  BS -----, , , ,First Time Freshman,Freshman,Continuing UG,
1032,806284447,318245,04,W,CMPE  BS -----, , , ,Undergrad Transfers,Transfer,New Transfer,
1032,807514973,318104,05,A,CMPE  BS -----,MATH  BS -----,HONR   CTN -----, ,First Time Freshman,Freshman,Continuing UG,
1032,825182591,316037,11,C,CMSC  BS -----, , , ,First Time Freshman,Freshman,Continuing UG,
1032,822916003,316037,01,C,CMSC  BS -----, , , ,First Time Freshman,Freshman,Continuing UG,
1032,833107595,318104,05,A,CMSC  BS -----, , , ,First Time Freshman,Freshman,Continuing UG,
1032,848250612,316035,06,A,CMSC  BS -----, , , ,First Time Freshman,Freshman,Continuing UG,
1032,835075820,316037,01,C,CMPE  BS -----,MUSC  BA MUTC   SPC,HONR   CTN -----, ,Undergrad Transfers,Transfer,Continuing UG,
1032,801840331,318104,02,C,CMSC  BS -----, , , ,Undergrad Transfers,Transfer,Continuing UG,
1032,802485894,316036,06,B,CMSC  BS -----, , , ,First Time Freshman,Freshman,Continuing UG,
1032,842561290,316036,06,D,CMPE  BS -----,CMSC  BS -----, , ,Undergrad Transfers,Transfer,Continuing Other,
1032,801957149,318104,03,B,CMPE  BS -----, , , ,Undergrad Transfers,Transfer,Continuing UG,
1032,829468411,320219,02,W,CMSC  BS -----,MUSC  MINR -----,MLL   MINR GERMM  SPC, ,Undergrad Transfers,Transfer,Continuing UG,
1032,839722945,318245,01,A,CMPE  BS -----, , , ,Undergrad Transfers,Transfer,Continuing UG,
1032,823314091,318108,03,B,CMPE  BS -----,MATH  MINR -----, , ,Undergrad Transfers,Transfer,Continuing UG,
1032,806298331,318104,05,A,ENGR    BS -----, , , ,First Time Freshman,Freshman,Continuing UG,
1032,837161661,318245,03,B,CMPE  BS -----, , , ,First Time Freshman,Freshman,Continuing UG,
1032,806994606,318104,01,F,UGST    BA DENT   OPT, , , ,First Time Freshman,Freshman,Continuing UG,
1032,822582265,316037,01,W,MENG  BS -----, , , ,First Time Freshman,Freshman,Continuing UG,
1032,808983838,318245,01,A,CMPE  BS -----, , , ,First Time Freshman,Freshman,Continuing UG,
1032,819121172,318245,03,C,CMPE  BS -----, , , ,First Time Freshman,Freshman,Continuing UG,
1032,838829900,316037,01,A,CMPE  BS -----, , , ,First Time Freshman,Freshman,Continuing UG,
1032,809588741,316037,01,A,CMSC  BS -----, , , ,First Time Freshman,Freshman,Continuing UG,
1032,803311580,322475,01,A,MATH  BS -----, , , ,First Time Freshman,Freshman,Continuing UG,
1032,826581900,316036,11,A,UGST    BA -----, , , ,First Time Freshman,Freshman,Continuing UG,
1032,849126264,318108,01,C,CMPE  BS -----, , , ,First Time Freshman,Freshman,Continuing UG,
1032,849126264,318245,02,F,CMPE  BS -----, , , ,First Time Freshman,Freshman,Continuing UG,
1032,808646333,316037,11,W,CMSC  BS -----, , , ,Undergrad Other,Unknown,Continuing UG,
1032,807615285,316036,01,D,CMSC  BS -----,IFSM  BS -----, , ,First Time Freshman,Freshman,Continuing UG,
1032,843409688,318104,04,B,CMPE  BS -----, , , ,First Time Freshman,Freshman,Continuing UG,
1032,843409688,318108,03,A,CMPE  BS -----, , , ,First Time Freshman,Freshman,Continuing UG,
1032,802147750,318104,05,A,CMSC  BS -----, , , ,First Time Freshman,Freshman,Continuing UG,
1032,809034192,320219,02,B,CMSC  BS -----, , , ,Undergrad Other,Readmit,Continuing UG,
1032,816130220,318104,02,C,CMSC  BS -----, , , ,First Time Freshman,Freshman,Continuing UG,
1032,839973756,316685,01,A,CMSC  BS -----,HONR   CTN -----, , ,First Time Freshman,Freshman,Continuing UG,
1032,832728301,318108,03,B,CMPE  BS -----,HIST  MINR -----, , ,First Time Freshman,Freshman,Continuing UG,
1032,835278929,322431,01,A,MENG  BS -----,PHYS  BS -----, , ,First Time Freshman,Freshman,Continuing UG,
1032,833848390,318108,04,B,CMPE  BS -----,HONR   CTN -----, , ,First Time Freshman,Freshman,Continuing UG,
1032,812916914,318104,01,F,CMSC  BS -----, , , ,First Time Freshman,Freshman,Continuing UG,
1032,812888605,318104,01,C,CMSC  BS -----,PHIL  MINR -----, , ,First Time Freshman,Freshman,Continuing UG,
1032,820805871,316037,06,C,CMSC  BS -----, , , ,First Time Freshman,Freshman,Continuing UG,
1032,823211171,318104,01,B,CMSC  BS -----, , , ,Undergrad Transfers,Transfer,Continuing UG,
1032,826825765,318245,01,A,MATH  BS -----,CMSC  BS -----, , ,First Time Freshman,Freshman,Continuing UG,
1032,828060446,316037,11,B,CMSC  BS -----, , , ,Undergrad Transfers,Transfer,Continuing UG,
1032,828060446,318104,02,C,CMSC  BS -----, , , ,Undergrad Transfers,Transfer,Continuing UG,
1032,800093769,318245,01,P,CMSC  BS -----,MATH  MINR -----, , ,Undergrad Transfers,Transfer,Continuing UG,
1032,839883443,316037,01,C,CMSC  BS -----,MATH  BA -----, , ,First Time Freshman,Freshman,Continuing UG,
1032,824868055,318104,03,B,BINF  BS -----,BIOL  BS -----, , ,Undergrad Transfers,Transfer,New Transfer,
1032,846091077,318108,03,A,CMPE  BS -----, , , ,Undergrad Transfers,Transfer,Continuing UG,
1032,846091077,318245,01,A,CMPE  BS -----, , , ,Undergrad Transfers,Transfer,Continuing UG,
1032,849129518,316037,11,A,CMSC  BS -----, , , ,First Time Freshman,Freshman,Continuing UG,
1032,837375264,316037,06,A,CMPE  BS -----, , , ,First Time Freshman,Freshman,Continuing UG,
1032,843287311,318108,03,A,CMPE  BS -----,MATH  MINR -----, , ,First Time Freshman,Freshman,Continuing UG,
1032,825059393,318104,05,C,CMSC  BS -----, , , ,First Time Freshman,Freshman,Continuing UG,
1032,800468687,318104,01,A,CMPE  BS -----, , , ,Undergrad Transfers,Transfer,Continuing UG,
1032,800468687,318108,02,A,CMPE  BS -----, , , ,Undergrad Transfers,Transfer,Continuing UG,
1032,826002359,316036,06,B,CMSC  BS -----, , , ,Undergrad Transfers,Transfer,New Transfer,
1032,804985023,316037,01,B,CMSC  BS -----, , , ,First Time Freshman,Freshman,Continuing UG,
1032,829926814,320220,01,F,MATH  BS -----,CMSC  MINR -----, , ,First Time Freshman,Freshman,Continuing UG,
1032,829926814,320224,01,C,MATH  BS -----,CMSC  MINR -----, , ,First Time Freshman,Freshman,Continuing UG,
1032,829926814,322524,01,F,MATH  BS -----,CMSC  MINR -----, , ,First Time Freshman,Freshman,Continuing UG,
1032,819401534,320219,02,C,MATH  BS -----,CMSC  MINR -----,WEBC  ULC -----, ,First Time Freshman,Freshman,Continuing UG,
1032,830088006,318245,01,A,CMPE  BS -----,PHYS  MINR -----, , ,First Time Freshman,Freshman,Continuing UG,
1032,838457019,318245,04,B,CMPE  BS -----,CMSC  BS -----, , ,First Time Freshman,Freshman,Continuing UG,
1032,805478410,316037,11,B,CMPE  BS -----,ENGR    BS -----, , ,First Time Freshman,Freshman,Continuing UG,
1032,841194517,316036,01,B,CMSC  BS -----, , , ,First Time Freshman,Freshman,Continuing UG,
1032,814982197,318104,02,B,CMSC  BS -----,HONR   CTN -----, , ,First Time Freshman,Freshman,Continuing UG,
1032,821668252,316037,11,B,CMSC  BS -----, , , ,First Time Freshman,Freshman,Continuing UG,
1032,832319620,316036,01,B,CMSC  BS -----, , , ,First Time Freshman,Freshman,Continuing UG,
1032,836439075,320407,01,B,MATH  BS -----,CMSC  MINR -----, , ,Undergrad Other,Unknown,Continuing UG,
1032,836439075,322570,01,B,MATH  BS -----,CMSC  MINR -----, , ,Undergrad Other,Unknown,Continuing UG,
1032,816529976,316037,06,C,CMPE  BS -----, , , ,Undergrad Transfers,Transfer,New Transfer,
1032,825284198,316037,06,C,CMSC  BS -----,ACTG  BFA -----, , ,First Time Freshman,Freshman,Continuing UG,
1032,825284198,318104,04,C,CMSC  BS -----,ACTG  BFA -----, , ,First Time Freshman,Freshman,Continuing UG,
1032,844425815,318104,02,B,CMSC  BS -----, , , ,First Time Freshman,Freshman,Continuing UG,
1032,821817548,316037,06,B,CMSC  BS -----,STAT  BS APST   TRK, , ,First Time Freshman,Freshman,Continuing UG,
1032,829211655,316037,01,F,CMSC  BS -----, , , ,First Time Freshman,Freshman,Continuing UG,
1032,800960406,316037,01,W,CMSC  BS -----, , , ,Undergrad Transfers,Transfer,Continuing UG,
1032,809237841,316037,06,D,MENG  BS -----,IFSM  BS -----, , ,First Time Freshman,Freshman,Continuing UG,
1032,836529295,316037,06,D,CMPE  BS -----,ENGR    BS -----, , ,First Time Freshman,Freshman,Continuing UG,
1032,836920892,318104,03,F,CMPE  BS -----, , , ,Undergrad Transfers,Transfer,Continuing UG,
1032,804244041,318245,02,C,UGST    BA -----, , , ,First Time Freshman,Freshman,Continuing UG,
1032,849928543,316036,01,B,CMSC  BS -----, , , ,Undergrad Transfers,Transfer,New Transfer,
1032,820638008,318245,03,A,MATH  BA -----,LING  MINR -----,MLL   MINR SPANM  SPC,CMSC  MINR -----,First Time Freshman,Freshman,Continuing UG,
1032,804275764,316037,06,B,CMPE  BS -----, , , ,First Time Freshman,Freshman,Continuing UG,
1032,840294354,318104,03,A,CMSC  BS -----, , , ,Undergrad Transfers,Transfer,Continuing UG,
1032,818864459,316037,11,A,CMSC  BS -----, , , ,First Time Freshman,Freshman,Continuing UG,
1032,810391096,318104,01,A,CMSC  BS -----,PSYC  BA -----, , ,First Time Freshman,Freshman,Continuing UG,
1032,836949203,316037,06,D,CMSC  BS -----, , , ,Undergrad Transfers,Transfer,Continuing UG,
1032,821616861,316037,11,C,CMPE  BS -----,ENGR    BS -----, , ,First Time Freshman,Freshman,Continuing UG,
1032,818196286,318104,04,B,BINF  BS -----, , , ,First Time Freshman,Freshman,Continuing UG,
1032,816228899,316037,06,B,CMSC  BS -----, , , ,First Time Freshman,Freshman,Continuing UG,
1032,826961547,318104,03,B,CMPE  BS -----, , , ,Undergrad Transfers,Transfer,Continuing UG,
1032,819991302,316037,01,B,CMSC  BS -----, , , ,First Time Freshman,Freshman,Continuing UG,
1032,849324079,316037,11,B,CMSC  BS -----,BTA   BA -----, , ,First Time Freshman,Freshman,Continuing UG,
1032,808134429,316037,01,B,ECON  BA -----,CMSC  BS -----, , ,First Time Freshman,Freshman,Continuing UG,
1032,808631790,316037,11,C,CMSC  BS -----,PHYS  MINR -----, , ,First Time Freshman,Freshman,Continuing UG,
1032,845178550,316037,11,C,CMPE  BS -----, , , ,Undergrad Transfers,Transfer,Continuing UG,
1032,839352720,318104,02,A,CMSC  BS -----,IFSM  BS -----, , ,Undergrad Transfers,Transfer,Continuing UG,
1032,827240262,316037,11,C,CMSC  BS -----, , , ,First Time Freshman,Freshman,Continuing UG,
1032,844683255,316037,01,A,CMSC  BS -----,BIOL  MINR -----, , ,First Time Freshman,Freshman,Continuing UG,
1032,846642500,318104,01,A,CMSC  BS -----, , , ,Undergrad Transfers,Transfer,New Transfer,
1032,846642500,318108,01,B,CMSC  BS -----, , , ,Undergrad Transfers,Transfer,New Transfer,
1032,844143292,318104,04,B,CMSC  BS -----,MATH  BS -----, , ,First Time Freshman,Freshman,Continuing UG,
1032,844143292,318108,03,A,CMSC  BS -----,MATH  BS -----, , ,First Time Freshman,Freshman,Continuing UG,
1032,844143292,318245,04,A,CMSC  BS -----,MATH  BS -----, , ,First Time Freshman,Freshman,Continuing UG,
1032,828846547,318108,02,B,CMSC  BS -----, , , ,First Time Freshman,Freshman,Continuing UG,
1032,832092768,322431,01,AU,CMPE  BS -----, , , ,Undergrad Other,Unknown,Continuing UG,
1032,816873405,318245,01,B,CMPE  BS -----,MATH  MINR -----, , ,First Time Freshman,Freshman,Continuing UG,
1032,834827460,316036,01,C,CMPE  BS -----, , , ,First Time Freshman,Freshman,Continuing UG,
1032,811505069,318104,01,W,CMSC  BS -----, , , ,First Time Freshman,Freshman,Continuing UG,
1032,845424224,316037,01,B,BIOL  BA -----, , , ,First Time Freshman,Freshman,Continuing UG,
1032,804410503,316037,06,D,CMSC  BS -----,BTA   BA -----, , ,First Time Freshman,Freshman,Continuing UG,
1032,837834132,316036,06,A,CMSC  BS -----, , , ,Undergrad Transfers,Transfer,Continuing UG,
1032,821357016,320224,01,A,MATH  BS -----, , , ,Undergrad Other,Readmit,Continuing UG,
1032,821357016,322436,01,B,MATH  BS -----, , , ,Undergrad Other,Readmit,Continuing UG,
1032,821357016,322570,01,B,MATH  BS -----, , , ,Undergrad Other,Readmit,Continuing UG,
1032,825355638,316036,01,A,CMSC  BS -----,CHEM  MINR -----,MATH  MINR -----, ,Undergrad Transfers,Transfer,Continuing UG,
1032,818619753,316037,11,C,ENGR    BS -----,CMPE  BS -----, , ,First Time Freshman,Freshman,Continuing UG,
1032,825192242,316037,01,A,CMPE  BS -----, , , ,First Time Freshman,Freshman,Continuing UG,
1032,837715141,318104,04,C,CMSC  BS -----, , , ,First Time Freshman,Freshman,Continuing UG,
1032,843883839,318104,03,B,CMPE  BS -----, , , ,First Time Freshman,Freshman,Continuing UG,
1032,804716581,316037,06,A,CMSC  BS -----,PHYS  BS -----,HONR   CTN -----, ,First Time Freshman,Freshman,Continuing UG,
1032,806228505,318104,03,B,CMSC  BS -----, , , ,First Time Freshman,Freshman,Continuing UG,
1032,813382616,318104,03,A,CMSC  BS -----, , , ,First Time Freshman,Freshman,Continuing UG,
1032,817660720,316037,11,D,CMSC  BS -----, , , ,Undergrad Transfers,Transfer,New Transfer,
1032,817696023,318104,01,A,CMSC  BS -----, , , ,First Time Freshman,Freshman,Continuing UG,
1032,832900863,316037,11,C,CMPE  BS -----, , , ,First Time Freshman,Freshman,Continuing UG,
1032,841630397,322431,01,A,MENG  MS THFL  SPC, , , ,Graduate Student,Graduate,New Graduate,
1032,849919957,316037,06,A,CMSC  BS -----, , , ,First Time Freshman,Freshman,Continuing UG,
1032,836737468,316036,06,A,CMPE  BS -----,BINF  BS -----, , ,Undergrad Transfers,Transfer,Continuing UG,
1032,815524103,316037,11,D,CMSC  BS -----, , , ,First Time Freshman,Freshman,Continuing UG,
1032,833565448,316036,01,B,PHYS  BS -----, , , ,First Time Freshman,Freshman,Continuing UG,
1032,830839127,316037,06,W,CMSC  BS -----, , , ,Undergrad Transfers,Transfer,Continuing UG,
1032,844652021,318104,01,C,BINF  BS -----, , , ,First Time Freshman,Freshman,Continuing UG,
1032,835134472,316036,06,B,CMPE  BS -----,MATH  MINR -----, , ,Undergrad Transfers,Transfer,Continuing UG,
1032,807269050,318104,02,C,CMSC  BS -----, , , ,Undergrad Transfers,Transfer,Continuing UG,
1032,813403062,318104,01,D,CMSC  BS -----, , , ,First Time Freshman,Freshman,Continuing UG,
1032,829061072,316035,01,A,CMSC  BS -----, , , ,First Time Freshman,Freshman,Continuing UG,
1032,833506520,318245,01,A,ENGR    BS -----,CMPE  BS -----, , ,First Time Freshman,Freshman,Continuing UG,
1032,809927411,316037,11,C,CMSC  BS -----, , , ,First Time Freshman,Freshman,Continuing UG,
1032,826116501,316037,01,A,CMPE  BS -----, , , ,First Time Freshman,Freshman,Continuing UG,
1032,824490463,316037,11,B,CMSC  BS -----,ENTR  MINR -----, , ,First Time Freshman,Freshman,Continuing UG,
1032,808165836,316036,06,A,CMSC  BS -----, , , ,First Time Freshman,Freshman,Continuing UG,
1032,802642698,318108,01,C,MENG  BS -----,CMSC  MINR -----, , ,First Time Freshman,Freshman,Continuing UG,
1032,807219547,318104,03,A,CMPE  BS -----, , , ,Undergrad Other,Readmit,Continuing UG,
1032,849448417,316037,11,B,ENGR    BS -----,CMSC  BS -----, , ,First Time Freshman,Freshman,Continuing UG,
1032,822111004,316037,11,W,CMPE  BS -----, , , ,First Time Freshman,Freshman,Continuing UG,
1032,825648552,318245,03,C,CMPE  BS -----, , , ,First Time Freshman,Freshman,Continuing UG,
1032,802124115,316037,01,B,CMSC  BS -----,ENGR    BS -----, , ,Undergrad Transfers,Transfer,Continuing UG,
1032,841089491,316037,06,C,CMSC  BS -----, , , ,First Time Freshman,Freshman,Continuing UG,
1032,809251577,316036,06,D,CMSC  BS -----, , , ,Undergrad Transfers,Transfer,Continuing UG,
1032,845835223,318104,05,D,ENGR    BS -----,CMSC  BS -----, , ,First Time Freshman,Freshman,Continuing UG,
1032,804934848,316037,06,B,CMPE  BS -----, , , ,First Time Freshman,Freshman,Continuing UG,
1032,819292751,318104,04,A,MATH  BA -----,PHYS  BS -----,HONR   CTN -----, ,First Time Freshman,Freshman,Continuing UG,
1032,819292751,318108,01,A,MATH  BA -----,PHYS  BS -----,HONR   CTN -----, ,First Time Freshman,Freshman,Continuing UG,
1032,818936055,318104,03,D,CMSC  BS -----, , , ,First Time Freshman,Freshman,Continuing UG,
1032,836202551,316036,06,D,CMSC  BS -----, , , ,First Time Freshman,Freshman,Continuing UG,
1032,843960635,316037,01,C,CMPE  BS -----, , , ,First Time Freshman,Freshman,Continuing UG,
1032,816284306,316037,11,B,CMSC  BS -----, , , ,First Time Freshman,Freshman,Continuing UG,
1032,837958999,316037,01,C,CMSC  BS -----, , , ,First Time Freshman,Freshman,Continuing UG,
1032,803125283,318104,05,A,CMSC  BS -----, , , ,First Time Freshman,Freshman,Continuing UG,
1032,822256214,316036,01,A,CMSC  BS -----, , , ,First Time Freshman,Freshman,Continuing UG,
1032,843764102,318245,02,F,UGST    BA -----, , , ,First Time Freshman,Freshman,Continuing UG,
1032,824348566,320219,01,C,MATH  BS -----,CMSC  BS -----,MUSC  MINR -----, ,First Time Freshman,Freshman,Continuing UG,
1032,826923612,316036,01,C,CMSC  BS -----, , , ,Undergrad Transfers,Transfer,Continuing UG,
1032,818440084,316037,11,C,CMPE  BS -----, , , ,First Time Freshman,Freshman,Continuing UG,
1032,824635064,318104,03,A,MATH  BS -----,CMSC  BS -----, , ,First Time Freshman,Freshman,Continuing UG,
1032,819430994,318104,03,B,CMSC  BS -----,CMPE  BS -----, , ,First Time Freshman,Freshman,Continuing UG,
1032,842232730,316035,01,B,CMSC  BS -----, , , ,Undergrad Transfers,Transfer,New Transfer,
1032,841538100,318104,05,B,CMSC  BS -----, , , ,Undergrad Transfers,Transfer,Continuing UG,
1032,804803863,316037,06,A,CMPE  BS -----, , , ,Undergrad Transfers,Transfer,Continuing UG,
1032,842108422,301557,01,W,CMSC  BS -----, , , ,First Time Freshman,Freshman,Continuing UG,
1032,833832804,301557,04,B,CMSC  BS -----, , , ,Undergrad Other,Readmit,Continuing UG,
1032,817908363,301557,04,A,CMSC  BS -----, , , ,First Time Freshman,Freshman,Continuing UG,
1032,842555739,301557,01,W,CMSC  BS -----,BIOL  BA -----, , ,Undergrad Transfers,Transfer,Continuing UG,
1032,802557060,301557,04,C,CMSC  BS -----, , , ,Undergrad Transfers,Transfer,Continuing UG,
1032,803044513,301557,01,A,CMSC  BS -----, , , ,First Time Freshman,Freshman,Continuing UG,
1032,827609579,301557,01,A,CMSC  BS -----, , , ,First Time Freshman,Freshman,Continuing UG,
1032,823791569,301557,04,C,CMSC  BS -----, , , ,First Time Freshman,Freshman,Continuing UG,
1032,819395001,301557,04,A,MENG  BS -----,MATH  MINR -----,CMSC  MINR -----,HONR   CTN -----,Undergrad Transfers,Transfer,Continuing UG,
1032,842097646,301557,04,B,BINF  BS -----,CMSC  MINR -----, , ,First Time Freshman,Freshman,Continuing UG,
1032,814852204,301557,04,C,CMSC  BS -----, , , ,Undergrad Transfers,Transfer,Continuing UG,
1032,835278929,301557,04,A,MENG  BS -----,PHYS  BS -----, , ,First Time Freshman,Freshman,Continuing UG,
1032,812888605,301557,01,C,CMSC  BS -----,PHIL  MINR -----, , ,First Time Freshman,Freshman,Continuing UG,
1032,826825765,301557,04,C,MATH  BS -----,CMSC  BS -----, , ,First Time Freshman,Freshman,Continuing UG,
1032,833767993,301552,04,A,BIOL  BS -----, , , ,Undergrad Transfers,Transfer,Continuing UG,
1032,818274856,301557,04,F,CMSC  BS -----,ECON  MINR -----, , ,First Time Freshman,Freshman,Continuing UG,
1032,818285014,301557,01,C,CMSC  BS -----, , , ,First Time Freshman,Freshman,Continuing UG,
1032,802850742,301557,04,F,CMSC  BS -----, , , ,First Time Freshman,Freshman,Continuing UG,
1032,836439075,303531,01,W,MATH  BS -----,CMSC  MINR -----, , ,Undergrad Other,Unknown,Continuing UG,
1032,836439075,303764,01,B,MATH  BS -----,CMSC  MINR -----, , ,Undergrad Other,Unknown,Continuing UG,
1032,836439075,303766,01,A,MATH  BS -----,CMSC  MINR -----, , ,Undergrad Other,Unknown,Continuing UG,
1032,846675915,301557,01,C,CMSC  BS -----, , , ,Undergrad Other,Unknown,Continuing UG,
1032,818113838,301557,04,B,CMSC  BS -----,CMPE  BS -----, , ,First Time Freshman,Freshman,Continuing UG,
1032,844652021,301557,01,C,BINF  BS -----, , , ,First Time Freshman,Freshman,Continuing UG,
1032,801409416,301557,04,C,CMSC  BS -----, , , ,First Time Freshman,Freshman,Continuing UG,
1032,818936055,301557,04,W,CMSC  BS -----, , , ,First Time Freshman,Freshman,Continuing UG,
1032,825035313,301557,04,C,BINF  BS -----,CMSC  MINR -----, , ,First Time Freshman,Freshman,Continuing UG,
1032,811186830,301557,04,C,CMSC  BS -----,HONR   CTN -----, , ,Undergrad Transfers,Transfer,Continuing UG,
