1036,832282421,316036,01,B,CMSC  BS -----, , , ,First Time Freshman,Freshman,Continuing UG,
1036,803181057,316035,01,A,MENG  BS -----, , , ,First Time Freshman,Freshman,New Freshman,
1036,848594542,318432,01,A,CMPE  BS -----, , , ,First Time Freshman,Freshman,New Freshman,
1036,829944935,316036,01,A,UGST    BA -----, , , ,First Time Freshman,Freshman,Continuing UG,
1036,804671124,318245,1,A,CMPE  BS -----, , , ,Undergrad Transfers,Transfer,Continuing UG,
1036,806284447,318245,1,A,CMPE  BS -----, , , ,Undergrad Transfers,Transfer,Continuing UG,
1036,814186233,318432,01,A,CMSC  BS -----,HONR   CTN -----, , ,First Time Freshman,Freshman,New Freshman,
1036,839722945,318108,1,A,CMPE  BS -----, , , ,Undergrad Transfers,Transfer,Continuing UG,
1036,849074689,318104,1,D,CMPE  BS -----, , , ,Undergrad Transfers,Transfer,Continuing UG,
1036,808646333,316037,01,F,CMSC  BS -----, , , ,Undergrad Other,Unknown,Continuing Other,
1036,804384936,318432,01,W,CMSC  BS -----,MATH  MINR -----, , ,First Time Freshman,Freshman,New Freshman,
1036,837440786,318432,01,A,CMPE  BS -----,MATH  MINR -----, , ,First Time Freshman,Freshman,New Freshman,
1036,836439075,322622,01,A,MATH  BS -----,STAT  MINR -----,MLL   MINR CHINM  SPC, ,Undergrad Other,Unknown,Continuing UG,
1036,801025268,318432,01,A,CMPE  BS -----, , , ,First Time Freshman,Freshman,New Freshman,
1036,804244041,318108,1,A,UGST    BA -----, , , ,First Time Freshman,Freshman,Continuing UG,
1036,836911596,318108,1,A,CMSC  BS -----,MATH  BS -----, , ,Undergrad Transfers,Transfer,New Transfer,
1036,836949203,316037,01,B,CMSC  BS -----, , , ,Undergrad Transfers,Transfer,Continuing UG,
1036,845733819,315806,02,A,IFSM  BS -----,CMSC  MINR -----, , ,Undergrad Other,Reinstate,Continuing UG,
1036,823426238,318432,01,A,CMSC  BS -----, , , ,First Time Freshman,Freshman,New Freshman,
1036,803111637,318432,01,A,CMPE  BS -----,MATH  BS -----, , ,First Time Freshman,Freshman,New Freshman,
1036,841952167,318432,01,A,CMSC  BS -----, , , ,First Time Freshman,Freshman,New Freshman,
1036,835054890,316035,03,A,CMPE  BS -----,CMSC  BS -----, , ,First Time Freshman,Freshman,New Freshman,
1036,817696023,318245,1,A,CMSC  BS -----, , , ,First Time Freshman,Freshman,Continuing UG,
1036,833565448,316037,01,D,PHYS  BS -----, , , ,First Time Freshman,Freshman,Continuing UG,
1036,838752476,318432,01,A,MATH  BS -----, , , ,First Time Freshman,Freshman,New Freshman,
1036,829061072,316036,01,A,CMSC  BS -----, , , ,First Time Freshman,Freshman,Continuing UG,
1036,826307010,318104,1,C,CMSC  BS -----, , , ,First Time Freshman,Freshman,Continuing UG,
1036,809251577,316036,03,C,CMSC  BS -----, , , ,Undergrad Transfers,Transfer,Continuing UG,
1036,845835223,318104,1,B,ENGR    BS -----,CMSC  BS -----, , ,First Time Freshman,Freshman,Continuing UG,
1036,836202551,316036,01,B,CMSC  BS -----, , , ,First Time Freshman,Freshman,Continuing UG,
1036,833992871,318432,01,A,CMPE  BS -----,HONR   CTN -----, , ,First Time Freshman,Freshman,New Freshman,
1036,825311074,301557,01,C,CMSC  BS -----, , , ,Undergrad Transfers,Transfer,Continuing UG,
1036,801840331,301557,01,C,CMSC  BS -----, , , ,Undergrad Transfers,Transfer,Continuing UG,
1036,829926814,303762,1,B,MATH  BS -----,CMSC  MINR -----, , ,First Time Freshman,Freshman,Continuing UG,
1036,819401534,303762,1,C,MATH  BS -----,CMSC  MINR -----,WEBC  ULC -----, ,First Time Freshman,Freshman,Continuing UG,
1036,836439075,303762,1,A,MATH  BS -----,STAT  MINR -----,MLL   MINR CHINM  SPC, ,Undergrad Other,Unknown,Continuing UG,
