1038,827621502,318108,02,A,CMPE  BS -----, , , ,First Time Freshman,Freshman,Continuing UG,
1038,840234121,316036,06,C,CMSC  BS -----, , , ,First Time Freshman,Freshman,New Freshman,
1038,841115788,316036,06,B,CMSC  BS -----, , , ,First Time Freshman,Freshman,New Freshman,
1038,817174583,318108,01,A,CMPE  BS -----, , , ,Undergrad Transfers,Transfer,Continuing UG,
1038,842522959,318245,01,B,CMPE  BS -----, , , ,First Time Freshman,Freshman,Continuing UG,
1038,815919801,316037,01,C,CMSC  BS -----,MENG  BS -----, , ,First Time Freshman,Freshman,New Freshman,
1038,813127852,316036,16,C,CMSC  BS -----, , , ,Undergrad Transfers,Transfer,New Transfer,
1038,805880817,316036,11,B,ENGR    BS -----, , , ,First Time Freshman,Freshman,New Freshman,
1038,840822397,318108,01,A,MATH  BS -----,CMSC  BS -----,PHIL  MINR -----,PHYS  MINR -----,First Time Freshman,Freshman,Continuing UG,
1038,840822397,320219,02,A,MATH  BS -----,CMSC  BS -----,PHIL  MINR -----,PHYS  MINR -----,First Time Freshman,Freshman,Continuing UG,
1038,838651788,318245,04,B,MATH  BS -----,CMSC  BS -----, , ,First Time Freshman,Freshman,Continuing UG,
1038,817908363,318108,03,B,CMSC  BS -----, , , ,First Time Freshman,Freshman,Continuing UG,
1038,817908363,320219,01,B,CMSC  BS -----, , , ,First Time Freshman,Freshman,Continuing UG,
1038,830812519,318245,03,F,CMPE  BS -----, , , ,Undergrad Transfers,Transfer,Continuing UG,
1038,812230894,316036,11,C,CMPE  BS -----, , , ,Undergrad Transfers,Transfer,New Transfer,
1038,837257394,320599,01,B,BINF  BS -----,MATH  BS -----,CMSC  MINR -----, ,Undergrad Transfers,Transfer,Continuing UG,
1038,829944153,318104,03,A,CMSC  BS -----, , , ,First Time Freshman,Freshman,Continuing UG,
1038,832282421,316037,11,D,CMSC  BS -----, , , ,First Time Freshman,Freshman,Continuing UG,
1038,803181057,316036,06,C,MENG  BS -----, , , ,First Time Freshman,Freshman,New Freshman,
1038,846926851,318104,02,C,CMSC  BS -----,HIST  MINR -----, , ,First Time Freshman,Freshman,Continuing UG,
1038,832067625,316037,01,A,CMSC  BS -----, , , ,Undergrad Transfers,Transfer,Continuing UG,
1038,818458649,318104,03,B,CMSC  BS -----, , , ,First Time Freshman,Freshman,Continuing UG,
1038,841144953,316037,01,B,CMSC  BS -----, , , ,Undergrad Transfers,Transfer,New Transfer,
1038,840975839,318104,04,A,CMSC  BS -----,HONR   CTN -----, , ,First Time Freshman,Freshman,New Freshman,
1038,803044513,318104,04,B,CMSC  BS -----, , , ,First Time Freshman,Freshman,Continuing UG,
1038,818601323,316037,01,W,CMSC  BS -----, , , ,First Time Freshman,Freshman,Continuing UG,
1038,826920229,316036,11,C,CMPE  BS -----,MATH  MINR -----, , ,First Time Freshman,Freshman,New Freshman,
1038,813789169,316037,06,A,CMPE  BS -----, , , ,First Time Freshman,Freshman,New Freshman,
1038,848594542,316036,01,A,CMPE  BS -----, , , ,First Time Freshman,Freshman,New Freshman,
1038,804418017,316037,06,A,CMSC  BS -----, , , ,First Time Freshman,Freshman,New Freshman,
1038,834132114,316037,11,D,CMSC  BS -----, , , ,First Time Freshman,Freshman,Continuing UG,
1038,839290011,318104,04,C,CMSC  BS -----, , , ,First Time Freshman,Freshman,Continuing UG,
1038,801177159,318104,01,W,CMSC  BS -----, , , ,First Time Freshman,Freshman,Continuing UG,
1038,842093273,318104,01,D,CMPE  BS -----, , , ,Undergrad Other,Readmit,Continuing UG,
1038,842093273,318108,02,C,CMPE  BS -----, , , ,Undergrad Other,Readmit,Continuing UG,
1038,846325381,318108,02,C,CMSC  BS -----,FIEC  BS -----, , ,Undergrad Other,Reinstate,Continuing UG,
1038,829944935,316037,01,A,UGST    BA -----, , , ,First Time Freshman,Freshman,Continuing UG,
1038,812670837,318104,02,C,CMSC  BS -----, , , ,First Time Freshman,Freshman,Continuing UG,
1038,819178692,318104,04,D,IFSM  BS -----, , , ,Undergrad Transfers,Transfer,Continuing UG,
1038,819178692,318108,02,C,IFSM  BS -----, , , ,Undergrad Transfers,Transfer,Continuing UG,
1038,811158044,318104,03,B,CMSC  BS -----, , , ,First Time Freshman,Freshman,Continuing UG,
1038,825311074,318104,04,D,CMSC  BS -----, , , ,Undergrad Transfers,Transfer,Continuing UG,
1038,836216704,316036,16,A,CMPE  BS -----, , , ,First Time Freshman,Freshman,New Freshman,
1038,806912246,316638,01,A,CMPE  BS -----,HONR   CTN -----, , ,First Time Freshman,Freshman,New Freshman,
1038,803401206,318104,01,A,CMSC  BS -----,MUSC  MINR -----,HONR   CTN -----, ,First Time Freshman,Freshman,New Freshman,
1038,829801769,316037,11,A,CMPE  BS -----, , , ,First Time Freshman,Freshman,New Freshman,
1038,824959343,318108,02,B,CMPE  BS -----, , , ,Undergrad Transfers,Transfer,Continuing UG,
1038,831030103,318104,03,B,CMSC  BS -----, , , ,First Time Freshman,Freshman,Continuing UG,
1038,837196782,316036,11,A,CMSC  BS -----, , , ,Undergrad Transfers,Transfer,New Transfer,
1038,802036547,316037,06,B,CMSC  BS -----, , , ,First Time Freshman,Freshman,Continuing UG,
1038,826879867,316638,01,A,CMPE  BS -----,HONR   CTN -----, , ,First Time Freshman,Freshman,New Freshman,
1038,841376627,316036,11,C,CMSC  BS -----,VAAV    BA AI     SPC, , ,First Time Freshman,Freshman,New Freshman,
1038,806981308,318104,05,A,CMSC  BS -----, , , ,First Time Freshman,Freshman,Continuing UG,
1038,806981308,318108,02,A,CMSC  BS -----, , , ,First Time Freshman,Freshman,Continuing UG,
1038,848023416,318108,02,B,CMPE  BS -----,VAAV    BA GR     SPC, , ,First Time Freshman,Freshman,Continuing UG,
1038,806738271,316036,11,A,MATH  BS -----,CMSC  BS -----, , ,First Time Freshman,Freshman,New Freshman,
1038,847851914,316037,06,A,CMPE  BS -----,HONR   CTN -----, , ,First Time Freshman,Freshman,New Freshman,
1038,840411752,318104,05,A,CMSC  BS -----, , , ,Undergrad Transfers,Transfer,New Transfer,
1038,842072746,318104,04,F,CMPE  BS -----,CHEM  BA -----, , ,First Time Freshman,Freshman,Continuing UG,
1038,812786098,316036,16,B,CMPE  BS -----, , , ,First Time Freshman,Freshman,New Freshman,
1038,821177025,320219,02,A,CMPE  BS -----, , , ,Undergrad Transfers,Transfer,Continuing UG,
1038,822865135,318245,03,B,CMSC  BS -----, , , ,First Time Freshman,Freshman,New Freshman,
1038,834493188,318104,03,C,BIOL  BS -----,CMSC  BS -----, , ,Undergrad Transfers,Transfer,Continuing UG,
1038,828312428,318245,03,B,CMPE  BS -----,PHYS  BS -----, , ,First Time Freshman,Freshman,New Freshman,
1038,832425367,318104,05,A,CMPE  BS -----, , , ,First Time Freshman,Freshman,Continuing UG,
1038,812506567,316036,06,B,CMSC  BS -----, , , ,First Time Freshman,Freshman,New Freshman,
1038,812038324,320219,01,B,MATH  BS -----,CMSC  MINR -----, , ,First Time Freshman,Freshman,Continuing UG,
1038,844719740,320599,01,A,PHYS  BS -----,HONR   CTN -----, , ,First Time Freshman,Freshman,Continuing UG,
1038,823085155,316036,01,W,CMSC  BS -----, , , ,First Time Freshman,Freshman,Continuing UG,
1038,823573985,318108,01,C,PHYS  BS -----,MATH  BS -----,ASTR  MINR -----, ,Undergrad Transfers,Transfer,New Transfer,
1038,823573985,318245,02,C,PHYS  BS -----,MATH  BS -----,ASTR  MINR -----, ,Undergrad Transfers,Transfer,New Transfer,
1038,806284447,318108,02,B,CMPE  BS -----, , , ,Undergrad Transfers,Transfer,Continuing UG,
1038,807514973,318108,03,A,CMPE  BS -----,MATH  BS -----,HONR   CTN -----, ,First Time Freshman,Freshman,Continuing UG,
1038,807514973,320219,02,A,CMPE  BS -----,MATH  BS -----,HONR   CTN -----, ,First Time Freshman,Freshman,Continuing UG,
1038,817073229,320219,02,B,CMSC  BS -----,MATH  MINR -----, , ,Undergrad Transfers,Transfer,New Transfer,
1038,825182591,318104,05,B,CMSC  BS -----, , , ,First Time Freshman,Freshman,Continuing UG,
1038,842172035,318104,02,A,CMSC  BS -----, , , ,First Time Freshman,Freshman,New Freshman,
1038,823251157,316036,11,B,CMPE  BS -----,CMSC  BS -----, , ,First Time Freshman,Freshman,New Freshman,
1038,822916003,318104,03,C,CMSC  BS -----, , , ,First Time Freshman,Freshman,Continuing UG,
1038,848250612,316036,01,C,CMSC  BS -----, , , ,First Time Freshman,Freshman,Continuing UG,
1038,835075820,318245,01,B,CMPE  BS -----,MUSC  BA MUTC   SPC,HONR   CTN -----, ,Undergrad Transfers,Transfer,Continuing UG,
1038,849754508,316036,11,A,CMPE  BS -----,ENGR    BS -----, , ,First Time Freshman,Freshman,New Freshman,
1038,814186233,316036,01,A,CMSC  BS -----,HONR   CTN -----, , ,First Time Freshman,Freshman,New Freshman,
1038,847898286,316036,11,B,CMPE  BS -----, , , ,First Time Freshman,Freshman,New Freshman,
1038,843450476,316036,06,B,CMSC  BS -----, , , ,First Time Freshman,Freshman,New Freshman,
1038,811055813,316037,01,W,CMSC  BS -----, , , ,Undergrad Transfers,Transfer,New Transfer,
1038,843520775,316036,06,B,CMSC  BS -----, , , ,First Time Freshman,Freshman,New Freshman,
1038,842561290,316036,06,B,CMPE  BS -----, , , ,Undergrad Transfers,Transfer,Continuing UG,
1038,801957149,320219,01,D,CMPE  BS -----,MATH  MINR -----, , ,Undergrad Transfers,Transfer,Continuing UG,
1038,839722945,318104,03,A,CMPE  BS -----, , , ,Undergrad Transfers,Transfer,Continuing UG,
1038,833997937,318104,02,A,MATH  BS -----,CMSC  MINR -----, , ,First Time Freshman,Freshman,New Freshman,
1038,846871715,316035,06,B,CMSC  BS -----, , , ,First Time Freshman,Freshman,New Freshman,
1038,836875529,316638,01,A,PHYS  BS -----,MATH  BS -----,HONR   CTN -----, ,First Time Freshman,Freshman,New Freshman,
1038,815898881,316037,01,A,CMPE  BS -----,ENGR    BS -----, , ,First Time Freshman,Freshman,New Freshman,
1038,828764159,318108,01,A,MATH  BS -----,HONR   CTN -----, , ,First Time Freshman,Freshman,New Freshman,
1038,822930494,318104,04,D,CMSC  BS -----,BINF  BS -----, , ,Undergrad Transfers,Transfer,New UG Other,
1038,843964038,316036,11,B,CMSC  BS -----, , , ,First Time Freshman,Freshman,New Freshman,
1038,840495613,318108,02,B,CMSC  BS -----, , , ,Undergrad Transfers,Transfer,New Transfer,
1038,837161661,318108,02,C,CMPE  BS -----, , , ,First Time Freshman,Freshman,Continuing UG,
1038,806240022,316036,01,A,CMSC  BS -----, , , ,First Time Freshman,Freshman,New Freshman,
1038,820796490,316037,01,B,BINF  BS -----,HONR   CTN -----, , ,First Time Freshman,Freshman,Continuing UG,
1038,827846618,318104,05,B,CMSC  BS -----, , , ,First Time Freshman,Freshman,New Freshman,
1038,822582265,316037,06,C,MENG  BS -----, , , ,First Time Freshman,Freshman,Continuing UG,
1038,802982737,318104,01,B,CMSC  BS -----, , , ,First Time Freshman,Freshman,Continuing UG,
1038,808983838,318108,02,B,CMPE  BS -----, , , ,First Time Freshman,Freshman,Continuing UG,
1038,838829900,318245,01,B,CMPE  BS -----, , , ,First Time Freshman,Freshman,Continuing UG,
1038,831700175,316037,01,B,CMSC  BS -----, , , ,First Time Freshman,Freshman,Continuing UG,
1038,842556251,316037,01,B,CMSC  BS -----, , , ,First Time Freshman,Freshman,Continuing UG,
1038,809588741,318104,03,A,CMSC  BS -----, , , ,First Time Freshman,Freshman,Continuing UG,
1038,803311580,320220,01,A,MATH  BS -----,CMSC  MINR -----, , ,First Time Freshman,Freshman,Continuing UG,
1038,803311580,320599,01,A,MATH  BS -----,CMSC  MINR -----, , ,First Time Freshman,Freshman,Continuing UG,
1038,803311580,322762,01,B,MATH  BS -----,CMSC  MINR -----, , ,First Time Freshman,Freshman,Continuing UG,
1038,826581900,316037,01,A,UGST    BA -----, , , ,First Time Freshman,Freshman,Continuing UG,
1038,814239764,316035,11,B,CMSC  BS -----, , , ,Undergrad Transfers,Transfer,New Transfer,
1038,817926815,318104,01,C,CMSC  BS -----, , , ,Undergrad Transfers,Transfer,New Transfer,
1038,849126264,318104,02,C,CMPE  BS -----, , , ,First Time Freshman,Freshman,Continuing UG,
1038,849126264,318245,01,A,CMPE  BS -----, , , ,First Time Freshman,Freshman,Continuing UG,
1038,814566621,316037,06,B,CMSC  BS -----, , , ,First Time Freshman,Freshman,New Freshman,
1038,829534125,316037,06,A,MENG  BS -----, , , ,First Time Freshman,Freshman,New Freshman,
1038,818474495,318061,01,W,CMSC  BS -----, , , ,Undergrad Transfers,Transfer,Continuing UG,
1038,826237108,316036,06,C,CMSC  BS -----, , , ,First Time Freshman,Freshman,New Freshman,
1038,802813116,316036,16,C,CMPE  BS -----, , , ,Undergrad Transfers,Transfer,New Transfer,
1038,829434159,318108,01,A,CMPE  BS -----, , , ,First Time Freshman,Freshman,New Freshman,
1038,808646333,316037,06,F,CMSC  BS -----, , , ,Undergrad Other,Unknown,Continuing UG,
1038,808646333,318104,02,F,CMSC  BS -----, , , ,Undergrad Other,Unknown,Continuing UG,
1038,807615285,316036,11,C,CMSC  BS -----,IFSM  BS -----, , ,First Time Freshman,Freshman,Continuing UG,
1038,802070806,316037,06,A,CMSC  BS -----, , , ,First Time Freshman,Freshman,New Freshman,
1038,824803268,316037,06,A,CMSC  BS -----, , , ,First Time Freshman,Freshman,New Freshman,
1038,828033556,316035,06,A,CMPE  BS -----, , , ,First Time Freshman,Freshman,New Freshman,
1038,814665461,316036,06,B,CMSC  BS -----, , , ,First Time Freshman,Freshman,New Freshman,
1038,839973756,318104,03,A,CMSC  BS -----,MATH  BA -----,HONR   CTN -----, ,First Time Freshman,Freshman,Continuing UG,
1038,832728301,318104,02,C,CMPE  BS -----,HIST  MINR -----, , ,First Time Freshman,Freshman,Continuing UG,
1038,832728301,318245,04,B,CMPE  BS -----,HIST  MINR -----, , ,First Time Freshman,Freshman,Continuing UG,
1038,835278929,320220,01,A,MENG  BS -----,PHYS  BS -----, , ,First Time Freshman,Freshman,Continuing UG,
1038,835278929,322765,01,A,MENG  BS -----,PHYS  BS -----, , ,First Time Freshman,Freshman,Continuing UG,
1038,820805871,318104,05,C,CMSC  BS -----, , , ,First Time Freshman,Freshman,Continuing UG,
1038,820247081,320219,01,B,CMSC  BS -----,MATH  MINR -----, , ,Undergrad Transfers,Transfer,New Transfer,
1038,826560070,316036,06,B,CMSC  BS -----, , , ,First Time Freshman,Freshman,New Freshman,
1038,826825765,318104,04,B,MATH  BS -----,CMSC  BS -----, , ,First Time Freshman,Freshman,Continuing UG,
1038,809275674,318104,05,A,CMSC  BS -----, , , ,Undergrad Transfers,Transfer,New Transfer,
1038,809275674,318108,03,A,CMSC  BS -----, , , ,Undergrad Transfers,Transfer,New Transfer,
1038,835078859,316037,11,A,CMPE  BS -----,PHYS  MINR -----, , ,First Time Freshman,Freshman,New Freshman,
1038,826071367,316036,06,B,CMPE  BS -----, , , ,First Time Freshman,Freshman,New Freshman,
1038,809637005,316035,06,F,CMSC  BS -----, , , ,Undergrad Transfers,Transfer,New Transfer,
1038,804384936,318108,01,A,CMSC  BS -----,MATH  MINR -----, , ,First Time Freshman,Freshman,New Freshman,
1038,839883443,318104,05,C,CMSC  BS -----,MATH  BA -----, , ,First Time Freshman,Freshman,Continuing UG,
1038,837754483,318104,02,B,CMSC  BS -----, , , ,Undergrad Transfers,Transfer,New Transfer,
1038,846091077,320219,01,C,CMPE  BS -----, , , ,Undergrad Transfers,Transfer,Continuing UG,
1038,805202990,318104,02,W,CMPE  BS -----, , , ,Undergrad Transfers,Transfer,New Transfer,
1038,805202990,318108,02,C,CMPE  BS -----, , , ,Undergrad Transfers,Transfer,New Transfer,
1038,849129518,318104,05,A,CMSC  BS -----, , , ,First Time Freshman,Freshman,Continuing UG,
1038,837375264,318245,01,B,CMPE  BS -----, , , ,First Time Freshman,Freshman,Continuing UG,
1038,843287311,318104,04,A,CMPE  BS -----,MATH  MINR -----, , ,First Time Freshman,Freshman,Continuing UG,
1038,832452280,316036,11,C,CMSC  BS -----, , , ,First Time Freshman,Freshman,New Freshman,
1038,825059393,318108,02,W,CMSC  BS -----, , , ,First Time Freshman,Freshman,Continuing UG,
1038,818274856,318245,01,C,CMSC  BS -----,ECON  MINR -----, , ,First Time Freshman,Freshman,Continuing UG,
1038,809982098,316036,06,B,MENG  BS -----, , , ,First Time Freshman,Freshman,New Freshman,
1038,845159590,318108,01,W,CMSC  BS -----, , , ,First Time Freshman,Freshman,Continuing UG,
1038,847167090,316036,16,A,IFSM  BS -----,CMSC  MINR -----, , ,Undergrad Transfers,Transfer,New Transfer,
1038,826002359,316037,01,B,CMSC  BS -----, , , ,Undergrad Transfers,Transfer,Continuing UG,
1038,804985023,318104,02,B,CMSC  BS -----, , , ,First Time Freshman,Freshman,Continuing UG,
1038,829926814,320220,01,C,MATH  BS -----,CMSC  MINR -----, , ,First Time Freshman,Freshman,Continuing UG,
1038,829926814,322762,01,B,MATH  BS -----,CMSC  MINR -----, , ,First Time Freshman,Freshman,Continuing UG,
1038,827884893,318104,04,D,CMSC  BS -----, , , ,First Time Freshman,Freshman,Continuing UG,
1038,817359225,316037,11,B,CHEM  BS -----,MATH  BS -----, , ,First Time Freshman,Freshman,New Freshman,
1038,819401534,320220,01,C,MATH  BS -----,CMSC  MINR -----,WEBC  ULC -----, ,First Time Freshman,Freshman,Continuing UG,
1038,830088006,318108,03,C,CMPE  BS -----,PHYS  MINR -----, , ,First Time Freshman,Freshman,Continuing UG,
1038,837440786,316036,01,A,CMPE  BS -----,MATH  MINR -----, , ,First Time Freshman,Freshman,New Freshman,
1038,830748940,318104,01,D,CMSC  BS -----, , , ,Undergrad Transfers,Transfer,New Transfer,
1038,838113676,316035,06,A,CMSC  BS -----, , , ,First Time Freshman,Freshman,New Freshman,
1038,830051510,316037,11,A,BINF  BS -----, , , ,Undergrad Transfers,Transfer,Continuing UG,
1038,830051510,318104,05,A,BINF  BS -----, , , ,Undergrad Transfers,Transfer,Continuing UG,
1038,838457019,318108,01,B,CMPE  BS -----, , , ,First Time Freshman,Freshman,Continuing UG,
1038,841194517,316037,01,B,CMSC  BS -----, , , ,First Time Freshman,Freshman,Continuing UG,
1038,821668252,318104,03,A,CMSC  BS -----, , , ,First Time Freshman,Freshman,Continuing UG,
1038,832319620,316037,01,B,CMSC  BS -----, , , ,First Time Freshman,Freshman,Continuing UG,
1038,819124841,316037,06,A,CMPE  BS -----,HONR   CTN -----, , ,First Time Freshman,Freshman,New Freshman,
1038,801025268,316036,01,A,CMPE  BS ELSY   TRK,MATH  MINR -----, , ,First Time Freshman,Freshman,New Freshman,
1038,816529976,318104,05,B,CMPE  BS -----, , , ,Undergrad Transfers,Transfer,Continuing UG,
1038,816529976,318245,04,C,CMPE  BS -----, , , ,Undergrad Transfers,Transfer,Continuing UG,
1038,830285912,316036,06,B,CMSC  BS -----, , , ,First Time Freshman,Freshman,New Freshman,
1038,849676244,316036,06,C,CMSC  BS -----, , , ,First Time Freshman,Freshman,New Freshman,
1038,830873202,316036,11,C,CMSC  BS -----, , , ,First Time Freshman,Freshman,New Freshman,
1038,846238346,318104,04,B,CMSC  BS -----, , , ,First Time Freshman,Freshman,Continuing UG,
1038,846238346,318245,01,D,CMSC  BS -----, , , ,First Time Freshman,Freshman,Continuing UG,
1038,844425815,318245,03,A,CMSC  BS -----, , , ,First Time Freshman,Freshman,Continuing UG,
1038,822922579,316037,06,B,CMSC  BS -----,THTR  MINR -----, , ,First Time Freshman,Freshman,New Freshman,
1038,821817548,318104,01,F,CMSC  BS -----,STAT  BS APST   TRK, , ,First Time Freshman,Freshman,Continuing UG,
1038,829211655,318104,04,F,CMSC  BS -----, , , ,First Time Freshman,Freshman,Continuing UG,
1038,800960406,318104,02,A,CMSC  BS -----, , , ,Undergrad Transfers,Transfer,Continuing UG,
1038,809237841,318104,05,B,CMSC  BS -----, , , ,First Time Freshman,Freshman,Continuing UG,
1038,836529295,316037,11,C,CMPE  BS -----,ENGR    BS -----, , ,First Time Freshman,Freshman,Continuing UG,
1038,804244041,318104,03,A,CMPE  BS -----, , , ,First Time Freshman,Freshman,Continuing UG,
1038,834503337,318104,02,F,CMPE  BS -----, , , ,First Time Freshman,Freshman,Continuing UG,
1038,836911596,318104,03,A,CMSC  BS -----,MATH  BS -----, , ,Undergrad Transfers,Transfer,New Transfer,
1038,804794266,318104,05,A,CMSC  BS -----,MATH  BS -----, , ,First Time Freshman,Freshman,New Freshman,
1038,841313511,316036,06,B,CMSC  BS -----, , , ,First Time Freshman,Freshman,New Freshman,
1038,812640473,318104,05,A,CMSC  BS -----, , , ,Undergrad Transfers,Transfer,New Transfer,
1038,849928543,318104,01,A,CMSC  BS -----, , , ,Undergrad Transfers,Transfer,Continuing UG,
1038,814837974,316037,11,AU,MATH  BS -----, , , ,Undergrad Transfers,Transfer,Continuing UG,
1038,814837974,318104,04,C,MATH  BS -----, , , ,Undergrad Transfers,Transfer,Continuing UG,
1038,820638008,300430,01,A,MATH  BA -----,LING  MINR -----,MLL   MINR SPANM  SPC,CMSC  MINR -----,First Time Freshman,Freshman,Continuing UG,
1038,820638008,318108,02,A,MATH  BA -----,LING  MINR -----,MLL   MINR SPANM  SPC,CMSC  MINR -----,First Time Freshman,Freshman,Continuing UG,
1038,804275764,318245,01,B,CMPE  BS -----, , , ,First Time Freshman,Freshman,Continuing UG,
1038,819704056,316037,11,B,CMSC  BS -----,MUSC  BA UNDC   SPC, , ,First Time Freshman,Freshman,New Freshman,
1038,818864459,318104,04,A,CMSC  BS -----, , , ,First Time Freshman,Freshman,Continuing UG,
1038,835927291,320219,02,B,MATH  BA -----, , , ,Undergrad Transfers,Transfer,New Transfer,
1038,835927291,320599,01,A,MATH  BA -----, , , ,Undergrad Transfers,Transfer,New Transfer,
1038,821616861,318245,02,C,CMPE  BS -----,ENGR    BS -----, , ,First Time Freshman,Freshman,Continuing UG,
1038,816228899,318104,05,B,CMSC  BS -----, , , ,First Time Freshman,Freshman,Continuing UG,
1038,819991302,318104,02,C,CMSC  BS -----, , , ,First Time Freshman,Freshman,Continuing UG,
1038,849324079,318104,04,B,CMSC  BS -----,BTA   BA -----, , ,First Time Freshman,Freshman,Continuing UG,
1038,823426238,318104,01,A,CMSC  BS -----, , , ,First Time Freshman,Freshman,New Freshman,
1038,801571521,316037,11,B,CMPE  BS -----, , , ,First Time Freshman,Freshman,New Freshman,
1038,801494523,316036,06,A,CMSC  BS -----, , , ,First Time Freshman,Freshman,Continuing UG,
1038,806010930,318104,01,A,PHYS  BS -----,CMSC  BS -----, , ,First Time Freshman,Freshman,New Freshman,
1038,811540945,316035,06,A,CMSC  BS -----, , , ,First Time Freshman,Freshman,New Freshman,
1038,848436360,318245,03,B,CMPE  BS -----,ENGR    BS -----, , ,First Time Freshman,Freshman,New Freshman,
1038,808631790,318104,02,C,CMSC  BS -----,PHYS  MINR -----, , ,First Time Freshman,Freshman,Continuing UG,
1038,845178550,318108,03,C,CMPE  BS -----, , , ,Undergrad Transfers,Transfer,Continuing UG,
1038,818113838,318245,02,A,CMSC  BS -----,CMPE  BS -----, , ,First Time Freshman,Freshman,Continuing UG,
1038,827240262,318104,01,C,CMSC  BS -----, , , ,First Time Freshman,Freshman,Continuing UG,
1038,844683255,300430,01,B,CMSC  BS -----,BINF  MINR -----, , ,First Time Freshman,Freshman,Continuing UG,
1038,843262069,316036,11,C,CMPE  BS -----, , , ,First Time Freshman,Freshman,New Freshman,
1038,844143292,320219,03,W,CMSC  BS -----,MATH  BS -----, , ,First Time Freshman,Freshman,Continuing UG,
1038,803111637,316036,06,A,CMPE  BS -----,MATH  BS -----, , ,First Time Freshman,Freshman,New Freshman,
1038,842358220,316035,06,B,CMSC  BS -----, , , ,First Time Freshman,Freshman,New Freshman,
1038,816873405,318108,03,A,CMPE  BS -----,MATH  MINR -----, , ,First Time Freshman,Freshman,Continuing UG,
1038,807075759,316037,06,B,CMSC  BS -----, , , ,First Time Freshman,Freshman,New Freshman,
1038,839590728,316036,06,A,CMSC  BS -----, , , ,First Time Freshman,Freshman,New Freshman,
1038,834827460,318245,03,D,CMPE  BS -----, , , ,First Time Freshman,Freshman,Continuing UG,
1038,840319492,316035,11,A,CMSC  BS -----, , , ,First Time Freshman,Freshman,New Freshman,
1038,820709291,318108,03,C,CMPE  BS -----,ENGR    BS -----, , ,Undergrad Transfers,Transfer,New Transfer,
1038,820709291,318245,03,B,CMPE  BS -----,ENGR    BS -----, , ,Undergrad Transfers,Transfer,New Transfer,
1038,811258609,316036,06,B,CMSC  BS -----,FIEC  BS -----, , ,First Time Freshman,Freshman,New Freshman,
1038,830347283,320219,01,C,CMSC  BS -----,MATH  MINR -----, , ,Undergrad Transfers,Transfer,New Transfer,
1038,809121620,316036,01,D,CMSC  BS -----, , , ,First Time Freshman,Freshman,New Freshman,
1038,847558115,318104,04,A,MATH  BS -----,CMSC  BS -----,HONR   CTN -----, ,First Time Freshman,Freshman,New Freshman,
1038,804410503,318104,02,A,CMSC  BS -----,BTA   BA -----, , ,First Time Freshman,Freshman,Continuing UG,
1038,837834132,316037,01,C,CMSC  BS -----, , , ,Undergrad Transfers,Transfer,Continuing UG,
1038,821357016,320595,01,A,MATH  BS -----,CMSC  BS -----, , ,Undergrad Other,Readmit,Continuing UG,
1038,821357016,322762,01,A,MATH  BS -----,CMSC  BS -----, , ,Undergrad Other,Readmit,Continuing UG,
1038,815935010,318108,01,B,CMPE  BS -----, , , ,First Time Freshman,Freshman,New Freshman,
1038,815935010,318245,03,A,CMPE  BS -----, , , ,First Time Freshman,Freshman,New Freshman,
1038,825355638,316037,01,A,MATH  BS -----,CMSC  BS -----,ECON  MINR -----, ,Undergrad Transfers,Transfer,Continuing UG,
1038,825355638,300430,01,A,MATH  BS -----,CMSC  BS -----,ECON  MINR -----, ,Undergrad Transfers,Transfer,Continuing UG,
1038,818619753,318108,02,B,ENGR    BS -----,CMPE  BS -----, , ,First Time Freshman,Freshman,Continuing UG,
1038,818619753,318245,04,A,ENGR    BS -----,CMPE  BS -----, , ,First Time Freshman,Freshman,Continuing UG,
1038,841952167,316036,01,A,CMSC  BS -----, , , ,First Time Freshman,Freshman,New Freshman,
1038,801997550,316036,11,A,CMPE  BS -----, , , ,First Time Freshman,Freshman,New Freshman,
1038,825593038,316036,11,A,CMPE  BS -----, , , ,First Time Freshman,Freshman,New Freshman,
1038,806196153,320219,03,F,CMSC  BS -----, , , ,Undergrad Transfers,Transfer,New Transfer,
1038,806196153,320595,01,W,CMSC  BS -----, , , ,Undergrad Transfers,Transfer,New Transfer,
1038,835054890,316036,01,B,CMPE  BS -----,CMSC  BS -----, , ,First Time Freshman,Freshman,New Freshman,
1038,814819195,316036,06,A,CMPE  BS -----, , , ,Undergrad Transfers,Transfer,New Transfer,
1038,825192242,318245,01,A,CMPE  BS -----, , , ,First Time Freshman,Freshman,Continuing UG,
1038,818730770,318104,05,B,CMPE  BS -----, , , ,First Time Freshman,Freshman,New Freshman,
1038,823342612,316036,01,C,CMSC  BS -----,BIOL  MINR -----, , ,First Time Freshman,Freshman,Continuing UG,
1038,823731282,316036,16,C,CMSC  BS -----,MLL   MINR -----, , ,First Time Freshman,Freshman,New Freshman,
1038,825915655,316036,11,B,CMPE  BS -----, , , ,First Time Freshman,Freshman,New Freshman,
1038,822134099,318104,01,B,CMSC  BS -----, , , ,Undergrad Transfers,Transfer,Continuing UG,
1038,810168539,316036,01,B,CMSC  BS -----,CMPE  BS -----, , ,First Time Freshman,Freshman,New Freshman,
1038,804716581,318104,03,A,CMSC  BS -----,PHYS  BS -----,HONR   CTN -----, ,First Time Freshman,Freshman,Continuing UG,
1038,827539981,318104,02,A,CMSC  BS -----, , , ,First Time Freshman,Freshman,New Freshman,
1038,819510616,316035,11,A,CMSC  BS -----, , , ,First Time Freshman,Freshman,New Freshman,
1038,824489024,318245,03,B,CMPE  BS -----,ENGR    BS -----, , ,Undergrad Transfers,Transfer,New Transfer,
1038,844446882,318104,02,C,IFSM  BS -----, , , ,Undergrad Transfers,Transfer,Continuing UG,
1038,832900863,318245,03,B,CMPE  BS -----, , , ,First Time Freshman,Freshman,Continuing UG,
1038,835770249,316037,06,C,CMSC  BS -----, , , ,First Time Freshman,Freshman,New Freshman,
1038,849919957,318104,02,A,CMSC  BS -----, , , ,First Time Freshman,Freshman,Continuing UG,
1038,836737468,316037,06,A,CMPE  BS -----, , , ,Undergrad Transfers,Transfer,Continuing UG,
1038,815524103,318104,02,C,CMSC  BS -----, , , ,First Time Freshman,Freshman,Continuing UG,
1038,833565448,316037,01,B,CMSC  BS -----, , , ,First Time Freshman,Freshman,Continuing UG,
1038,833565448,318104,01,F,CMSC  BS -----, , , ,First Time Freshman,Freshman,Continuing UG,
1038,800602220,316036,06,B,UGST    BA -----, , , ,First Time Freshman,Freshman,New Freshman,
1038,830126097,318108,01,D,MATH  BS -----,CMSC  MINR -----, , ,Undergrad Other,Readmit,Continuing UG,
1038,830126097,320219,02,W,MATH  BS -----,CMSC  MINR -----, , ,Undergrad Other,Readmit,Continuing UG,
1038,836536269,316036,06,B,CMSC  BS -----, , , ,First Time Freshman,Freshman,New Freshman,
1038,838752476,316036,01,A,MATH  BS -----,CMSC  MINR -----, , ,First Time Freshman,Freshman,New Freshman,
1038,830839127,316037,01,W,CMSC  BS -----, , , ,Undergrad Transfers,Transfer,Continuing UG,
1038,816624557,318104,05,B,CMPE  BS -----, , , ,Undergrad Transfers,Transfer,New Transfer,
1038,813617622,318104,03,A,CMSC  BS -----, , , ,First Time Freshman,Freshman,Continuing UG,
1038,845236340,316037,06,F,CMSC  BS -----, , , ,Undergrad Transfers,Transfer,New Transfer,
1038,835134472,316037,01,C,CMPE  BS -----,MATH  MINR -----, , ,Undergrad Transfers,Transfer,Continuing UG,
1038,813403062,318104,05,B,CMSC  BS -----, , , ,First Time Freshman,Freshman,Continuing UG,
1038,829061072,316037,11,A,CMSC  BS -----, , , ,First Time Freshman,Freshman,Continuing UG,
1038,803445128,318104,05,B,CMSC  BS -----, , , ,First Time Freshman,Freshman,New Freshman,
1038,833506520,318104,01,A,ENGR    BS -----,CMPE  BS -----, , ,First Time Freshman,Freshman,Continuing UG,
1038,809927411,318104,01,A,CMSC  BS -----, , , ,First Time Freshman,Freshman,Continuing UG,
1038,826307010,318245,04,D,CMSC  BS -----, , , ,First Time Freshman,Freshman,Continuing UG,
1038,826116501,318245,03,C,CMPE  BS -----, , , ,First Time Freshman,Freshman,Continuing UG,
1038,844380805,316035,01,W,CMSC  BS -----, , , ,Undergrad Transfers,Transfer,New Transfer,
1038,824490463,318104,04,B,CMSC  BS -----,ENTR  MINR -----, , ,First Time Freshman,Freshman,Continuing UG,
1038,817809210,316037,06,B,CMPE  BS -----, , , ,First Time Freshman,Freshman,New Freshman,
1038,835328945,318104,05,A,CMSC  BS -----, , , ,Undergrad Transfers,Transfer,New Transfer,
1038,808165836,316037,06,A,CMSC  BS -----, , , ,First Time Freshman,Freshman,Continuing UG,
1038,817777058,320219,02,A,CMSC  BS -----,MATH  BS -----, , ,Undergrad Transfers,Transfer,New Transfer,
1038,817777058,322431,01,C,CMSC  BS -----,MATH  BS -----, , ,Undergrad Transfers,Transfer,New Transfer,
1038,802642698,318104,02,C,MENG  BS -----,CMSC  MINR -----, , ,First Time Freshman,Freshman,Continuing UG,
1038,806545831,316036,06,A,CMSC  BS -----,IFSM  BS -----, , ,First Time Freshman,Freshman,New Freshman,
1038,831239069,316036,01,A,CMSC  BS -----,STAT  BS APST   TRK,HONR   CTN -----, ,First Time Freshman,Freshman,New Freshman,
1038,817334258,316036,11,C,CMSC  BS -----, , , ,First Time Freshman,Freshman,New Freshman,
1038,808226005,316036,11,D,CMPE  BS -----, , , ,Undergrad Transfers,Transfer,New Transfer,
1038,849448417,318104,03,B,ENGR    BS -----,CMSC  BS -----, , ,First Time Freshman,Freshman,Continuing UG,
1038,832757027,316037,11,B,CMSC  BS -----,HIST  MINR -----, , ,First Time Freshman,Freshman,New Freshman,
1038,825648552,318108,02,C,CMPE  BS -----, , , ,First Time Freshman,Freshman,Continuing UG,
1038,802124115,318104,01,B,CMSC  BS -----,ENGR    BS -----, , ,Undergrad Transfers,Transfer,Continuing UG,
1038,841089491,318104,02,C,CMSC  BS -----, , , ,First Time Freshman,Freshman,Continuing UG,
1038,816265586,316036,16,B,CMSC  BS -----, , , ,First Time Freshman,Freshman,New Freshman,
1038,823169530,318245,02,D,CMPE  BS -----,PHIL  MINR -----, , ,First Time Freshman,Freshman,New Freshman,
1038,809251577,316037,01,C,CMSC  BS -----, , , ,Undergrad Transfers,Transfer,Continuing UG,
1038,845835223,318108,03,D,ENGR    BS -----,CMSC  BS -----, , ,First Time Freshman,Freshman,Continuing UG,
1038,804934848,318245,03,C,CMPE  BS -----, , , ,First Time Freshman,Freshman,Continuing UG,
1038,806199538,318108,01,C,MENG  BS -----, , , ,Undergrad Transfers,Transfer,New Transfer,
1038,806199538,318245,02,C,MENG  BS -----, , , ,Undergrad Transfers,Transfer,New Transfer,
1038,837657305,320219,01,B,MATH  BS -----, , , ,Undergrad Transfers,Transfer,New Transfer,
1038,837657305,322765,01,A,MATH  BS -----, , , ,Undergrad Transfers,Transfer,New Transfer,
1038,816916172,316036,01,A,CMSC  BS -----, , , ,First Time Freshman,Freshman,New Freshman,
1038,819292751,320219,03,A,MATH  BA -----,PHYS  BS -----,HONR   CTN -----, ,First Time Freshman,Freshman,Continuing UG,
1038,825824660,316037,06,B,CMSC  BS -----, , , ,First Time Freshman,Freshman,New Freshman,
1038,818936055,318061,01,B,IFSM  BS -----,CMSC  MINR -----, , ,First Time Freshman,Freshman,Continuing UG,
1038,832858891,318104,01,A,CMSC  BS -----, , , ,First Time Freshman,Freshman,New Freshman,
1038,836202551,316037,01,F,CMSC  BS -----, , , ,First Time Freshman,Freshman,Continuing UG,
1038,825876870,316037,06,C,CMPE  BS -----, , , ,Undergrad Transfers,Transfer,New Transfer,
1038,843960635,318245,01,B,CMPE  BS -----, , , ,First Time Freshman,Freshman,Continuing UG,
1038,833992871,316037,06,A,CMPE  BS -----,HONR   CTN -----, , ,First Time Freshman,Freshman,New Freshman,
1038,822414824,316036,16,C,CMSC  BS -----, , , ,First Time Freshman,Freshman,New Freshman,
1038,802837155,318104,02,A,CMPE  BS -----, , , ,First Time Freshman,Freshman,Continuing UG,
1038,816284306,318104,01,A,CMSC  BS -----, , , ,First Time Freshman,Freshman,Continuing UG,
1038,837958999,318104,03,B,CMSC  BS -----, , , ,First Time Freshman,Freshman,Continuing UG,
1038,822783816,316037,11,F,CMSC  BS CYBR  TRK,CMSC  BS DSCI  TRK, , ,First Time Freshman,Freshman,New Freshman,
1038,822256214,316037,01,A,CMSC  BS -----, , , ,First Time Freshman,Freshman,Continuing UG,
1038,822256214,318104,01,B,CMSC  BS -----, , , ,First Time Freshman,Freshman,Continuing UG,
1038,808602130,318245,02,A,MATH  BS -----,PHYS  BS -----, , ,First Time Freshman,Freshman,New Freshman,
1038,843764102,318245,04,W,CMPE  BS -----, , , ,First Time Freshman,Freshman,Continuing UG,
1038,824348566,320220,01,W,MATH  BS -----,CMSC  BS -----,MUSC  MINR -----, ,First Time Freshman,Freshman,Continuing UG,
1038,826923612,316037,06,D,CMSC  BS -----, , , ,Undergrad Transfers,Transfer,Continuing UG,
1038,826923612,318104,01,D,CMSC  BS -----, , , ,Undergrad Transfers,Transfer,Continuing UG,
1038,818440084,318245,01,B,CMPE  BS -----, , , ,First Time Freshman,Freshman,Continuing UG,
1038,831609600,316035,01,A,CMSC  BS -----,CMPE  BS -----, , ,First Time Freshman,Freshman,New Freshman,
1038,824635064,318108,03,A,MATH  BS -----,CMSC  BS -----, , ,First Time Freshman,Freshman,Continuing UG,
1038,819430994,318108,03,A,CMSC  BS -----,CMPE  BS -----, , ,First Time Freshman,Freshman,Continuing UG,
1038,842232730,316036,01,D,CMSC  BS -----, , , ,Undergrad Transfers,Transfer,Continuing UG,
1038,824559694,316036,11,A,CMSC  BS -----, , , ,First Time Freshman,Freshman,New Freshman,
1038,817997577,301557,01,B,CMSC  BS -----,HONR   CTN -----, , ,First Time Freshman,Freshman,Continuing UG,
1038,806510814,301557,01,F,CMSC  BS -----, , , ,Undergrad Transfers,Transfer,Continuing UG,
1038,834493188,301557,04,F,BIOL  BS -----,CMSC  BS -----, , ,Undergrad Transfers,Transfer,Continuing UG,
1038,806932715,301557,01,C,CMSC  BS -----, , , ,First Time Freshman,Freshman,Continuing UG,
1038,833107595,301557,01,A,CMSC  BS -----, , , ,First Time Freshman,Freshman,Continuing UG,
1038,801667108,301557,04,C,CMSC  BS -----, , , ,Undergrad Transfers,Transfer,Continuing UG,
1038,806298331,303762,01,C,CMSC  BS -----, , , ,First Time Freshman,Freshman,Continuing UG,
1038,827440333,301557,04,C,CMSC  BS -----, , , ,Undergrad Transfers,Transfer,Continuing UG,
1038,839973756,301557,01,A,CMSC  BS -----,MATH  BA -----,HONR   CTN -----, ,First Time Freshman,Freshman,Continuing UG,
1038,846437692,301557,04,F,MATH  BS -----,CMSC  BS -----, , ,Undergrad Transfers,Transfer,Continuing UG,
1038,835278929,303765,01,A,MENG  BS -----,PHYS  BS -----, , ,First Time Freshman,Freshman,Continuing UG,
1038,832852993,301557,01,F,CMSC  BS -----, , , ,Undergrad Transfers,Transfer,Continuing UG,
1038,823211171,301557,04,B,CMSC  BS -----, , , ,Undergrad Transfers,Transfer,Continuing UG,
1038,828060446,301557,01,C,CMSC  BS -----, , , ,Undergrad Transfers,Transfer,Continuing UG,
1038,809275674,301557,01,A,CMSC  BS -----, , , ,Undergrad Transfers,Transfer,New Transfer,
1038,800093769,301557,01,F,CMSC  BS -----,MATH  MINR -----, , ,Undergrad Transfers,Transfer,Continuing UG,
1038,846238346,301557,04,C,CMSC  BS -----, , , ,First Time Freshman,Freshman,Continuing UG,
1038,811116141,301557,01,A,CMSC  BS -----, , , ,Undergrad Other,Unknown,Continuing UG,
1038,818864459,301557,01,A,CMSC  BS -----, , , ,First Time Freshman,Freshman,Continuing UG,
1038,836949203,301557,04,D,CMSC  BS -----, , , ,Undergrad Transfers,Transfer,Continuing UG,
1038,818196286,301557,01,B,BINF  BS -----,CMSC  MINR -----, , ,First Time Freshman,Freshman,Continuing UG,
1038,845733819,301553,04,C,IFSM  BS -----,CMSC  MINR -----, , ,Undergrad Other,Reinstate,Continuing UG,
1038,808134429,301553,01,A,ECON  BA -----,CMSC  BS -----, , ,First Time Freshman,Freshman,Continuing UG,
1038,839352720,301557,01,A,CMSC  BS -----,IFSM  BS -----, , ,Undergrad Transfers,Transfer,Continuing UG,
1038,844683255,301557,04,A,CMSC  BS -----,BINF  MINR -----, , ,First Time Freshman,Freshman,Continuing UG,
1038,846642500,301557,04,A,CMSC  BS -----, , , ,Undergrad Transfers,Transfer,Continuing UG,
1038,844143292,303762,01,C,CMSC  BS -----,MATH  BS -----, , ,First Time Freshman,Freshman,Continuing UG,
1038,821357016,303762,01,A,MATH  BS -----,CMSC  BS -----, , ,Undergrad Other,Readmit,Continuing UG,
1038,806196153,301557,04,D,CMSC  BS -----, , , ,Undergrad Transfers,Transfer,New Transfer,
1038,800122104,301557,04,D,CMSC  BS -----, , , ,Undergrad Transfers,Transfer,New Transfer,
1038,834234788,301557,01,C,CMSC  BS -----, , , ,Undergrad Transfers,Transfer,New Transfer,
1038,829105311,301557,01,A,CMSC  BS -----, , , ,Undergrad Transfers,Transfer,New Transfer,
1038,806228505,301557,01,C,CMSC  BS -----, , , ,First Time Freshman,Freshman,Continuing UG,
1038,844138611,301557,01,A,CMSC  BS -----, , , ,Undergrad Transfers,Transfer,New Transfer,
1038,813403062,301557,04,C,CMSC  BS -----, , , ,First Time Freshman,Freshman,Continuing UG,
1038,833073856,301557,04,D,CMSC  BS -----,ENGR    BS -----, , ,Undergrad Transfers,Transfer,New Transfer,
1038,824490463,301557,04,B,CMSC  BS -----,ENTR  MINR -----, , ,First Time Freshman,Freshman,Continuing UG,
1038,817777058,303762,01,B,CMSC  BS -----,MATH  BS -----, , ,Undergrad Transfers,Transfer,New Transfer,
1038,818936055,301553,04,B,IFSM  BS -----,CMSC  MINR -----, , ,First Time Freshman,Freshman,Continuing UG,
1038,823996373,301553,04,B,IFSM  BS -----,CMSC  MINR -----, , ,First Time Freshman,Freshman,Continuing UG,
1038,803125283,301557,04,C,CMSC  BS -----, , , ,First Time Freshman,Freshman,Continuing UG,
