1040,811401949,322527,01,A,MENG  BS -----, , , ,First Time Freshman,Freshman,Continuing UG,
1040,830347283,322527,01,A,CMSC  BS -----,MATH  MINR -----, , ,Undergrad Transfers,Transfer,Continuing UG,
1040,837257394,303669,01,A,BINF  BS -----,MATH  BS -----,CMSC  MINR -----, ,Undergrad Transfers,Transfer,Continuing UG,
1040,830471710,301557,01,D,CMSC  BS -----, , , ,Undergrad Transfers,Transfer,Continuing UG,
1040,800093769,301557,01,A,CMSC  BS -----,MATH  MINR -----, , ,Undergrad Transfers,Transfer,Continuing UG,
1040,827884893,301557,01,C,CMSC  BS -----, , , ,First Time Freshman,Freshman,Continuing UG,
1040,819991302,301557,01,A,CMSC  BS -----, , , ,First Time Freshman,Freshman,Continuing UG,
