1042,827621502,318104,05,B,CMPE  BS -----, , , ,First Time Freshman,Freshman,Continuing UG,
1042,840234121,316037,11,D,CMSC  BS -----, , , ,First Time Freshman,Freshman,Continuing UG,
1042,841115788,316037,11,B,CMSC  BS -----, , , ,First Time Freshman,Freshman,Continuing UG,
1042,817174583,318104,01,A,CMPE  BS -----,MATH  MINR -----, , ,Undergrad Transfers,Transfer,Continuing UG,
1042,842522959,318108,03,A,CMPE  BS -----, , , ,First Time Freshman,Freshman,Continuing UG,
1042,817467694,318104,03,B,CMPE  BS -----, , , ,Undergrad Transfers,Transfer,New Transfer,
1042,842108422,318104,04,F,CMSC  BS -----, , , ,First Time Freshman,Freshman,Continuing UG,
1042,815919801,318104,02,B,CMSC  BS -----, , , ,First Time Freshman,Freshman,Continuing UG,
1042,813127852,316037,01,D,CMSC  BS -----, , , ,Undergrad Transfers,Transfer,Continuing UG,
1042,805880817,316037,11,A,CMPE  BS -----, , , ,First Time Freshman,Freshman,Continuing UG,
1042,840822397,320220,01,A,MATH  BS -----,CMSC  BS -----,PHIL  MINR -----,PHYS  MINR -----,First Time Freshman,Freshman,Continuing UG,
1042,838651788,318104,02,B,MATH  BS -----,CMSC  BS -----, , ,First Time Freshman,Freshman,Continuing UG,
1042,814048024,320219,01,C,MATH  BA -----, , , ,First Time Freshman,Freshman,Continuing UG,
1042,814048024,320407,01,C,MATH  BA -----, , , ,First Time Freshman,Freshman,Continuing UG,
1042,817908363,322568,01,A,CMSC  BS -----,MATH  MINR -----, , ,First Time Freshman,Freshman,Continuing UG,
1042,830812519,318245,04,D,CMPE  BS -----, , , ,Undergrad Transfers,Transfer,Continuing UG,
1042,812230894,316037,01,B,CMPE  BS -----, , , ,Undergrad Transfers,Transfer,Continuing UG,
1042,837257394,320407,01,B,MATH  BA -----, , , ,Undergrad Transfers,Transfer,Continuing UG,
1042,843899951,318104,05,F,CMSC  BS -----, , , ,First Time Freshman,Freshman,Continuing UG,
1042,832282421,318104,04,D,CMSC  BS -----, , , ,First Time Freshman,Freshman,Continuing UG,
1042,803181057,316037,11,B,CMPE  BS -----, , , ,First Time Freshman,Freshman,Continuing UG,
1042,832067625,318104,04,B,CMSC  BS -----,MATH  MINR -----, , ,Undergrad Transfers,Transfer,Continuing UG,
1042,832067625,318245,02,B,CMSC  BS -----,MATH  MINR -----, , ,Undergrad Transfers,Transfer,Continuing UG,
1042,841144953,318104,04,B,CMSC  BS -----, , , ,Undergrad Transfers,Transfer,Continuing UG,
1042,826920229,316037,06,F,CMPE  BS -----,MATH  MINR -----, , ,First Time Freshman,Freshman,Continuing UG,
1042,842492644,316036,01,A,VAAV    BA AI     SPC,SPAN  CRTN -----, , ,First Time Freshman,Freshman,Continuing UG,
1042,813789169,318104,01,A,CMPE  BS -----, , , ,First Time Freshman,Freshman,Continuing UG,
1042,835203210,318104,02,B,CMSC  BS -----, , , ,First Time Freshman,Freshman,Continuing UG,
1042,848594542,316037,01,A,CMPE  BS -----, , , ,First Time Freshman,Freshman,Continuing UG,
1042,804418017,318104,01,A,CMSC  BS -----, , , ,First Time Freshman,Freshman,Continuing UG,
1042,834132114,318104,04,W,CMSC  BS -----, , , ,First Time Freshman,Freshman,Continuing UG,
1042,801177159,318104,02,B,CMSC  BS -----, , , ,First Time Freshman,Freshman,Continuing UG,
1042,842093273,318104,03,C,CMPE  BS -----, , , ,Undergrad Other,Readmit,Continuing UG,
1042,846325381,318104,03,B,CMSC  BS -----,FIEC  BS -----, , ,Undergrad Other,Reinstate,Continuing UG,
1042,829944935,318104,04,B,CMSC  BS -----, , , ,First Time Freshman,Freshman,Continuing UG,
1042,819178692,318104,04,B,IFSM  BS -----, , , ,Undergrad Transfers,Transfer,Continuing UG,
1042,818387234,316036,01,A,CMSC  BS -----,PHYS  BS -----, , ,Undergrad Transfers,Transfer,New Transfer,
1042,836216704,316037,11,B,CMPE  BS -----, , , ,First Time Freshman,Freshman,Continuing UG,
1042,806912246,316685,01,A,CMPE  BS -----,HONR   CTN -----, , ,First Time Freshman,Freshman,Continuing UG,
1042,801621326,316036,06,B,CMSC  BS -----, , , ,First Time Freshman,Freshman,Continuing UG,
1042,837196782,316037,11,B,CMSC  BS -----, , , ,Undergrad Transfers,Transfer,Continuing UG,
1042,837196782,318104,02,A,CMSC  BS -----, , , ,Undergrad Transfers,Transfer,Continuing UG,
1042,843678237,316037,06,C,CMPE  BS -----, , , ,Undergrad Transfers,Transfer,Continuing UG,
1042,832040039,316036,06,D,CMSC  BS -----,WEBC  ULC -----, , ,Undergrad Transfers,Transfer,Continuing UG,
1042,802036547,318104,04,D,CMSC  BS -----, , , ,First Time Freshman,Freshman,Continuing UG,
1042,826879867,316037,06,B,CMPE  BS -----,HONR   CTN -----, , ,First Time Freshman,Freshman,Continuing UG,
1042,841376627,316037,11,C,CMSC  BS -----,VAAV    BA AI     SPC, , ,First Time Freshman,Freshman,Continuing UG,
1042,827614406,318061,01,B,IFSM  BS -----,CMSC  MINR -----, , ,First Time Freshman,Freshman,Continuing UG,
1042,806981308,318245,02,C,CMSC  BS -----, , , ,First Time Freshman,Freshman,Continuing UG,
1042,810862323,318104,03,B,CMSC  BS -----, , , ,Undergrad Transfers,Transfer,New Transfer,
1042,806738271,316037,01,A,MATH  BS -----,CMSC  BS -----, , ,First Time Freshman,Freshman,Continuing UG,
1042,806738271,318104,04,A,MATH  BS -----,CMSC  BS -----, , ,First Time Freshman,Freshman,Continuing UG,
1042,819395001,318104,01,A,MENG  BS -----,MATH  MINR -----,CMSC  MINR -----,HONR   CTN -----,Undergrad Transfers,Transfer,Continuing UG,
1042,847851914,318245,03,A,CMPE  BS -----,HONR   CTN -----, , ,First Time Freshman,Freshman,Continuing UG,
1042,840774377,318104,01,B,CMPE  BS -----, , , ,Undergrad Transfers,Transfer,New Transfer,
1042,842072746,318104,04,B,CMPE  BS -----,MATH  MINR -----, , ,First Time Freshman,Freshman,Continuing UG,
1042,812786098,316037,11,C,CMPE  BS -----, , , ,First Time Freshman,Freshman,Continuing UG,
1042,822865135,318104,01,B,CMSC  BS -----, , , ,First Time Freshman,Freshman,Continuing UG,
1042,834493188,316037,11,F,BIOL  BS -----,CMSC  BS -----, , ,Undergrad Transfers,Transfer,Continuing UG,
1042,828312428,318104,04,B,CMPE  BS -----,PHYS  BS -----, , ,First Time Freshman,Freshman,Continuing UG,
1042,832425367,318108,03,A,CMPE  BS -----, , , ,First Time Freshman,Freshman,Continuing UG,
1042,812506567,316037,01,C,CMSC  BS -----, , , ,First Time Freshman,Freshman,Continuing UG,
1042,812038324,320220,01,A,MATH  BS -----,CMSC  MINR -----, , ,First Time Freshman,Freshman,Continuing UG,
1042,812038324,322431,01,A,MATH  BS -----,CMSC  MINR -----, , ,First Time Freshman,Freshman,Continuing UG,
1042,806932715,318108,01,D,CMSC  BS -----, , , ,First Time Freshman,Freshman,Continuing UG,
1042,806932715,320219,02,W,CMSC  BS -----, , , ,First Time Freshman,Freshman,Continuing UG,
1042,823085155,316036,06,C,CMSC  BS -----, , , ,First Time Freshman,Freshman,Continuing UG,
1042,808677048,320219,01,C,CMSC  BS -----,MATH  BS -----, , ,Undergrad Transfers,Transfer,Continuing UG,
1042,823573985,318104,01,B,PHYS  BS -----,MATH  BS -----,ASTR  MINR -----, ,Undergrad Transfers,Transfer,Continuing UG,
1042,806284447,318104,02,B,CMPE  BS -----, , , ,Undergrad Transfers,Transfer,Continuing UG,
1042,807514973,320220,01,A,CMPE  BS -----,MATH  BS -----,HONR   CTN -----, ,First Time Freshman,Freshman,Continuing UG,
1042,807514973,320599,01,A,CMPE  BS -----,MATH  BS -----,HONR   CTN -----, ,First Time Freshman,Freshman,Continuing UG,
1042,842172035,318108,02,B,CMSC  BS -----, , , ,First Time Freshman,Freshman,Continuing UG,
1042,823251157,316037,06,B,CMPE  BS -----, , , ,First Time Freshman,Freshman,Continuing UG,
1042,824291527,318104,03,B,CMPE  BS -----,HONR   CTN -----, , ,Undergrad Transfers,Transfer,New Transfer,
1042,824291527,318108,01,B,CMPE  BS -----,HONR   CTN -----, , ,Undergrad Transfers,Transfer,New Transfer,
1042,848250612,316037,11,C,CMSC  BS -----, , , ,First Time Freshman,Freshman,Continuing UG,
1042,835075820,318108,02,C,CMPE  BS -----,MUSC  BA MUTC   SPC,HONR   CTN -----, ,Undergrad Transfers,Transfer,Continuing UG,
1042,802485894,318104,04,B,CMSC  BS -----, , , ,First Time Freshman,Freshman,Continuing UG,
1042,804996953,316037,06,A,CMPE  BS -----, , , ,Undergrad Transfers,Transfer,New Transfer,
1042,849754508,316037,01,B,CMPE  BS -----,ENGR    BS -----, , ,First Time Freshman,Freshman,Continuing UG,
1042,814186233,316037,11,A,CMSC  BS -----,HONR   CTN -----, , ,First Time Freshman,Freshman,Continuing UG,
1042,847898286,316037,06,C,CMPE  BS -----, , , ,First Time Freshman,Freshman,Continuing UG,
1042,843450476,316037,06,B,CMSC  BS -----, , , ,First Time Freshman,Freshman,Continuing UG,
1042,843520775,316037,11,A,CMSC  BS -----, , , ,First Time Freshman,Freshman,Continuing UG,
1042,842561290,316037,11,D,CMPE  BS -----, , , ,Undergrad Transfers,Transfer,Continuing UG,
1042,829468411,320219,01,B,CMSC  BS -----,MUSC  MINR -----,MLL   MINR GERMM  SPC, ,Undergrad Transfers,Transfer,Continuing UG,
1042,833997937,318108,02,C,MATH  BS -----,CMSC  MINR -----, , ,First Time Freshman,Freshman,Continuing UG,
1042,846871715,316036,01,B,CMSC  BS -----, , , ,First Time Freshman,Freshman,Continuing UG,
1042,836875529,316037,06,A,MATH  BS -----,HONR   CTN -----, , ,First Time Freshman,Freshman,Continuing UG,
1042,836875529,318104,01,A,MATH  BS -----,HONR   CTN -----, , ,First Time Freshman,Freshman,Continuing UG,
1042,806077604,318104,05,C,CMPE  BS -----, , , ,Undergrad Transfers,Transfer,Continuing UG,
1042,828764159,318245,02,B,MATH  BS -----,CMSC  BS -----,HONR   CTN -----, ,First Time Freshman,Freshman,Continuing UG,
1042,822930494,318104,03,C,CMSC  BS -----, , , ,Undergrad Transfers,Transfer,Continuing UG,
1042,843964038,316037,06,B,CMSC  BS -----, , , ,First Time Freshman,Freshman,Continuing UG,
1042,840495613,320219,01,D,MATH  BS -----,CMSC  MINR -----, , ,Undergrad Transfers,Transfer,Continuing UG,
1042,837161661,318104,02,B,CMPE  BS -----, , , ,First Time Freshman,Freshman,Continuing UG,
1042,806240022,316037,01,A,CMSC  BS -----,BINF  MINR -----, , ,First Time Freshman,Freshman,Continuing UG,
1042,820796490,318104,05,A,BINF  BS -----,HONR   CTN -----, , ,First Time Freshman,Freshman,Continuing UG,
1042,822582265,318104,01,B,CMSC  BS -----, , , ,First Time Freshman,Freshman,Continuing UG,
1042,808983838,318104,05,A,CMPE  BS -----, , , ,First Time Freshman,Freshman,Continuing UG,
1042,819121172,318108,02,C,CMSC  BS -----, , , ,First Time Freshman,Freshman,Continuing UG,
1042,838829900,318104,01,A,CMPE  BS -----, , , ,First Time Freshman,Freshman,Continuing UG,
1042,838829900,318108,01,C,CMPE  BS -----, , , ,First Time Freshman,Freshman,Continuing UG,
1042,809588741,318245,03,C,CMSC  BS -----, , , ,First Time Freshman,Freshman,Continuing UG,
1042,803311580,322804,01,A,MATH  BS -----,CMSC  MINR -----, , ,First Time Freshman,Freshman,Continuing UG,
1042,826581900,318104,05,C,UGST    BA -----, , , ,First Time Freshman,Freshman,Continuing UG,
1042,814239764,316036,01,B,CMSC  BS -----, , , ,Undergrad Transfers,Transfer,Continuing UG,
1042,825079142,318061,01,W,CMSC  BS -----, , , ,Undergrad Other,Readmit,Continuing UG,
1042,829534125,318245,04,A,MENG  BS -----,CMSC  MINR -----, , ,First Time Freshman,Freshman,Continuing UG,
1042,826237108,316037,06,W,CMSC  BS -----, , , ,First Time Freshman,Freshman,Continuing UG,
1042,802813116,316037,01,C,CMPE  BS -----, , , ,Undergrad Transfers,Transfer,Continuing UG,
1042,808646333,318104,03,W,CMSC  BS -----, , , ,Undergrad Other,Unknown,Continuing UG,
1042,835231126,318104,03,A,CMSC  BS -----, , , ,Undergrad Transfers,Transfer,New Transfer,
1042,833188436,318108,01,C,CMPE  BS -----,IFSM  BS -----,NETC  ULC -----, ,Undergrad Other,Unknown,Continuing UG,
1042,802070806,318104,02,A,CMSC  BS -----, , , ,First Time Freshman,Freshman,Continuing UG,
1042,824803268,318104,05,C,CMSC  BS -----, , , ,First Time Freshman,Freshman,Continuing UG,
1042,830471710,318104,05,F,CMSC  BS -----, , , ,Undergrad Transfers,Transfer,Continuing UG,
1042,828033556,316036,06,B,CMPE  BS -----, , , ,First Time Freshman,Freshman,Continuing UG,
1042,818829177,318245,03,C,ENGR    BS -----, , , ,Undergrad Other,Readmit,Continuing UG,
1042,814665461,316037,06,A,CMSC  BS -----, , , ,First Time Freshman,Freshman,Continuing UG,
1042,846437692,318108,02,B,MATH  BS -----,CMSC  BS -----, , ,Undergrad Transfers,Transfer,Continuing UG,
1042,835278929,320599,01,A,MENG  BS -----,PHYS  BS -----, , ,First Time Freshman,Freshman,Continuing UG,
1042,812916914,318104,01,C,CMSC  BS -----, , , ,First Time Freshman,Freshman,Continuing UG,
1042,820247081,322761,01,A,CMSC  BS -----,MATH  MINR -----, , ,Undergrad Transfers,Transfer,Continuing UG,
1042,826560070,316037,11,C,CMSC  BS -----, , , ,First Time Freshman,Freshman,Continuing UG,
1042,826825765,318108,01,B,MATH  BS -----,CMSC  BS -----, , ,First Time Freshman,Freshman,Continuing UG,
1042,820504805,318104,03,C,CMSC  BS -----, , , ,Undergrad Transfers,Transfer,New Transfer,
1042,835078859,318104,02,A,CMSC  BS -----,PHYS  MINR -----, , ,First Time Freshman,Freshman,Continuing UG,
1042,800093769,318104,01,A,CMSC  BS -----, , , ,Undergrad Transfers,Transfer,Continuing UG,
1042,826071367,316037,01,B,CMPE  BS -----, , , ,First Time Freshman,Freshman,Continuing UG,
1042,809637005,316035,04,B,CMSC  BS -----, , , ,Undergrad Transfers,Transfer,Continuing UG,
1042,804384936,318104,03,A,CMSC  BS -----,MATH  MINR -----, , ,First Time Freshman,Freshman,Continuing UG,
1042,839883443,318245,01,F,CMSC  BS -----,MATH  BA -----, , ,First Time Freshman,Freshman,Continuing UG,
1042,805202990,318104,03,A,CMPE  BS -----, , , ,Undergrad Transfers,Transfer,Continuing UG,
1042,837375264,318108,03,A,CMPE  BS -----, , , ,First Time Freshman,Freshman,Continuing UG,
1042,818924684,318104,04,C,CMSC  BS -----, , , ,First Time Freshman,Freshman,Continuing UG,
1042,832452280,316037,11,F,CMSC  BS -----, , , ,First Time Freshman,Freshman,Continuing UG,
1042,835514021,318104,04,B,CMSC  BS -----, , , ,First Time Freshman,Freshman,Continuing UG,
1042,809982098,316037,11,A,CMPE  BS -----,PHYS  MINR -----, , ,First Time Freshman,Freshman,Continuing UG,
1042,847167090,318104,04,B,IFSM  BS -----,CMSC  MINR -----, , ,Undergrad Transfers,Transfer,Continuing UG,
1042,826002359,318104,04,B,CMSC  BS -----, , , ,Undergrad Transfers,Transfer,Continuing UG,
1042,829926814,322761,01,B,MATH  BS -----,CMSC  MINR -----, , ,First Time Freshman,Freshman,Continuing UG,
1042,817359225,318245,02,C,CMSC  BS -----,MATH  MINR -----, , ,First Time Freshman,Freshman,Continuing UG,
1042,819401534,320407,01,B,MATH  BS -----,CMSC  MINR -----, , ,First Time Freshman,Freshman,Continuing UG,
1042,819401534,320599,01,A,MATH  BS -----,CMSC  MINR -----, , ,First Time Freshman,Freshman,Continuing UG,
1042,837440786,316037,01,A,CMPE  BS -----,MATH  MINR -----, , ,First Time Freshman,Freshman,Continuing UG,
1042,830748940,318104,01,C,CMSC  BS -----, , , ,Undergrad Transfers,Transfer,Continuing UG,
1042,838113676,316036,06,A,CMSC  BS -----, , , ,First Time Freshman,Freshman,Continuing UG,
1042,847883234,318104,03,C,CMSC  BS -----, , , ,Undergrad Transfers,Transfer,New Transfer,
1042,834043719,318104,02,A,CMSC  BS -----, , , ,First Time Freshman,Freshman,Continuing UG,
1042,838457019,318104,01,A,CMPE  BS -----, , , ,First Time Freshman,Freshman,Continuing UG,
1042,805478410,318245,01,A,CMPE  BS -----,ENGR    BS -----, , ,First Time Freshman,Freshman,Continuing UG,
1042,832319620,318104,04,B,CMSC  BS -----, , , ,First Time Freshman,Freshman,Continuing UG,
1042,802820595,318104,04,A,CMSC  BS -----, , , ,Undergrad Transfers,Transfer,Continuing UG,
1042,819124841,318245,03,A,CMPE  BS -----,HONR   CTN -----, , ,First Time Freshman,Freshman,Continuing UG,
1042,801025268,316037,11,A,CMPE  BS ELSY   TRK,MATH  MINR -----, , ,First Time Freshman,Freshman,Continuing UG,
1042,816529976,318108,02,C,CMPE  BS -----, , , ,Undergrad Transfers,Transfer,Continuing UG,
1042,830285912,316037,06,B,CMSC  BS -----, , , ,First Time Freshman,Freshman,Continuing UG,
1042,849676244,316037,11,B,CMSC  BS -----,PADM  MINR -----,PADM  ULC -----, ,First Time Freshman,Freshman,Continuing UG,
1042,830873202,316037,11,D,CMSC  BS -----, , , ,First Time Freshman,Freshman,Continuing UG,
1042,844425815,318108,03,B,CMSC  BS -----, , , ,First Time Freshman,Freshman,Continuing UG,
1042,822922579,318104,02,B,CMSC  BS -----,THTR  MINR -----, , ,First Time Freshman,Freshman,Continuing UG,
1042,821424324,318104,02,A,BINF  BS -----,MUSC  MINR -----,CMSC  MINR -----,HONR   CTN -----,First Time Freshman,Freshman,Continuing UG,
1042,829211655,318104,03,C,CMSC  BS -----, , , ,First Time Freshman,Freshman,Continuing UG,
1042,809237841,316037,01,B,CMSC  BS -----, , , ,First Time Freshman,Freshman,Continuing UG,
1042,836911596,318245,03,B,CMSC  BS -----,MATH  BS -----, , ,Undergrad Transfers,Transfer,Continuing UG,
1042,836911596,320219,01,B,CMSC  BS -----,MATH  BS -----, , ,Undergrad Transfers,Transfer,Continuing UG,
1042,804794266,318245,04,A,CMSC  BS -----,MATH  BS -----, , ,First Time Freshman,Freshman,Continuing UG,
1042,841313511,316037,11,C,CMSC  BS -----, , , ,First Time Freshman,Freshman,Continuing UG,
1042,814837974,318108,02,C,CMSC  BS -----,MATH  MINR -----, , ,Undergrad Transfers,Transfer,Continuing UG,
1042,820638008,320219,02,A,MATH  BA -----,MLL   MINR SPANM  SPC,CMSC  MINR -----,HONR   CTN -----,First Time Freshman,Freshman,Continuing UG,
1042,820638008,320599,01,A,MATH  BA -----,MLL   MINR SPANM  SPC,CMSC  MINR -----,HONR   CTN -----,First Time Freshman,Freshman,Continuing UG,
1042,804275764,318108,02,B,CMPE  BS -----, , , ,First Time Freshman,Freshman,Continuing UG,
1042,819704056,318104,01,A,CMSC  BS -----, , , ,First Time Freshman,Freshman,Continuing UG,
1042,835927291,320220,01,C,MATH  BS -----,CMSC  MINR -----, , ,Undergrad Transfers,Transfer,Continuing UG,
1042,835927291,322804,01,B,MATH  BS -----,CMSC  MINR -----, , ,Undergrad Transfers,Transfer,Continuing UG,
1042,821616861,318104,05,C,CMPE  BS -----,ENGR    BS -----, , ,First Time Freshman,Freshman,Continuing UG,
1042,840455872,318104,03,C,CMSC  BS -----, , , ,Undergrad Transfers,Transfer,New Transfer,
1042,840291545,318104,04,B,CMPE  BS -----, , , ,Undergrad Transfers,Transfer,Continuing UG,
1042,801571521,318245,04,B,CMPE  BS -----,MATH  MINR -----, , ,First Time Freshman,Freshman,Continuing UG,
1042,808134429,318104,04,B,ECON  BA -----,CMSC  BS -----, , ,First Time Freshman,Freshman,Continuing UG,
1042,808134429,318108,02,B,ECON  BA -----,CMSC  BS -----, , ,First Time Freshman,Freshman,Continuing UG,
1042,801494523,316037,11,B,CMSC  BS -----, , , ,First Time Freshman,Freshman,Continuing UG,
1042,806010930,318108,02,B,PHYS  BS -----,CMSC  BS -----, , ,First Time Freshman,Freshman,Continuing UG,
1042,811540945,316036,11,A,CMSC  BS -----, , , ,First Time Freshman,Freshman,Continuing UG,
1042,845178550,318104,04,C,CMPE  BS -----, , , ,Undergrad Transfers,Transfer,Continuing UG,
1042,845178550,318245,04,B,CMPE  BS -----, , , ,Undergrad Transfers,Transfer,Continuing UG,
1042,839352720,318108,02,A,CMSC  BS -----,IFSM  BS -----, , ,Undergrad Transfers,Transfer,Continuing UG,
1042,849084934,318245,04,A,CMSC  BS -----,MATH  BS -----, , ,Undergrad Transfers,Transfer,New Transfer,
1042,818113838,318108,02,A,CMSC  BS -----,CMPE  BS -----, , ,First Time Freshman,Freshman,Continuing UG,
1042,818113838,320219,01,D,CMSC  BS -----,CMPE  BS -----, , ,First Time Freshman,Freshman,Continuing UG,
1042,815958195,318104,03,A,ECON  BA -----,HONR   CTN -----, , ,First Time Freshman,Freshman,Continuing UG,
1042,816235870,316037,01,A,BIOL  BA -----,CMSC  BS -----, , ,First Time Freshman,Freshman,Continuing UG,
1042,811401949,320407,01,A,MATH  BS -----,MENG  BS -----, , ,First Time Freshman,Freshman,Continuing UG,
1042,811401949,320599,01,A,MATH  BS -----,MENG  BS -----, , ,First Time Freshman,Freshman,Continuing UG,
1042,811401949,322804,01,C,MATH  BS -----,MENG  BS -----, , ,First Time Freshman,Freshman,Continuing UG,
1042,846642500,320219,01,B,CMSC  BS -----,MATH  BA -----, , ,Undergrad Transfers,Transfer,Continuing UG,
1042,843262069,316037,06,C,CMPE  BS -----, , , ,First Time Freshman,Freshman,Continuing UG,
1042,844143292,320219,02,D,CMSC  BS -----,MATH  BS -----, , ,First Time Freshman,Freshman,Continuing UG,
1042,803111637,316037,11,A,CMSC  BS -----,MATH  BS -----, , ,First Time Freshman,Freshman,Continuing UG,
1042,842358220,316036,06,B,CMSC  BS -----, , , ,First Time Freshman,Freshman,Continuing UG,
1042,816873405,320219,02,W,CMPE  BS -----,MATH  MINR -----, , ,First Time Freshman,Freshman,Continuing UG,
1042,807075759,318104,01,A,CMSC  BS -----, , , ,First Time Freshman,Freshman,Continuing UG,
1042,839590728,316037,11,A,CMSC  BS -----, , , ,First Time Freshman,Freshman,Continuing UG,
1042,834827460,318104,04,B,CMPE  BS -----, , , ,First Time Freshman,Freshman,Continuing UG,
1042,834827460,318108,03,B,CMPE  BS -----, , , ,First Time Freshman,Freshman,Continuing UG,
1042,834827460,318245,04,B,CMPE  BS -----, , , ,First Time Freshman,Freshman,Continuing UG,
1042,840319492,316036,11,A,CMSC  BS -----, , , ,First Time Freshman,Freshman,Continuing UG,
1042,820709291,318104,01,A,CMPE  BS -----,ENGR    BS -----, , ,Undergrad Transfers,Transfer,Continuing UG,
1042,811258609,316037,01,D,CMSC  BS -----,FIEC  BS -----, , ,First Time Freshman,Freshman,Continuing UG,
1042,811505069,318104,02,A,CMSC  BS -----, , , ,First Time Freshman,Freshman,Continuing UG,
1042,809121620,316037,11,F,CMSC  BS -----, , , ,First Time Freshman,Freshman,Continuing UG,
1042,847558115,318108,03,A,MATH  BS -----,CMSC  BS -----,HONR   CTN -----, ,First Time Freshman,Freshman,Continuing UG,
1042,804410503,316037,06,C,CMSC  BS -----,BTA   BA -----, , ,First Time Freshman,Freshman,Continuing UG,
1042,837834132,318104,02,C,CMSC  BS -----, , , ,Undergrad Transfers,Transfer,Continuing UG,
1042,821357016,322761,01,A,MATH  BS -----,CMSC  BS -----, , ,Undergrad Other,Readmit,Continuing UG,
1042,825355638,318108,03,A,MATH  BS -----,CMSC  BS -----,ECON  MINR -----, ,Undergrad Transfers,Transfer,Continuing UG,
1042,825355638,318245,02,A,MATH  BS -----,CMSC  BS -----,ECON  MINR -----, ,Undergrad Transfers,Transfer,Continuing UG,
1042,818619753,318104,05,B,ENGR    BS -----,CMPE  BS -----, , ,First Time Freshman,Freshman,Continuing UG,
1042,841952167,316037,11,A,CMSC  BS -----, , , ,First Time Freshman,Freshman,Continuing UG,
1042,801997550,316037,01,A,CMPE  BS -----, , , ,First Time Freshman,Freshman,Continuing UG,
1042,825593038,316037,01,B,CMPE  BS -----, , , ,First Time Freshman,Freshman,Continuing UG,
1042,835054890,316037,01,A,CMPE  BS -----, , , ,First Time Freshman,Freshman,Continuing UG,
1042,814819195,316037,11,A,CMPE  BS -----, , , ,Undergrad Transfers,Transfer,Continuing UG,
1042,825192242,318108,03,A,CMPE  BS -----, , , ,First Time Freshman,Freshman,Continuing UG,
1042,818730770,318108,01,B,CMPE  BS -----, , , ,First Time Freshman,Freshman,Continuing UG,
1042,823342612,316037,01,W,CMSC  BS -----,BIOL  MINR -----, , ,First Time Freshman,Freshman,Continuing UG,
1042,823731282,316037,01,D,CMSC  BS -----,MLL   MINR -----, , ,First Time Freshman,Freshman,Continuing UG,
1042,825915655,316037,01,A,CMPE  BS -----, , , ,First Time Freshman,Freshman,Continuing UG,
1042,810168539,316037,06,B,CMSC  BS -----, , , ,First Time Freshman,Freshman,Continuing UG,
1042,804716581,318108,04,A,PHYS  BS -----,MATH  BS -----,CMSC  MINR -----,HONR   CTN -----,First Time Freshman,Freshman,Continuing UG,
1042,819510616,316036,06,A,CMSC  BS -----, , , ,First Time Freshman,Freshman,Continuing UG,
1042,824489024,318104,02,B,CMPE  BS -----,ENGR    BS -----, , ,Undergrad Transfers,Transfer,Continuing UG,
1042,817660720,316037,11,A,CMSC  BS -----, , , ,Undergrad Transfers,Transfer,Continuing UG,
1042,802649746,318104,03,C,CMSC  BS -----, , , ,Undergrad Transfers,Transfer,New Transfer,
1042,832900863,318104,05,C,CMPE  BS -----, , , ,First Time Freshman,Freshman,Continuing UG,
1042,832900863,318108,01,C,CMPE  BS -----, , , ,First Time Freshman,Freshman,Continuing UG,
1042,835770249,318104,05,C,CMSC  BS -----, , , ,First Time Freshman,Freshman,Continuing UG,
1042,828237759,318104,01,A,CMSC  BS -----, , , ,First Time Freshman,Freshman,Continuing UG,
1042,836737468,318245,02,B,CMPE  BS -----, , , ,Undergrad Transfers,Transfer,Continuing UG,
1042,847257448,318104,03,C,CMSC  BS -----,MATH  BS -----, , ,Undergrad Transfers,Transfer,New Transfer,
1042,847257448,318245,04,W,CMSC  BS -----,MATH  BS -----, , ,Undergrad Transfers,Transfer,New Transfer,
1042,833565448,318104,03,B,CMSC  BS -----, , , ,First Time Freshman,Freshman,Continuing UG,
1042,800602220,316037,11,B,UGST    BA -----, , , ,First Time Freshman,Freshman,Continuing UG,
1042,830126097,318108,02,C,MATH  BS -----,CMSC  MINR -----, , ,Undergrad Other,Readmit,Continuing UG,
1042,830126097,320219,02,C,MATH  BS -----,CMSC  MINR -----, , ,Undergrad Other,Readmit,Continuing UG,
1042,836536269,316037,11,C,CMSC  BS -----, , , ,First Time Freshman,Freshman,Continuing UG,
1042,838752476,316037,01,A,MATH  BS -----,CMSC  MINR -----, , ,First Time Freshman,Freshman,Continuing UG,
1042,835134472,318245,03,C,CMPE  BS -----,MATH  MINR -----, , ,Undergrad Transfers,Transfer,Continuing UG,
1042,840724635,318104,03,B,CMSC  BS -----, , , ,Undergrad Transfers,Transfer,Continuing UG,
1042,829061072,318104,05,C,CMSC  BS -----,MATH  MINR -----, , ,First Time Freshman,Freshman,Continuing UG,
1042,833506520,318108,03,A,ENGR    BS -----,CMPE  BS -----, , ,First Time Freshman,Freshman,Continuing UG,
1042,801409416,318108,02,W,CMSC  BS -----, , , ,First Time Freshman,Freshman,Continuing UG,
1042,826116501,318108,04,C,CMPE  BS -----, , , ,First Time Freshman,Freshman,Continuing UG,
1042,844380805,316036,11,C,CMSC  BS -----, , , ,Undergrad Transfers,Transfer,Continuing UG,
1042,817809210,318245,03,B,CMPE  BS -----, , , ,First Time Freshman,Freshman,Continuing UG,
1042,808165836,318104,02,A,CMSC  BS -----, , , ,First Time Freshman,Freshman,Continuing UG,
1042,817777058,320220,01,A,CMSC  BS -----,MATH  BS -----, , ,Undergrad Transfers,Transfer,Continuing UG,
1042,817777058,322434,01,B,CMSC  BS -----,MATH  BS -----, , ,Undergrad Transfers,Transfer,Continuing UG,
1042,802642698,320219,02,W,CMSC  BS -----,MATH  MINR -----, , ,First Time Freshman,Freshman,Continuing UG,
1042,806545831,316037,01,A,CMSC  BS -----,IFSM  BS -----, , ,First Time Freshman,Freshman,Continuing UG,
1042,806545831,318104,05,B,CMSC  BS -----,IFSM  BS -----, , ,First Time Freshman,Freshman,Continuing UG,
1042,831239069,316037,01,A,CMSC  BS -----,STAT  BS APST   TRK,HONR   CTN -----, ,First Time Freshman,Freshman,Continuing UG,
1042,831239069,318104,05,B,CMSC  BS -----,STAT  BS APST   TRK,HONR   CTN -----, ,First Time Freshman,Freshman,Continuing UG,
1042,807219547,318108,02,A,CMPE  BS -----, , , ,Undergrad Other,Readmit,Continuing UG,
1042,817334258,316037,11,C,CMSC  BS -----, , , ,First Time Freshman,Freshman,Continuing UG,
1042,832757027,318104,05,C,CMSC  BS -----,HIST  MINR -----, , ,First Time Freshman,Freshman,Continuing UG,
1042,825648552,318104,02,C,CMPE  BS -----, , , ,First Time Freshman,Freshman,Continuing UG,
1042,816265586,316037,06,B,CMSC  BS -----, , , ,First Time Freshman,Freshman,Continuing UG,
1042,823169530,318104,03,D,CMSC  BS -----,PHIL  MINR -----, , ,First Time Freshman,Freshman,Continuing UG,
1042,809251577,318104,02,B,CMSC  BS -----, , , ,Undergrad Transfers,Transfer,Continuing UG,
1042,804934848,318108,04,D,CMPE  BS -----, , , ,First Time Freshman,Freshman,Continuing UG,
1042,806199538,318104,02,B,MENG  BS -----, , , ,Undergrad Transfers,Transfer,Continuing UG,
1042,837657305,320220,01,A,MATH  BS -----, , , ,Undergrad Transfers,Transfer,Continuing UG,
1042,837657305,322761,01,A,MATH  BS -----, , , ,Undergrad Transfers,Transfer,Continuing UG,
1042,837657305,322765,01,A,MATH  BS -----, , , ,Undergrad Transfers,Transfer,Continuing UG,
1042,816916172,316037,01,A,CMPE  BS -----, , , ,First Time Freshman,Freshman,Continuing UG,
1042,819292751,320220,01,A,MATH  BA -----,PHYS  BS -----,HONR   CTN -----, ,First Time Freshman,Freshman,Continuing UG,
1042,819292751,322434,01,A,MATH  BA -----,PHYS  BS -----,HONR   CTN -----, ,First Time Freshman,Freshman,Continuing UG,
1042,825876870,318245,04,C,CMPE  BS -----, , , ,Undergrad Transfers,Transfer,Continuing UG,
1042,843960635,318108,02,B,CMPE  BS -----, , , ,First Time Freshman,Freshman,Continuing UG,
1042,833992871,318245,03,A,CMPE  BS -----,HONR   CTN -----, , ,First Time Freshman,Freshman,Continuing UG,
1042,822589779,318108,01,B,CMSC  BS -----, , , ,Undergrad Transfers,Transfer,New Transfer,
1042,822783816,316037,06,A,CMSC  BS DSCI  TRK,CMSC  BS DSCI  TRK, , ,First Time Freshman,Freshman,Continuing UG,
1042,808602130,318104,02,A,MATH  BS -----,PHYS  BS -----, , ,First Time Freshman,Freshman,Continuing UG,
1042,808602130,318108,02,B,MATH  BS -----,PHYS  BS -----, , ,First Time Freshman,Freshman,Continuing UG,
1042,843764102,318104,04,F,CMPE  BS -----, , , ,First Time Freshman,Freshman,Continuing UG,
1042,824348566,320220,01,B,MATH  BS -----,CMSC  BS -----,MUSC  MINR -----, ,First Time Freshman,Freshman,Continuing UG,
1042,818440084,318108,02,B,CMPE  BS -----, , , ,First Time Freshman,Freshman,Continuing UG,
1042,831609600,316036,01,C,CMPE  BS -----, , , ,First Time Freshman,Freshman,Continuing UG,
1042,824635064,320219,02,A,MATH  BS -----,CMSC  BS -----, , ,First Time Freshman,Freshman,Continuing UG,
1042,842232730,316036,01,A,CMSC  BS -----, , , ,Undergrad Transfers,Transfer,Continuing UG,
1042,804803863,318108,02,A,CMPE  BS -----, , , ,Undergrad Transfers,Transfer,Continuing UG,
1042,824559694,316037,01,A,CMSC  BS -----, , , ,First Time Freshman,Freshman,Continuing UG,
1042,842108422,301557,01,F,CMSC  BS -----, , , ,First Time Freshman,Freshman,Continuing UG,
1042,847035032,301557,04,C,CMSC  BS -----,MATH  MINR -----, , ,Undergrad Transfers,Transfer,Continuing UG,
1042,840822397,301557,01,A,MATH  BS -----,CMSC  BS -----,PHIL  MINR -----,PHYS  MINR -----,First Time Freshman,Freshman,Continuing UG,
1042,829944153,301557,01,A,CMSC  BS -----, , , ,First Time Freshman,Freshman,Continuing UG,
1042,848493934,301557,04,F,IFSM  BS -----, , , ,Undergrad Other,Unknown,Continuing UG,
1042,846926851,301557,01,B,CMSC  BS -----,HIST  MINR -----, , ,First Time Freshman,Freshman,Continuing UG,
1042,832067625,301557,01,B,CMSC  BS -----,MATH  MINR -----, , ,Undergrad Transfers,Transfer,Continuing UG,
1042,841144953,301557,04,A,CMSC  BS -----, , , ,Undergrad Transfers,Transfer,Continuing UG,
1042,840975839,301557,01,A,CMSC  BS -----,HONR   CTN -----, , ,First Time Freshman,Freshman,Continuing UG,
1042,839290011,301557,01,C,CMSC  BS -----, , , ,First Time Freshman,Freshman,Continuing UG,
1042,811158044,301557,04,W,CMSC  BS -----, , , ,First Time Freshman,Freshman,Continuing UG,
1042,832117496,301557,04,A,CMSC  BS -----, , , ,Undergrad Transfers,Transfer,New Transfer,
1042,806510814,301557,04,C,CMSC  BS -----, , , ,Undergrad Transfers,Transfer,Continuing UG,
1042,806981308,301557,04,B,CMSC  BS -----, , , ,First Time Freshman,Freshman,Continuing UG,
1042,838555005,301557,04,A,CMSC  BS -----,IFSM  MINR -----,NETC  ULC -----, ,Undergrad Transfers,Transfer,New Transfer,
1042,812038324,301557,01,B,MATH  BS -----,CMSC  MINR -----, , ,First Time Freshman,Freshman,Continuing UG,
1042,817073229,301557,04,C,CMSC  BS -----,MATH  MINR -----, , ,Undergrad Transfers,Transfer,Continuing UG,
1042,825182591,301557,04,B,CMSC  BS -----, , , ,First Time Freshman,Freshman,Continuing UG,
1042,822916003,301557,01,C,IFSM  BS -----,AMST  MINR -----, , ,First Time Freshman,Freshman,Continuing UG,
1042,837847457,301557,01,C,CMSC  BS -----, , , ,First Time Freshman,Freshman,Continuing UG,
1042,840495613,301557,04,C,MATH  BS -----,CMSC  MINR -----, , ,Undergrad Transfers,Transfer,Continuing UG,
1042,820796490,301557,01,B,BINF  BS -----,HONR   CTN -----, , ,First Time Freshman,Freshman,Continuing UG,
1042,822582265,301557,01,D,CMSC  BS -----, , , ,First Time Freshman,Freshman,Continuing UG,
1042,802982737,301557,01,B,CMSC  BS -----, , , ,First Time Freshman,Freshman,Continuing UG,
1042,831700175,301557,01,B,CMSC  BS -----, , , ,First Time Freshman,Freshman,Continuing UG,
1042,842556251,301557,04,C,CMSC  BS -----, , , ,First Time Freshman,Freshman,Continuing UG,
1042,846437692,301557,04,C,MATH  BS -----,CMSC  BS -----, , ,Undergrad Transfers,Transfer,Continuing UG,
1042,835278929,303580,01,A,MENG  BS -----,PHYS  BS -----, , ,First Time Freshman,Freshman,Continuing UG,
1042,832852993,301557,01,B,CMSC  BS -----, , , ,Undergrad Transfers,Transfer,Continuing UG,
1042,805365575,301557,04,B,CMSC  BS -----, , , ,Undergrad Transfers,Transfer,New Transfer,
1042,846934956,301552,01,A,BIOL  BS -----,CMSC  MINR -----, , ,First Time Freshman,Freshman,Continuing UG,
1042,839883443,301557,01,F,CMSC  BS -----,MATH  BA -----, , ,First Time Freshman,Freshman,Continuing UG,
1042,837754483,301557,04,A,CMSC  BS -----, , , ,Undergrad Transfers,Transfer,Continuing UG,
1042,849129518,301557,04,A,CMSC  BS -----, , , ,First Time Freshman,Freshman,Continuing UG,
1042,825059393,301557,01,W,CMSC  BS -----, , , ,First Time Freshman,Freshman,Continuing UG,
1042,818274856,301557,01,B,CMSC  BS -----,ECON  MINR -----, , ,First Time Freshman,Freshman,Continuing UG,
1042,845159590,301557,01,D,CMSC  BS -----, , , ,First Time Freshman,Freshman,Continuing UG,
1042,826002359,301557,01,B,CMSC  BS -----, , , ,Undergrad Transfers,Transfer,Continuing UG,
1042,804985023,301557,01,A,CMSC  BS -----, , , ,First Time Freshman,Freshman,Continuing UG,
1042,802850742,301557,01,D,CMSC  BS -----, , , ,First Time Freshman,Freshman,Continuing UG,
1042,829926814,303764,01,F,MATH  BS -----,CMSC  MINR -----, , ,First Time Freshman,Freshman,Continuing UG,
1042,830748940,301557,01,W,CMSC  BS -----, , , ,Undergrad Transfers,Transfer,Continuing UG,
1042,849462675,301557,04,A,CMSC  BS -----, , , ,Undergrad Other,Reinstate,Continuing UG,
1042,805560659,301557,04,W,CMSC  BS -----, , , ,First Time Freshman,Freshman,Continuing UG,
1042,814982197,301557,01,B,CMSC  BS -----,HONR   CTN -----, , ,First Time Freshman,Freshman,Continuing UG,
1042,821668252,301557,01,B,CMSC  BS -----, , , ,First Time Freshman,Freshman,Continuing UG,
1042,819142483,301557,04,B,CMSC  BS -----, , , ,First Time Freshman,Freshman,Continuing UG,
1042,819403375,301557,04,C,CMSC  BS -----, , , ,Undergrad Other,Reinstate,Continuing UG,
1042,825284198,301557,04,F,CMSC  BS -----, , , ,First Time Freshman,Freshman,Continuing UG,
1042,844425815,301557,01,C,CMSC  BS -----, , , ,First Time Freshman,Freshman,Continuing UG,
1042,821817548,301557,01,D,CMSC  BS -----,STAT  BS APST   TRK, , ,First Time Freshman,Freshman,Continuing UG,
1042,829211655,301557,01,F,CMSC  BS -----, , , ,First Time Freshman,Freshman,Continuing UG,
1042,800960406,301557,04,B,CMSC  BS -----, , , ,Undergrad Transfers,Transfer,Continuing UG,
1042,836529295,301557,04,B,CMSC  BS -----,ENGR    BS -----, , ,First Time Freshman,Freshman,Continuing UG,
1042,812640473,301557,01,A,CMSC  BS -----, , , ,Undergrad Transfers,Transfer,Continuing UG,
1042,849928543,301557,04,A,CMSC  BS -----, , , ,Undergrad Transfers,Transfer,Continuing UG,
1042,836949203,301557,01,B,CMSC  BS -----, , , ,Undergrad Transfers,Transfer,Continuing UG,
1042,816228899,301557,04,C,CMSC  BS -----, , , ,First Time Freshman,Freshman,Continuing UG,
1042,803306841,301557,01,W,CMSC  BS -----, , , ,Undergrad Transfers,Transfer,Continuing UG,
1042,808631790,301557,04,W,CMSC  BS -----,PHYS  MINR -----, , ,First Time Freshman,Freshman,Continuing UG,
1042,827240262,301557,01,F,CMSC  BS -----, , , ,First Time Freshman,Freshman,Continuing UG,
1042,844143292,303764,01,W,CMSC  BS -----,MATH  BS -----, , ,First Time Freshman,Freshman,Continuing UG,
1042,801720405,301557,04,D,CMSC  BS -----, , , ,Undergrad Transfers,Transfer,Continuing UG,
1042,821270958,301557,04,B,CMSC  BS -----,IFSM  BS -----, , ,Undergrad Transfers,Transfer,New Transfer,
1042,845424224,301557,04,B,CMSC  BS -----, , , ,First Time Freshman,Freshman,Continuing UG,
1042,847558115,301557,01,A,MATH  BS -----,CMSC  BS -----,HONR   CTN -----, ,First Time Freshman,Freshman,Continuing UG,
1042,821357016,303764,01,AU,MATH  BS -----,CMSC  BS -----, , ,Undergrad Other,Readmit,Continuing UG,
1042,825355638,301557,01,A,MATH  BS -----,CMSC  BS -----,ECON  MINR -----, ,Undergrad Transfers,Transfer,Continuing UG,
1042,806196153,301557,01,D,CMSC  BS -----, , , ,Undergrad Transfers,Transfer,Continuing UG,
1042,827539981,301557,01,B,CMSC  BS -----,MUSC  BA MUTC   SPC, , ,First Time Freshman,Freshman,Continuing UG,
1042,813382616,301557,04,B,CMSC  BS -----, , , ,First Time Freshman,Freshman,Continuing UG,
1042,817696023,301557,04,A,CMSC  BS -----, , , ,First Time Freshman,Freshman,Continuing UG,
1042,849919957,301557,01,A,CMSC  BS -----, , , ,First Time Freshman,Freshman,Continuing UG,
1042,807467722,301553,01,A,IFSM  BS -----, , , ,Undergrad Transfers,Transfer,New Transfer,
1042,813617622,301557,01,B,CMSC  BS -----, , , ,First Time Freshman,Freshman,Continuing UG,
1042,829061072,301557,01,B,CMSC  BS -----,MATH  MINR -----, , ,First Time Freshman,Freshman,Continuing UG,
1042,833073856,301557,04,B,CMSC  BS -----,ENGR    BS -----, , ,Undergrad Transfers,Transfer,Continuing UG,
1042,809927411,301557,01,B,CMSC  BS -----, , , ,First Time Freshman,Freshman,Continuing UG,
1042,835328945,301557,04,A,CMSC  BS -----, , , ,Undergrad Transfers,Transfer,Continuing UG,
1042,817777058,303764,01,A,CMSC  BS -----,MATH  BS -----, , ,Undergrad Transfers,Transfer,Continuing UG,
1042,844508396,301557,04,A,CMSC  BS -----, , , ,First Time Freshman,Freshman,Continuing UG,
1042,802124115,301557,01,D,CMSC  BS -----,ENGR    BS -----, , ,Undergrad Transfers,Transfer,Continuing UG,
1042,841089491,301557,04,B,CMSC  BS -----, , , ,First Time Freshman,Freshman,Continuing UG,
1042,835594345,301557,04,B,CMSC  BS -----, , , ,Undergrad Transfers,Transfer,New Transfer,
1042,836202551,301557,01,C,CMSC  BS -----, , , ,First Time Freshman,Freshman,Continuing UG,
1042,837958999,301557,04,B,CMSC  BS -----, , , ,First Time Freshman,Freshman,Continuing UG,
1042,824348566,301557,01,B,MATH  BS -----,CMSC  BS -----,MUSC  MINR -----, ,First Time Freshman,Freshman,Continuing UG,
