1046,804235898,318104,02,B,BINF  BS -----, , , ,First Time Freshman,Freshman,Continuing UG,
1046,832067625,318108,01,A,CMSC  BS -----,MATH  MINR -----, , ,Undergrad Transfers,Transfer,Continuing UG,
1046,826920229,316037,01,C,CMPE  BS -----,MATH  MINR -----, , ,First Time Freshman,Freshman,Continuing UG,
1046,832040039,316036,03,C,CMSC  BS -----,WEBC  ULC -----, , ,Undergrad Transfers,Transfer,Continuing UG,
1046,828312428,318104,01,C,CMPE  BS -----,PHYS  BS -----, , ,First Time Freshman,Freshman,Continuing UG,
1046,828312428,318108,01,B,CMPE  BS -----,PHYS  BS -----, , ,First Time Freshman,Freshman,Continuing UG,
1046,828312428,318245,01,A,CMPE  BS -----,PHYS  BS -----, , ,First Time Freshman,Freshman,Continuing UG,
1046,828312428,320219,01,B,CMPE  BS -----,PHYS  BS -----, , ,First Time Freshman,Freshman,Continuing UG,
1046,828312428,322527,01,A,CMPE  BS -----,PHYS  BS -----, , ,First Time Freshman,Freshman,Continuing UG,
1046,823085155,316037,01,C,CMSC  BS -----, , , ,First Time Freshman,Freshman,Continuing UG,
1046,829468411,320224,01,B,MATH  BS -----,MUSC  MINR -----,MLL   MINR GERMM  SPC, ,Undergrad Transfers,Transfer,Continuing UG,
1046,807615285,316037,01,D,CMSC  BS -----,ECON  MINR -----, , ,First Time Freshman,Freshman,Continuing UG,
1046,802070806,318245,01,A,CMSC  BS -----, , , ,First Time Freshman,Freshman,Continuing UG,
1046,828033556,316037,01,B,CMPE  BS -----, , , ,First Time Freshman,Freshman,Continuing UG,
1046,820247081,322527,01,A,CMSC  BS -----,MATH  MINR -----, , ,Undergrad Transfers,Transfer,Continuing UG,
1046,817359225,318108,01,A,CMSC  BS -----,MATH  MINR -----, , ,First Time Freshman,Freshman,Continuing UG,
1046,819124841,318108,01,A,CMPE  BS -----,HONR   CTN -----, , ,First Time Freshman,Freshman,Continuing UG,
1046,821424324,322622,01,A,BINF  BS -----,MUSC  MINR -----,CMSC  MINR -----,HONR   CTN -----,First Time Freshman,Freshman,Continuing UG,
1046,806921009,320219,01,C,CMSC  BS -----, , , ,First Time Freshman,Freshman,Continuing UG,
1046,818864459,318245,01,A,CMSC  BS -----,MATH  MINR -----, , ,First Time Freshman,Freshman,Continuing UG,
1046,835927291,322527,01,A,MATH  BS -----,CMSC  MINR -----, , ,Undergrad Transfers,Transfer,Continuing UG,
1046,846642500,318245,01,B,CMSC  BS -----,MATH  BA -----, , ,Undergrad Transfers,Transfer,Continuing UG,
1046,844143292,322527,01,A,CMSC  BS -----,MATH  BS -----, , ,First Time Freshman,Freshman,Continuing UG,
1046,825355638,322527,01,A,MATH  BS -----,CMSC  BS -----,ECON  MINR -----, ,Undergrad Transfers,Transfer,Continuing UG,
1046,814819195,318245,01,A,CMPE  BS -----, , , ,Undergrad Transfers,Transfer,Continuing UG,
1046,815524103,316037,01,B,CMSC  BS -----, , , ,First Time Freshman,Freshman,Continuing UG,
1046,838752476,322622,01,A,MATH  BS -----,CMSC  MINR -----, , ,First Time Freshman,Freshman,Continuing UG,
1046,844138611,320219,01,B,CMSC  BS -----, , , ,Undergrad Transfers,Transfer,Continuing UG,
1046,829061072,318104,01,B,CMSC  BS -----,MATH  MINR -----, , ,First Time Freshman,Freshman,Continuing UG,
1046,829061072,318245,01,A,CMSC  BS -----,MATH  MINR -----, , ,First Time Freshman,Freshman,Continuing UG,
1046,808226005,316036,03,A,CMPE  BS -----, , , ,Undergrad Transfers,Transfer,Continuing UG,
1046,823169530,318104,01,A,CMSC  BS -----,PHIL  MINR -----, , ,First Time Freshman,Freshman,Continuing UG,
1046,837657305,320224,01,A,MATH  BS -----,CMSC  MINR -----, , ,Undergrad Transfers,Transfer,Continuing UG,
1046,837657305,322527,01,A,MATH  BS -----,CMSC  MINR -----, , ,Undergrad Transfers,Transfer,Continuing UG,
1046,836202551,316037,01,B,CMSC  BS -----, , , ,First Time Freshman,Freshman,Continuing UG,
1046,842232730,316037,01,B,CMSC  BS -----, , , ,Undergrad Transfers,Transfer,Continuing UG,
1046,824559694,318104,01,A,CMSC  BS -----, , , ,First Time Freshman,Freshman,Continuing UG,
1046,804235898,301557,01,A,BINF  BS -----, , , ,First Time Freshman,Freshman,Continuing UG,
1046,827846618,301557,01,A,CMSC  BS -----, , , ,First Time Freshman,Freshman,Continuing UG,
1046,822582265,301557,01,C,CMSC  BS -----, , , ,First Time Freshman,Freshman,Continuing UG,
1046,803311580,303762,01,A,MATH  BS -----,CMSC  MINR -----, , ,First Time Freshman,Freshman,Continuing UG,
1046,829534125,301557,01,B,MENG  BS -----,CMSC  MINR -----, , ,First Time Freshman,Freshman,Continuing UG,
1046,820247081,303762,01,A,CMSC  BS -----,MATH  MINR -----, , ,Undergrad Transfers,Transfer,Continuing UG,
1046,826071367,301557,01,A,CMPE  BS -----, , , ,First Time Freshman,Freshman,Continuing UG,
1046,846022882,301557,01,F,CMSC  BS -----,PSYC  MINR -----, , ,Undergrad Transfers,Transfer,Continuing Other,
1046,805560659,301557,01,A,CMSC  BS -----, , , ,First Time Freshman,Freshman,Continuing UG,
1046,844446882,301553,05,A,IFSM  BS -----, , , ,Undergrad Transfers,Transfer,Continuing UG,
1046,829977150,301557,01,C,CMSC  BS -----, , , ,Undergrad Transfers,Transfer,New Transfer,
1046,802124115,301557,01,B,CMSC  BS -----,ENGR    BS -----, , ,Undergrad Transfers,Transfer,Continuing UG,
