1048,840234121,318104,01,C,CMSC  BS -----, , , ,First Time Freshman,Freshman,Continuing UG,
1048,842522959,318104,02,B,CMPE  BS -----, , , ,First Time Freshman,Freshman,Continuing UG,
1048,804667418,318104,02,W,CMSC  BS -----, , , ,Undergrad Transfers,Transfer,New Transfer,
1048,813127852,316037,01,C,CMSC  BS -----, , , ,Undergrad Transfers,Transfer,Continuing UG,
1048,805880817,318245,01,A,CMPE  BS -----,HONR   CTN -----, , ,First Time Freshman,Freshman,Continuing UG,
1048,840822397,322431,01,A,MATH  BS -----,CMSC  BS -----,PHIL  MINR -----,PHYS  MINR -----,First Time Freshman,Freshman,Continuing UG,
1048,840822397,322522,01,A,MATH  BS -----,CMSC  BS -----,PHIL  MINR -----,PHYS  MINR -----,First Time Freshman,Freshman,Continuing UG,
1048,840822397,322804,01,A,MATH  BS -----,CMSC  BS -----,PHIL  MINR -----,PHYS  MINR -----,First Time Freshman,Freshman,Continuing UG,
1048,838651788,318108,01,B,MATH  BS -----,CMSC  BS -----, , ,First Time Freshman,Freshman,Continuing UG,
1048,814048024,320595,01,B,MATH  BA -----, , , ,First Time Freshman,Freshman,Continuing UG,
1048,814048024,320599,01,C,MATH  BA -----, , , ,First Time Freshman,Freshman,Continuing UG,
1048,812230894,318245,02,B,CMPE  BS -----, , , ,Undergrad Transfers,Transfer,Continuing UG,
1048,832282421,318104,05,C,CMSC  BS -----, , , ,First Time Freshman,Freshman,Continuing UG,
1048,846191942,318104,05,B,CMPE  BS -----, , , ,Undergrad Transfers,Transfer,New Transfer,
1048,803181057,318245,01,D,CMPE  BS -----, , , ,First Time Freshman,Freshman,Continuing UG,
1048,832067625,320219,03,B,CMSC  BS -----,MATH  MINR -----, , ,Undergrad Transfers,Transfer,Continuing UG,
1048,820218656,318104,01,B,CMSC  BS -----, , , ,Undergrad Transfers,Transfer,New Transfer,
1048,818601323,316037,06,F,CMSC  BS -----, , , ,First Time Freshman,Freshman,Continuing UG,
1048,813789169,318108,01,A,CMPE  BS -----, , , ,First Time Freshman,Freshman,Continuing UG,
1048,848594542,318245,01,A,CMPE  BS -----, , , ,First Time Freshman,Freshman,Continuing UG,
1048,829944935,318245,02,B,CMSC  BS -----, , , ,First Time Freshman,Freshman,Continuing UG,
1048,819178692,320219,02,A,IFSM  BS -----, , , ,Undergrad Transfers,Transfer,Continuing UG,
1048,818387234,316037,11,B,CMSC  BS -----,PHYS  BS -----, , ,Undergrad Transfers,Transfer,Continuing UG,
1048,825311074,318104,05,W,CMSC  BS -----, , , ,Undergrad Transfers,Transfer,Continuing UG,
1048,836216704,318245,09,C,CMPE  BS -----, , , ,First Time Freshman,Freshman,Continuing UG,
1048,806912246,318245,02,B,CMPE  BS -----,HONR   CTN -----, , ,First Time Freshman,Freshman,Continuing UG,
1048,815938225,318104,02,B,CMSC  BS -----, , , ,Undergrad Transfers,Transfer,New Transfer,
1048,829801769,318108,03,A,CMPE  BS -----, , , ,First Time Freshman,Freshman,Continuing UG,
1048,801621326,316037,11,C,CMSC  BS -----, , , ,First Time Freshman,Freshman,Continuing UG,
1048,828621353,316037,06,C,CMSC  BS -----, , , ,Undergrad Other,Readmit,Continuing UG,
1048,832040039,318104,04,C,CMSC  BS -----,WEBC  ULC -----, , ,Undergrad Transfers,Transfer,Continuing UG,
1048,802036547,318104,04,B,CMSC  BS -----, , , ,First Time Freshman,Freshman,Continuing UG,
1048,831322872,318104,02,B,CMPE  BS -----, , , ,Undergrad Transfers,Transfer,New Transfer,
1048,826879867,318245,01,C,CMPE  BS -----,HONR   CTN -----, , ,First Time Freshman,Freshman,Continuing UG,
1048,841376627,318104,04,C,CMSC  BS -----,VAAV    BA AI     SPC, , ,First Time Freshman,Freshman,Continuing UG,
1048,811363954,318061,01,C,IFSM  BS -----,CMSC  MINR -----, , ,Undergrad Other,Readmit,Continuing UG,
1048,806738271,318245,01,A,MATH  BS -----,CMSC  BS -----, , ,First Time Freshman,Freshman,Continuing UG,
1048,819395001,320219,01,A,MENG  BS -----,MATH  MINR -----,CMSC  MINR -----,HONR   CTN -----,Undergrad Transfers,Transfer,Continuing UG,
1048,847851914,318108,03,A,CMPE  BS -----,HONR   CTN -----, , ,First Time Freshman,Freshman,Continuing UG,
1048,833415704,318108,01,B,CMPE  BS -----, , , ,Undergrad Transfers,Transfer,Continuing UG,
1048,812786098,318245,01,D,CMPE  BS -----, , , ,First Time Freshman,Freshman,Continuing UG,
1048,822865135,318108,01,W,CMSC  BS -----, , , ,First Time Freshman,Freshman,Continuing UG,
1048,822865135,320219,01,A,CMSC  BS -----, , , ,First Time Freshman,Freshman,Continuing UG,
1048,828312428,320220,01,B,CMPE  BS -----,PHYS  BS -----, , ,First Time Freshman,Freshman,Continuing UG,
1048,812506567,318104,05,B,CMSC  BS -----, , , ,First Time Freshman,Freshman,Continuing UG,
1048,812038324,322568,01,B,MATH  BS -----,CMSC  MINR -----, , ,First Time Freshman,Freshman,Continuing UG,
1048,812038324,322804,01,A,MATH  BS -----,CMSC  MINR -----, , ,First Time Freshman,Freshman,Continuing UG,
1048,806932715,318108,03,C,CMSC  BS -----, , , ,First Time Freshman,Freshman,Continuing UG,
1048,806932715,320595,01,W,CMSC  BS -----, , , ,First Time Freshman,Freshman,Continuing UG,
1048,823085155,318104,05,C,CMSC  BS -----, , , ,First Time Freshman,Freshman,Continuing UG,
1048,808677048,320220,01,W,CMSC  BS -----,MATH  BS -----, , ,Undergrad Transfers,Transfer,Continuing UG,
1048,800363133,316037,06,C,CMSC  BS -----, , , ,Undergrad Transfers,Transfer,New Transfer,
1048,807514973,322804,01,A,CMPE  BS -----,MATH  BS -----,HONR   CTN -----, ,First Time Freshman,Freshman,Continuing UG,
1048,823251157,318245,01,A,CMPE  BS -----,ASTR  MINR -----, , ,First Time Freshman,Freshman,Continuing UG,
1048,848250612,318104,05,A,CMSC  BS -----, , , ,First Time Freshman,Freshman,Continuing UG,
1048,835075820,318104,03,B,CMPE  BS -----,MUSC  BA MUTC   SPC,HONR   CTN -----, ,Undergrad Transfers,Transfer,Continuing UG,
1048,841180077,316036,06,AU,CMSC  BS -----, , , ,Undergrad Other,Readmit,Continuing UG,
1048,804996953,318108,01,A,CMPE  BS -----, , , ,Undergrad Transfers,Transfer,Continuing UG,
1048,849754508,318245,02,C,CMPE  BS -----,ENGR    BS -----, , ,First Time Freshman,Freshman,Continuing UG,
1048,812774274,318104,02,A,CMSC  BS -----, , , ,Undergrad Transfers,Transfer,New Transfer,
1048,814186233,318104,01,A,CMSC  BS -----,MATH  MINR -----,HONR   CTN -----, ,First Time Freshman,Freshman,Continuing UG,
1048,847898286,318245,02,C,CMPE  BS -----, , , ,First Time Freshman,Freshman,Continuing UG,
1048,843450476,318104,01,A,CMSC  BS -----,ECON  MINR -----, , ,First Time Freshman,Freshman,Continuing UG,
1048,843520775,318104,03,B,CMSC  BS -----, , , ,First Time Freshman,Freshman,Continuing UG,
1048,842561290,318245,01,D,CMPE  BS -----, , , ,Undergrad Transfers,Transfer,Continuing UG,
1048,829468411,320220,01,C,MATH  BS -----,MUSC  MINR -----,MLL   MINR GERMM  SPC, ,Undergrad Transfers,Transfer,Continuing UG,
1048,829468411,320595,01,B,MATH  BS -----,MUSC  MINR -----,MLL   MINR GERMM  SPC, ,Undergrad Transfers,Transfer,Continuing UG,
1048,833997937,318245,09,D,MATH  BS -----,CMSC  MINR -----, , ,First Time Freshman,Freshman,Continuing UG,
1048,846871715,316037,11,D,CMSC  BS -----, , , ,First Time Freshman,Freshman,Continuing UG,
1048,836875529,318108,02,A,MATH  BS -----,CMSC  BS -----,HONR   CTN -----, ,First Time Freshman,Freshman,Continuing UG,
1048,836875529,318245,02,A,MATH  BS -----,CMSC  BS -----,HONR   CTN -----, ,First Time Freshman,Freshman,Continuing UG,
1048,815898881,318104,03,A,CMPE  BS -----,ENGR    BS -----, , ,First Time Freshman,Freshman,Continuing UG,
1048,815898881,318108,01,A,CMPE  BS -----,ENGR    BS -----, , ,First Time Freshman,Freshman,Continuing UG,
1048,815898881,318245,02,A,CMPE  BS -----,ENGR    BS -----, , ,First Time Freshman,Freshman,Continuing UG,
1048,828764159,318104,01,A,MATH  BS -----,CMSC  BS -----,HONR   CTN -----, ,First Time Freshman,Freshman,Continuing UG,
1048,843964038,318104,05,B,CMSC  BS -----, , , ,First Time Freshman,Freshman,Continuing UG,
1048,839251002,318104,04,B,CMSC  BS -----, , , ,First Time Freshman,Freshman,Continuing UG,
1048,806240022,318245,02,A,CMSC  BS -----,BINF  MINR -----, , ,First Time Freshman,Freshman,Continuing UG,
1048,827846618,318108,01,A,CMSC  BS -----, , , ,First Time Freshman,Freshman,Continuing UG,
1048,808983838,320219,02,W,CMPE  BS -----, , , ,First Time Freshman,Freshman,Continuing UG,
1048,811241658,318108,01,A,CMPE  BS -----,ENGR    BS -----, , ,First Time Freshman,Freshman,Continuing UG,
1048,809588741,320219,01,A,CMSC  BS -----, , , ,First Time Freshman,Freshman,Continuing UG,
1048,814566621,318104,04,B,CMSC  BS -----, , , ,First Time Freshman,Freshman,Continuing UG,
1048,829534125,318108,02,C,MENG  BS -----,CMSC  MINR -----, , ,First Time Freshman,Freshman,Continuing UG,
1048,826237108,318104,05,B,CMSC  BS -----, , , ,First Time Freshman,Freshman,Continuing UG,
1048,802813116,318245,02,C,CMPE  BS -----, , , ,Undergrad Transfers,Transfer,Continuing UG,
1048,805953799,318104,01,B,CMSC  BS -----, , , ,Undergrad Transfers,Transfer,Continuing UG,
1048,807615285,316037,01,D,CMSC  BS -----,ECON  MINR -----, , ,First Time Freshman,Freshman,Continuing UG,
1048,828033556,318245,02,B,CMPE  BS -----, , , ,First Time Freshman,Freshman,Continuing UG,
1048,814665461,318104,05,A,CMSC  BS -----, , , ,First Time Freshman,Freshman,Continuing UG,
1048,839973756,318245,01,A,CMSC  BS -----,MATH  BA -----,HONR   CTN -----, ,First Time Freshman,Freshman,Continuing UG,
1048,846437692,318245,01,D,MATH  BS -----,CMSC  BS -----, , ,Undergrad Transfers,Transfer,Continuing UG,
1048,846437692,320219,02,D,MATH  BS -----,CMSC  BS -----, , ,Undergrad Transfers,Transfer,Continuing UG,
1048,806061183,318104,03,B,CMPE  BS -----, , , ,Undergrad Transfers,Transfer,New Transfer,
1048,806061183,318245,01,B,CMPE  BS -----, , , ,Undergrad Transfers,Transfer,New Transfer,
1048,820247081,322431,01,D,CMSC  BS -----,MATH  MINR -----, , ,Undergrad Transfers,Transfer,Continuing UG,
1048,820247081,322568,01,B,CMSC  BS -----,MATH  MINR -----, , ,Undergrad Transfers,Transfer,Continuing UG,
1048,826560070,318104,04,B,CMSC  BS -----, , , ,First Time Freshman,Freshman,Continuing UG,
1048,826825765,320219,03,B,MATH  BS -----,CMSC  BS -----, , ,First Time Freshman,Freshman,Continuing UG,
1048,800093769,318245,01,W,CMSC  BS -----, , , ,Undergrad Transfers,Transfer,Continuing Other,
1048,826071367,318104,03,C,CMSC  BS -----, , , ,First Time Freshman,Freshman,Continuing UG,
1048,809637005,316037,06,W,CMSC  BS -----, , , ,Undergrad Transfers,Transfer,Continuing UG,
1048,837375264,318104,02,B,CMPE  BS -----, , , ,First Time Freshman,Freshman,Continuing UG,
1048,832452280,316037,06,C,CMSC  BS -----, , , ,First Time Freshman,Freshman,Continuing UG,
1048,809982098,318245,01,A,CMPE  BS -----,PHYS  MINR -----, , ,First Time Freshman,Freshman,Continuing UG,
1048,814109579,318245,02,C,CMSC  BS -----, , , ,First Time Freshman,Freshman,New Freshman,
1048,838313404,316037,06,F,CMSC  BS -----, , , ,Undergrad Transfers,Transfer,Continuing UG,
1048,829926814,322522,01,F,MATH  BS -----,CMSC  MINR -----, , ,First Time Freshman,Freshman,Continuing UG,
1048,817359225,318104,04,C,CMSC  BS -----,MATH  MINR -----, , ,First Time Freshman,Freshman,Continuing UG,
1048,819401534,322804,01,C,MATH  BS -----,CMSC  BS -----, , ,First Time Freshman,Freshman,Continuing UG,
1048,830088006,318104,04,C,CMPE  BS -----,PHYS  MINR -----, , ,First Time Freshman,Freshman,Continuing UG,
1048,837440786,318104,01,A,CMPE  BS -----,MATH  MINR -----, , ,First Time Freshman,Freshman,Continuing UG,
1048,837440786,318245,01,A,CMPE  BS -----,MATH  MINR -----, , ,First Time Freshman,Freshman,Continuing UG,
1048,805066199,316036,11,B,CMSC  BS -----, , , ,First Time Freshman,Freshman,New Freshman,
1048,815216364,318104,02,AU,BIOL  BS -----, , , ,Undergrad Other,Readmit,Continuing UG,
1048,804887900,316037,06,A,CMSC  BS -----,MATH  BS -----, , ,First Time Freshman,Freshman,New Freshman,
1048,838113676,316037,01,A,CMSC  BS -----, , , ,First Time Freshman,Freshman,Continuing UG,
1048,832795724,320219,02,A,CMSC  BS -----, , , ,Undergrad Transfers,Transfer,New Transfer,
1048,805478410,318108,02,B,CMPE  BS -----,ENGR    BS -----, , ,First Time Freshman,Freshman,Continuing UG,
1048,848430748,318104,01,C,CMSC  BS -----, , , ,Undergrad Transfers,Transfer,Continuing UG,
1048,841194517,318104,04,D,CMSC  BS -----, , , ,First Time Freshman,Freshman,Continuing UG,
1048,805027456,316037,11,A,CMSC  BS -----, , , ,First Time Freshman,Freshman,New Freshman,
1048,819124841,318104,04,B,CMPE  BS -----,HONR   CTN -----, , ,First Time Freshman,Freshman,Continuing UG,
1048,801025268,318104,01,A,CMPE  BS ELSY   TRK,MATH  MINR -----, , ,First Time Freshman,Freshman,Continuing UG,
1048,801025268,318245,01,A,CMPE  BS ELSY   TRK,MATH  MINR -----, , ,First Time Freshman,Freshman,Continuing UG,
1048,830285912,318245,01,B,CMSC  BS -----, , , ,First Time Freshman,Freshman,Continuing UG,
1048,849468899,318245,02,B,CMPE  BS -----, , , ,Undergrad Transfers,Transfer,New Transfer,
1048,830873202,316037,01,B,CMSC  BS -----, , , ,First Time Freshman,Freshman,Continuing UG,
1048,834503337,318104,05,B,IFSM  BS -----,CMSC  MINR -----, , ,First Time Freshman,Freshman,Continuing UG,
1048,836911596,320220,01,A,CMSC  BS -----,MATH  BS -----, , ,Undergrad Transfers,Transfer,Continuing UG,
1048,804794266,318108,01,A,CMSC  BS -----,MATH  BS -----, , ,First Time Freshman,Freshman,Continuing UG,
1048,804794266,320219,02,A,CMSC  BS -----,MATH  BS -----, , ,First Time Freshman,Freshman,Continuing UG,
1048,841313511,318104,05,C,CMSC  BS -----, , , ,First Time Freshman,Freshman,Continuing UG,
1048,839803209,318245,02,A,CMPE  BS -----, , , ,Undergrad Transfers,Transfer,New Transfer,
1048,814837974,318245,01,W,CMSC  BS -----,MATH  MINR -----, , ,Undergrad Transfers,Transfer,Continuing UG,
1048,820638008,322616,01,B,MATH  BA -----,MLL   MINR SPANM  SPC,CMSC  MINR -----,HONR   CTN -----,First Time Freshman,Freshman,Continuing UG,
1048,804275764,318104,05,B,CMPE  BS -----, , , ,First Time Freshman,Freshman,Continuing UG,
1048,818864459,318108,01,A,CMSC  BS -----,MATH  MINR -----, , ,First Time Freshman,Freshman,Continuing UG,
1048,835927291,322568,01,W,MATH  BS -----,CMSC  BS -----, , ,Undergrad Transfers,Transfer,Continuing UG,
1048,821616861,318108,02,B,UGST    BA -----, , , ,First Time Freshman,Freshman,Continuing UG,
1048,840291545,318108,01,C,CMPE  BS -----, , , ,Undergrad Transfers,Transfer,Continuing UG,
1048,803306841,320219,01,W,CMSC  BS -----, , , ,Undergrad Transfers,Transfer,Continuing UG,
1048,801571521,318104,04,D,CMPE  BS -----,MATH  MINR -----, , ,First Time Freshman,Freshman,Continuing UG,
1048,801571521,318108,03,C,CMPE  BS -----,MATH  MINR -----, , ,First Time Freshman,Freshman,Continuing UG,
1048,834004659,318104,03,B,CMSC  BS -----, , , ,Undergrad Transfers,Transfer,New Transfer,
1048,828421456,322616,01,A,CMSC  BS -----, , , ,Undergrad Other,Readmit,Continuing UG,
1048,801494523,318104,01,C,CMSC  BS -----, , , ,First Time Freshman,Freshman,Continuing UG,
1048,806010930,318245,01,A,CMSC  BS -----,THTR  MINR -----, , ,First Time Freshman,Freshman,Continuing UG,
1048,811540945,316037,01,A,CMSC  BS -----, , , ,First Time Freshman,Freshman,Continuing UG,
1048,848436360,318108,03,B,CMPE  BS -----,ENGR    BS -----, , ,First Time Freshman,Freshman,Continuing UG,
1048,838520527,318104,02,C,CMSC  BS -----, , , ,Undergrad Transfers,Transfer,Continuing UG,
1048,818113838,320599,01,B,CMSC  BS -----,CMPE  BS -----, , ,First Time Freshman,Freshman,Continuing UG,
1048,816235870,318104,01,A,BIOL  BA -----,CMSC  BS -----,BINF  BS -----, ,First Time Freshman,Freshman,Continuing UG,
1048,811401949,322616,01,B,MATH  BS -----,MENG  BS -----, , ,First Time Freshman,Freshman,Continuing UG,
1048,846642500,320595,01,B,CMSC  BS -----,MATH  BA -----, , ,Undergrad Transfers,Transfer,Continuing UG,
1048,846642500,326946,01,A,CMSC  BS -----,MATH  BA -----, , ,Undergrad Transfers,Transfer,Continuing UG,
1048,843262069,318245,01,C,CMPE  BS -----, , , ,First Time Freshman,Freshman,Continuing UG,
1048,824303289,318104,03,A,CMSC  BS -----, , , ,Undergrad Transfers,Transfer,New Transfer,
1048,803111637,318245,01,A,CMSC  BS -----,MATH  BS -----, , ,First Time Freshman,Freshman,Continuing UG,
1048,842358220,316037,11,C,CMSC  BS -----, , , ,First Time Freshman,Freshman,Continuing UG,
1048,839590728,318104,04,A,CMSC  BS -----, , , ,First Time Freshman,Freshman,Continuing UG,
1048,840319492,316037,06,B,CMSC  BS -----, , , ,First Time Freshman,Freshman,Continuing UG,
1048,820709291,320219,03,W,CMPE  BS -----,ENGR    BS -----, , ,Undergrad Transfers,Transfer,Continuing UG,
1048,833114038,316037,11,B,CMSC  BS -----, , , ,Undergrad Transfers,Transfer,Continuing UG,
1048,812474552,318104,03,A,CMSC  BS -----, , , ,Undergrad Transfers,Transfer,New Transfer,
1048,811258609,316037,11,B,CMSC  BS -----,FIEC  BS -----, , ,First Time Freshman,Freshman,Continuing UG,
1048,809121620,316037,01,F,PHYS  BS -----,CMSC  MINR -----, , ,First Time Freshman,Freshman,Continuing UG,
1048,845424224,318104,02,C,CMSC  BS -----, , , ,First Time Freshman,Freshman,Continuing UG,
1048,847558115,318245,01,A,MATH  BS -----,CMSC  BS -----, , ,First Time Freshman,Freshman,Continuing UG,
1048,838308431,318104,02,C,CMSC  BS -----, , , ,Undergrad Transfers,Transfer,New Transfer,
1048,821357016,322522,01,A,MATH  BS -----,CMSC  BS -----, , ,Undergrad Other,Readmit,Continuing UG,
1048,821357016,322616,01,A,MATH  BS -----,CMSC  BS -----, , ,Undergrad Other,Readmit,Continuing UG,
1048,821357016,322765,01,A,MATH  BS -----,CMSC  BS -----, , ,Undergrad Other,Readmit,Continuing UG,
1048,821357016,322810,01,A,MATH  BS -----,CMSC  BS -----, , ,Undergrad Other,Readmit,Continuing UG,
1048,825355638,320219,03,A,FIEC  BS -----,MATH  BS -----,CMSC  MINR -----, ,Undergrad Transfers,Transfer,Continuing UG,
1048,825355638,322859,02,A,FIEC  BS -----,MATH  BS -----,CMSC  MINR -----, ,Undergrad Transfers,Transfer,Continuing UG,
1048,841952167,318104,04,A,CMSC  BS -----,MATH  MINR -----, , ,First Time Freshman,Freshman,Continuing UG,
1048,841952167,318245,01,A,CMSC  BS -----,MATH  MINR -----, , ,First Time Freshman,Freshman,Continuing UG,
1048,801997550,318245,02,A,CMPE  BS -----, , , ,First Time Freshman,Freshman,Continuing UG,
1048,825593038,318245,02,C,CMPE  BS -----, , , ,First Time Freshman,Freshman,Continuing UG,
1048,835054890,318245,02,B,CMPE  BS -----, , , ,First Time Freshman,Freshman,Continuing UG,
1048,814819195,318108,01,A,CMPE  BS -----, , , ,Undergrad Transfers,Transfer,Continuing UG,
1048,825192242,318104,02,B,CMPE  BS -----, , , ,First Time Freshman,Freshman,Continuing UG,
1048,818730770,318245,02,A,CMPE  BS -----, , , ,First Time Freshman,Freshman,Continuing UG,
1048,823342612,316037,11,F,CMSC  BS -----,BIOL  MINR -----, , ,First Time Freshman,Freshman,Continuing UG,
1048,823342612,318104,01,C,CMSC  BS -----,BIOL  MINR -----, , ,First Time Freshman,Freshman,Continuing UG,
1048,823731282,316037,11,D,CMSC  BS -----,MLL   MINR -----, , ,First Time Freshman,Freshman,Continuing UG,
1048,823731282,318104,02,C,CMSC  BS -----,MLL   MINR -----, , ,First Time Freshman,Freshman,Continuing UG,
1048,825915655,318245,02,B,CMPE  BS -----, , , ,First Time Freshman,Freshman,Continuing UG,
1048,803077087,318104,01,B,BINF  BS -----, , , ,First Time Freshman,Freshman,Continuing UG,
1048,810168539,318104,01,B,CMSC  BS -----, , , ,First Time Freshman,Freshman,Continuing UG,
1048,804716581,318245,01,A,PHYS  BS -----,MATH  BS -----,CMSC  MINR -----,HONR   CTN -----,First Time Freshman,Freshman,Continuing UG,
1048,804716581,320219,03,A,PHYS  BS -----,MATH  BS -----,CMSC  MINR -----,HONR   CTN -----,First Time Freshman,Freshman,Continuing UG,
1048,819510616,316037,01,A,CMSC  BS -----, , , ,First Time Freshman,Freshman,Continuing UG,
1048,817660720,318104,04,B,CMSC  BS -----, , , ,Undergrad Transfers,Transfer,Continuing UG,
1048,832900863,318104,04,B,CMPE  BS -----, , , ,First Time Freshman,Freshman,Continuing UG,
1048,836737468,318104,02,B,CMSC  BS -----,MATH  MINR -----, , ,Undergrad Transfers,Transfer,Continuing UG,
1048,840399645,316037,11,A,CMSC  BS -----, , , ,Undergrad Transfers,Transfer,New Transfer,
1048,840399645,318104,01,A,CMSC  BS -----, , , ,Undergrad Transfers,Transfer,New Transfer,
1048,832337069,318104,04,C,CMPE  BS -----, , , ,Undergrad Transfers,Transfer,Continuing UG,
1048,830126097,320220,01,F,MATH  BS -----,CMSC  MINR -----, , ,Undergrad Other,Readmit,Continuing UG,
1048,830126097,320595,01,F,MATH  BS -----,CMSC  MINR -----, , ,Undergrad Other,Readmit,Continuing UG,
1048,830126097,320599,01,F,MATH  BS -----,CMSC  MINR -----, , ,Undergrad Other,Readmit,Continuing UG,
1048,830126097,322434,01,D,MATH  BS -----,CMSC  MINR -----, , ,Undergrad Other,Readmit,Continuing UG,
1048,830126097,322568,01,F,MATH  BS -----,CMSC  MINR -----, , ,Undergrad Other,Readmit,Continuing UG,
1048,802423143,318104,02,B,CMSC  BS -----, , , ,First Time Freshman,Freshman,Continuing UG,
1048,836536269,318104,05,C,CMSC  BS -----, , , ,First Time Freshman,Freshman,Continuing UG,
1048,810429272,318104,01,B,CMSC  BS -----, , , ,Undergrad Transfers,Transfer,Continuing UG,
1048,838752476,318108,01,A,MATH  BS -----,CMSC  MINR -----, , ,First Time Freshman,Freshman,Continuing UG,
1048,838752476,318245,02,A,MATH  BS -----,CMSC  MINR -----, , ,First Time Freshman,Freshman,Continuing UG,
1048,829061072,318108,02,A,CMSC  BS -----,MATH  MINR -----, , ,First Time Freshman,Freshman,Continuing UG,
1048,826116501,318104,04,C,CMPE  BS -----, , , ,First Time Freshman,Freshman,Continuing UG,
1048,826116501,318108,02,B,CMPE  BS -----, , , ,First Time Freshman,Freshman,Continuing UG,
1048,844380805,318104,04,D,CMSC  BS -----, , , ,Undergrad Transfers,Transfer,Continuing UG,
1048,817809210,318104,03,A,CMPE  BS -----, , , ,First Time Freshman,Freshman,Continuing UG,
1048,848494422,316036,01,A,CMSC  BS -----, , , ,First Time Freshman,Freshman,New Freshman,
1048,817777058,322616,01,A,CMSC  BS -----,MATH  BS -----, , ,Undergrad Transfers,Transfer,Continuing UG,
1048,831239069,318245,01,A,CMSC  BS -----,STAT  BS APST   TRK,HONR   CTN -----, ,First Time Freshman,Freshman,Continuing UG,
1048,844508396,318104,04,A,CMSC  BS -----,PHIL  MINR -----, , ,First Time Freshman,Freshman,Continuing UG,
1048,817334258,318104,04,B,CMSC  BS -----, , , ,First Time Freshman,Freshman,Continuing UG,
1048,806309442,318104,01,B,CMSC  BS -----, , , ,Undergrad Transfers,Transfer,New Transfer,
1048,808226005,316037,11,A,CMPE  BS -----, , , ,Undergrad Transfers,Transfer,Continuing UG,
1048,822111004,316037,11,D,CMSC  BS -----, , , ,First Time Freshman,Freshman,Continuing UG,
1048,816265586,318104,04,C,CMSC  BS -----, , , ,First Time Freshman,Freshman,Continuing UG,
1048,823169530,318245,09,W,CMSC  BS -----,PHIL  MINR -----, , ,First Time Freshman,Freshman,Continuing UG,
1048,837657305,320595,01,W,MATH  BS -----,CMSC  MINR -----, , ,Undergrad Transfers,Transfer,Continuing UG,
1048,837657305,322434,01,A,MATH  BS -----,CMSC  MINR -----, , ,Undergrad Transfers,Transfer,Continuing UG,
1048,837657305,322765,01,A,MATH  BS -----,CMSC  MINR -----, , ,Undergrad Transfers,Transfer,Continuing UG,
1048,816916172,318104,02,B,CMSC  BS -----, , , ,First Time Freshman,Freshman,Continuing UG,
1048,816916172,318245,01,A,CMSC  BS -----, , , ,First Time Freshman,Freshman,Continuing UG,
1048,819292751,322431,01,A,MATH  BA -----,PHYS  BS -----,HONR   CTN -----, ,First Time Freshman,Freshman,Continuing UG,
1048,825824660,318104,05,C,CMSC  BS -----, , , ,First Time Freshman,Freshman,Continuing UG,
1048,836202551,318104,04,C,CMSC  BS -----, , , ,First Time Freshman,Freshman,Continuing UG,
1048,825876870,318108,02,A,CMPE  BS -----, , , ,Undergrad Transfers,Transfer,Continuing UG,
1048,843960635,318104,04,B,CMPE  BS -----, , , ,First Time Freshman,Freshman,Continuing UG,
1048,833992871,318104,02,A,CMPE  BS -----,HONR   CTN -----, , ,First Time Freshman,Freshman,Continuing UG,
1048,833992871,318108,01,A,CMPE  BS -----,HONR   CTN -----, , ,First Time Freshman,Freshman,Continuing UG,
1048,822589779,320219,03,B,CMSC  BS -----, , , ,Undergrad Transfers,Transfer,Continuing UG,
1048,803125283,318108,03,W,CMSC  BS -----, , , ,First Time Freshman,Freshman,Continuing UG,
1048,803125283,318245,01,D,CMSC  BS -----, , , ,First Time Freshman,Freshman,Continuing UG,
1048,822783816,318104,03,D,CMSC  BS CYBR  TRK,CMSC  BS CYBR  TRK, , ,First Time Freshman,Freshman,Continuing UG,
1048,808602130,320219,01,B,MATH  BS -----,PHYS  BS -----, , ,First Time Freshman,Freshman,Continuing UG,
1048,808602130,322765,01,A,MATH  BS -----,PHYS  BS -----, , ,First Time Freshman,Freshman,Continuing UG,
1048,828219398,318104,01,A,CMPE  BS -----, , , ,Undergrad Transfers,Transfer,Continuing UG,
1048,824348566,322804,01,B,MATH  BS -----,CMSC  BS -----,MUSC  MINR -----, ,First Time Freshman,Freshman,Continuing UG,
1048,818440084,318104,01,B,CMPE  BS -----, , , ,First Time Freshman,Freshman,Continuing UG,
1048,831609600,316037,01,A,CMPE  BS -----, , , ,First Time Freshman,Freshman,Continuing UG,
1048,824635064,320220,01,B,MATH  BS -----,CMSC  BS -----, , ,First Time Freshman,Freshman,Continuing UG,
1048,824635064,322804,01,C,MATH  BS -----,CMSC  BS -----, , ,First Time Freshman,Freshman,Continuing UG,
1048,842232730,318104,04,B,CMSC  BS -----, , , ,Undergrad Transfers,Transfer,Continuing UG,
1048,804803863,318245,02,A,CMPE  BS -----, , , ,Undergrad Transfers,Transfer,Continuing UG,
1048,838651788,301557,04,B,MATH  BS -----,CMSC  BS -----, , ,First Time Freshman,Freshman,Continuing UG,
1048,809917355,301557,04,D,CMSC  BS -----, , , ,Undergrad Transfers,Transfer,Continuing UG,
1048,818601323,301557,01,F,CMSC  BS -----, , , ,First Time Freshman,Freshman,Continuing UG,
1048,845346095,301557,04,B,CMSC  BS -----, , , ,Undergrad Transfers,Transfer,New Transfer,
1048,801177159,301557,04,W,CMSC  BS -----, , , ,First Time Freshman,Freshman,Continuing UG,
1048,846325381,301557,01,W,CMSC  BS -----, , , ,Undergrad Other,Reinstate,Continuing UG,
1048,835131976,301557,01,B,CMSC  BS -----,MATH  MINR -----, , ,Undergrad Transfers,Transfer,New Transfer,
1048,829944935,301557,01,B,CMSC  BS -----, , , ,First Time Freshman,Freshman,Continuing UG,
1048,833713547,301557,04,C,CMSC  BS -----, , , ,Undergrad Transfers,Transfer,Continuing UG,
1048,843678237,301557,01,D,CMSC  BS -----, , , ,Undergrad Transfers,Transfer,Continuing UG,
1048,802036547,301557,01,W,CMSC  BS -----, , , ,First Time Freshman,Freshman,Continuing UG,
1048,841376627,301557,04,C,CMSC  BS -----,VAAV    BA AI     SPC, , ,First Time Freshman,Freshman,Continuing UG,
1048,827614406,301553,04,B,IFSM  BS -----,CMSC  MINR -----, , ,First Time Freshman,Freshman,Continuing UG,
1048,806738271,301557,01,A,MATH  BS -----,CMSC  BS -----, , ,First Time Freshman,Freshman,Continuing UG,
1048,812506567,301557,01,C,CMSC  BS -----, , , ,First Time Freshman,Freshman,Continuing UG,
1048,812774274,301557,01,W,CMSC  BS -----, , , ,Undergrad Transfers,Transfer,New Transfer,
1048,819121172,301553,04,B,IFSM  BS -----, , , ,First Time Freshman,Freshman,Continuing UG,
1048,809588741,301557,01,B,CMSC  BS -----, , , ,First Time Freshman,Freshman,Continuing UG,
1048,826581900,301557,01,F,CMSC  BS -----, , , ,First Time Freshman,Freshman,Continuing UG,
1048,817926815,301557,04,C,CMSC  BS -----, , , ,Undergrad Transfers,Transfer,Continuing UG,
1048,802147750,301557,04,B,CMSC  BS -----, , , ,First Time Freshman,Freshman,Continuing UG,
1048,802070806,301557,04,A,CMSC  BS -----, , , ,First Time Freshman,Freshman,Continuing UG,
1048,835278929,303670,01,A,MENG  BS -----,PHYS  BS -----, , ,First Time Freshman,Freshman,Continuing UG,
1048,820805871,301557,01,C,CMSC  BS -----, , , ,First Time Freshman,Freshman,Continuing UG,
1048,826560070,301557,04,C,CMSC  BS -----, , , ,First Time Freshman,Freshman,Continuing UG,
1048,820504805,301557,04,W,CMSC  BS -----, , , ,Undergrad Transfers,Transfer,Continuing UG,
1048,835078859,301557,04,B,CMSC  BS -----,PHYS  MINR -----, , ,First Time Freshman,Freshman,Continuing UG,
1048,846091077,301557,04,B,CMPE  BS -----, , , ,Undergrad Transfers,Transfer,Continuing UG,
1048,847167090,301553,01,A,IFSM  BS -----,CMSC  MINR -----, , ,Undergrad Transfers,Transfer,Continuing UG,
1048,802850742,301553,04,F,IFSM  BS -----,CMSC  MINR -----, , ,First Time Freshman,Freshman,Continuing UG,
1048,847883234,301557,04,B,CMSC  BS -----, , , ,Undergrad Transfers,Transfer,Continuing UG,
1048,841194517,301557,04,C,CMSC  BS -----, , , ,First Time Freshman,Freshman,Continuing UG,
1048,816529976,301557,01,C,CMSC  BS -----,PHIL  BA -----, , ,Undergrad Transfers,Transfer,Continuing UG,
1048,849676244,301557,04,B,CMSC  BS -----,PADM  MINR -----,PADM  ULC -----, ,First Time Freshman,Freshman,Continuing UG,
1048,822922579,301557,04,A,CMSC  BS -----,THTR  MINR -----, , ,First Time Freshman,Freshman,Continuing UG,
1048,829211655,301557,01,C,CMSC  BS -----, , , ,First Time Freshman,Freshman,Continuing UG,
1048,809237841,301557,04,C,FIEC  BS -----, , , ,First Time Freshman,Freshman,Continuing UG,
1048,804794266,301557,01,A,CMSC  BS -----,MATH  BS -----, , ,First Time Freshman,Freshman,Continuing UG,
1048,814837974,301557,04,C,CMSC  BS -----,MATH  MINR -----, , ,Undergrad Transfers,Transfer,Continuing UG,
1048,810391096,301557,04,A,CMSC  BS -----,PSYC  BA -----, , ,First Time Freshman,Freshman,Continuing UG,
1048,835927291,301557,01,A,MATH  BS -----,CMSC  BS -----, , ,Undergrad Transfers,Transfer,Continuing UG,
1048,823426238,301557,04,A,CMSC  BS -----, , , ,First Time Freshman,Freshman,Continuing UG,
1048,806010930,301557,04,A,CMSC  BS -----,THTR  MINR -----, , ,First Time Freshman,Freshman,Continuing UG,
1048,808631790,301557,01,F,CMSC  BS -----,PHYS  MINR -----, , ,First Time Freshman,Freshman,Continuing UG,
1048,827240262,301557,04,C,CMSC  BS -----, , , ,First Time Freshman,Freshman,Continuing UG,
1048,812474552,301557,01,A,CMSC  BS -----, , , ,Undergrad Transfers,Transfer,New Transfer,
1048,811505069,301557,01,C,CMSC  BS -----, , , ,First Time Freshman,Freshman,Continuing UG,
1048,804410503,301557,01,B,CMSC  BS -----,BTA   BA -----, , ,First Time Freshman,Freshman,Continuing UG,
1048,837834132,301557,04,W,CMSC  BS -----, , , ,Undergrad Transfers,Transfer,Continuing UG,
1048,837715141,301557,04,B,CMSC  BS -----, , , ,First Time Freshman,Freshman,Continuing UG,
1048,822134099,301557,04,B,CMSC  BS -----, , , ,Undergrad Transfers,Transfer,Continuing UG,
1048,837126371,301557,01,D,CMSC  BS -----, , , ,Undergrad Transfers,Transfer,New Transfer,
1048,835770249,301557,01,C,CMSC  BS -----, , , ,First Time Freshman,Freshman,Continuing UG,
1048,828237759,301557,01,A,CMSC  BS -----, , , ,First Time Freshman,Freshman,Continuing UG,
1048,836737468,301557,04,B,CMSC  BS -----,MATH  MINR -----, , ,Undergrad Transfers,Transfer,Continuing UG,
1048,815524103,301557,04,C,CMSC  BS -----, , , ,First Time Freshman,Freshman,Continuing UG,
1048,833565448,301557,04,C,CMSC  BS -----, , , ,First Time Freshman,Freshman,Continuing UG,
1048,840724635,301557,04,D,CMSC  BS -----, , , ,Undergrad Transfers,Transfer,Continuing UG,
1048,803445128,301557,04,B,CMSC  BS -----, , , ,First Time Freshman,Freshman,Continuing UG,
1048,808165836,301557,04,A,CMSC  BS -----, , , ,First Time Freshman,Freshman,Continuing UG,
1048,806545831,301557,04,A,CMSC  BS -----,IFSM  BS -----, , ,First Time Freshman,Freshman,Continuing UG,
1048,816265586,301557,01,C,CMSC  BS -----, , , ,First Time Freshman,Freshman,Continuing UG,
1048,809251577,301557,04,C,CMSC  BS -----, , , ,Undergrad Transfers,Transfer,Continuing UG,
1048,837657305,301557,04,A,MATH  BS -----,CMSC  MINR -----, , ,Undergrad Transfers,Transfer,Continuing UG,
1048,819292751,303762,01,A,MATH  BA -----,PHYS  BS -----,HONR   CTN -----, ,First Time Freshman,Freshman,Continuing UG,
1048,822589779,301557,04,B,CMSC  BS -----, , , ,Undergrad Transfers,Transfer,Continuing UG,
1048,816284306,301557,04,C,CMSC  BS -----, , , ,First Time Freshman,Freshman,Continuing UG,
1048,843764102,325345,05,A,CMPE  BS -----, , , ,First Time Freshman,Freshman,Continuing UG,
1048,824635064,301557,04,A,MATH  BS -----,CMSC  BS -----, , ,First Time Freshman,Freshman,Continuing UG,
1048,842232730,301557,04,C,CMSC  BS -----, , , ,Undergrad Transfers,Transfer,Continuing UG,
