1050,814048024,322527,01,F,MATH  BA -----, , , ,First Time Freshman,Freshman,Continuing UG,
1050,820247081,322431,01,A,CMSC  BS -----,MATH  BS -----, , ,Undergrad Transfers,Transfer,Continuing UG,
1050,829926814,322431,01,D,MATH  BS -----,CMSC  MINR -----, , ,First Time Freshman,Freshman,Continuing UG,
1050,818196286,322527,01,A,BINF  BS -----,CMSC  MINR -----, , ,First Time Freshman,Freshman,Continuing UG,
1050,846642500,322527,01,A,CMSC  BS -----,MATH  BA -----, , ,Undergrad Transfers,Transfer,Continuing UG,
1050,814048024,303669,01,A,MATH  BA -----, , , ,First Time Freshman,Freshman,Continuing UG,
1050,804235898,303669,01,A,BINF  BS -----,CMSC  MINR -----, , ,First Time Freshman,Freshman,Continuing UG,
1050,818601323,301557,01,C,CMSC  BS -----, , , ,First Time Freshman,Freshman,Continuing UG,
1050,801177159,301557,01,B,CMSC  BS -----, , , ,First Time Freshman,Freshman,Continuing UG,
1050,842093273,301557,01,B,CMPE  BS -----, , , ,Undergrad Other,Readmit,Continuing UG,
1050,846325381,301557,01,W,CMSC  BS -----, , , ,Undergrad Other,Reinstate,Continuing UG,
1050,818387234,301557,01,B,CMSC  BS -----,PHYS  BS -----, , ,Undergrad Transfers,Transfer,Continuing UG,
1050,843678237,301557,01,C,CMSC  BS -----, , , ,Undergrad Transfers,Transfer,Continuing UG,
1050,810862323,301557,01,D,CMSC  BS -----, , , ,Undergrad Transfers,Transfer,Continuing UG,
1050,818707811,301557,01,B,CMSC  BS -----, , , ,Undergrad Transfers,Transfer,Continuing UG,
1050,817784155,301557,01,D,CMSC  BS -----, , , ,Undergrad Other,Readmit,Continuing Other,
1050,806994606,301557,01,A,CMSC  BS -----, , , ,First Time Freshman,Freshman,Continuing UG,
1050,814566621,301557,01,B,CMSC  BS -----, , , ,First Time Freshman,Freshman,Continuing UG,
1050,812916914,301557,01,B,CMSC  BS -----, , , ,First Time Freshman,Freshman,Continuing UG,
1050,846022882,301557,01,B,CMSC  BS -----,PSYC  MINR -----, , ,Undergrad Transfers,Transfer,Continuing UG,
1050,830051510,301557,01,A,BINF  BS -----, , , ,Undergrad Transfers,Transfer,Continuing UG,
1050,825284198,301557,01,A,CMSC  BS -----,IFSM  MINR -----, , ,First Time Freshman,Freshman,Continuing UG,
1050,835927291,303669,01,A,MATH  BS -----,CMSC  BS -----, , ,Undergrad Transfers,Transfer,Continuing UG,
1050,818196286,303669,01,A,BINF  BS -----,CMSC  MINR -----, , ,First Time Freshman,Freshman,Continuing UG,
1050,803306841,301557,01,C,CMSC  BS -----, , , ,Undergrad Transfers,Transfer,Continuing UG,
1050,811401949,303669,01,A,MATH  BS -----,MENG  BS -----, , ,First Time Freshman,Freshman,Continuing UG,
1050,806199538,301557,01,B,MENG  BS -----, , , ,Undergrad Transfers,Transfer,Continuing UG,
