1052,840234121,316037,01,B,CMSC  BS -----, , , ,First Time Freshman,Freshman,Continuing UG,
1052,841115788,318104,01,B,CMSC  BS -----, , , ,First Time Freshman,Freshman,Continuing UG,
1052,842108422,318061,01,D,CMSC  BS -----, , , ,First Time Freshman,Freshman,Continuing UG,
1052,805880817,318108,02,B,CMPE  BS -----,HONR   CTN -----, , ,First Time Freshman,Freshman,Continuing UG,
1052,840822397,322524,01,A,MATH  BS -----,CMSC  BS -----,PHYS  MINR -----,HONR   CTN -----,First Time Freshman,Freshman,Continuing UG,
1052,838651788,320219,02,D,CMSC  BS -----,MATH  MINR -----, , ,First Time Freshman,Freshman,Continuing UG,
1052,814048024,322804,01,W,MATH  BS -----, , , ,First Time Freshman,Freshman,Continuing UG,
1052,814048024,322805,01,F,MATH  BS -----, , , ,First Time Freshman,Freshman,Continuing UG,
1052,817908363,322431,01,F,CMSC  BS -----,MATH  BS -----,PHIL  BA -----, ,First Time Freshman,Freshman,Continuing UG,
1052,812230894,318108,02,C,CMPE  BS -----, , , ,Undergrad Transfers,Transfer,Continuing UG,
1052,817997577,318108,03,B,CMSC  BS -----,HONR   CTN -----, , ,First Time Freshman,Freshman,Continuing UG,
1052,832282421,316037,06,D,CMSC  BS -----, , , ,First Time Freshman,Freshman,Continuing UG,
1052,803181057,318108,04,W,CMPE  BS -----, , , ,First Time Freshman,Freshman,Continuing Other,
1052,832067625,320407,01,A,CMSC  BS -----,MATH  BS -----, , ,Undergrad Transfers,Transfer,Continuing UG,
1052,832067625,322475,01,A,CMSC  BS -----,MATH  BS -----, , ,Undergrad Transfers,Transfer,Continuing UG,
1052,832067625,322804,01,B,CMSC  BS -----,MATH  BS -----, , ,Undergrad Transfers,Transfer,Continuing UG,
1052,818601323,316037,06,F,CMSC  BS -----, , , ,First Time Freshman,Freshman,Continuing UG,
1052,826920229,318104,04,C,CMPE  BS -----,MATH  MINR -----, , ,First Time Freshman,Freshman,Continuing UG,
1052,813789169,318245,01,A,CMPE  BS -----, , , ,First Time Freshman,Freshman,Continuing UG,
1052,804020720,318108,04,D,CMPE  BS -----, , , ,Undergrad Transfers,Transfer,Continuing Other,
1052,848594542,318108,02,B,CMPE  BS -----, , , ,First Time Freshman,Freshman,Continuing UG,
1052,834132114,316037,06,B,CMSC  BS -----, , , ,First Time Freshman,Freshman,Continuing UG,
1052,829515944,320219,01,AUD,MATH  BS -----, , , ,Undergrad Transfers,Transfer,Continuing UG,
1052,829515944,320599,01,F,MATH  BS -----, , , ,Undergrad Transfers,Transfer,Continuing UG,
1052,835131976,320219,02,B,CMSC  BS -----,MATH  MINR -----, , ,Undergrad Transfers,Transfer,Continuing UG,
1052,829944935,318108,04,A,CMSC  BS -----, , , ,First Time Freshman,Freshman,Continuing UG,
1052,812670837,316037,01,B,CMSC  BS -----, , , ,First Time Freshman,Freshman,Continuing UG,
1052,818387234,318104,02,B,CMSC  BS -----, , , ,Undergrad Transfers,Transfer,Continuing UG,
1052,836216704,318104,03,B,CMPE  BS -----, , , ,First Time Freshman,Freshman,Continuing UG,
1052,836216704,318108,03,D,CMPE  BS -----, , , ,First Time Freshman,Freshman,Continuing UG,
1052,806912246,318108,01,C,CMPE  BS -----,HONR   CTN -----, , ,First Time Freshman,Freshman,Continuing UG,
1052,829801769,318104,02,A,CMPE  BS -----, , , ,First Time Freshman,Freshman,Continuing UG,
1052,829801769,318245,05,B,CMPE  BS -----, , , ,First Time Freshman,Freshman,Continuing UG,
1052,801621326,318104,03,D,CMSC  BS -----, , , ,First Time Freshman,Freshman,Continuing UG,
1052,831030103,320219,02,C,CMSC  BS -----, , , ,First Time Freshman,Freshman,Continuing UG,
1052,826879867,318104,02,B,CMPE  BS -----,HONR   CTN -----, , ,First Time Freshman,Freshman,Continuing UG,
1052,826879867,318108,03,C,CMPE  BS -----,HONR   CTN -----, , ,First Time Freshman,Freshman,Continuing UG,
1052,806738271,318108,02,B,MATH  BS -----,CMSC  BS -----, , ,First Time Freshman,Freshman,Continuing UG,
1052,819395001,320599,01,A,MENG  BS -----,MATH  MINR -----,CMSC  MINR -----,HONR   CTN -----,Undergrad Transfers,Transfer,Continuing UG,
1052,847851914,318104,04,A,CMPE  BS -----,HONR   CTN -----, , ,First Time Freshman,Freshman,Continuing UG,
1052,833415704,318104,04,B,CMPE  BS -----, , , ,Undergrad Transfers,Transfer,Continuing UG,
1052,842072746,320219,02,A,CMPE  BS -----,MATH  MINR -----, , ,First Time Freshman,Freshman,Continuing UG,
1052,812786098,318104,04,B,CMSC  BS -----, , , ,First Time Freshman,Freshman,Continuing UG,
1052,822865135,318108,03,B,CMSC  BS -----, , , ,First Time Freshman,Freshman,Continuing UG,
1052,822865135,322475,01,B,CMSC  BS -----, , , ,First Time Freshman,Freshman,Continuing UG,
1052,828312428,322431,01,C,CMPE  BS -----,PHYS  BS -----, , ,First Time Freshman,Freshman,Continuing UG,
1052,828312428,322475,01,C,CMPE  BS -----,PHYS  BS -----, , ,First Time Freshman,Freshman,Continuing UG,
1052,812038324,322434,01,A,MATH  BS -----,CMSC  MINR -----, , ,First Time Freshman,Freshman,Continuing UG,
1052,812038324,326894,01,W,MATH  BS -----,CMSC  MINR -----, , ,First Time Freshman,Freshman,Continuing UG,
1052,820008664,318104,03,A,CMSC  BS -----, , , ,Undergrad Transfers,Transfer,Continuing UG,
1052,800363133,318104,03,C,CMSC  BS -----, , , ,Undergrad Transfers,Transfer,Continuing UG,
1052,817073229,322568,01,C,CMSC  BS -----,MATH  MINR -----, , ,Undergrad Transfers,Transfer,Continuing UG,
1052,823251157,318104,01,B,CMPE  BS -----,ASTR  MINR -----, , ,First Time Freshman,Freshman,Continuing UG,
1052,823251157,318108,04,W,CMPE  BS -----,ASTR  MINR -----, , ,First Time Freshman,Freshman,Continuing UG,
1052,804996953,318104,02,A,CMPE  BS -----, , , ,Undergrad Transfers,Transfer,Continuing UG,
1052,804996953,318245,01,B,CMPE  BS -----, , , ,Undergrad Transfers,Transfer,Continuing UG,
1052,849754508,318108,02,C,CMPE  BS -----,ENGR    BS -----, , ,First Time Freshman,Freshman,Continuing UG,
1052,847898286,318108,01,C,CMPE  BS -----, , , ,First Time Freshman,Freshman,Continuing UG,
1052,843520775,318108,02,A,CMSC  BS -----, , , ,First Time Freshman,Freshman,Continuing UG,
1052,829468411,322434,01,W,MATH  BS -----,MUSC  MINR -----,MLL   MINR GERMM  SPC, ,Undergrad Transfers,Transfer,Continuing UG,
1052,829468411,322475,01,F,MATH  BS -----,MUSC  MINR -----,MLL   MINR GERMM  SPC, ,Undergrad Transfers,Transfer,Continuing UG,
1052,833997937,320219,01,W,CMSC  BS -----,MATH  MINR -----, , ,First Time Freshman,Freshman,Continuing UG,
1052,846871715,316037,01,C,CMSC  BS -----, , , ,First Time Freshman,Freshman,Continuing UG,
1052,836875529,320219,01,B,MATH  BS -----,CMSC  BS -----, , ,First Time Freshman,Freshman,Continuing UG,
1052,828764159,320219,01,C,MATH  BS -----,CMSC  BS -----,HONR   CTN -----, ,First Time Freshman,Freshman,Continuing UG,
1052,840495613,320219,01,A,CMSC  BS -----,MATH  BA -----, , ,Undergrad Transfers,Transfer,Continuing UG,
1052,837161661,315800,01,A,CENG  BS CEET   TRK, , , ,First Time Freshman,Freshman,Continuing UG,
1052,827846618,318245,01,A,CMSC  BS -----, , , ,First Time Freshman,Freshman,Continuing UG,
1052,806994606,318104,02,A,CMSC  BS -----, , , ,First Time Freshman,Freshman,Continuing UG,
1052,811241658,318245,01,B,CMPE  BS -----,ENGR    BS -----, , ,First Time Freshman,Freshman,Continuing UG,
1052,809588741,318108,03,C,CMSC  BS -----, , , ,First Time Freshman,Freshman,Continuing UG,
1052,809588741,322568,01,C,CMSC  BS -----, , , ,First Time Freshman,Freshman,Continuing UG,
1052,814239764,316037,01,B,CMSC  BS -----, , , ,Undergrad Transfers,Transfer,Continuing UG,
1052,814239764,318104,05,B,CMSC  BS -----, , , ,Undergrad Transfers,Transfer,Continuing UG,
1052,829534125,318104,03,A,MENG  BS -----,CMSC  MINR -----, , ,First Time Freshman,Freshman,Continuing UG,
1052,835172711,320219,01,B,CMSC  BS -----, , , ,Undergrad Transfers,Transfer,Continuing UG,
1052,802813116,318108,01,C,CMPE  BS -----, , , ,Undergrad Transfers,Transfer,Continuing UG,
1052,807615285,318104,03,B,IFSM  BS -----,ECON  MINR -----, , ,First Time Freshman,Freshman,Continuing UG,
1052,830471710,318104,05,D,CMSC  BS -----, , , ,Undergrad Transfers,Transfer,Continuing UG,
1052,828033556,318108,01,B,CMPE  BS -----, , , ,First Time Freshman,Freshman,Continuing UG,
1052,820247081,320220,01,C,CMSC  BS -----,MATH  BS -----, , ,Undergrad Transfers,Transfer,Continuing UG,
1052,826825765,320220,01,A,MATH  BS -----,CMSC  BS -----, , ,First Time Freshman,Freshman,Continuing UG,
1052,826825765,322434,01,B,MATH  BS -----,CMSC  BS -----, , ,First Time Freshman,Freshman,Continuing UG,
1052,835078859,318108,03,B,CMSC  BS -----,PHYS  MINR -----, , ,First Time Freshman,Freshman,Continuing UG,
1052,826071367,318245,01,A,CMSC  BS -----, , , ,First Time Freshman,Freshman,Continuing UG,
1052,809637005,318104,05,D,CMSC  BS -----, , , ,Undergrad Transfers,Transfer,Continuing UG,
1052,824868055,316036,11,A,BINF  BS -----,BIOL  BS -----, , ,Undergrad Transfers,Transfer,Continuing UG,
1052,832452280,318104,05,C,CMSC  BS -----, , , ,First Time Freshman,Freshman,Continuing UG,
1052,833767993,316037,06,A,BIOL  BS -----,CMSC  BS -----, , ,Undergrad Transfers,Transfer,Continuing UG,
1052,809982098,318108,02,B,CMPE  BS -----,PHYS  MINR -----, , ,First Time Freshman,Freshman,Continuing UG,
1052,814109579,318104,02,B,CMSC  BS -----, , , ,First Time Freshman,Freshman,Continuing UG,
1052,838313404,318104,05,F,CMSC  BS -----, , , ,Undergrad Transfers,Transfer,Continuing UG,
1052,829926814,320458,01,F,MATH  BS -----,CMSC  MINR -----, , ,First Time Freshman,Freshman,Continuing UG,
1052,829926814,322431,01,C,MATH  BS -----,CMSC  MINR -----, , ,First Time Freshman,Freshman,Continuing UG,
1052,819401534,322475,01,C,MATH  BS -----,CMSC  BS -----, , ,First Time Freshman,Freshman,Continuing UG,
1052,837440786,318108,02,A,CMPE  BS -----,MATH  MINR -----, , ,First Time Freshman,Freshman,Continuing UG,
1052,805066199,316037,01,W,IFSM  BS -----, , , ,First Time Freshman,Freshman,Continuing UG,
1052,805066199,318104,04,W,IFSM  BS -----, , , ,First Time Freshman,Freshman,Continuing UG,
1052,815216364,318104,03,A,BIOL  BS -----, , , ,Undergrad Other,Readmit,Continuing UG,
1052,804887900,318104,04,A,CMSC  BS -----,MATH  BS -----, , ,First Time Freshman,Freshman,Continuing UG,
1052,804887900,318245,01,A,CMSC  BS -----,MATH  BS -----, , ,First Time Freshman,Freshman,Continuing UG,
1052,838113676,318104,04,A,CMSC  BS -----, , , ,First Time Freshman,Freshman,Continuing UG,
1052,830051510,320407,01,W,BINF  BS -----, , , ,Undergrad Transfers,Transfer,Continuing UG,
1052,834043719,320219,01,A,CMSC  BS -----,MATH  MINR -----, , ,First Time Freshman,Freshman,Continuing UG,
1052,805478410,318104,04,C,CMPE  BS -----,ENGR    BS -----, , ,First Time Freshman,Freshman,Continuing UG,
1052,805027456,318104,02,A,CMSC  BS -----, , , ,First Time Freshman,Freshman,Continuing UG,
1052,804791271,318104,02,A,CMSC  BS -----, , , ,First Time Freshman,Freshman,Continuing UG,
1052,804791271,318108,04,A,CMSC  BS -----, , , ,First Time Freshman,Freshman,Continuing UG,
1052,801025268,318108,02,A,CMPE  BS ELSY   TRK,MATH  MINR -----, , ,First Time Freshman,Freshman,Continuing UG,
1052,830285912,318104,02,D,CMSC  BS -----, , , ,First Time Freshman,Freshman,Continuing UG,
1052,824583401,316037,01,C,CMSC  BS -----, , , ,Undergrad Transfers,Transfer,Continuing UG,
1052,849468899,318108,01,C,CENG  BS TRAE   TRK,CMSC  MINR -----, , ,Undergrad Transfers,Transfer,Continuing UG,
1052,849676244,318104,04,C,CMSC  BS -----, , , ,First Time Freshman,Freshman,Continuing UG,
1052,830873202,318104,04,F,CMSC  BS -----, , , ,First Time Freshman,Freshman,Continuing UG,
1052,821817548,318104,05,W,CMSC  BS -----,STAT  BS APST   TRK, , ,First Time Freshman,Freshman,Continuing UG,
1052,836529295,318104,01,D,CMSC  BS -----,ENGR    BS -----, , ,First Time Freshman,Freshman,Continuing UG,
1052,836911596,322475,01,C,CMSC  BS -----,MATH  BS -----, , ,Undergrad Transfers,Transfer,Continuing UG,
1052,804794266,320220,01,A,CMSC  BS -----,MATH  BS -----, , ,First Time Freshman,Freshman,Continuing UG,
1052,804794266,322475,01,A,CMSC  BS -----,MATH  BS -----, , ,First Time Freshman,Freshman,Continuing UG,
1052,839803209,318108,02,B,CMPE  BS -----, , , ,Undergrad Transfers,Transfer,Continuing UG,
1052,818864459,320219,02,A,CMSC  BS -----,MATH  MINR -----, , ,First Time Freshman,Freshman,Continuing UG,
1052,835927291,322434,01,A,MATH  BS -----,CMSC  BS -----, , ,Undergrad Transfers,Transfer,Continuing UG,
1052,806010930,320219,02,A,CMSC  BS -----,THTR  MINR -----, , ,First Time Freshman,Freshman,Continuing UG,
1052,811540945,318104,01,A,CMSC  BS -----, , , ,First Time Freshman,Freshman,Continuing UG,
1052,848436360,318104,04,B,CMPE  BS -----,ENGR    BS -----, , ,First Time Freshman,Freshman,Continuing UG,
1052,818113838,320219,02,C,CMSC  BS -----,CMPE  BS -----, , ,First Time Freshman,Freshman,Continuing UG,
1052,818113838,322568,01,C,CMSC  BS -----,CMPE  BS -----, , ,First Time Freshman,Freshman,Continuing UG,
1052,815958195,320219,02,B,CMSC  BS -----,HONR   CTN -----, , ,First Time Freshman,Freshman,Continuing UG,
1052,846642500,320407,01,A,CMSC  BS -----,MATH  BA -----, , ,Undergrad Transfers,Transfer,Continuing UG,
1052,846642500,322568,01,A,CMSC  BS -----,MATH  BA -----, , ,Undergrad Transfers,Transfer,Continuing UG,
1052,843262069,318108,04,W,CMPE  BS -----, , , ,First Time Freshman,Freshman,Continuing UG,
1052,842358220,318104,02,B,CMSC  BS -----, , , ,First Time Freshman,Freshman,Continuing UG,
1052,839590728,318245,01,A,CMSC  BS -----,MATH  MINR -----, , ,First Time Freshman,Freshman,Continuing UG,
1052,840319492,318104,02,A,CMSC  BS -----, , , ,First Time Freshman,Freshman,Continuing UG,
1052,833114038,318104,02,A,CMSC  BS -----, , , ,Undergrad Transfers,Transfer,Continuing UG,
1052,811258609,318104,02,B,CMSC  BS -----,FIEC  BS -----, , ,First Time Freshman,Freshman,Continuing UG,
1052,847558115,320219,02,A,CMSC  BS -----,MATH  MINR -----, , ,First Time Freshman,Freshman,Continuing UG,
1052,847558115,322431,01,W,CMSC  BS -----,MATH  MINR -----, , ,First Time Freshman,Freshman,Continuing UG,
1052,821357016,322475,01,A,MATH  BS -----,CMSC  BS -----, , ,Undergrad Other,Readmit,Continuing UG,
1052,825355638,320407,01,A,FIEC  BS -----,MATH  BS -----,CMSC  MINR -----, ,Undergrad Transfers,Transfer,Continuing UG,
1052,825355638,322475,01,A,FIEC  BS -----,MATH  BS -----,CMSC  MINR -----, ,Undergrad Transfers,Transfer,Continuing UG,
1052,825355638,322804,01,A,FIEC  BS -----,MATH  BS -----,CMSC  MINR -----, ,Undergrad Transfers,Transfer,Continuing UG,
1052,841952167,318108,04,A,CMSC  BS -----,MATH  MINR -----, , ,First Time Freshman,Freshman,Continuing UG,
1052,801997550,318104,01,B,CMPE  BS -----, , , ,First Time Freshman,Freshman,Continuing UG,
1052,801997550,318108,01,B,CMPE  BS -----, , , ,First Time Freshman,Freshman,Continuing UG,
1052,825593038,318104,01,B,CMPE  BS -----, , , ,First Time Freshman,Freshman,Continuing UG,
1052,825593038,318108,01,C,CMPE  BS -----, , , ,First Time Freshman,Freshman,Continuing UG,
1052,835054890,318104,01,A,CMPE  BS -----, , , ,First Time Freshman,Freshman,Continuing UG,
1052,818730770,320219,02,A,CMPE  BS -----, , , ,First Time Freshman,Freshman,Continuing UG,
1052,825915655,318104,04,B,CMPE  BS -----, , , ,First Time Freshman,Freshman,Continuing UG,
1052,804716581,322431,01,A,PHYS  BS -----,CMSC  MINR -----,MATH  MINR -----, ,First Time Freshman,Freshman,Continuing UG,
1052,819510616,318104,01,A,CMSC  BS -----, , , ,First Time Freshman,Freshman,Continuing UG,
1052,828237759,318108,04,C,CMSC  BS -----, , , ,First Time Freshman,Freshman,Continuing UG,
1052,836737468,320219,01,B,CMSC  BS -----,MATH  MINR -----, , ,Undergrad Transfers,Transfer,Continuing UG,
1052,800602220,318104,04,C,CMSC  BS -----, , , ,First Time Freshman,Freshman,Continuing UG,
1052,830126097,320220,01,D,MATH  BS -----,CMSC  MINR -----, , ,Undergrad Other,Readmit,Continuing UG,
1052,830126097,320599,01,F,MATH  BS -----,CMSC  MINR -----, , ,Undergrad Other,Readmit,Continuing UG,
1052,830126097,322434,01,F,MATH  BS -----,CMSC  MINR -----, , ,Undergrad Other,Readmit,Continuing UG,
1052,830126097,322568,01,D,MATH  BS -----,CMSC  MINR -----, , ,Undergrad Other,Readmit,Continuing UG,
1052,838752476,318104,01,A,MATH  BS -----,CMSC  MINR -----, , ,First Time Freshman,Freshman,Continuing UG,
1052,821689219,318104,02,B,CMSC  BS -----, , , ,Undergrad Transfers,Transfer,Continuing UG,
1052,835134472,318108,01,AUD,CMPE  BS -----,MATH  MINR -----, , ,Undergrad Transfers,Transfer,Continuing UG,
1052,829061072,320219,02,A,CMSC  BS -----,MATH  MINR -----, , ,First Time Freshman,Freshman,Continuing UG,
1052,833073856,318245,05,B,CMSC  BS -----,ENGR    BS -----, , ,Undergrad Transfers,Transfer,Continuing UG,
1052,844380805,316037,06,D,CMSC  BS -----, , , ,Undergrad Transfers,Transfer,Continuing UG,
1052,817809210,318108,02,B,CMPE  BS -----, , , ,First Time Freshman,Freshman,Continuing UG,
1052,848494422,316037,06,B,CMSC  BS -----, , , ,First Time Freshman,Freshman,Continuing UG,
1052,817777058,322568,01,A,CMSC  BS -----,MATH  BS -----, , ,Undergrad Transfers,Transfer,Continuing UG,
1052,808226005,318108,04,A,CMPE  BS -----, , , ,Undergrad Transfers,Transfer,Continuing UG,
1052,822111004,318104,03,C,CMSC  BS -----, , , ,First Time Freshman,Freshman,Continuing UG,
1052,837657305,320407,01,W,MATH  BS -----,CMSC  MINR -----, , ,Undergrad Transfers,Transfer,Continuing UG,
1052,837657305,322475,01,D,MATH  BS -----,CMSC  MINR -----, , ,Undergrad Transfers,Transfer,Continuing UG,
1052,819292751,322524,01,A,MATH  BA -----,PHYS  BS -----,CMSC  MINR -----,STAT  MINR -----,First Time Freshman,Freshman,Continuing UG,
1052,825876870,318104,01,B,CMPE  BS -----, , , ,Undergrad Transfers,Transfer,Continuing UG,
1052,802837155,318245,09,A,CMPE  BS -----, , , ,First Time Freshman,Freshman,Continuing UG,
1052,822589779,320220,01,A,CMSC  BS -----, , , ,Undergrad Transfers,Transfer,Continuing UG,
1052,822589779,322568,01,A,CMSC  BS -----, , , ,Undergrad Transfers,Transfer,Continuing UG,
1052,822783816,318104,05,C,CMSC  BS CYBR  TRK,CMSC  BS DSCI  TRK, , ,First Time Freshman,Freshman,Continuing UG,
1052,808602130,320220,01,B,MATH  BS -----,PHYS  BS -----, , ,First Time Freshman,Freshman,Continuing UG,
1052,808602130,322434,01,B,MATH  BS -----,PHYS  BS -----, , ,First Time Freshman,Freshman,Continuing UG,
1052,824348566,320407,01,B,MATH  BS -----,CMSC  BS -----,MUSC  MINR -----, ,First Time Freshman,Freshman,Continuing UG,
1052,824348566,322475,01,C,MATH  BS -----,CMSC  BS -----,MUSC  MINR -----, ,First Time Freshman,Freshman,Continuing UG,
1052,826923612,316037,01,C,CMSC  BS -----, , , ,Undergrad Transfers,Transfer,Continuing UG,
1052,826923612,318104,04,B,CMSC  BS -----, , , ,Undergrad Transfers,Transfer,Continuing UG,
1052,831609600,318245,01,C,CMPE  BS -----, , , ,First Time Freshman,Freshman,Continuing UG,
1052,824635064,320407,01,A,MATH  BS -----,CMSC  BS -----, , ,First Time Freshman,Freshman,Continuing UG,
1052,824635064,322475,01,A,MATH  BS -----,CMSC  BS -----, , ,First Time Freshman,Freshman,Continuing UG,
1052,809917355,301557,01,B,CMSC  BS -----, , , ,Undergrad Transfers,Transfer,Continuing UG,
1052,842555739,301557,04,B,CMSC  BS -----,BIOL  BA -----, , ,Undergrad Transfers,Transfer,Continuing UG,
1052,835203210,301557,04,W,CMSC  BS -----, , , ,First Time Freshman,Freshman,Continuing UG,
1052,804418017,301557,01,A,CMSC  BS -----, , , ,First Time Freshman,Freshman,Continuing UG,
1052,846325381,301557,01,B,CMSC  BS -----, , , ,Undergrad Other,Reinstate,Continuing UG,
1052,819178692,301557,01,B,IFSM  BS -----, , , ,Undergrad Transfers,Transfer,Continuing UG,
1052,815938225,301557,01,W,CMSC  BS -----, , , ,Undergrad Transfers,Transfer,Continuing UG,
1052,831030103,301557,01,B,CMSC  BS -----, , , ,First Time Freshman,Freshman,Continuing UG,
1052,837196782,301557,01,C,CMSC  BS -----, , , ,Undergrad Transfers,Transfer,Continuing UG,
1052,823085155,301557,01,W,CMSC  BS -----, , , ,First Time Freshman,Freshman,Continuing UG,
1052,808677048,301557,04,A,CMSC  BS -----,MATH  BS -----, , ,Undergrad Transfers,Transfer,Continuing UG,
1052,817784155,301557,01,C,CMSC  BS -----, , , ,Undergrad Other,Readmit,Continuing UG,
1052,848250612,301557,01,C,CMSC  BS -----, , , ,First Time Freshman,Freshman,Continuing UG,
1052,802485894,301557,04,B,CMSC  BS -----, , , ,First Time Freshman,Freshman,Continuing UG,
1052,814186233,301557,04,A,CMSC  BS -----,MATH  MINR -----,HONR   CTN -----, ,First Time Freshman,Freshman,Continuing UG,
1052,843450476,301557,01,C,CMSC  BS -----,ECON  MINR -----, , ,First Time Freshman,Freshman,Continuing UG,
1052,836875529,316549,01,W,MATH  BS -----,CMSC  BS -----, , ,First Time Freshman,Freshman,Continuing UG,
1052,828764159,316549,01,A,MATH  BS -----,CMSC  BS -----,HONR   CTN -----, ,First Time Freshman,Freshman,Continuing UG,
1052,822930494,301557,01,F,CMSC  BS -----, , , ,Undergrad Transfers,Transfer,Continuing UG,
1052,826581900,301557,01,F,CMSC  BS -----, , , ,First Time Freshman,Freshman,Continuing UG,
1052,835278929,303577,01,A,MATH  BS -----,CMSC  MINR -----, , ,First Time Freshman,Freshman,Continuing UG,
1052,820247081,303764,01,C,CMSC  BS -----,MATH  BS -----, , ,Undergrad Transfers,Transfer,Continuing UG,
1052,820247081,303855,01,A,CMSC  BS -----,MATH  BS -----, , ,Undergrad Transfers,Transfer,Continuing UG,
1052,804384936,301557,04,A,CMSC  BS -----,MATH  MINR -----, , ,First Time Freshman,Freshman,Continuing UG,
1052,835514021,301557,04,A,CMSC  BS -----, , , ,First Time Freshman,Freshman,Continuing UG,
1052,801430680,301557,04,D,CMSC  BS -----, , , ,Undergrad Transfers,Transfer,New Transfer,
1052,817359225,301557,04,A,CMSC  BS -----,MATH  MINR -----, , ,First Time Freshman,Freshman,Continuing UG,
1052,830748940,301553,04,D,IFSM  BS -----, , , ,Undergrad Transfers,Transfer,Continuing UG,
1052,834043719,301557,04,A,CMSC  BS -----,MATH  MINR -----, , ,First Time Freshman,Freshman,Continuing UG,
1052,848430748,301557,04,D,CMSC  BS -----, , , ,Undergrad Transfers,Transfer,Continuing UG,
1052,832319620,301557,04,A,CMSC  BS -----, , , ,First Time Freshman,Freshman,Continuing UG,
1052,816896122,301557,01,C,CMSC  BS -----, , , ,Undergrad Transfers,Transfer,New Transfer,
1052,802820595,301557,04,B,CMSC  BS -----, , , ,Undergrad Transfers,Transfer,Continuing UG,
1052,830285912,301557,04,C,CMSC  BS -----, , , ,First Time Freshman,Freshman,Continuing UG,
1052,821817548,301557,01,W,CMSC  BS -----,STAT  BS APST   TRK, , ,First Time Freshman,Freshman,Continuing UG,
1052,821424324,301557,04,A,BINF  BS -----,CMSC  MINR -----,BIOM  MINR -----,STAT  MINR -----,First Time Freshman,Freshman,Continuing UG,
1052,836911596,301557,04,A,CMSC  BS -----,MATH  BS -----, , ,Undergrad Transfers,Transfer,Continuing UG,
1052,841313511,301557,04,D,CMSC  BS -----, , , ,First Time Freshman,Freshman,Continuing UG,
1052,819704056,301557,01,B,CMSC  BS -----, , , ,First Time Freshman,Freshman,Continuing UG,
1052,834004659,301557,01,C,CMSC  BS -----, , , ,Undergrad Transfers,Transfer,Continuing UG,
1052,808134429,301557,01,C,ECON  BA -----,CMSC  BS -----, , ,First Time Freshman,Freshman,Continuing UG,
1052,801494523,301557,01,C,CMSC  BS -----, , , ,First Time Freshman,Freshman,Continuing UG,
1052,811540945,301557,01,A,CMSC  BS -----, , , ,First Time Freshman,Freshman,Continuing UG,
1052,838520527,301557,04,B,CMSC  BS -----, , , ,Undergrad Transfers,Transfer,Continuing UG,
1052,849084934,301557,04,A,CMSC  BS -----,MATH  BS -----, , ,Undergrad Transfers,Transfer,Continuing UG,
1052,815958195,301557,04,B,CMSC  BS -----,HONR   CTN -----, , ,First Time Freshman,Freshman,Continuing UG,
1052,828846547,301557,01,C,CMSC  BS -----, , , ,First Time Freshman,Freshman,Continuing UG,
1052,807075759,301557,04,C,CMSC  BS -----, , , ,First Time Freshman,Freshman,Continuing UG,
1052,839590728,301557,04,A,CMSC  BS -----,MATH  MINR -----, , ,First Time Freshman,Freshman,Continuing UG,
1052,833114038,301557,04,B,CMSC  BS -----, , , ,Undergrad Transfers,Transfer,Continuing UG,
1052,811258609,301557,04,B,CMSC  BS -----,FIEC  BS -----, , ,First Time Freshman,Freshman,Continuing UG,
1052,830347283,301557,04,C,CMSC  BS -----,MATH  MINR -----, , ,Undergrad Transfers,Transfer,Continuing UG,
1052,838308431,301557,04,B,CMSC  BS -----, , , ,Undergrad Transfers,Transfer,Continuing UG,
1052,841952167,301557,04,A,CMSC  BS -----,MATH  MINR -----, , ,First Time Freshman,Freshman,Continuing UG,
1052,803077087,301557,01,C,BINF  BS -----, , , ,First Time Freshman,Freshman,Continuing UG,
1052,810168539,301557,04,C,CMSC  BS -----, , , ,First Time Freshman,Freshman,Continuing UG,
1052,817660720,301557,01,B,CMSC  BS -----, , , ,Undergrad Transfers,Transfer,Continuing UG,
1052,802649746,301557,01,D,CMSC  BS -----, , , ,Undergrad Transfers,Transfer,Continuing UG,
1052,832337069,301557,04,C,CMPE  BS -----, , , ,Undergrad Transfers,Transfer,Continuing UG,
1052,836536269,301557,01,B,CMSC  BS -----, , , ,First Time Freshman,Freshman,Continuing UG,
1052,838752476,301557,04,A,MATH  BS -----,CMSC  MINR -----, , ,First Time Freshman,Freshman,Continuing UG,
1052,840724635,301557,01,C,CMSC  BS -----, , , ,Undergrad Transfers,Transfer,Continuing UG,
1052,843572793,301553,01,A,IFSM  BS -----,CMSC  MINR -----, , ,Undergrad Transfers,Transfer,Continuing UG,
1052,831239069,301557,04,A,CMSC  BS -----,STAT  BS APST   TRK,HONR   CTN -----, ,First Time Freshman,Freshman,Continuing UG,
1052,831251371,301557,01,B,CMSC  BS -----, , , ,Undergrad Transfers,Transfer,Continuing UG,
1052,806309442,301557,04,C,CMSC  BS -----, , , ,Undergrad Transfers,Transfer,Continuing UG,
1052,832757027,301557,01,B,CMSC  BS -----,HIST  MINR -----, , ,First Time Freshman,Freshman,Continuing UG,
1052,845835223,301557,01,B,ENGR    BS -----,CMSC  BS -----, , ,First Time Freshman,Freshman,Continuing UG,
1052,816916172,301557,04,A,CMSC  BS -----, , , ,First Time Freshman,Freshman,Continuing UG,
1052,819292751,303764,01,A,MATH  BA -----,PHYS  BS -----,CMSC  MINR -----,STAT  MINR -----,First Time Freshman,Freshman,Continuing UG,
1052,825824660,301557,01,A,CMSC  BS -----, , , ,First Time Freshman,Freshman,Continuing UG,
1052,832858891,301557,04,B,CMSC  BS -----, , , ,First Time Freshman,Freshman,Continuing UG,
1052,822256214,301557,01,B,CMSC  BS -----, , , ,First Time Freshman,Freshman,Continuing UG,
1052,824559694,301557,01,A,CMSC  BS -----, , , ,First Time Freshman,Freshman,Continuing UG,
