1056,842522959,322622,03,A,CMPE  BS -----, , , ,First Time Freshman,Freshman,Continuing UG,
1056,814048024,322527,01,F,MATH  BS -----, , , ,First Time Freshman,Freshman,Continuing UG,
1056,817908363,322431,01,A,CMSC  BS -----,MATH  BS -----,PHIL  BA -----, ,First Time Freshman,Freshman,Continuing UG,
1056,832067625,322527,01,A,CMSC  BS -----,MATH  BS -----, , ,Undergrad Transfers,Transfer,Continuing UG,
1056,834132114,318104,01,D,CMSC  BS -----, , , ,First Time Freshman,Freshman,Continuing Other,
1056,835131976,318245,01,B,CMSC  BS -----,MATH  MINR -----, , ,Undergrad Transfers,Transfer,Continuing UG,
1056,819178692,322431,01,W,IFSM  BS -----, , , ,Undergrad Transfers,Transfer,Continuing UG,
1056,801621326,318104,01,B,CMSC  BS -----, , , ,First Time Freshman,Freshman,Continuing UG,
1056,812038324,320224,01,A,MATH  BS -----,CMSC  MINR -----, , ,First Time Freshman,Freshman,Continuing UG,
1056,841180077,316037,01,A,CMSC  BS -----, , , ,Undergrad Other,Readmit,Continuing UG,
1056,849754508,318104,01,B,CMPE  BS -----,ENGR    BS -----, , ,First Time Freshman,Freshman,Continuing UG,
1056,829534125,318108,01,A,CMSC  BS -----,MATH  MINR -----, , ,First Time Freshman,Freshman,Continuing UG,
1056,826237108,316036,01,A,CMSC  BS -----, , , ,First Time Freshman,Freshman,Continuing UG,
1056,826237108,316037,03,C,CMSC  BS -----, , , ,First Time Freshman,Freshman,Continuing UG,
1056,809982098,318104,01,A,CMPE  BS -----,PHYS  MINR -----, , ,First Time Freshman,Freshman,Continuing UG,
1056,820709291,322622,03,A,CMPE  BS -----,ENGR    BS -----, , ,Undergrad Transfers,Transfer,Continuing UG,
1056,835054890,322622,03,A,CMPE  BS -----, , , ,First Time Freshman,Freshman,Continuing UG,
1056,802423143,322622,03,A,CMSC  BS -----, , , ,First Time Freshman,Freshman,Continuing UG,
1056,844380805,318104,01,D,CMSC  BS -----, , , ,Undergrad Transfers,Transfer,Continuing UG,
1056,808226005,318245,01,B,CMPE  BS -----, , , ,Undergrad Transfers,Transfer,Continuing UG,
1056,835594345,318104,01,A,CMSC  BS -----, , , ,Undergrad Transfers,Transfer,Continuing UG,
1056,802837155,320219,01,A,CMPE  BS -----, , , ,First Time Freshman,Freshman,Continuing UG,
1056,802837155,322527,01,A,CMPE  BS -----, , , ,First Time Freshman,Freshman,Continuing UG,
1056,804667418,301557,01,B,CMSC  BS -----, , , ,Undergrad Transfers,Transfer,Continuing UG,
1056,843899951,301553,03,A,FIEC  BS -----,ENTR  MINR -----, , ,First Time Freshman,Freshman,Continuing UG,
1056,832067625,303669,01,A,CMSC  BS -----,MATH  BS -----, , ,Undergrad Transfers,Transfer,Continuing UG,
1056,802036547,301557,01,B,CMSC  BS -----, , , ,First Time Freshman,Freshman,Continuing UG,
1056,820008664,303762,01,W,CMSC  BS -----, , , ,Undergrad Transfers,Transfer,Continuing UG,
1056,823085155,301557,01,D,CMSC  BS -----, , , ,First Time Freshman,Freshman,Continuing UG,
1056,822930494,301557,01,C,CMSC  BS -----, , , ,Undergrad Transfers,Transfer,Continuing UG,
1056,834503337,301553,01,A,IFSM  BS -----,CMSC  MINR -----, , ,First Time Freshman,Freshman,Continuing UG,
1056,841313511,301557,01,B,CMSC  BS -----, , , ,First Time Freshman,Freshman,Continuing UG,
1056,840455872,301557,01,C,CMSC  BS -----, , , ,Undergrad Transfers,Transfer,Continuing UG,
1056,849324079,301557,01,B,CMSC  BS -----,BTA   BA -----, , ,First Time Freshman,Freshman,Continuing UG,
1056,824303289,301557,01,B,CMSC  BS -----, , , ,Undergrad Transfers,Transfer,Continuing UG,
1056,801720405,303762,01,W,CMSC  BS -----, , , ,Undergrad Transfers,Transfer,Continuing UG,
1056,837126371,301557,01,B,CMSC  BS -----, , , ,Undergrad Transfers,Transfer,Continuing UG,
1056,844380805,301557,01,C,CMSC  BS -----, , , ,Undergrad Transfers,Transfer,Continuing UG,
