1058,827621502,322474,01,C,CMPE  BS -----, , , ,First Time Freshman,Freshman,Continuing UG,
1058,804667418,318104,03,A,CMSC  BS -----, , , ,Undergrad Transfers,Transfer,Continuing UG,
1058,847035032,316036,01,B,CMSC  BS -----, , , ,Undergrad Transfers,Transfer,Continuing UG,
1058,805880817,318104,02,A,CMPE  BS -----,HONR   CTN -----, , ,First Time Freshman,Freshman,Continuing UG,
1058,840822397,322568,01,A,MATH  BS -----,CMSC  BS -----,PHYS  MINR -----,HONR   CTN -----,First Time Freshman,Freshman,Continuing UG,
1058,840822397,322810,01,A,MATH  BS -----,CMSC  BS -----,PHYS  MINR -----,HONR   CTN -----,First Time Freshman,Freshman,Continuing UG,
1058,838651788,320219,01,C,CMSC  BS -----,MATH  MINR -----, , ,First Time Freshman,Freshman,Continuing UG,
1058,814048024,320220,01,W,MATH  BS -----, , , ,First Time Freshman,Freshman,Continuing UG,
1058,814048024,322762,01,F,MATH  BS -----, , , ,First Time Freshman,Freshman,Continuing UG,
1058,817908363,320220,01,B,CMSC  BS -----,MATH  BS -----, , ,First Time Freshman,Freshman,Continuing UG,
1058,817908363,322762,01,D,CMSC  BS -----,MATH  BS -----, , ,First Time Freshman,Freshman,Continuing UG,
1058,809917355,320219,03,W,CMSC  BS -----, , , ,Undergrad Transfers,Transfer,Continuing Other,
1058,809917355,320599,01,W,CMSC  BS -----, , , ,Undergrad Transfers,Transfer,Continuing Other,
1058,848493934,318061,01,B,IFSM  BS -----, , , ,Undergrad Other,Unknown,Continuing UG,
1058,832067625,320220,01,B,CMSC  BS -----,MATH  BS -----, , ,Undergrad Transfers,Transfer,Continuing UG,
1058,826920229,318245,06,W,CMPE  BS -----,MATH  MINR -----, , ,First Time Freshman,Freshman,Continuing Other,
1058,842492644,318104,02,A,VAAV    BA AI     SPC,CMSC  MINR -----,SPAN  CRTN -----, ,First Time Freshman,Freshman,Continuing UG,
1058,804020720,318104,05,B,CMPE  BS -----, , , ,Undergrad Transfers,Transfer,Continuing UG,
1058,804020720,318108,03,B,CMPE  BS -----, , , ,Undergrad Transfers,Transfer,Continuing UG,
1058,848594542,318104,02,A,CMPE  BS -----, , , ,First Time Freshman,Freshman,Continuing UG,
1058,829944935,320219,01,C,CMSC  BS -----,MATH  MINR -----, , ,First Time Freshman,Freshman,Continuing UG,
1058,844363522,318104,04,W,BIOL  BS -----,BINF  MINR -----, , ,First Time Freshman,Freshman,Continuing UG,
1058,806738271,320219,02,B,MATH  BS -----,CMSC  BS -----, , ,First Time Freshman,Freshman,Continuing UG,
1058,822865135,320220,01,B,CMSC  BS -----, , , ,First Time Freshman,Freshman,Continuing UG,
1058,822865135,322810,01,W,CMSC  BS -----, , , ,First Time Freshman,Freshman,Continuing UG,
1058,823085155,318245,01,C,CMSC  BS -----, , , ,First Time Freshman,Freshman,Continuing UG,
1058,808677048,320641,01,B,CMSC  BS -----,MATH  BS -----, , ,Undergrad Transfers,Transfer,Continuing UG,
1058,823573985,320219,02,C,PHYS  BS -----, , , ,Undergrad Other,Readmit,Continuing UG,
1058,823251157,318108,02,A,CMPE  BS -----,ASTR  MINR -----, , ,First Time Freshman,Freshman,Continuing UG,
1058,841778983,320219,02,D,CMPE  BS -----, , , ,Undergrad Transfers,Transfer,Continuing UG,
1058,841180077,318104,05,B,CMSC  BS -----, , , ,Undergrad Other,Readmit,Continuing UG,
1058,814186233,318108,02,A,CMSC  BS -----,MATH  MINR -----,HONR   CTN -----, ,First Time Freshman,Freshman,Continuing UG,
1058,814186233,318245,01,A,CMSC  BS -----,MATH  MINR -----,HONR   CTN -----, ,First Time Freshman,Freshman,Continuing UG,
1058,846871715,318104,03,B,CMSC  BS -----, , , ,First Time Freshman,Freshman,Continuing UG,
1058,836875529,320220,01,A,MATH  BS -----,CMSC  MINR -----, , ,First Time Freshman,Freshman,Continuing UG,
1058,836875529,322810,01,B,MATH  BS -----,CMSC  MINR -----, , ,First Time Freshman,Freshman,Continuing UG,
1058,836875529,326848,01,B,MATH  BS -----,CMSC  MINR -----, , ,First Time Freshman,Freshman,Continuing UG,
1058,828764159,320220,01,F,MATH  BS -----,CMSC  BS -----,HONR   CTN -----, ,First Time Freshman,Freshman,Continuing UG,
1058,840495613,322616,01,B,CMSC  BS -----,MATH  BA -----, , ,Undergrad Transfers,Transfer,Continuing UG,
1058,839251002,316037,06,B,CMSC  BS -----, , , ,First Time Freshman,Freshman,Continuing UG,
1058,806240022,318108,02,B,CMSC  BS -----,BINF  MINR -----, , ,First Time Freshman,Freshman,Continuing UG,
1058,811241658,318104,03,A,CMPE  BS -----, , , ,First Time Freshman,Freshman,Continuing UG,
1058,803311580,322810,01,A,UNDC  UGND -----, , , ,Undergrad Other,Special - Non Degree,New UG Other,
1058,829534125,320219,01,A,CMSC  BS -----,MATH  MINR -----, , ,First Time Freshman,Freshman,Continuing UG,
1058,802813116,318104,04,C,CMPE  BS -----, , , ,Undergrad Transfers,Transfer,Continuing UG,
1058,802070806,318108,01,A,CMPE  BS -----, , , ,First Time Freshman,Freshman,Continuing UG,
1058,828033556,318104,02,A,CMPE  BS -----, , , ,First Time Freshman,Freshman,Continuing UG,
1058,849812003,318104,02,C,CMSC  BS -----, , , ,Undergrad Transfers,Transfer,Continuing UG,
1058,846934956,318104,02,A,BIOL  BS -----,CMSC  MINR -----, , ,First Time Freshman,Freshman,Continuing UG,
1058,826825765,322568,01,B,MATH  BS -----,CMSC  BS -----, , ,First Time Freshman,Freshman,Continuing UG,
1058,826825765,322810,01,A,MATH  BS -----,CMSC  BS -----, , ,First Time Freshman,Freshman,Continuing UG,
1058,826071367,318108,02,B,CMSC  BS -----,MATH  MINR -----, , ,First Time Freshman,Freshman,Continuing UG,
1058,809637005,318104,04,C,CMSC  BS -----, , , ,Undergrad Transfers,Transfer,Continuing UG,
1058,824868055,316037,11,B,BINF  BS -----,BIOL  BS -----, , ,Undergrad Transfers,Transfer,Continuing UG,
1058,833767993,318104,02,C,BIOL  BS -----,CMSC  BS -----, , ,Undergrad Transfers,Transfer,Continuing UG,
1058,838313404,316037,11,B,CMSC  BS -----, , , ,Undergrad Transfers,Transfer,Continuing UG,
1058,838313404,318104,01,A,CMSC  BS -----, , , ,Undergrad Transfers,Transfer,Continuing UG,
1058,829926814,322616,01,C,MATH  BS -----,CMSC  MINR -----, , ,First Time Freshman,Freshman,Continuing UG,
1058,817359225,320219,03,C,MATH  BS -----,STAT  MINR -----, , ,First Time Freshman,Freshman,Continuing UG,
1058,817359225,322431,01,C,MATH  BS -----,STAT  MINR -----, , ,First Time Freshman,Freshman,Continuing UG,
1058,805066199,318061,01,W,IFSM  BS -----, , , ,First Time Freshman,Freshman,Continuing UG,
1058,804887900,318108,02,A,CMSC  BS -----,MATH  BS -----, , ,First Time Freshman,Freshman,Continuing UG,
1058,804887900,320219,03,A,CMSC  BS -----,MATH  BS -----, , ,First Time Freshman,Freshman,Continuing UG,
1058,838113676,318108,03,A,CMSC  BS -----, , , ,First Time Freshman,Freshman,Continuing UG,
1058,834043719,318108,02,A,CMSC  BS -----,MATH  MINR -----, , ,First Time Freshman,Freshman,Continuing UG,
1058,834043719,318245,01,A,CMSC  BS -----,MATH  MINR -----, , ,First Time Freshman,Freshman,Continuing UG,
1058,811743079,318104,02,A,INDS  BS -----,ASIA    BA -----,CMSC  MINR -----, ,First Time Freshman,Freshman,Continuing UG,
1058,841194517,318104,03,C,CMSC  BS -----, , , ,First Time Freshman,Freshman,Continuing UG,
1058,804791271,320219,03,A,CMSC  BS -----, , , ,First Time Freshman,Freshman,Continuing UG,
1058,830873202,318104,05,C,CMSC  BS -----, , , ,First Time Freshman,Freshman,Continuing UG,
1058,836911596,322568,01,C,CMSC  BS -----,MATH  BS -----, , ,Undergrad Transfers,Transfer,Continuing UG,
1058,804794266,322434,01,A,CMSC  BS -----,MATH  BS -----, , ,First Time Freshman,Freshman,Continuing UG,
1058,804794266,322474,01,A,CMSC  BS -----,MATH  BS -----, , ,First Time Freshman,Freshman,Continuing UG,
1058,820638008,320220,01,A,MATH  BA -----,MLL   MINR SPANM  SPC,CMSC  MINR -----,HONR   CTN -----,First Time Freshman,Freshman,Continuing UG,
1058,820638008,322810,01,A,MATH  BA -----,MLL   MINR SPANM  SPC,CMSC  MINR -----,HONR   CTN -----,First Time Freshman,Freshman,Continuing UG,
1058,818864459,322616,01,W,CMSC  BS -----,MATH  BS -----, , ,First Time Freshman,Freshman,Continuing Other,
1058,835927291,322616,01,A,MATH  BS -----,CMSC  BS -----, , ,Undergrad Transfers,Transfer,Continuing UG,
1058,801571521,318104,04,B,CMPE  BS -----,MATH  MINR -----, , ,First Time Freshman,Freshman,Continuing UG,
1058,849084934,318108,03,A,CMSC  BS -----,MATH  MINR -----, , ,Undergrad Transfers,Transfer,Continuing UG,
1058,843262069,318108,02,C,CMPE  BS -----, , , ,First Time Freshman,Freshman,Continuing UG,
1058,803111637,318104,03,A,CMSC  BS -----,MATH  BS -----, , ,First Time Freshman,Freshman,Continuing UG,
1058,803111637,318108,02,A,CMSC  BS -----,MATH  BS -----, , ,First Time Freshman,Freshman,Continuing UG,
1058,839590728,318108,02,B,CMSC  BS -----,MATH  MINR -----, , ,First Time Freshman,Freshman,Continuing UG,
1058,847558115,322616,01,A,CMSC  BS -----,MATH  MINR -----, , ,First Time Freshman,Freshman,Continuing UG,
1058,821357016,322474,01,A,MATH  BS -----,CMSC  BS -----, , ,Undergrad Other,Readmit,Continuing UG,
1058,815935010,318104,02,A,CMPE  BS -----, , , ,First Time Freshman,Freshman,Continuing UG,
1058,825355638,320220,01,A,FIEC  BS -----,MATH  BS -----,CMSC  MINR -----, ,Undergrad Transfers,Transfer,Continuing UG,
1058,841952167,320219,01,A,CMSC  BS -----,MATH  BS -----, , ,First Time Freshman,Freshman,Continuing UG,
1058,841952167,320599,01,A,CMSC  BS -----,MATH  BS -----, , ,First Time Freshman,Freshman,Continuing UG,
1058,835054890,318108,02,A,CMPE  BS -----, , , ,First Time Freshman,Freshman,Continuing UG,
1058,814819195,318104,03,A,CMPE  BS -----, , , ,Undergrad Transfers,Transfer,Continuing UG,
1058,825915655,318108,02,A,CMPE  BS -----, , , ,First Time Freshman,Freshman,Continuing UG,
1058,828237759,318245,01,A,CMSC  BS -----, , , ,First Time Freshman,Freshman,Continuing UG,
1058,836737468,318108,02,C,CMSC  BS -----,MATH  MINR -----, , ,Undergrad Transfers,Transfer,Continuing UG,
1058,830126097,322804,01,D,MATH  BS -----,CMSC  MINR -----, , ,Undergrad Other,Readmit,Continuing UG,
1058,802423143,318108,03,B,CMSC  BS -----, , , ,First Time Freshman,Freshman,Continuing UG,
1058,802423143,318245,01,A,CMSC  BS -----, , , ,First Time Freshman,Freshman,Continuing UG,
1058,802423143,320219,02,A,CMSC  BS -----, , , ,First Time Freshman,Freshman,Continuing UG,
1058,838752476,320219,03,B,MATH  BS -----,CMSC  MINR -----, , ,First Time Freshman,Freshman,Continuing UG,
1058,838752476,320599,01,A,MATH  BS -----,CMSC  MINR -----, , ,First Time Freshman,Freshman,Continuing UG,
1058,835134472,318108,01,F,CMPE  BS -----,MATH  MINR -----, , ,Undergrad Transfers,Transfer,Continuing UG,
1058,829061072,320220,01,A,CMSC  BS -----,MATH  MINR -----, , ,First Time Freshman,Freshman,Continuing UG,
1058,848494422,318104,05,B,CMSC  BS -----, , , ,First Time Freshman,Freshman,Continuing UG,
1058,831239069,320641,01,W,CMSC  BS -----,STAT  BS APST   TRK,HONR   CTN -----, ,First Time Freshman,Freshman,Continuing UG,
1058,808226005,318104,02,A,CMPE  BS -----, , , ,Undergrad Transfers,Transfer,Continuing UG,
1058,837657305,322435,01,W,MATH  BS -----,CMSC  MINR -----, , ,Undergrad Transfers,Transfer,Continuing UG,
1058,837657305,322765,01,D,MATH  BS -----,CMSC  MINR -----, , ,Undergrad Transfers,Transfer,Continuing UG,
1058,837657305,322804,01,W,MATH  BS -----,CMSC  MINR -----, , ,Undergrad Transfers,Transfer,Continuing UG,
1058,802837155,322434,01,A,CMPE  BS -----,MATH  BS -----, , ,First Time Freshman,Freshman,Continuing UG,
1058,808602130,322762,01,B,MATH  BS -----,CMSC  BS -----, , ,First Time Freshman,Freshman,Continuing UG,
1058,808602130,322804,01,B,MATH  BS -----,CMSC  BS -----, , ,First Time Freshman,Freshman,Continuing UG,
1058,831609600,318108,02,B,CMPE  BS -----, , , ,First Time Freshman,Freshman,Continuing UG,
1058,824635064,322568,01,B,MATH  BS -----,CMSC  BS -----, , ,First Time Freshman,Freshman,Continuing UG,
1058,841115788,301557,01,A,CMSC  BS -----,PHIL  MINR -----, , ,First Time Freshman,Freshman,Continuing UG,
1058,815919801,301557,04,B,CMSC  BS -----, , , ,First Time Freshman,Freshman,Continuing UG,
1058,833832804,303762,01,B,STAT  BS APST   TRK,MATH  MINR -----, , ,Undergrad Other,Readmit,Continuing UG,
1058,833832804,303765,01,C,STAT  BS APST   TRK,MATH  MINR -----, , ,Undergrad Other,Readmit,Continuing UG,
1058,818458649,301552,01,A,BIOL  BA -----,CHEM  MINR -----,EHS   MINR -----, ,First Time Freshman,Freshman,Continuing UG,
1058,835203210,301557,04,B,CMSC  BS -----, , , ,First Time Freshman,Freshman,Continuing UG,
1058,834132114,301557,04,B,CMSC  BS -----, , , ,First Time Freshman,Freshman,Continuing UG,
1058,806912246,301557,01,A,MENG  BS -----,HONR   CTN -----, , ,First Time Freshman,Freshman,Continuing UG,
1058,815938225,301557,01,C,CMSC  BS -----, , , ,Undergrad Transfers,Transfer,Continuing UG,
1058,803401206,301557,01,B,CMSC  BS -----,MUSC  MINR -----, , ,First Time Freshman,Freshman,Continuing UG,
1058,844363522,301552,04,A,BIOL  BS -----,BINF  MINR -----, , ,First Time Freshman,Freshman,Continuing UG,
1058,828621353,301557,04,B,CMSC  BS -----, , , ,Undergrad Other,Readmit,Continuing UG,
1058,826879867,301557,01,A,CMSC  BS -----,HONR   CTN -----, , ,First Time Freshman,Freshman,Continuing UG,
1058,810862323,301557,04,B,CMSC  BS -----, , , ,Undergrad Transfers,Transfer,Continuing UG,
1058,812786098,301557,01,B,CMSC  BS -----, , , ,First Time Freshman,Freshman,Continuing UG,
1058,822865135,303762,01,C,CMSC  BS -----, , , ,First Time Freshman,Freshman,Continuing UG,
1058,812774274,301557,04,A,CMSC  BS -----, , , ,Undergrad Transfers,Transfer,Continuing UG,
1058,843520775,301557,04,A,CMSC  BS -----, , , ,First Time Freshman,Freshman,Continuing UG,
1058,833997937,301557,01,B,CMSC  BS -----,MATH  MINR -----, , ,First Time Freshman,Freshman,Continuing UG,
1058,846871715,301557,01,C,CMSC  BS -----, , , ,First Time Freshman,Freshman,Continuing UG,
1058,843964038,301557,01,B,CMSC  BS -----, , , ,First Time Freshman,Freshman,Continuing UG,
1058,806240022,301557,04,W,CMSC  BS -----,BINF  MINR -----, , ,First Time Freshman,Freshman,Continuing UG,
1058,814239764,301557,01,B,CMSC  BS -----, , , ,Undergrad Transfers,Transfer,Continuing UG,
1058,835172711,301557,04,A,CMSC  BS -----, , , ,Undergrad Transfers,Transfer,Continuing UG,
1058,826237108,301557,04,A,CMSC  BS -----, , , ,First Time Freshman,Freshman,Continuing UG,
1058,829434159,301557,01,B,CMPE  BS -----, , , ,First Time Freshman,Freshman,Continuing UG,
1058,807615285,301553,04,B,IFSM  BS -----,ECON  MINR -----, , ,First Time Freshman,Freshman,Continuing UG,
1058,814665461,301557,01,A,MATH  BS -----, , , ,First Time Freshman,Freshman,Continuing UG,
1058,834937240,301553,01,B,IFSM  BS -----, , , ,Undergrad Transfers,Transfer,Continuing UG,
1058,814109579,301557,01,C,CMSC  BS -----, , , ,First Time Freshman,Freshman,Continuing UG,
1058,830051510,303670,01,W,BINF  BS -----, , , ,Undergrad Transfers,Transfer,Continuing UG,
1058,832795724,301557,01,A,CMSC  BS -----, , , ,Undergrad Transfers,Transfer,Continuing UG,
1058,834614845,301557,04,C,CMSC  BS -----, , , ,Undergrad Transfers,Transfer,Continuing UG,
1058,805027456,301557,04,A,CMSC  BS -----, , , ,First Time Freshman,Freshman,Continuing UG,
1058,824583401,301557,01,W,CMSC  BS -----, , , ,Undergrad Transfers,Transfer,Continuing UG,
1058,830873202,301557,04,D,CMSC  BS -----, , , ,First Time Freshman,Freshman,Continuing UG,
1058,821424324,303670,01,W,BINF  BS -----,CMSC  MINR -----,BIOM  MINR -----,STAT  MINR -----,First Time Freshman,Freshman,Continuing UG,
1058,836911596,303762,01,A,CMSC  BS -----,MATH  BS -----, , ,Undergrad Transfers,Transfer,Continuing UG,
1058,842358220,301557,04,B,CMSC  BS -----, , , ,First Time Freshman,Freshman,Continuing UG,
1058,840319492,301557,01,A,CMSC  BS -----, , , ,First Time Freshman,Freshman,Continuing UG,
1058,823731282,301553,01,B,CMSC  BS -----,MLL   MINR -----, , ,First Time Freshman,Freshman,Continuing UG,
1058,838752476,303762,01,B,MATH  BS -----,CMSC  MINR -----, , ,First Time Freshman,Freshman,Continuing UG,
1058,821689219,301557,01,W,CMSC  BS -----, , , ,Undergrad Transfers,Transfer,Continuing UG,
1058,831239069,303762,01,B,CMSC  BS -----,STAT  BS APST   TRK,HONR   CTN -----, ,First Time Freshman,Freshman,Continuing UG,
1058,831239069,303765,01,A,CMSC  BS -----,STAT  BS APST   TRK,HONR   CTN -----, ,First Time Freshman,Freshman,Continuing UG,
1058,823169530,301557,04,W,CMSC  BS -----,PHIL  MINR -----, , ,First Time Freshman,Freshman,Continuing UG,
1058,819292751,303580,01,A,MATH  BA -----,PHYS  BS -----,CMSC  MINR -----,STAT  MINR -----,First Time Freshman,Freshman,Continuing UG,
1058,808602130,301557,04,A,MATH  BS -----,CMSC  BS -----, , ,First Time Freshman,Freshman,Continuing UG,
1058,824348566,303762,01,C,MATH  BS -----,CMSC  BS -----,MUSC  MINR -----, ,First Time Freshman,Freshman,Continuing UG,
1058,826923612,301557,01,B,CMSC  BS -----, , , ,Undergrad Transfers,Transfer,Continuing UG,
