1060,842108422,318061,01,B,CMSC  BS -----, , , ,First Time Freshman,Freshman,Continuing UG,
1060,833832804,322527,01,A,STAT  BS APST   TRK,MATH  MINR -----, , ,Undergrad Other,Readmit,Continuing UG,
1060,822865135,322527,01,A,CMSC  BS -----, , , ,First Time Freshman,Freshman,Continuing UG,
1060,814665461,322527,01,C,MATH  BS -----, , , ,First Time Freshman,Freshman,Continuing UG,
1060,824868055,322527,01,C,BINF  BS -----,BIOL  BS -----, , ,Undergrad Transfers,Transfer,Continuing UG,
1060,830126097,322527,01,B,MATH  BS -----,CMSC  MINR -----, , ,Undergrad Other,Readmit,Continuing UG,
1060,833832804,303669,01,A,STAT  BS APST   TRK,MATH  MINR -----, , ,Undergrad Other,Readmit,Continuing UG,
1060,813127852,301557,01,W,CMSC  BS -----, , , ,Undergrad Transfers,Transfer,Continuing UG,
1060,806240022,301557,01,A,CMSC  BS -----,BINF  MINR -----, , ,First Time Freshman,Freshman,Continuing UG,
1060,801430680,301557,01,C,CMSC  BS -----, , , ,Undergrad Transfers,Transfer,Continuing UG,
1060,815216364,301552,01,A,BIOL  BS -----, , , ,Undergrad Other,Readmit,Continuing UG,
1060,807075759,301557,01,B,CMSC  BS -----, , , ,First Time Freshman,Freshman,Continuing UG,
1060,810429272,301557,01,B,CMSC  BS -----, , , ,Undergrad Transfers,Transfer,Continuing UG,
