1062,813127852,318104,04,C,CMSC  BS -----, , , ,Undergrad Transfers,Transfer,Continuing UG,
1062,840822397,322809,01,A,MATH  BS -----,CMSC  BS -----,PHYS  MINR -----,HONR   CTN -----,First Time Freshman,Freshman,Continuing UG,
1062,838651788,320407,01,C,CMSC  BS -----,MATH  MINR -----, , ,First Time Freshman,Freshman,Continuing UG,
1062,814048024,322475,01,W,MATH  BA -----, , , ,First Time Freshman,Freshman,Continuing UG,
1062,817908363,322475,01,A,CMSC  BS -----,MATH  BS -----, , ,First Time Freshman,Freshman,Continuing UG,
1062,817908363,322809,01,F,CMSC  BS -----,MATH  BS -----, , ,First Time Freshman,Freshman,Continuing UG,
1062,809917355,320458,01,W,CMSC  BS -----, , , ,Undergrad Transfers,Transfer,Continuing UG,
1062,809917355,320599,01,W,CMSC  BS -----, , , ,Undergrad Transfers,Transfer,Continuing UG,
1062,809917355,320641,01,W,CMSC  BS -----, , , ,Undergrad Transfers,Transfer,Continuing UG,
1062,809917355,322431,01,W,CMSC  BS -----, , , ,Undergrad Transfers,Transfer,Continuing UG,
1062,843899951,318061,01,A,FIEC  BS -----,ENTR  MINR -----, , ,First Time Freshman,Freshman,Continuing UG,
1062,832067625,322568,01,F,CMSC  BS -----,MATH  BA -----, , ,Undergrad Transfers,Transfer,Continuing UG,
1062,826920229,318245,05,C,CMPE  BS -----,MATH  MINR -----, , ,First Time Freshman,Freshman,Continuing UG,
1062,804020720,318245,05,C,CMPE  BS -----, , , ,Undergrad Transfers,Transfer,Continuing UG,
1062,834132114,318104,01,A,CMSC  BS -----, , , ,First Time Freshman,Freshman,Continuing UG,
1062,842093273,320219,03,C,CMSC  BS -----, , , ,Undergrad Other,Readmit,Continuing UG,
1062,835131976,318108,03,B,CMSC  BS -----,MATH  MINR -----, , ,Undergrad Transfers,Transfer,Continuing UG,
1062,835131976,322475,01,B,CMSC  BS -----,MATH  MINR -----, , ,Undergrad Transfers,Transfer,Continuing UG,
1062,829944935,322804,01,B,CMSC  BS -----,MATH  MINR -----, , ,First Time Freshman,Freshman,Continuing UG,
1062,833713547,318104,02,B,CMSC  BS -----, , , ,Undergrad Transfers,Transfer,Continuing UG,
1062,836216704,318108,01,C,CMPE  BS -----, , , ,First Time Freshman,Freshman,Continuing UG,
1062,832040039,316037,06,B,CMSC  BS -----,WEBC  ULC -----, , ,Undergrad Transfers,Transfer,Continuing UG,
1062,841376627,318104,02,A,CMSC  BS -----,VAAV    BA AI     SPC, , ,First Time Freshman,Freshman,Continuing UG,
1062,806738271,320641,01,A,MATH  BS -----,CMSC  BS -----, , ,First Time Freshman,Freshman,Continuing UG,
1062,842072746,322431,01,F,MATH  BS -----, , , ,First Time Freshman,Freshman,Continuing UG,
1062,842072746,322475,01,F,MATH  BS -----, , , ,First Time Freshman,Freshman,Continuing UG,
1062,842072746,322809,01,F,MATH  BS -----, , , ,First Time Freshman,Freshman,Continuing UG,
1062,822865135,320407,01,B,CMSC  BS -----, , , ,First Time Freshman,Freshman,Continuing UG,
1062,822865135,322804,01,B,CMSC  BS -----, , , ,First Time Freshman,Freshman,Continuing UG,
1062,808677048,320407,01,A,CMSC  BS -----,MATH  BS -----, , ,Undergrad Transfers,Transfer,Continuing UG,
1062,841778983,320219,02,F,CMPE  BS -----, , , ,Undergrad Transfers,Transfer,Continuing UG,
1062,804996953,320599,02,C,CMPE  BS -----,MATH  MINR -----, , ,Undergrad Transfers,Transfer,Continuing UG,
1062,814186233,320219,01,A,CMSC  BS -----,MATH  BA -----,HONR   CTN -----, ,First Time Freshman,Freshman,Continuing UG,
1062,814186233,322761,01,A,CMSC  BS -----,MATH  BA -----,HONR   CTN -----, ,First Time Freshman,Freshman,Continuing UG,
1062,836875529,322475,01,A,MATH  BS -----,CMSC  MINR -----, , ,First Time Freshman,Freshman,Continuing UG,
1062,836875529,322804,01,A,MATH  BS -----,CMSC  MINR -----, , ,First Time Freshman,Freshman,Continuing UG,
1062,828764159,320641,01,B,MATH  BS -----,CMSC  BS -----,HONR   CTN -----, ,First Time Freshman,Freshman,Continuing UG,
1062,840495613,322761,01,B,CMSC  BS -----,MATH  BA -----, , ,Undergrad Transfers,Transfer,Continuing UG,
1062,837161661,320219,03,W,CENG  BS CEET   TRK, , , ,First Time Freshman,Freshman,Continuing UG,
1062,837161661,320641,01,A,CENG  BS CEET   TRK, , , ,First Time Freshman,Freshman,Continuing UG,
1062,806240022,318104,02,A,CMSC  BS -----, , , ,First Time Freshman,Freshman,Continuing UG,
1062,827846618,320219,01,A,CMSC  BS -----,MATH  MINR -----, , ,First Time Freshman,Freshman,Continuing UG,
1062,827846618,322761,01,A,CMSC  BS -----,MATH  MINR -----, , ,First Time Freshman,Freshman,Continuing UG,
1062,838829900,320219,01,F,CMPE  BS -----, , , ,First Time Freshman,Freshman,Continuing UG,
1062,831700175,318104,03,A,CMSC  BS -----, , , ,First Time Freshman,Freshman,Continuing UG,
1062,826237108,318061,01,C,CMSC  BS -----, , , ,First Time Freshman,Freshman,Continuing UG,
1062,826237108,318108,03,C,CMSC  BS -----, , , ,First Time Freshman,Freshman,Continuing UG,
1062,814665461,320219,01,F,MATH  BS -----, , , ,First Time Freshman,Freshman,Continuing UG,
1062,814665461,320407,01,F,MATH  BS -----, , , ,First Time Freshman,Freshman,Continuing UG,
1062,826825765,322809,01,A,MATH  BS -----,CMSC  BS -----, , ,First Time Freshman,Freshman,Continuing UG,
1062,826071367,320219,01,A,CMSC  BS -----,MATH  MINR -----, , ,First Time Freshman,Freshman,Continuing UG,
1062,826071367,322761,01,A,CMSC  BS -----,MATH  MINR -----, , ,First Time Freshman,Freshman,Continuing UG,
1062,824868055,320407,01,C,BINF  BS -----, , , ,Undergrad Transfers,Transfer,Continuing UG,
1062,846091077,320407,01,B,CMPE  BS -----,MATH  MINR -----, , ,Undergrad Transfers,Transfer,Continuing UG,
1062,829926814,322434,01,C,MATH  BS -----, , , ,First Time Freshman,Freshman,Continuing UG,
1062,829926814,322475,01,D,MATH  BS -----, , , ,First Time Freshman,Freshman,Continuing UG,
1062,817359225,320220,01,C,STAT  MINR -----,MATH  BS -----, , ,First Time Freshman,Freshman,Continuing UG,
1062,817359225,322804,01,B,STAT  MINR -----,MATH  BS -----, , ,First Time Freshman,Freshman,Continuing UG,
1062,804887900,320220,01,B,CMSC  BS -----,MATH  BS -----, , ,First Time Freshman,Freshman,Continuing UG,
1062,804887900,322434,01,A,CMSC  BS -----,MATH  BS -----, , ,First Time Freshman,Freshman,Continuing UG,
1062,838113676,320219,01,A,CMSC  BS -----, , , ,First Time Freshman,Freshman,Continuing UG,
1062,834043719,322475,01,A,CMSC  BS -----,MATH  BS -----, , ,First Time Freshman,Freshman,Continuing UG,
1062,834043719,322761,01,A,CMSC  BS -----,MATH  BS -----, , ,First Time Freshman,Freshman,Continuing UG,
1062,832795724,322475,01,A,CMSC  BS -----, , , ,Undergrad Transfers,Transfer,Continuing UG,
1062,805027456,318245,01,A,CMSC  BS -----, , , ,First Time Freshman,Freshman,Continuing UG,
1062,846238346,318108,03,D,CMSC  BS -----, , , ,First Time Freshman,Freshman,Continuing UG,
1062,844425815,320407,01,A,CMSC  BS -----, , , ,First Time Freshman,Freshman,Continuing UG,
1062,836529295,318104,02,B,CMSC  BS -----,ENGR    BS -----, , ,First Time Freshman,Freshman,Continuing UG,
1062,804794266,322435,01,A,CMSC  BS -----,MATH  BS -----, , ,First Time Freshman,Freshman,Continuing UG,
1062,804794266,322568,01,W,CMSC  BS -----,MATH  BS -----, , ,First Time Freshman,Freshman,Continuing UG,
1062,804794266,322761,01,A,CMSC  BS -----,MATH  BS -----, , ,First Time Freshman,Freshman,Continuing UG,
1062,818864459,322431,01,B,CMSC  BS -----,MATH  BS -----,PHIL  MINR -----, ,First Time Freshman,Freshman,Continuing UG,
1062,849084934,320219,01,B,CMSC  BS -----,MATH  MINR -----, , ,Undergrad Transfers,Transfer,Continuing UG,
1062,849084934,320407,01,A,CMSC  BS -----,MATH  MINR -----, , ,Undergrad Transfers,Transfer,Continuing UG,
1062,843262069,318104,01,B,CMPE  BS -----, , , ,First Time Freshman,Freshman,Continuing UG,
1062,803111637,320219,01,F,MATH  BS -----, , , ,First Time Freshman,Freshman,Continuing UG,
1062,842358220,318108,03,B,CMSC  BS -----, , , ,First Time Freshman,Freshman,Continuing UG,
1062,807075759,318245,01,A,CMSC  BS -----, , , ,First Time Freshman,Freshman,Continuing UG,
1062,807075759,320219,01,C,CMSC  BS -----, , , ,First Time Freshman,Freshman,Continuing UG,
1062,821357016,322809,01,A,MATH  BS -----,CMSC  BS -----, , ,Undergrad Other,Readmit,Continuing UG,
1062,825355638,322568,01,A,FIEC  BS -----,MATH  BS -----,CMSC  MINR -----, ,Undergrad Transfers,Transfer,Continuing UG,
1062,804716581,322859,17,A,PHYS  BS -----,CMSC  MINR -----,MATH  MINR -----, ,First Time Freshman,Freshman,Continuing UG,
1062,827539981,318245,05,A,CMSC  BS -----, , , ,First Time Freshman,Freshman,Continuing UG,
1062,819510616,318108,03,A,CMSC  BS -----, , , ,First Time Freshman,Freshman,Continuing UG,
1062,819510616,318245,01,A,CMSC  BS -----, , , ,First Time Freshman,Freshman,Continuing UG,
1062,813382616,318108,01,B,CMSC  BS -----, , , ,First Time Freshman,Freshman,Continuing UG,
1062,836737468,318108,02,A,CMSC  BS -----,MATH  MINR -----, , ,Undergrad Transfers,Transfer,Continuing UG,
1062,836737468,322804,01,A,CMSC  BS -----,MATH  MINR -----, , ,Undergrad Transfers,Transfer,Continuing UG,
1062,830126097,322475,01,D,MATH  BS -----,CMSC  MINR -----, , ,Undergrad Other,Readmit,Continuing UG,
1062,802423143,320458,01,B,CMSC  BS -----, , , ,First Time Freshman,Freshman,Continuing UG,
1062,802423143,322857,04,A,CMSC  BS -----, , , ,First Time Freshman,Freshman,Continuing UG,
1062,838752476,320220,01,C,MATH  BS -----,CMSC  BS -----,STAT  MINR -----, ,First Time Freshman,Freshman,Continuing UG,
1062,835134472,318104,02,F,CMPE  BS -----,MATH  MINR -----, , ,Undergrad Transfers,Transfer,Continuing UG,
1062,829061072,322475,01,A,CMSC  BS -----,MATH  MINR -----, , ,First Time Freshman,Freshman,Continuing UG,
1062,844380805,318061,01,D,IFSM  BS -----,CMSC  MINR -----, , ,Undergrad Transfers,Transfer,Continuing UG,
1062,808165836,320407,01,C,CMSC  BS -----, , , ,First Time Freshman,Freshman,Continuing UG,
1062,831251371,318108,01,B,CMSC  BS -----, , , ,Undergrad Transfers,Transfer,Continuing UG,
1062,819292751,322850,01,A,MATH  BA -----,PHYS  BS -----,CMSC  MINR -----,STAT  MINR -----,First Time Freshman,Freshman,Continuing UG,
1062,836202551,318108,02,W,CMSC  BS -----, , , ,First Time Freshman,Freshman,Continuing UG,
1062,802837155,320220,01,A,CMPE  BS -----,MATH  BS -----, , ,First Time Freshman,Freshman,Continuing UG,
1062,802837155,320599,01,A,CMPE  BS -----,MATH  BS -----, , ,First Time Freshman,Freshman,Continuing UG,
1062,802837155,322435,01,A,CMPE  BS -----,MATH  BS -----, , ,First Time Freshman,Freshman,Continuing UG,
1062,802837155,322475,01,A,CMPE  BS -----,MATH  BS -----, , ,First Time Freshman,Freshman,Continuing UG,
1062,808602130,322761,01,A,MATH  BS -----,CMSC  BS -----, , ,First Time Freshman,Freshman,Continuing UG,
1062,831609600,318104,01,B,CMPE  BS -----, , , ,First Time Freshman,Freshman,Continuing UG,
1062,824635064,320599,01,A,MATH  BS -----,CMSC  BS -----,MLL   MINR CHINM  SPC, ,First Time Freshman,Freshman,Continuing UG,
1062,804803863,318104,01,A,CMPE  BS -----, , , ,Undergrad Transfers,Transfer,Continuing UG,
1062,840234121,301557,01,D,CMSC  BS -----, , , ,First Time Freshman,Freshman,Continuing UG,
1062,842108422,301553,04,C,IFSM  BS -----, , , ,First Time Freshman,Freshman,Continuing UG,
1062,833832804,303531,01,C,STAT  BS APST   TRK,MATH  MINR -----, , ,Undergrad Other,Readmit,Continuing UG,
1062,833832804,303577,01,B,STAT  BS APST   TRK,MATH  MINR -----, , ,Undergrad Other,Readmit,Continuing UG,
1062,833832804,303764,01,B,STAT  BS APST   TRK,MATH  MINR -----, , ,Undergrad Other,Readmit,Continuing UG,
1062,813127852,301557,01,C,CMSC  BS -----, , , ,Undergrad Transfers,Transfer,Continuing UG,
1062,814048024,303577,01,C,MATH  BA -----, , , ,First Time Freshman,Freshman,Continuing UG,
1062,832282421,301553,04,B,IFSM  BS -----, , , ,First Time Freshman,Freshman,Continuing UG,
1062,848493934,301553,04,A,IFSM  BS -----, , , ,Undergrad Other,Unknown,Continuing UG,
1062,820218656,301557,01,C,CMSC  BS -----, , , ,Undergrad Transfers,Transfer,Continuing UG,
1062,813789169,301557,01,W,CMPE  BS -----, , , ,First Time Freshman,Freshman,Continuing UG,
1062,801621326,301557,01,C,CMSC  BS -----, , , ,First Time Freshman,Freshman,Continuing UG,
1062,800363133,301557,04,W,CMSC  BS -----, , , ,Undergrad Transfers,Transfer,Continuing UG,
1062,842172035,301557,01,B,CMSC  BS -----, , , ,First Time Freshman,Freshman,Continuing UG,
1062,841180077,301557,04,C,CMSC  BS -----, , , ,Undergrad Other,Readmit,Continuing UG,
1062,839251002,301557,04,C,CMSC  BS -----, , , ,First Time Freshman,Freshman,Continuing UG,
1062,849812003,301557,01,B,CMSC  BS -----, , , ,Undergrad Transfers,Transfer,Continuing UG,
1062,824868055,301557,04,B,BINF  BS -----, , , ,Undergrad Transfers,Transfer,Continuing UG,
1062,818924684,301557,01,F,CMSC  BS -----, , , ,First Time Freshman,Freshman,Continuing UG,
1062,833767993,301557,04,B,BIOL  BS -----,CMSC  BS -----, , ,Undergrad Transfers,Transfer,Continuing UG,
1062,838313404,301557,01,C,CMSC  BS -----, , , ,Undergrad Transfers,Transfer,Continuing UG,
1062,830748940,301553,04,F,IFSM  BS -----, , , ,Undergrad Transfers,Transfer,Continuing UG,
1062,838113676,301557,04,A,CMSC  BS -----, , , ,First Time Freshman,Freshman,Continuing UG,
1062,848430748,301557,01,C,CMSC  BS -----, , , ,Undergrad Transfers,Transfer,Continuing UG,
1062,824583401,301557,04,B,CMSC  BS -----, , , ,Undergrad Transfers,Transfer,Continuing UG,
1062,830873202,301557,04,B,CMSC  BS -----, , , ,First Time Freshman,Freshman,Continuing UG,
1062,836911596,303577,01,B,CMSC  BS -----,MATH  BS -----, , ,Undergrad Transfers,Transfer,Continuing UG,
1062,836911596,303764,01,A,CMSC  BS -----,MATH  BS -----, , ,Undergrad Transfers,Transfer,Continuing UG,
1062,820638008,316549,01,A,MATH  BA -----,MLL   MINR SPANM  SPC,CMSC  MINR -----,HONR   CTN -----,First Time Freshman,Freshman,Continuing UG,
1062,816235870,301557,04,A,BIOL  BA -----,CMSC  BS -----,BINF  BS -----,WRTG  MINR -----,First Time Freshman,Freshman,Continuing UG,
1062,819510616,301557,01,A,CMSC  BS -----, , , ,First Time Freshman,Freshman,Continuing UG,
1062,840399645,301557,01,B,CMSC  BS -----, , , ,Undergrad Transfers,Transfer,Continuing UG,
1062,800602220,301557,04,C,CMSC  BS -----, , , ,First Time Freshman,Freshman,Continuing UG,
1062,838752476,303764,01,B,MATH  BS -----,CMSC  BS -----,STAT  MINR -----, ,First Time Freshman,Freshman,Continuing UG,
1062,835134472,301557,04,F,CMPE  BS -----,MATH  MINR -----, , ,Undergrad Transfers,Transfer,Continuing UG,
1062,848494422,301557,01,B,CMSC  BS -----, , , ,First Time Freshman,Freshman,Continuing UG,
1062,831239069,303764,01,A,CMSC  BS -----,STAT  BS APST   TRK,HONR   CTN -----, ,First Time Freshman,Freshman,Continuing UG,
1062,817334258,301553,04,C,IFSM  BS -----,CMSC  MINR -----, , ,First Time Freshman,Freshman,Continuing UG,
1062,819292751,303531,01,A,MATH  BA -----,PHYS  BS -----,CMSC  MINR -----,STAT  MINR -----,First Time Freshman,Freshman,Continuing UG,
1062,849205081,301557,04,A,CMSC  BS -----, , , ,First Time Freshman,Freshman,Continuing UG,
1062,824348566,303764,01,C,MATH  BS -----,CMSC  BS -----,MUSC  MINR -----, ,First Time Freshman,Freshman,Continuing UG,
