1066,817908363,322527,01,A,CMSC  BS -----,MATH  BS -----, , ,First Time Freshman,Freshman,Continuing UG,
1066,847898286,318061,01,A,IFSM  BS -----, , , ,First Time Freshman,Freshman,Continuing UG,
1066,838829900,320219,01,A,CMPE  BS -----, , , ,First Time Freshman,Freshman,Continuing UG,
1066,838829900,320599,01,D,CMPE  BS -----, , , ,First Time Freshman,Freshman,Continuing UG,
1066,844380805,318061,02,A,IFSM  BS -----,CMSC  MINR -----, , ,Undergrad Transfers,Transfer,Continuing UG,
1066,814048024,303762,01,C,MATH  BA -----, , , ,First Time Freshman,Freshman,Continuing UG,
1066,817908363,303669,01,A,CMSC  BS -----,MATH  BS -----, , ,First Time Freshman,Freshman,Continuing UG,
1066,817908363,303762,01,A,CMSC  BS -----,MATH  BS -----, , ,First Time Freshman,Freshman,Continuing UG,
1066,832040039,301557,01,D,CMSC  BS -----,WEBC  ULC -----, , ,Undergrad Transfers,Transfer,Continuing Other,
1066,823085155,303762,01,F,CMSC  BS -----, , , ,First Time Freshman,Freshman,Continuing UG,
1066,847898286,301553,03,A,IFSM  BS -----, , , ,First Time Freshman,Freshman,Continuing UG,
1066,817359225,303762,01,A,MATH  BS -----,STAT  MINR -----, , ,First Time Freshman,Freshman,Continuing UG,
1066,822111004,301553,01,B,IFSM  BS -----, , , ,First Time Freshman,Freshman,Continuing UG,
1066,802837155,303762,01,A,CMPE  BS -----,MATH  BS -----, , ,First Time Freshman,Freshman,Continuing UG,
