1068,826920229,318108,02,F,CMPE  BS -----,MATH  MINR -----, , ,First Time Freshman,Freshman,Continuing UG,
1068,842093273,322568,01,B,CMSC  BS -----,MATH  MINR -----, , ,Undergrad Other,Readmit,Continuing UG,
1068,812670837,318108,03,F,MATH  BS -----, , , ,Undergrad Other,Readmit,Continuing UG,
1068,812670837,320219,02,W,MATH  BS -----, , , ,Undergrad Other,Readmit,Continuing UG,
1068,803401206,318245,01,A,CMSC  BS -----,MUSC  MINR -----, , ,First Time Freshman,Freshman,Continuing UG,
1068,829801769,315800,01,A,CMPE  BS -----, , , ,First Time Freshman,Freshman,Continuing UG,
1068,802036547,318108,02,C,CMSC  BS -----, , , ,First Time Freshman,Freshman,Continuing UG,
1068,806738271,322434,01,B,MATH  BS -----,CMSC  BS -----, , ,First Time Freshman,Freshman,Continuing UG,
1068,822865135,322522,01,B,CMSC  BS -----,MATH  BS -----, , ,First Time Freshman,Freshman,Continuing UG,
1068,828312428,322616,01,A,CMSC  BS -----,MATH  BS -----,PHYS  BS -----, ,First Time Freshman,Freshman,Continuing UG,
1068,828312428,326946,01,B,CMSC  BS -----,MATH  BS -----,PHYS  BS -----, ,First Time Freshman,Freshman,Continuing UG,
1068,800363133,320219,03,W,CMSC  BS -----, , , ,Undergrad Transfers,Transfer,Continuing UG,
1068,804996953,320595,01,C,CMPE  BS -----,MATH  MINR -----, , ,Undergrad Transfers,Transfer,Continuing UG,
1068,814186233,322568,01,A,CMSC  BS -----,MATH  BA -----,HONR   CTN -----, ,First Time Freshman,Freshman,Continuing UG,
1068,833997937,318245,01,A,CMSC  BS -----,MATH  MINR -----, , ,First Time Freshman,Freshman,Continuing UG,
1068,836875529,322431,01,A,MATH  BS -----,CMSC  MINR -----, , ,First Time Freshman,Freshman,Continuing UG,
1068,836875529,300750,01,A,MATH  BS -----,CMSC  MINR -----, , ,First Time Freshman,Freshman,Continuing UG,
1068,828764159,320599,01,B,MATH  BS -----,CMSC  BS -----,HONR   CTN -----, ,First Time Freshman,Freshman,Continuing UG,
1068,828764159,322431,01,F,MATH  BS -----,CMSC  BS -----,HONR   CTN -----, ,First Time Freshman,Freshman,Continuing UG,
1068,840495613,322434,01,W,CMSC  BS -----,MATH  MINR -----, , ,Undergrad Transfers,Transfer,Continuing UG,
1068,840495613,322810,01,W,CMSC  BS -----,MATH  MINR -----, , ,Undergrad Transfers,Transfer,Continuing UG,
1068,837161661,320219,03,C,CENG  BS CEET   TRK, , , ,First Time Freshman,Freshman,Continuing UG,
1068,837161661,320595,01,F,CENG  BS CEET   TRK, , , ,First Time Freshman,Freshman,Continuing UG,
1068,837161661,320599,01,B,CENG  BS CEET   TRK, , , ,First Time Freshman,Freshman,Continuing UG,
1068,837161661,322431,01,D,CENG  BS CEET   TRK, , , ,First Time Freshman,Freshman,Continuing UG,
1068,827846618,320599,01,A,CMSC  BS -----,MATH  BS -----, , ,First Time Freshman,Freshman,Continuing UG,
1068,827846618,322616,01,A,CMSC  BS -----,MATH  BS -----, , ,First Time Freshman,Freshman,Continuing UG,
1068,838829900,320220,01,F,MATH  BA -----, , , ,First Time Freshman,Freshman,Continuing UG,
1068,838829900,320595,01,F,MATH  BA -----, , , ,First Time Freshman,Freshman,Continuing UG,
1068,829534125,322434,01,B,CMSC  BS -----,MATH  MINR -----, , ,First Time Freshman,Freshman,Continuing UG,
1068,826825765,322804,01,B,MATH  BS -----,CMSC  BS -----, , ,First Time Freshman,Freshman,Continuing UG,
1068,809982098,320219,02,B,CMPE  BS -----,PHYS  MINR -----, , ,First Time Freshman,Freshman,Continuing UG,
1068,817359225,322616,01,B,MATH  BS -----,STAT  MINR -----,PSYC  MINR -----, ,First Time Freshman,Freshman,Continuing UG,
1068,805066199,318061,01,B,IFSM  BS -----, , , ,First Time Freshman,Freshman,Continuing UG,
1068,804887900,326946,01,A,CMSC  BS -----,MATH  BS -----, , ,First Time Freshman,Freshman,Continuing UG,
1068,834043719,322434,01,A,CMSC  BS -----,MATH  BS -----, , ,First Time Freshman,Freshman,Continuing UG,
1068,830285912,318104,03,W,IFSM  BS -----, , , ,First Time Freshman,Freshman,Continuing UG,
1068,824583401,318104,03,C,CMSC  BS -----, , , ,Undergrad Transfers,Transfer,Continuing UG,
1068,804794266,322522,01,A,CMSC  BS -----,MATH  BS -----, , ,First Time Freshman,Freshman,Continuing UG,
1068,818864459,320220,01,B,CMSC  BS -----,MATH  BS -----, , ,First Time Freshman,Freshman,Continuing UG,
1068,818864459,322616,01,A,CMSC  BS -----,MATH  BS -----, , ,First Time Freshman,Freshman,Continuing UG,
1068,808631790,318245,06,C,CMSC  BS -----,PHYS  MINR -----, , ,First Time Freshman,Freshman,Continuing UG,
1068,842358220,320219,02,C,CMSC  BS -----, , , ,First Time Freshman,Freshman,Continuing UG,
1068,819510616,320219,02,A,CMSC  BS -----, , , ,First Time Freshman,Freshman,Continuing UG,
1068,819510616,320595,01,A,CMSC  BS -----, , , ,First Time Freshman,Freshman,Continuing UG,
1068,828237759,320219,01,D,CMSC  BS -----, , , ,First Time Freshman,Freshman,Continuing UG,
1068,802423143,322434,01,C,CMSC  BS -----,MATH  BA -----, , ,First Time Freshman,Freshman,Continuing UG,
1068,802423143,322616,01,B,CMSC  BS -----,MATH  BA -----, , ,First Time Freshman,Freshman,Continuing UG,
1068,838752476,322804,01,B,MATH  BS -----,CMSC  BS -----,STAT  MINR -----, ,First Time Freshman,Freshman,Continuing UG,
1068,835134472,318104,04,D,CMPE  BS -----,MATH  MINR -----, , ,Undergrad Transfers,Transfer,Continuing UG,
1068,837657305,320599,01,A,MATH  BS -----,CMSC  MINR -----, , ,Undergrad Transfers,Transfer,Continuing UG,
1068,837657305,322570,01,F,MATH  BS -----,CMSC  MINR -----, , ,Undergrad Transfers,Transfer,Continuing UG,
1068,837657305,322765,01,A,MATH  BS -----,CMSC  MINR -----, , ,Undergrad Transfers,Transfer,Continuing UG,
1068,802837155,322765,01,AUD,CMPE  BS -----,MATH  BS -----, , ,First Time Freshman,Freshman,Continuing UG,
1068,822589779,320599,01,B,CMSC  BS -----,MATH  MINR -----, , ,Undergrad Transfers,Transfer,Continuing UG,
1068,808602130,322522,01,B,MATH  BS -----,CMSC  BS -----, , ,First Time Freshman,Freshman,Continuing UG,
1068,808602130,322765,01,A,MATH  BS -----,CMSC  BS -----, , ,First Time Freshman,Freshman,Continuing UG,
1068,831609600,320219,01,W,CMPE  BS -----, , , ,First Time Freshman,Freshman,Continuing UG,
1068,824559694,318108,02,A,CMSC  BS -----, , , ,First Time Freshman,Freshman,Continuing UG,
1068,833832804,303580,01,B,STAT  BS APST   TRK, , , ,Undergrad Other,Readmit,Continuing UG,
1068,833832804,303581,01,A,STAT  BS APST   TRK, , , ,Undergrad Other,Readmit,Continuing UG,
1068,833832804,303670,01,B,STAT  BS APST   TRK, , , ,Undergrad Other,Readmit,Continuing UG,
1068,809917355,303580,01,W,MATH  BA -----,CMSC  MINR -----, , ,Undergrad Transfers,Transfer,Continuing UG,
1068,809917355,303581,01,W,MATH  BA -----,CMSC  MINR -----, , ,Undergrad Transfers,Transfer,Continuing UG,
1068,809917355,303670,01,W,MATH  BA -----,CMSC  MINR -----, , ,Undergrad Transfers,Transfer,Continuing UG,
1068,813789169,301557,01,D,CMSC  BS -----, , , ,First Time Freshman,Freshman,Continuing UG,
1068,832040039,301557,04,C,CMSC  BS -----, , , ,Undergrad Transfers,Transfer,Continuing UG,
1068,842072746,303762,01,C,MATH  BS -----, , , ,First Time Freshman,Freshman,Continuing UG,
1068,842561290,301553,01,C,IFSM  BS -----, , , ,Undergrad Transfers,Transfer,Continuing UG,
1068,836875529,301557,01,A,MATH  BS -----,CMSC  MINR -----, , ,First Time Freshman,Freshman,Continuing UG,
1068,824803268,301557,01,B,CMSC  BS -----, , , ,First Time Freshman,Freshman,Continuing UG,
1068,809637005,301557,07,B,CMSC  BS -----, , , ,Undergrad Transfers,Transfer,Continuing UG,
1068,825059393,301557,07,W,CMSC  BS -----, , , ,First Time Freshman,Freshman,Continuing UG,
1068,817359225,303580,01,B,MATH  BS -----,STAT  MINR -----,PSYC  MINR -----, ,First Time Freshman,Freshman,Continuing UG,
1068,832795724,303762,01,A,CMSC  BS -----, , , ,Undergrad Transfers,Transfer,Continuing UG,
1068,811743079,301557,04,A,BIOC  BS -----,PSYC  MINR -----,CMSC  MINR -----, ,First Time Freshman,Freshman,Continuing UG,
1068,804794266,303762,01,A,CMSC  BS -----,MATH  BS -----, , ,First Time Freshman,Freshman,Continuing UG,
1068,845178550,301553,01,B,IFSM  BS -----, , , ,Undergrad Transfers,Transfer,Continuing UG,
1068,801720405,301557,04,B,CMSC  BS -----, , , ,Undergrad Transfers,Transfer,Continuing UG,
1068,823342612,301553,04,C,IFSM  BS -----,POLI  MINR -----, , ,First Time Freshman,Freshman,Continuing UG,
1068,830126097,301557,07,C,MATH  BS -----,CMSC  MINR -----, , ,Undergrad Other,Readmit,Continuing UG,
1068,838752476,303580,01,B,MATH  BS -----,CMSC  BS -----,STAT  MINR -----, ,First Time Freshman,Freshman,Continuing UG,
1068,831239069,303580,01,A,CMSC  BS -----,STAT  BS APST   TRK,HONR   CTN -----, ,First Time Freshman,Freshman,Continuing UG,
1068,831239069,303581,01,A,CMSC  BS -----,STAT  BS APST   TRK,HONR   CTN -----, ,First Time Freshman,Freshman,Continuing UG,
1068,831239069,303670,01,A,CMSC  BS -----,STAT  BS APST   TRK,HONR   CTN -----, ,First Time Freshman,Freshman,Continuing UG,
1068,831239069,303958,16,A,CMSC  BS -----,STAT  BS APST   TRK,HONR   CTN -----, ,First Time Freshman,Freshman,Continuing UG,
