1070,830285912,318061,01,C,IFSM  BS -----, , , ,First Time Freshman,Freshman,Continuing UG,
1070,831239069,322527,01,A,CMSC  BS -----,STAT  BS APST   TRK,HONR   CTN -----, ,First Time Freshman,Freshman,Continuing UG,
1070,808602130,322527,01,A,MATH  BS -----,CMSC  BS -----, , ,First Time Freshman,Freshman,Continuing UG,
1070,847898286,303669,01,A,IFSM  BS -----, , , ,First Time Freshman,Freshman,Continuing UG,
1070,817359225,303669,01,A,MATH  BS -----,STAT  MINR -----,PSYC  MINR -----, ,First Time Freshman,Freshman,Continuing UG,
1070,830748940,301557,01,C,BTA   BA -----, , , ,Undergrad Transfers,Transfer,Continuing UG,
1070,802649746,301557,01,B,CMSC  BS -----, , , ,Undergrad Transfers,Transfer,Continuing UG,
1070,831239069,303669,01,A,CMSC  BS -----,STAT  BS APST   TRK,HONR   CTN -----, ,First Time Freshman,Freshman,Continuing UG,
1070,825648552,301557,01,D,CMPE  BS -----,CMSC  BS -----, , ,First Time Freshman,Freshman,Continuing UG,
