1072,826920229,318108,02,F,IFSM  BS -----,MATH  MINR -----,CMSC  MINR -----, ,First Time Freshman,Freshman,Continuing UG,
1072,806738271,320220,01,C,MATH  BS -----,CMSC  BS -----, , ,First Time Freshman,Freshman,Continuing UG,
1072,806738271,322436,01,C,MATH  BS -----,CMSC  BS -----, , ,First Time Freshman,Freshman,Continuing UG,
1072,806738271,322475,01,B,MATH  BS -----,CMSC  BS -----, , ,First Time Freshman,Freshman,Continuing UG,
1072,806738271,322808,01,C,MATH  BS -----,CMSC  BS -----, , ,First Time Freshman,Freshman,Continuing UG,
1072,842072746,320220,01,B,MATH  BS -----, , , ,First Time Freshman,Freshman,Continuing UG,
1072,842072746,322804,01,C,MATH  BS -----, , , ,First Time Freshman,Freshman,Continuing UG,
1072,822865135,322434,01,D,CMSC  BS -----,MATH  BS -----, , ,First Time Freshman,Freshman,Continuing UG,
1072,822865135,322436,01,C,CMSC  BS -----,MATH  BS -----, , ,First Time Freshman,Freshman,Continuing UG,
1072,808677048,322568,01,B,CMSC  BS -----,MATH  MINR -----, , ,Undergrad Transfers,Transfer,Continuing UG,
1072,814186233,320220,01,A,CMSC  BS -----,MATH  BA -----,HONR   CTN -----, ,First Time Freshman,Freshman,Continuing UG,
1072,814186233,322434,01,P,CMSC  BS -----,MATH  BA -----,HONR   CTN -----, ,First Time Freshman,Freshman,Continuing UG,
1072,814186233,322475,01,A,CMSC  BS -----,MATH  BA -----,HONR   CTN -----, ,First Time Freshman,Freshman,Continuing UG,
1072,833997937,320219,01,B,CMSC  BS -----,MATH  MINR -----, , ,First Time Freshman,Freshman,Continuing UG,
1072,846871715,318108,02,D,CMSC  BS -----, , , ,First Time Freshman,Freshman,Continuing UG,
1072,836875529,320458,01,A,MATH  BS -----, , , ,First Time Freshman,Freshman,Continuing UG,
1072,828764159,322434,01,F,MATH  BA -----,CMSC  MINR -----,HONR   CTN -----, ,First Time Freshman,Freshman,Continuing UG,
1072,837161661,320220,01,D,MATH  BS -----, , , ,First Time Freshman,Freshman,Continuing UG,
1072,837161661,320458,01,C,MATH  BS -----, , , ,First Time Freshman,Freshman,Continuing UG,
1072,837161661,322434,01,C,MATH  BS -----, , , ,First Time Freshman,Freshman,Continuing UG,
1072,837161661,322475,01,C,MATH  BS -----, , , ,First Time Freshman,Freshman,Continuing UG,
1072,837161661,322804,01,C,MATH  BS -----, , , ,First Time Freshman,Freshman,Continuing UG,
1072,827846618,320220,01,A,CMSC  BS -----,MATH  BS -----, , ,First Time Freshman,Freshman,Continuing UG,
1072,827846618,320458,01,A,CMSC  BS -----,MATH  BS -----, , ,First Time Freshman,Freshman,Continuing UG,
1072,827846618,322808,01,A,CMSC  BS -----,MATH  BS -----, , ,First Time Freshman,Freshman,Continuing UG,
1072,838829900,320458,01,F,MATH  BA -----, , , ,First Time Freshman,Freshman,Continuing UG,
1072,838829900,322474,01,F,MATH  BA -----, , , ,First Time Freshman,Freshman,Continuing UG,
1072,838829900,322568,01,F,MATH  BA -----, , , ,First Time Freshman,Freshman,Continuing UG,
1072,835725108,318245,01,A,CMSC  BS -----, , , ,Undergrad Other,Readmit,Continuing UG,
1072,800093769,320219,03,W,IFSM  BS -----, , , ,Undergrad Other,Readmit,Continuing UG,
1072,826071367,320220,01,B,CMSC  BS -----,MATH  MINR -----, , ,First Time Freshman,Freshman,Continuing UG,
1072,805202990,318108,03,A,CMPE  BS ELSY   TRK, , , ,Undergrad Transfers,Transfer,Continuing UG,
1072,833767993,318104,03,B,CMSC  BS -----,BIOL  BS -----, , ,Undergrad Transfers,Transfer,Continuing UG,
1072,817359225,322808,01,B,MATH  BS -----,STAT  MINR -----,PSYC  MINR -----, ,First Time Freshman,Freshman,Continuing UG,
1072,838113676,318245,05,B,CMSC  BS -----,PHIL  BA -----,MATH  MINR -----, ,First Time Freshman,Freshman,Continuing UG,
1072,834043719,320220,01,A,CMSC  BS -----,MATH  BS -----, , ,First Time Freshman,Freshman,Continuing UG,
1072,834043719,322435,01,A,CMSC  BS -----,MATH  BS -----, , ,First Time Freshman,Freshman,Continuing UG,
1072,834043719,322436,01,A,CMSC  BS -----,MATH  BS -----, , ,First Time Freshman,Freshman,Continuing UG,
1072,832795724,320220,01,AUD,CMSC  BS -----,MATH  MINR -----, , ,Undergrad Transfers,Transfer,Continuing UG,
1072,804791271,322431,01,A,CMSC  BS -----, , , ,First Time Freshman,Freshman,Continuing UG,
1072,849468899,318108,04,B,CENG  BS TRAE   TRK,CMSC  MINR -----, , ,Undergrad Transfers,Transfer,Continuing UG,
1072,818864459,322436,01,W,MATH  BA -----,CMSC  BS -----, , ,First Time Freshman,Freshman,Continuing Other,
1072,818864459,322808,01,W,MATH  BA -----,CMSC  BS -----, , ,First Time Freshman,Freshman,Continuing Other,
1072,818864459,322850,01,W,MATH  BA -----,CMSC  BS -----, , ,First Time Freshman,Freshman,Continuing Other,
1072,819510616,322434,01,A,CMSC  BS -----, , , ,First Time Freshman,Freshman,Continuing UG,
1072,830126097,322804,01,C,MATH  BS -----,CMSC  MINR -----, , ,Undergrad Other,Readmit,Continuing UG,
1072,838752476,322475,01,B,MATH  BS -----,CMSC  BS -----,STAT  MINR -----, ,First Time Freshman,Freshman,Continuing UG,
1072,831239069,320641,01,A,CMSC  BS -----,STAT  BS APST   TRK,HONR   CTN -----, ,First Time Freshman,Freshman,Continuing UG,
1072,808602130,322436,01,C,MATH  BS -----,CMSC  BS -----, , ,First Time Freshman,Freshman,Continuing UG,
1072,840234121,301557,01,B,CMSC  BS -----, , , ,First Time Freshman,Freshman,Continuing UG,
1072,813789169,301557,07,A,CMSC  BS -----, , , ,First Time Freshman,Freshman,Continuing UG,
1072,842072746,303764,01,D,MATH  BS -----, , , ,First Time Freshman,Freshman,Continuing UG,
1072,828312428,301557,04,B,CMSC  BS -----,MATH  BS -----,PHYS  BS -----, ,First Time Freshman,Freshman,Continuing UG,
1072,835725108,301557,01,A,CMSC  BS -----, , , ,Undergrad Other,Readmit,Continuing UG,
1072,818924684,301557,04,C,CMSC  BS -----, , , ,First Time Freshman,Freshman,Continuing UG,
1072,802850742,301553,01,C,IFSM  BS -----,CMSC  MINR -----, , ,First Time Freshman,Freshman,Continuing UG,
1072,817359225,303764,01,B,MATH  BS -----,STAT  MINR -----,PSYC  MINR -----, ,First Time Freshman,Freshman,Continuing UG,
1072,805066199,301553,01,B,IFSM  BS -----, , , ,First Time Freshman,Freshman,Continuing UG,
1072,832795724,303764,01,AU,CMSC  BS -----,MATH  MINR -----, , ,Undergrad Transfers,Transfer,Continuing UG,
1072,821689219,301557,04,B,CMSC  BS -----, , , ,Undergrad Transfers,Transfer,Continuing UG,
1072,831239069,303577,01,A,CMSC  BS -----,STAT  BS APST   TRK,HONR   CTN -----, ,First Time Freshman,Freshman,Continuing UG,
