1076,842492644,316037,03,A,UNDC  UGND -----, , , ,Undergrad Other,Visiting Student,New UG Other,
1076,838113676,320224,01,C,CMSC  BS -----,PHIL  BA -----,MATH  MINR -----, ,First Time Freshman,Freshman,Continuing UG,
1076,830126097,320224,01,B,MATH  BS -----,CMSC  MINR -----, , ,Undergrad Other,Readmit,Continuing UG,
1076,823169530,318245,01,C,CMSC  BS -----, , , ,Undergrad Other,Readmit,Continuing UG,
1076,823085155,303762,01,C,CMSC  BS -----, , , ,First Time Freshman,Freshman,Continuing UG,
1076,800093769,303669,01,A,IFSM  BS -----, , , ,Undergrad Other,Readmit,Continuing UG,
1076,808631790,303762,01,B,CMSC  BS -----,PHYS  MINR -----, , ,First Time Freshman,Freshman,Continuing UG,
1076,825648552,301557,01,C,CMSC  BS -----, , , ,First Time Freshman,Freshman,Continuing UG,
