1078,809917355,322664,01,W,MATH  BA -----,CMSC  MINR -----, , ,Undergrad Transfers,Transfer,Continuing UG,
1078,809917355,322762,01,W,MATH  BA -----,CMSC  MINR -----, , ,Undergrad Transfers,Transfer,Continuing UG,
1078,842072746,322431,01,A,MATH  BS -----, , , ,First Time Freshman,Freshman,Continuing UG,
1078,842072746,322718,01,C,MATH  BS -----, , , ,First Time Freshman,Freshman,Continuing UG,
1078,842072746,322762,01,C,MATH  BS -----, , , ,First Time Freshman,Freshman,Continuing UG,
1078,828312428,322810,01,B,CMSC  BS -----,MATH  BS -----,PHYS  BS -----, ,First Time Freshman,Freshman,Continuing UG,
1078,823251157,320219,01,A,CMPE  BS -----,ASTR  MINR -----, , ,First Time Freshman,Freshman,Continuing UG,
1078,833997937,322568,01,C,CMSC  BS -----,MATH  MINR -----, , ,First Time Freshman,Freshman,Continuing UG,
1078,828764159,320595,01,B,MATH  BA -----,CMSC  MINR -----,HONR   CTN -----, ,First Time Freshman,Freshman,Continuing UG,
1078,828764159,322762,01,A,MATH  BA -----,CMSC  MINR -----,HONR   CTN -----, ,First Time Freshman,Freshman,Continuing UG,
1078,838829900,320595,01,A,MATH  BA -----, , , ,First Time Freshman,Freshman,Continuing UG,
1078,826237108,318108,01,W,CMSC  BS -----, , , ,First Time Freshman,Freshman,Continuing UG,
1078,826237108,326946,01,A,CMSC  BS -----, , , ,First Time Freshman,Freshman,Continuing UG,
1078,804887900,322762,01,A,CMSC  BS -----,MATH  BS -----, , ,First Time Freshman,Freshman,Continuing UG,
1078,818864459,322762,01,B,MATH  BS -----,CMSC  BS -----, , ,First Time Freshman,Freshman,Continuing UG,
1078,818864459,322810,01,A,MATH  BS -----,CMSC  BS -----, , ,First Time Freshman,Freshman,Continuing UG,
1078,819510616,322435,01,A,CMSC  BS -----, , , ,First Time Freshman,Freshman,Continuing UG,
1078,819510616,322664,01,A,CMSC  BS -----, , , ,First Time Freshman,Freshman,Continuing UG,
1078,835134472,318104,05,C,CMSC  BS -----,MATH  MINR -----, , ,Undergrad Transfers,Transfer,Continuing UG,
1078,828764159,303762,01,B,MATH  BA -----,CMSC  MINR -----,HONR   CTN -----, ,First Time Freshman,Freshman,Continuing UG,
1078,804887900,301557,01,A,CMSC  BS -----,MATH  BS -----, , ,First Time Freshman,Freshman,Continuing UG,
1078,804791271,301557,01,A,CMSC  BS -----, , , ,First Time Freshman,Freshman,Continuing UG,
1078,818864459,303581,01,B,MATH  BS -----,CMSC  BS -----, , ,First Time Freshman,Freshman,Continuing UG,
1078,830126097,303670,01,F,MATH  BS -----,CMSC  MINR -----, , ,Undergrad Other,Readmit,Continuing UG,
1078,822783816,301557,01,B,CMSC  BS DSCI  TRK,CMSC  BS CYBR  TRK, , ,First Time Freshman,Freshman,Continuing UG,
