1082,804020720,318061,01,B,CMPE  BS ELSY   TRK, , , ,Undergrad Transfers,Transfer,Continuing UG,
1082,828764159,322761,01,B,MATH  BA -----,HONR   CTN -----, , ,First Time Freshman,Freshman,Continuing UG,
1082,804887900,320599,01,A,CMSC  BS -----,MATH  BS -----, , ,First Time Freshman,Freshman,Continuing UG,
1082,807075759,322568,01,C,CMSC  BS -----, , , ,First Time Freshman,Freshman,Continuing UG,
1082,819510616,320220,01,B,MATH  BS -----,CMSC  BS -----, , ,First Time Freshman,Freshman,Continuing UG,
1082,819510616,322761,01,A,MATH  BS -----,CMSC  BS -----, , ,First Time Freshman,Freshman,Continuing UG,
